{
  "Path": "Mods/Gustav/Story/Dialogs/Act1/DEN/DEN_General_VB_Grave_AdventurerLeader.lsj",
  "UUID": "523d2d73-7d14-5466-250b-0cdc54713fed",
  "Category": "Automated NPC Dialog",
  "DefaultAddressedSpeakers": {
    "0": -1,
    "1": -1
  },
  "RootNodes": [
    "e8365928-3f70-a6db-22f8-78a531744080"
  ],
  "Nodes": {
    "e8365928-3f70-a6db-22f8-78a531744080": {
      "UUID": "e8365928-3f70-a6db-22f8-78a531744080",
      "Constructor": "TagGreeting",
      "EndNode": true,
      "Root": true,
      "ShowOnce": false,
      "SpeakerNo": -666,
      "AddressedSpeaker": 0,
      "Children": [],
      "CheckFlags": [],
      "SetFlags": [],
      "TaggedTextList": [
        {
          "HasTagRule": false,
          "RuleGroup": {
            "TagCombineOp": 0,
            "Rules": [],
            "RuleString": ""
          },
          "TagTexts": [
            {
              "LineId": "5916500a-18f0-7697-e12f-22538b9b4fe3",
              "Text": {
                "Handle": "h42d49f24g52cag441fg97b4g338359633aef",
                "Value": "*Here lies Aradin. He yearned for glory and adventure. And he got it.*"
              }
            }
          ]
        }
      ],
      "EditorData": {
        "AnimationTags": "",
        "Attitude": "Default",
        "CinematicNodeContext": "",
        "CinematicObjects": "",
        "CustomCineArtKeysPresent": "False",
        "CustomLightingPresent": "False",
        "CustomSoundPresent": "False",
        "CustomVFXPresent": "False",
        "Emotion": "Neutral",
        "ForceDisableIsCustomNode": "False",
        "ID": "N1",
        "InternalNodeContext": "",
        "IsCustomNode": "False",
        "MusicTags": "",
        "NodeContext": "Standing over a grave and reading the headstone. ",
        "Quality": "Bronze",
        "SFXTags": "",
        "StateChangeTags": "",
        "TemplateNodeUUID": "00000000-0000-0000-0000-000000000000",
        "TemplateVersion": "0",
        "VFXTags": "",
        "collapsed": "False",
        "logicalname": "Greeting",
        "position": "15;15",
        "sourcetemplate": ""
      }
    }
  },
  "SpeakerDict": {
    "0": {
      "IsPeanutSpeaker": false,
      "SpeakerMappingId": "14692191-ac71-c380-3baf-f2540b1b821c",
      "Index": 0,
      "List": [
        "3fa1f330-1ab4-4f53-a29e-0987172c2a17"
      ],
      "SpeakerCharacter": {
        "DisplayName": "Grave Marker",
        "Type": "item",
        "MapKey": "3fa1f330-1ab4-4f53-a29e-0987172c2a17",
        "Name": "S_DEN_AradinGraveMarker",
        "ParentTemplateId": null,
        "TemplateName": "ffcd5edd-5caa-4184-bc79-db9f55a31c41"
      },
      "SpeakerGroupName": null
    }
  },
  "Synopsis": "This is the grave of Aradin, the adventurer leader. The player is reading out the sign above their grave. "
}