{
  "Path": "Mods/Gustav/Story/Dialogs/Act1/DEN/DEN_DruidLair_FrescoWorking.lsj",
  "UUID": "1b180c6c-67df-7f59-7e48-7f3db21accf6",
  "Category": "Generic NPC Dialog",
  "DefaultAddressedSpeakers": {
    "0": -1,
    "1": -1
  },
  "RootNodes": [
    "901e32d5-ff1a-e01e-2f34-7b9574abc13e",
    "a1ed9d5c-36c0-1d2f-5302-25280f88414e",
    "a95c377d-a77c-3e7a-b1c1-3a381991bfec"
  ],
  "Nodes": {
    "370c7ae0-49b2-0a23-f0ca-b200ec36ee8e": {
      "RollAbility": "Intelligence",
      "RollAdvantage": 0,
      "RollType": "SkillCheck",
      "DifficultyClassID": "fa621d38-6f83-4e42-a55c-6aa651a75d46",
      "DifficultyClassValue": 10,
      "UUID": "370c7ae0-49b2-0a23-f0ca-b200ec36ee8e",
      "Constructor": "PassiveRoll",
      "EndNode": false,
      "Root": false,
      "ShowOnce": false,
      "SpeakerNo": 1,
      "AddressedSpeaker": -1,
      "Children": [
        "7cd61f8f-347f-2e48-988b-36f5dfe743dd",
        "5d01e34a-07eb-e136-2336-82bc15e9bf61"
      ],
      "CheckFlags": [],
      "SetFlags": [],
      "TaggedTextList": [],
      "EditorData": {
        "AnimationTags": "",
        "Attitude": "Default",
        "CinematicNodeContext": "",
        "CinematicObjects": "",
        "CustomCineArtKeysPresent": "False",
        "CustomLightingPresent": "False",
        "CustomSoundPresent": "False",
        "CustomVFXPresent": "False",
        "Emotion": "Default",
        "ForceDisableIsCustomNode": "False",
        "ID": "N3",
        "InternalNodeContext": "",
        "IsCustomNode": "False",
        "MusicTags": "",
        "NodeContext": "",
        "Quality": "Bronze",
        "SFXTags": "",
        "StateChangeTags": "",
        "TemplateNodeUUID": "00000000-0000-0000-0000-000000000000",
        "TemplateVersion": "0",
        "VFXTags": "",
        "collapsed": "False",
        "logicalname": "Passive Roll",
        "position": "335;234",
        "sourcetemplate": ""
      }
    },
    "44ed8e79-db41-a502-7c49-463451de2dd8": {
      "UUID": "44ed8e79-db41-a502-7c49-463451de2dd8",
      "Constructor": "TagAnswer",
      "EndNode": true,
      "Root": false,
      "ShowOnce": false,
      "SpeakerNo": -666,
      "AddressedSpeaker": -1,
      "Children": [],
      "CheckFlags": [],
      "SetFlags": [
        {
          "Flags": [
            {
              "UUID": "749d7bf0-3165-7863-e9b9-06d37e4e89ce",
              "value": true,
              "paramval": null,
              "Name": "DEN_DruidLair_Knows_DruidsClearedForest"
            }
          ],
          "Type": "Global"
        }
      ],
      "TaggedTextList": [
        {
          "HasTagRule": false,
          "RuleGroup": {
            "TagCombineOp": 0,
            "Rules": [],
            "RuleString": ""
          },
          "TagTexts": [
            {
              "LineId": "a32a3b3d-ddb4-fcf3-e8e0-344bb9a2f08a",
              "Text": {
                "Handle": "hb196362dg55e7g41ebg8fa2gba85e0b313ee",
                "Value": "*The mural depicts a purge, a sacred cleansing of the land on a scale you've never seen before.*"
              }
            }
          ]
        }
      ],
      "EditorData": {
        "AnimationTags": "",
        "Attitude": "Default",
        "CinematicNodeContext": "",
        "CinematicObjects": "",
        "CustomCineArtKeysPresent": "True",
        "CustomLightingPresent": "False",
        "CustomSoundPresent": "False",
        "CustomVFXPresent": "False",
        "Emotion": "Default",
        "ForceDisableIsCustomNode": "False",
        "ID": "N63",
        "InternalNodeContext": "",
        "IsCustomNode": "False",
        "MusicTags": "",
        "NodeContext": "",
        "Quality": "Bronze",
        "SFXTags": "faint, muffled, echoing roar of beasts, as if a memory",
        "StateChangeTags": "",
        "TemplateNodeUUID": "00000000-0000-0000-0000-000000000000",
        "TemplateVersion": "0",
        "VFXTags": "",
        "collapsed": "False",
        "logicalname": "Answer",
        "position": "655;15",
        "sourcetemplate": ""
      }
    },
    "5d01e34a-07eb-e136-2336-82bc15e9bf61": {
      "RollSuccess": false,
      "UUID": "5d01e34a-07eb-e136-2336-82bc15e9bf61",
      "Constructor": "RollResult",
      "EndNode": false,
      "Root": false,
      "ShowOnce": false,
      "SpeakerNo": 0,
      "AddressedSpeaker": 0,
      "Children": [
        "bc85a24e-c3bc-9046-ddd4-3b9a6f0406a3"
      ],
      "CheckFlags": [],
      "SetFlags": [],
      "TaggedTextList": [],
      "EditorData": {
        "ID": "N2",
        "TemplateNodeUUID": "00000000-0000-0000-0000-000000000000",
        "TemplateVersion": "0",
        "collapsed": "False",
        "logicalname": "Roll Result",
        "position": "655;453",
        "sourcetemplate": ""
      }
    },
    "78f6cd8e-4a3d-3c0b-6429-2c15883cf73c": {
      "UUID": "78f6cd8e-4a3d-3c0b-6429-2c15883cf73c",
      "Constructor": "TagAnswer",
      "EndNode": false,
      "Root": false,
      "ShowOnce": false,
      "SpeakerNo": -666,
      "AddressedSpeaker": -1,
      "Children": [
        "8293b13b-20d6-2e97-7ed0-eb7a9f8a0c42"
      ],
      "CheckFlags": [],
      "SetFlags": [],
      "TaggedTextList": [
        {
          "HasTagRule": false,
          "RuleGroup": {
            "TagCombineOp": 0,
            "Rules": [],
            "RuleString": ""
          },
          "TagTexts": [
            {
              "LineId": "cd55920f-31aa-82dc-d303-6590bde0a048",
              "Text": {
                "Handle": "h8a572990g5271g421bgb890gac88b94ef1d7",
                "Value": "*The mural depicts druid and beast fighting together to drive monsters from their land.*"
              }
            }
          ]
        }
      ],
      "EditorData": {
        "AnimationTags": "",
        "Attitude": "Default",
        "CinematicNodeContext": "",
        "CinematicObjects": "",
        "CustomCineArtKeysPresent": "True",
        "CustomLightingPresent": "False",
        "CustomSoundPresent": "False",
        "CustomVFXPresent": "False",
        "Emotion": "Default",
        "ForceDisableIsCustomNode": "False",
        "ID": "N40",
        "InternalNodeContext": "",
        "IsCustomNode": "False",
        "MusicTags": "",
        "NodeContext": "",
        "Quality": "Bronze",
        "SFXTags": "faint, muffled, echoing roar of beasts, as if a memory",
        "StateChangeTags": "",
        "TemplateNodeUUID": "00000000-0000-0000-0000-000000000000",
        "TemplateVersion": "0",
        "VFXTags": "",
        "collapsed": "False",
        "logicalname": "Answer",
        "position": "975;234",
        "sourcetemplate": ""
      }
    },
    "7cd61f8f-347f-2e48-988b-36f5dfe743dd": {
      "RollSuccess": true,
      "UUID": "7cd61f8f-347f-2e48-988b-36f5dfe743dd",
      "Constructor": "RollResult",
      "EndNode": false,
      "Root": false,
      "ShowOnce": false,
      "SpeakerNo": 0,
      "AddressedSpeaker": 0,
      "Children": [
        "78f6cd8e-4a3d-3c0b-6429-2c15883cf73c"
      ],
      "CheckFlags": [],
      "SetFlags": [],
      "TaggedTextList": [],
      "EditorData": {
        "ID": "N5",
        "TemplateNodeUUID": "00000000-0000-0000-0000-000000000000",
        "TemplateVersion": "0",
        "collapsed": "False",
        "logicalname": "Roll Result",
        "position": "655;234",
        "sourcetemplate": ""
      }
    },
    "8293b13b-20d6-2e97-7ed0-eb7a9f8a0c42": {
      "UUID": "8293b13b-20d6-2e97-7ed0-eb7a9f8a0c42",
      "Constructor": "TagAnswer",
      "EndNode": true,
      "Root": false,
      "ShowOnce": false,
      "SpeakerNo": -666,
      "AddressedSpeaker": -1,
      "Children": [],
      "CheckFlags": [],
      "SetFlags": [
        {
          "Flags": [
            {
              "UUID": "749d7bf0-3165-7863-e9b9-06d37e4e89ce",
              "value": true,
              "paramval": null,
              "Name": "DEN_DruidLair_Knows_DruidsClearedForest"
            }
          ],
          "Type": "Global"
        }
      ],
      "TaggedTextList": [
        {
          "HasTagRule": false,
          "RuleGroup": {
            "TagCombineOp": 0,
            "Rules": [],
            "RuleString": ""
          },
          "TagTexts": [
            {
              "LineId": "9206a2dd-80d9-1c1e-07d2-fc24b01d5895",
              "Text": {
                "Handle": "h0cf735c2g73c0g48c5ga79cgf9f6af9e8d68",
                "Value": "*It looks like they were victorious. And yet the monsters have returned.*"
              }
            }
          ]
        }
      ],
      "EditorData": {
        "AnimationTags": "",
        "Attitude": "Default",
        "CinematicNodeContext": "",
        "CinematicObjects": "",
        "CustomCineArtKeysPresent": "True",
        "CustomLightingPresent": "False",
        "CustomSoundPresent": "False",
        "CustomVFXPresent": "False",
        "Emotion": "Default",
        "ForceDisableIsCustomNode": "False",
        "ID": "N8",
        "InternalNodeContext": "",
        "IsCustomNode": "False",
        "MusicTags": "",
        "NodeContext": "",
        "Quality": "Bronze",
        "SFXTags": "",
        "StateChangeTags": "",
        "TemplateNodeUUID": "00000000-0000-0000-0000-000000000000",
        "TemplateVersion": "0",
        "VFXTags": "",
        "collapsed": "False",
        "logicalname": "Answer",
        "position": "1295;234",
        "sourcetemplate": ""
      }
    },
    "901e32d5-ff1a-e01e-2f34-7b9574abc13e": {
      "UUID": "901e32d5-ff1a-e01e-2f34-7b9574abc13e",
      "Constructor": "TagGreeting",
      "EndNode": true,
      "Root": true,
      "ShowOnce": false,
      "SpeakerNo": -666,
      "AddressedSpeaker": -1,
      "Children": [],
      "CheckFlags": [
        {
          "Flags": [
            {
              "UUID": "749d7bf0-3165-7863-e9b9-06d37e4e89ce",
              "value": true,
              "paramval": null,
              "Name": "DEN_DruidLair_Knows_DruidsClearedForest"
            }
          ],
          "Type": "Global"
        }
      ],
      "SetFlags": [],
      "TaggedTextList": [
        {
          "HasTagRule": true,
          "RuleGroup": {
            "TagCombineOp": 0,
            "Rules": [
              {
                "HasChildRules": false,
                "TagCombineOp": 1,
                "Tags": [
                  "44ac4317-4d38-4d28-80e2-94024c6e42f0"
                ],
                "TagNames": [
                  "DRUID"
                ]
              }
            ],
            "RuleString": "DRUID"
          },
          "TagTexts": [
            {
              "LineId": "a3475c9d-6583-8f57-3bbd-9f82582e7aa1",
              "Text": {
                "Handle": "hbc8a07a3g98e1g4788g9e8cgf40de17e427b",
                "Value": "*Your druidic brethren cleansed this land once.* "
              }
            }
          ]
        },
        {
          "HasTagRule": false,
          "RuleGroup": {
            "TagCombineOp": 0,
            "Rules": [],
            "RuleString": ""
          },
          "TagTexts": [
            {
              "LineId": "4a0652d2-22dd-9354-063f-53c1198d492b",
              "Text": {
                "Handle": "h55b8bb5cgabf8g41afgbf52ge7bdab9dba91",
                "Value": "*The druids of this grove cleansed the land once.*"
              }
            }
          ]
        }
      ],
      "EditorData": {
        "AnimationTags": "",
        "Attitude": "Default",
        "CinematicNodeContext": "",
        "CinematicObjects": "",
        "CustomCineArtKeysPresent": "True",
        "CustomLightingPresent": "False",
        "CustomSoundPresent": "False",
        "CustomVFXPresent": "False",
        "Emotion": "Default",
        "ForceDisableIsCustomNode": "False",
        "ID": "N6",
        "InternalNodeContext": "",
        "IsCustomNode": "False",
        "MusicTags": "",
        "NodeContext": "",
        "Quality": "Bronze",
        "SFXTags": "",
        "StateChangeTags": "",
        "TemplateNodeUUID": "00000000-0000-0000-0000-000000000000",
        "TemplateVersion": "0",
        "VFXTags": "",
        "collapsed": "False",
        "logicalname": "Team succeeded the check",
        "position": "15;-423",
        "sourcetemplate": ""
      }
    },
    "a1ed9d5c-36c0-1d2f-5302-25280f88414e": {
      "UUID": "a1ed9d5c-36c0-1d2f-5302-25280f88414e",
      "Constructor": "TagGreeting",
      "EndNode": true,
      "Root": true,
      "ShowOnce": false,
      "SpeakerNo": -666,
      "AddressedSpeaker": -1,
      "Children": [],
      "CheckFlags": [
        {
          "Flags": [
            {
              "UUID": "c15ff2b9-0b04-ffb8-6e50-8f463fed9a07",
              "value": true,
              "paramval": 1,
              "Name": "DEN_DruidLair_State_FailedWorkingFresco"
            }
          ],
          "Type": "Object"
        }
      ],
      "SetFlags": [],
      "TaggedTextList": [
        {
          "HasTagRule": false,
          "RuleGroup": {
            "TagCombineOp": 0,
            "Rules": [],
            "RuleString": ""
          },
          "TagTexts": [
            {
              "LineId": "64f118c1-62c7-4c54-dc4f-aced35adb949",
              "Text": {
                "Handle": "h7bb9efe3gde4ag41fag91f0g201d333ffa32",
                "Value": "<i><br>*'The forest rose with claw and tooth<br>to tear the darkness from its roots.'*</i><br>"
              }
            }
          ]
        }
      ],
      "EditorData": {
        "AnimationTags": "",
        "Attitude": "Default",
        "CinematicNodeContext": "",
        "CinematicObjects": "",
        "CustomCineArtKeysPresent": "True",
        "CustomLightingPresent": "False",
        "CustomSoundPresent": "False",
        "CustomVFXPresent": "False",
        "Emotion": "Default",
        "ForceDisableIsCustomNode": "False",
        "ID": "N1",
        "InternalNodeContext": "",
        "IsCustomNode": "False",
        "MusicTags": "",
        "NodeContext": "",
        "Quality": "Bronze",
        "SFXTags": "",
        "StateChangeTags": "",
        "TemplateNodeUUID": "00000000-0000-0000-0000-000000000000",
        "TemplateVersion": "0",
        "VFXTags": "",
        "collapsed": "False",
        "logicalname": "failed check",
        "position": "15;-204",
        "sourcetemplate": ""
      }
    },
    "a95c377d-a77c-3e7a-b1c1-3a381991bfec": {
      "UUID": "a95c377d-a77c-3e7a-b1c1-3a381991bfec",
      "Constructor": "TagGreeting",
      "EndNode": false,
      "Root": true,
      "ShowOnce": false,
      "SpeakerNo": -666,
      "AddressedSpeaker": -1,
      "Children": [
        "ec042ffa-0a0b-51db-ecee-6a7fcf41f5b2",
        "370c7ae0-49b2-0a23-f0ca-b200ec36ee8e"
      ],
      "CheckFlags": [],
      "SetFlags": [],
      "TaggedTextList": [
        {
          "HasTagRule": false,
          "RuleGroup": {
            "TagCombineOp": 0,
            "Rules": [],
            "RuleString": ""
          },
          "TagTexts": [
            {
              "LineId": "5144683e-358d-adf4-fdbe-c79684ab1827",
              "Text": {
                "Handle": "hb2d42e27gdf64g4958gbbf8g2a5540235faf",
                "Value": "<i><br>*'The forest rose with claw and tooth<br>to tear the darkness from its roots.'*</i><br>"
              }
            }
          ]
        }
      ],
      "EditorData": {
        "AnimationTags": "",
        "Attitude": "Default",
        "CinematicNodeContext": "",
        "CinematicObjects": "",
        "CustomCineArtKeysPresent": "True",
        "CustomLightingPresent": "False",
        "CustomSoundPresent": "False",
        "CustomVFXPresent": "False",
        "Emotion": "Default",
        "ForceDisableIsCustomNode": "False",
        "ID": "N70",
        "InternalNodeContext": "",
        "IsCustomNode": "False",
        "MusicTags": "",
        "NodeContext": "",
        "Quality": "Bronze",
        "SFXTags": "",
        "StateChangeTags": "",
        "TemplateNodeUUID": "00000000-0000-0000-0000-000000000000",
        "TemplateVersion": "0",
        "VFXTags": "",
        "collapsed": "False",
        "logicalname": "Greeting",
        "position": "15;234",
        "sourcetemplate": ""
      }
    },
    "bc85a24e-c3bc-9046-ddd4-3b9a6f0406a3": {
      "UUID": "bc85a24e-c3bc-9046-ddd4-3b9a6f0406a3",
      "Constructor": "TagAnswer",
      "EndNode": true,
      "Root": false,
      "ShowOnce": false,
      "SpeakerNo": -666,
      "AddressedSpeaker": -1,
      "Children": [],
      "CheckFlags": [],
      "SetFlags": [
        {
          "Flags": [
            {
              "UUID": "c15ff2b9-0b04-ffb8-6e50-8f463fed9a07",
              "value": true,
              "paramval": 1,
              "Name": "DEN_DruidLair_State_FailedWorkingFresco"
            }
          ],
          "Type": "Object"
        }
      ],
      "TaggedTextList": [
        {
          "HasTagRule": false,
          "RuleGroup": {
            "TagCombineOp": 0,
            "Rules": [],
            "RuleString": ""
          },
          "TagTexts": [
            {
              "LineId": "e796d7d1-17ca-d95e-2f82-d9c1ab04b88a",
              "Text": {
                "Handle": "h19032a37gbb9bg431bg984cg632c3370abe3",
                "Value": "*Beasts chasing beasts, alongside a wild woman - a depiction of some local folktale, perhaps.*"
              }
            }
          ]
        }
      ],
      "EditorData": {
        "AnimationTags": "",
        "Attitude": "Default",
        "CinematicNodeContext": "",
        "CinematicObjects": "",
        "CustomCineArtKeysPresent": "True",
        "CustomLightingPresent": "False",
        "CustomSoundPresent": "False",
        "CustomVFXPresent": "False",
        "Emotion": "Default",
        "ForceDisableIsCustomNode": "False",
        "ID": "N32",
        "InternalNodeContext": "",
        "IsCustomNode": "False",
        "MusicTags": "",
        "NodeContext": "",
        "Quality": "Bronze",
        "SFXTags": "faint, muffled, echoing roar of beasts, as if a memory",
        "StateChangeTags": "",
        "TemplateNodeUUID": "00000000-0000-0000-0000-000000000000",
        "TemplateVersion": "0",
        "VFXTags": "",
        "collapsed": "False",
        "logicalname": "Answer",
        "position": "975;453",
        "sourcetemplate": ""
      }
    },
    "ec042ffa-0a0b-51db-ecee-6a7fcf41f5b2": {
      "UUID": "ec042ffa-0a0b-51db-ecee-6a7fcf41f5b2",
      "Constructor": "TagAnswer",
      "EndNode": false,
      "Root": false,
      "ShowOnce": false,
      "SpeakerNo": -666,
      "AddressedSpeaker": -1,
      "Children": [
        "44ed8e79-db41-a502-7c49-463451de2dd8"
      ],
      "CheckFlags": [
        {
          "Flags": [
            {
              "UUID": "44ac4317-4d38-4d28-80e2-94024c6e42f0",
              "value": true,
              "paramval": 1,
              "Name": "DRUID"
            }
          ],
          "Type": "Tag"
        }
      ],
      "SetFlags": [],
      "TaggedTextList": [
        {
          "HasTagRule": false,
          "RuleGroup": {
            "TagCombineOp": 0,
            "Rules": [],
            "RuleString": ""
          },
          "TagTexts": [
            {
              "LineId": "84888e38-4c75-1a1b-4928-cc06fe21ead4",
              "Text": {
                "Handle": "ha0ba01cdgcbcag49acg9c5cgc0e01e82604e",
                "Value": "*Druidic orders often fight dark forces, but you do not recognise the events depicted here.*"
              }
            }
          ]
        }
      ],
      "EditorData": {
        "AnimationTags": "",
        "Attitude": "Default",
        "CinematicNodeContext": "",
        "CinematicObjects": "",
        "CustomCineArtKeysPresent": "True",
        "CustomLightingPresent": "False",
        "CustomSoundPresent": "False",
        "CustomVFXPresent": "False",
        "Emotion": "Default",
        "ForceDisableIsCustomNode": "False",
        "ID": "N59",
        "InternalNodeContext": "",
        "IsCustomNode": "False",
        "MusicTags": "",
        "NodeContext": "",
        "Quality": "Bronze",
        "SFXTags": "",
        "StateChangeTags": "",
        "TemplateNodeUUID": "00000000-0000-0000-0000-000000000000",
        "TemplateVersion": "0",
        "VFXTags": "",
        "collapsed": "False",
        "logicalname": "Answer",
        "position": "335;15",
        "sourcetemplate": ""
      }
    }
  },
  "SpeakerDict": {
    "0": {
      "IsPeanutSpeaker": false,
      "SpeakerMappingId": "599bec3c-9257-7fc5-603d-61be20e40a5d",
      "Index": 0,
      "List": [
        "ff44c6ca-7a0c-47f2-8f60-e5861431cb70"
      ],
      "SpeakerCharacter": {
        "DisplayName": "'Wild' Plaque",
        "Type": "item",
        "MapKey": "ff44c6ca-7a0c-47f2-8f60-e5861431cb70",
        "Name": "S_DEN_PlaqueWorking",
        "ParentTemplateId": null,
        "TemplateName": "a5e3f06f-0467-44c5-974e-2d4b24aa26ec"
      },
      "SpeakerGroupName": null
    },
    "1": {
      "IsPeanutSpeaker": false,
      "SpeakerMappingId": "ecf0a659-80c2-493b-43dd-5067dd548f26",
      "Index": 1,
      "List": [
        "e0d1ff71-04a8-4340-ae64-9684d846eb83"
      ],
      "SpeakerCharacter": {
        "DisplayName": "Player",
        "Type": "character",
        "MapKey": "e2badbf0-159a-4ef5-9e73-7bbeb3d1015a",
        "Name": "S_GLO_CharacterCreationDummy_001",
        "ParentTemplateId": null,
        "TemplateName": "fd7f2707-8f86-4836-bda8-e0db99c389cc"
      },
      "SpeakerGroupName": "GROUP_Players"
    }
  },
  "Synopsis": "Player is viewing a mural depicting druids and animals driving monsters from the forest."
}