{
  "Path": "Mods/Gustav/Story/Dialogs/Act1/DEN/DEN_AttackOnDen_Ranged_001.lsj",
  "UUID": "14ebf43d-0447-960e-44a9-d1458c9a0f5d",
  "Category": "Generic NPC Dialog",
  "DefaultAddressedSpeakers": {
    "0": -1,
    "1": 0
  },
  "RootNodes": [
    "c2637926-c5e7-f98a-0636-ca9ebf127008",
    "d63e9660-53c4-25c0-81e9-663ad0b79fcf",
    "b2838427-e16a-e732-2f79-389b07db88bf",
    "6a0ad9aa-3d9e-6f17-f7aa-fe8ee7fdf125"
  ],
  "Nodes": {
    "4b706fa4-4074-ed62-ddc0-668eb6c9c848": {
      "UUID": "4b706fa4-4074-ed62-ddc0-668eb6c9c848",
      "Constructor": "TagAnswer",
      "EndNode": true,
      "Root": false,
      "ShowOnce": false,
      "SpeakerNo": 0,
      "AddressedSpeaker": -1,
      "Children": [],
      "CheckFlags": [],
      "SetFlags": [],
      "TaggedTextList": [
        {
          "HasTagRule": false,
          "RuleGroup": {
            "TagCombineOp": 0,
            "Rules": [],
            "RuleString": ""
          },
          "TagTexts": [
            {
              "LineId": "f2f87301-de5d-42ea-c177-b7acb9a1f1ca",
              "Text": {
                "Handle": "h4023946eg8be9g454cga330g94bc33c66b7e",
                "Value": "Only 'avin a laugh - ain't to be messed with, your kind. Whatever you are."
              }
            }
          ]
        }
      ],
      "EditorData": {
        "AnimationTags": "",
        "Attitude": "Default",
        "CinematicNodeContext": "",
        "CinematicObjects": "",
        "CustomCineArtKeysPresent": "False",
        "CustomLightingPresent": "False",
        "CustomSoundPresent": "False",
        "CustomVFXPresent": "False",
        "Emotion": "Default",
        "ForceDisableIsCustomNode": "False",
        "ID": "N5",
        "InternalNodeContext": "",
        "IsCustomNode": "False",
        "MusicTags": "",
        "NodeContext": "She's being friendly, impressed by your fighting skills - but she has no idea what 'your kind' actually are because you're a strange-looking alien race she's never seen.",
        "Quality": "Bronze",
        "SFXTags": "",
        "StateChangeTags": "",
        "TemplateNodeUUID": "00000000-0000-0000-0000-000000000000",
        "TemplateVersion": "0",
        "VFXTags": "",
        "collapsed": "False",
        "logicalname": "Answer",
        "position": "335;-642",
        "sourcetemplate": ""
      }
    },
    "6a0ad9aa-3d9e-6f17-f7aa-fe8ee7fdf125": {
      "UUID": "6a0ad9aa-3d9e-6f17-f7aa-fe8ee7fdf125",
      "Constructor": "TagGreeting",
      "EndNode": true,
      "Root": true,
      "ShowOnce": false,
      "SpeakerNo": 0,
      "AddressedSpeaker": -1,
      "Children": [],
      "CheckFlags": [],
      "SetFlags": [],
      "TaggedTextList": [
        {
          "HasTagRule": false,
          "RuleGroup": {
            "TagCombineOp": 0,
            "Rules": [],
            "RuleString": ""
          },
          "TagTexts": [
            {
              "LineId": "6f9b4e33-4693-4016-2070-9507887332ce",
              "Text": {
                "Handle": "hb876b714gd3bag4a44ga0eag531d15b5c8fb",
                "Value": "<i>Uff. </i>Absolute has me feelin' pow'ful enough to run <i>over </i>that shitey gate."
              }
            }
          ]
        }
      ],
      "EditorData": {
        "AnimationTags": "",
        "Attitude": "Default",
        "CinematicNodeContext": "",
        "CinematicObjects": "",
        "CustomCineArtKeysPresent": "False",
        "CustomLightingPresent": "False",
        "CustomSoundPresent": "False",
        "CustomVFXPresent": "False",
        "Emotion": "Default",
        "ForceDisableIsCustomNode": "False",
        "ID": "N1",
        "InternalNodeContext": "",
        "IsCustomNode": "False",
        "MusicTags": "",
        "NodeContext": "Guttural grunt at start. Brimming with adrenaline, he's gearing himself up for slaughter and he's barely keeping a lid on the violence.",
        "Quality": "Bronze",
        "SFXTags": "",
        "StateChangeTags": "",
        "TemplateNodeUUID": "00000000-0000-0000-0000-000000000000",
        "TemplateVersion": "0",
        "VFXTags": "",
        "collapsed": "False",
        "logicalname": "Greeting",
        "position": "15;-204",
        "sourcetemplate": ""
      }
    },
    "b2838427-e16a-e732-2f79-389b07db88bf": {
      "UUID": "b2838427-e16a-e732-2f79-389b07db88bf",
      "Constructor": "TagGreeting",
      "EndNode": true,
      "Root": true,
      "ShowOnce": false,
      "SpeakerNo": 0,
      "AddressedSpeaker": -1,
      "Children": [],
      "CheckFlags": [
        {
          "Flags": [
            {
              "UUID": "ebe2c997-93ae-93f2-7f11-34057122b19b",
              "value": true,
              "paramval": 0,
              "Name": "DEN_AttackOnDen_State_Victorious"
            }
          ],
          "Type": "Object"
        }
      ],
      "SetFlags": [
        {
          "Flags": [
            {
              "UUID": "212259e6-b5cf-beaa-9bf8-c230875c37b1",
              "value": true,
              "paramval": 1,
              "Name": "DEN_AttackOnDen_Ranged_001_HasMet"
            }
          ],
          "Type": "Dialog"
        }
      ],
      "TaggedTextList": [
        {
          "HasTagRule": false,
          "RuleGroup": {
            "TagCombineOp": 0,
            "Rules": [],
            "RuleString": ""
          },
          "TagTexts": [
            {
              "LineId": "41bcf9ca-77b3-c201-7568-57d8ef5f1de9",
              "Text": {
                "Handle": "hb281ad12g8260g47a4g916fge58b3e4c4668",
                "Value": "<i>Rhaal'tuuch! </i>Grab the meat while it's fresh, mate!"
              }
            }
          ]
        }
      ],
      "EditorData": {
        "AnimationTags": "",
        "Attitude": "Default",
        "CinematicNodeContext": "",
        "CinematicObjects": "",
        "CustomCineArtKeysPresent": "False",
        "CustomLightingPresent": "False",
        "CustomSoundPresent": "False",
        "CustomVFXPresent": "False",
        "Emotion": "Default",
        "ForceDisableIsCustomNode": "False",
        "ID": "N2",
        "InternalNodeContext": "",
        "IsCustomNode": "False",
        "MusicTags": "",
        "NodeContext": "Still in the grip of bloodlust/victory, urging you to join in. Rhaal-tuuch is rawl-TOOSH, screamed",
        "Quality": "Bronze",
        "SFXTags": "",
        "StateChangeTags": "",
        "TemplateNodeUUID": "00000000-0000-0000-0000-000000000000",
        "TemplateVersion": "0",
        "VFXTags": "",
        "collapsed": "False",
        "logicalname": "Greeting",
        "position": "15;-423",
        "sourcetemplate": ""
      }
    },
    "c2637926-c5e7-f98a-0636-ca9ebf127008": {
      "UUID": "c2637926-c5e7-f98a-0636-ca9ebf127008",
      "Constructor": "TagGreeting",
      "EndNode": true,
      "Root": true,
      "ShowOnce": false,
      "SpeakerNo": 0,
      "AddressedSpeaker": -1,
      "Children": [],
      "CheckFlags": [
        {
          "Flags": [
            {
              "UUID": "212259e6-b5cf-beaa-9bf8-c230875c37b1",
              "value": true,
              "paramval": 1,
              "Name": "DEN_AttackOnDen_Ranged_001_HasMet"
            }
          ],
          "Type": "Dialog"
        }
      ],
      "SetFlags": [],
      "TaggedTextList": [
        {
          "HasTagRule": false,
          "RuleGroup": {
            "TagCombineOp": 0,
            "Rules": [],
            "RuleString": ""
          },
          "TagTexts": [
            {
              "LineId": "060206c0-8e9a-6ecb-8d36-d7c00f57ea64",
              "Text": {
                "Handle": "h11ad734ag0853g40c6g8316g1b220d9beb25",
                "Value": "<i>Rhaal'tuuuuuch! </i><br>"
              }
            }
          ]
        }
      ],
      "EditorData": {
        "AnimationTags": "",
        "Attitude": "Default",
        "CinematicNodeContext": "",
        "CinematicObjects": "",
        "CustomCineArtKeysPresent": "False",
        "CustomLightingPresent": "False",
        "CustomSoundPresent": "False",
        "CustomVFXPresent": "False",
        "Emotion": "Default",
        "ForceDisableIsCustomNode": "False",
        "ID": "N6",
        "InternalNodeContext": "",
        "IsCustomNode": "False",
        "MusicTags": "",
        "NodeContext": "",
        "Quality": "Bronze",
        "SFXTags": "",
        "StateChangeTags": "",
        "TemplateNodeUUID": "00000000-0000-0000-0000-000000000000",
        "TemplateVersion": "0",
        "VFXTags": "",
        "collapsed": "False",
        "logicalname": "Greeting",
        "position": "15;-861",
        "sourcetemplate": ""
      }
    },
    "d63e9660-53c4-25c0-81e9-663ad0b79fcf": {
      "UUID": "d63e9660-53c4-25c0-81e9-663ad0b79fcf",
      "Constructor": "TagGreeting",
      "EndNode": false,
      "Root": true,
      "ShowOnce": false,
      "SpeakerNo": 0,
      "AddressedSpeaker": -1,
      "Children": [
        "4b706fa4-4074-ed62-ddc0-668eb6c9c848"
      ],
      "CheckFlags": [
        {
          "Flags": [
            {
              "UUID": "ebe2c997-93ae-93f2-7f11-34057122b19b",
              "value": true,
              "paramval": 1,
              "Name": "DEN_AttackOnDen_State_Victorious"
            }
          ],
          "Type": "Object"
        },
        {
          "Flags": [
            {
              "UUID": "677ffa76-2562-4217-873e-2253d4720ba4",
              "value": true,
              "paramval": 1,
              "Name": "GITHYANKI"
            }
          ],
          "Type": "Tag"
        }
      ],
      "SetFlags": [
        {
          "Flags": [
            {
              "UUID": "212259e6-b5cf-beaa-9bf8-c230875c37b1",
              "value": true,
              "paramval": 1,
              "Name": "DEN_AttackOnDen_Ranged_001_HasMet"
            }
          ],
          "Type": "Dialog"
        }
      ],
      "TaggedTextList": [
        {
          "HasTagRule": false,
          "RuleGroup": {
            "TagCombineOp": 0,
            "Rules": [],
            "RuleString": ""
          },
          "TagTexts": [
            {
              "LineId": "d06c4175-27bb-adac-e6d9-756a22263751",
              "Text": {
                "Handle": "h76a94155g22d5g460cg9236gd204f1de3a82",
                "Value": "Hey, good-lookin'. Betcha killed your share with that face alone, eh?"
              }
            }
          ]
        }
      ],
      "EditorData": {
        "AnimationTags": "",
        "Attitude": "Default",
        "CinematicNodeContext": "",
        "CinematicObjects": "",
        "CustomCineArtKeysPresent": "False",
        "CustomLightingPresent": "False",
        "CustomSoundPresent": "False",
        "CustomVFXPresent": "False",
        "Emotion": "Default",
        "ForceDisableIsCustomNode": "False",
        "ID": "N4",
        "InternalNodeContext": "",
        "IsCustomNode": "False",
        "MusicTags": "",
        "NodeContext": "Insulting your looks (you're an alien race she hasn't seen before) - but in a friendly way",
        "Quality": "Bronze",
        "SFXTags": "",
        "StateChangeTags": "",
        "TemplateNodeUUID": "00000000-0000-0000-0000-000000000000",
        "TemplateVersion": "0",
        "VFXTags": "",
        "collapsed": "False",
        "logicalname": "Greeting",
        "position": "15;-642",
        "sourcetemplate": ""
      }
    }
  },
  "SpeakerDict": {
    "0": {
      "IsPeanutSpeaker": false,
      "SpeakerMappingId": "e11fcffa-51bc-688b-dfdd-4d6c0c880cbb",
      "Index": 0,
      "List": [
        "12c5dc1a-f738-48bb-8b11-88a7899ec199"
      ],
      "SpeakerCharacter": {
        "DisplayName": "Booyahg Benta",
        "Type": "character",
        "MapKey": "12c5dc1a-f738-48bb-8b11-88a7899ec199",
        "Name": "S_GOB_AttackOnDen_Ranged_001",
        "ParentTemplateId": null,
        "TemplateName": "9e95c64d-577f-40f0-b169-8f9b7781a91f"
      },
      "SpeakerGroupName": null
    },
    "1": {
      "IsPeanutSpeaker": false,
      "SpeakerMappingId": "1c4cd08e-f2ac-6586-61c5-af1f1c0a3f93",
      "Index": 1,
      "List": [
        "e0d1ff71-04a8-4340-ae64-9684d846eb83"
      ],
      "SpeakerCharacter": {
        "DisplayName": "Player",
        "Type": "character",
        "MapKey": "e2badbf0-159a-4ef5-9e73-7bbeb3d1015a",
        "Name": "S_GLO_CharacterCreationDummy_001",
        "ParentTemplateId": null,
        "TemplateName": "fd7f2707-8f86-4836-bda8-e0db99c389cc"
      },
      "SpeakerGroupName": "GROUP_Players"
    }
  },
  "Synopsis": "The goblins have just won a bloody victory over innocent civilians. "
}