{
  "Path": "Mods/Gustav/Story/Dialogs/Act1/DEN/DEN_AttackOnDen_AD_BetrayedTrainer.lsj",
  "UUID": "3fc5034a-437b-5ee8-a0b9-1949cefb3873",
  "Category": "Automated NPC Dialog",
  "DefaultAddressedSpeakers": {
    "0": -1
  },
  "RootNodes": [
    "d4e7152b-b85c-8589-39d5-7a229e84821b"
  ],
  "Nodes": {
    "d4e7152b-b85c-8589-39d5-7a229e84821b": {
      "UUID": "d4e7152b-b85c-8589-39d5-7a229e84821b",
      "Constructor": "TagGreeting",
      "EndNode": true,
      "Root": true,
      "ShowOnce": false,
      "SpeakerNo": 0,
      "AddressedSpeaker": 0,
      "Children": [],
      "CheckFlags": [],
      "SetFlags": [],
      "TaggedTextList": [
        {
          "HasTagRule": false,
          "RuleGroup": {
            "TagCombineOp": 0,
            "Rules": [],
            "RuleString": ""
          },
          "TagTexts": [
            {
              "LineId": "604a679d-880b-10e7-ebbe-21d2487e0762",
              "Text": {
                "Handle": "h0556c2e2g438cg483eg98f5g6a22d9b155b3",
                "Value": "I'll kill you, you bloody coward!"
              }
            }
          ]
        }
      ],
      "EditorData": {
        "AnimationTags": "",
        "Attitude": "Default",
        "CinematicNodeContext": "",
        "CinematicObjects": "",
        "CustomCineArtKeysPresent": "False",
        "CustomLightingPresent": "False",
        "CustomSoundPresent": "False",
        "CustomVFXPresent": "False",
        "Emotion": "Default",
        "ForceDisableIsCustomNode": "False",
        "ID": "N1",
        "InternalNodeContext": "",
        "IsCustomNode": "False",
        "MusicTags": "",
        "NodeContext": "Afraid but mostly furious - the player has just betrayed him and everyone he's trying to protect after pretending to be a friend.",
        "Quality": "Bronze",
        "SFXTags": "",
        "StateChangeTags": "",
        "TemplateNodeUUID": "00000000-0000-0000-0000-000000000000",
        "TemplateVersion": "0",
        "VFXTags": "",
        "collapsed": "False",
        "logicalname": "Greeting",
        "position": "15;-423",
        "sourcetemplate": ""
      }
    }
  },
  "SpeakerDict": {
    "0": {
      "IsPeanutSpeaker": false,
      "SpeakerMappingId": "bc7a6458-9295-aa39-95b0-463e6fb056ad",
      "Index": 0,
      "List": [
        "02025646-347a-4235-aef7-e46b7c94b435"
      ],
      "SpeakerCharacter": {
        "DisplayName": "Asharak",
        "Type": "character",
        "MapKey": "02025646-347a-4235-aef7-e46b7c94b435",
        "Name": "S_DEN_Trainer",
        "ParentTemplateId": null,
        "TemplateName": "a5856190-08e3-4741-b697-8b1cbf03eaa1"
      },
      "SpeakerGroupName": null
    }
  },
  "Synopsis": "Triggered after the player betrays the refugees and turns on them."
}