{
  "Path": "Mods/Gustav/Story/Dialogs/Act1/DEN/DEN_Apprentice_PAD_TadpoleResearch.lsj",
  "UUID": "3559422c-87a3-f156-dd65-25b603f96fa8",
  "Category": "Voice bark",
  "DefaultAddressedSpeakers": {
    "0": -1,
    "1": -1,
    "2": -1,
    "3": -1
  },
  "RootNodes": [
    "4cddf302-1cfb-e376-69de-a13ce5a02c6b",
    "435d6622-e6f8-a66a-152f-ec47f335c9d1"
  ],
  "Nodes": {
    "435d6622-e6f8-a66a-152f-ec47f335c9d1": {
      "UUID": "435d6622-e6f8-a66a-152f-ec47f335c9d1",
      "Constructor": "TagGreeting",
      "EndNode": false,
      "Root": true,
      "ShowOnce": false,
      "SpeakerNo": 0,
      "AddressedSpeaker": 0,
      "Children": [
        "898e5ed0-ad3b-1677-2c2a-bb1d30bf0aae"
      ],
      "CheckFlags": [],
      "SetFlags": [],
      "TaggedTextList": [
        {
          "HasTagRule": true,
          "RuleGroup": {
            "TagCombineOp": 0,
            "Rules": [
              {
                "HasChildRules": false,
                "TagCombineOp": 0,
                "Tags": [
                  "ffd08582-7396-4cac-bcd4-8f9cd0fd8ef3"
                ],
                "TagNames": [
                  "REALLY_ASTARION"
                ]
              }
            ],
            "RuleString": "REALLY_ASTARION"
          },
          "TagTexts": [
            {
              "LineId": "57134472-94a0-b2d5-cc44-41393ea4e084",
              "Text": {
                "Handle": "hc91a126dg4e4cg4ac6ga5fagb73b75cd1971",
                "Value": "This 'Halsin' was taking notes on our wriggling friends."
              }
            }
          ]
        },
        {
          "HasTagRule": true,
          "RuleGroup": {
            "TagCombineOp": 0,
            "Rules": [
              {
                "HasChildRules": false,
                "TagCombineOp": 0,
                "Tags": [
                  "9b0354c0-56d9-4723-8034-918ac9abab19"
                ],
                "TagNames": [
                  "REALLY_GALE"
                ]
              }
            ],
            "RuleString": "REALLY_GALE"
          },
          "TagTexts": [
            {
              "LineId": "fa315f79-e839-93da-fdab-0e7322fd631c",
              "Text": {
                "Handle": "h14febb34g8c4eg4862g8c55gfdf7b791a3a1",
                "Value": "This Halsin sounds like a knowledgeable man. He studied illithid tadpoles in great detail.<br>"
              }
            }
          ]
        },
        {
          "HasTagRule": true,
          "RuleGroup": {
            "TagCombineOp": 0,
            "Rules": [
              {
                "HasChildRules": false,
                "TagCombineOp": 0,
                "Tags": [
                  "b5682d1d-c395-489c-9675-1f9b0c328ea5"
                ],
                "TagNames": [
                  "REALLY_LAEZEL"
                ]
              }
            ],
            "RuleString": "REALLY_LAEZEL"
          },
          "TagTexts": [
            {
              "LineId": "cf2d7c68-ebf6-a36b-6b7d-4dfb5824a8ff",
              "Text": {
                "Handle": "h63a44fd3g3a89g4d6ag90d1g16354dcb7f36",
                "Value": "This 'Halsin' has studied the parasite.<br>"
              }
            }
          ]
        },
        {
          "HasTagRule": true,
          "RuleGroup": {
            "TagCombineOp": 0,
            "Rules": [
              {
                "HasChildRules": false,
                "TagCombineOp": 0,
                "Tags": [
                  "1a2f70d6-8ead-4eb5-a824-79ee1971764a"
                ],
                "TagNames": [
                  "REALLY_KARLACH"
                ]
              }
            ],
            "RuleString": "REALLY_KARLACH"
          },
          "TagTexts": [
            {
              "LineId": "09cc4939-7706-95d0-d8e5-02ffac34493d",
              "Text": {
                "Handle": "hadedb421g4b9dg458eg8fa4g9351f58b4f72",
                "Value": "Why the hells was this 'Halsin' messing with tadpoles?<br>"
              }
            }
          ]
        },
        {
          "HasTagRule": true,
          "RuleGroup": {
            "TagCombineOp": 0,
            "Rules": [
              {
                "HasChildRules": false,
                "TagCombineOp": 0,
                "Tags": [
                  "642d2aee-e3df-47e3-9f47-bbcd441bb9e0"
                ],
                "TagNames": [
                  "REALLY_SHADOWHEART"
                ]
              }
            ],
            "RuleString": "REALLY_SHADOWHEART"
          },
          "TagTexts": [
            {
              "LineId": "adcc8f51-f70d-d604-2db5-612b407f2153",
              "Text": {
                "Handle": "ha0698366g208dg4b9bg88d4g084ae31ff01b",
                "Value": "This 'Halsin' person seems to know a lot about tadpoles.<br>"
              }
            }
          ]
        },
        {
          "HasTagRule": true,
          "RuleGroup": {
            "TagCombineOp": 0,
            "Rules": [
              {
                "HasChildRules": false,
                "TagCombineOp": 1,
                "Tags": [
                  "5f40def5-d3ec-4698-a367-01a339888956"
                ],
                "TagNames": [
                  "REALLY_WYLL"
                ]
              }
            ],
            "RuleString": "REALLY_WYLL"
          },
          "TagTexts": [
            {
              "LineId": "2ffc5e48-d465-2583-3586-16407d248eb3",
              "Text": {
                "Handle": "hb7b10063g9bd7g46b6gbbe8g8550e8711d13",
                "Value": "This 'Halsin' fellow was studying the parasite.<br>"
              }
            }
          ]
        },
        {
          "HasTagRule": true,
          "RuleGroup": {
            "TagCombineOp": 0,
            "Rules": [
              {
                "HasChildRules": false,
                "TagCombineOp": 0,
                "Tags": [
                  "264a6880-9a51-429c-a9fc-97f8952baf90"
                ],
                "TagNames": [
                  "REALLY_GENERIC"
                ]
              }
            ],
            "RuleString": "REALLY_GENERIC"
          },
          "TagTexts": [
            {
              "LineId": "5fb16f00-c2f1-7689-1d2a-28b82f2e5611",
              "Text": {
                "Handle": "hb490c5b2g8573g42dbg880bg47e307b3be73",
                "Value": "This 'Halsin' has been studying the tadpole."
              }
            }
          ]
        }
      ],
      "EditorData": {
        "AnimationTags": "",
        "Attitude": "Default",
        "CinematicNodeContext": "",
        "CinematicObjects": "",
        "CustomCineArtKeysPresent": "False",
        "CustomLightingPresent": "False",
        "CustomSoundPresent": "False",
        "CustomVFXPresent": "False",
        "Emotion": "Default",
        "ForceDisableIsCustomNode": "False",
        "ID": "N4",
        "InternalNodeContext": "",
        "IsCustomNode": "False",
        "MusicTags": "",
        "NodeContext": "",
        "Quality": "Bronze",
        "SFXTags": "",
        "StateChangeTags": "",
        "TemplateNodeUUID": "00000000-0000-0000-0000-000000000000",
        "TemplateVersion": "0",
        "VFXTags": "",
        "collapsed": "False",
        "logicalname": "never heard about Halsin",
        "position": "15;453",
        "sourcetemplate": ""
      }
    },
    "4cddf302-1cfb-e376-69de-a13ce5a02c6b": {
      "UUID": "4cddf302-1cfb-e376-69de-a13ce5a02c6b",
      "Constructor": "TagGreeting",
      "EndNode": false,
      "Root": true,
      "ShowOnce": false,
      "SpeakerNo": 0,
      "AddressedSpeaker": 0,
      "Children": [
        "5c9cd2fe-c84c-3c00-5453-0637c13c54a1",
        "541f6041-efb0-d1a2-f3d5-09a3614ce3a8"
      ],
      "CheckFlags": [
        {
          "Flags": [
            {
              "UUID": "c1645d76-f086-5011-e553-cc573c51478e",
              "value": true,
              "paramval": null,
              "Name": "GLO_Halsin_Knows_IsMissing"
            }
          ],
          "Type": "Global"
        }
      ],
      "SetFlags": [],
      "TaggedTextList": [
        {
          "HasTagRule": true,
          "RuleGroup": {
            "TagCombineOp": 0,
            "Rules": [
              {
                "HasChildRules": false,
                "TagCombineOp": 0,
                "Tags": [
                  "ffd08582-7396-4cac-bcd4-8f9cd0fd8ef3"
                ],
                "TagNames": [
                  "REALLY_ASTARION"
                ]
              }
            ],
            "RuleString": "REALLY_ASTARION"
          },
          "TagTexts": [
            {
              "LineId": "c07d7fd1-fad2-0119-2080-f642d6ecd640",
              "Text": {
                "Handle": "h39b9c585g0e6bg4d69ga04dgf32d8cc0deee",
                "Value": "If there's a cure, it seems Halsin is the one to talk to."
              }
            }
          ]
        },
        {
          "HasTagRule": true,
          "RuleGroup": {
            "TagCombineOp": 0,
            "Rules": [
              {
                "HasChildRules": false,
                "TagCombineOp": 0,
                "Tags": [
                  "9b0354c0-56d9-4723-8034-918ac9abab19"
                ],
                "TagNames": [
                  "REALLY_GALE"
                ]
              }
            ],
            "RuleString": "REALLY_GALE"
          },
          "TagTexts": [
            {
              "LineId": "4ac9e390-d6ec-2765-0b76-0e0738a99b49",
              "Text": {
                "Handle": "hb078b536g5979g4d77g9661g734525db5de0",
                "Value": "This Halsin sounds like a knowledgeable man. He may just be able to cure us.<br><br>"
              }
            }
          ]
        },
        {
          "HasTagRule": true,
          "RuleGroup": {
            "TagCombineOp": 0,
            "Rules": [
              {
                "HasChildRules": false,
                "TagCombineOp": 0,
                "Tags": [
                  "b5682d1d-c395-489c-9675-1f9b0c328ea5"
                ],
                "TagNames": [
                  "REALLY_LAEZEL"
                ]
              }
            ],
            "RuleString": "REALLY_LAEZEL"
          },
          "TagTexts": [
            {
              "LineId": "691a2d7c-36c7-e6c2-b26c-3c973e2c70dd",
              "Text": {
                "Handle": "h03834c3bg1521g4512ga2cagaae2d1de8072",
                "Value": "Halsin was studying the parasite.<br>"
              }
            }
          ]
        },
        {
          "HasTagRule": true,
          "RuleGroup": {
            "TagCombineOp": 0,
            "Rules": [
              {
                "HasChildRules": false,
                "TagCombineOp": 0,
                "Tags": [
                  "1a2f70d6-8ead-4eb5-a824-79ee1971764a"
                ],
                "TagNames": [
                  "REALLY_KARLACH"
                ]
              }
            ],
            "RuleString": "REALLY_KARLACH"
          },
          "TagTexts": [
            {
              "LineId": "ba1b5ee6-3892-e962-7e1e-3a79796317ca",
              "Text": {
                "Handle": "hb45cb5c7gbf34g480egb092gba26b306362e",
                "Value": "Halsin was studying our little wormy friends. We should talk to him."
              }
            }
          ]
        },
        {
          "HasTagRule": true,
          "RuleGroup": {
            "TagCombineOp": 0,
            "Rules": [
              {
                "HasChildRules": false,
                "TagCombineOp": 0,
                "Tags": [
                  "642d2aee-e3df-47e3-9f47-bbcd441bb9e0"
                ],
                "TagNames": [
                  "REALLY_SHADOWHEART"
                ]
              }
            ],
            "RuleString": "REALLY_SHADOWHEART"
          },
          "TagTexts": [
            {
              "LineId": "3c5cbdf4-ac05-4b6d-6d31-d4d872d9eecd",
              "Text": {
                "Handle": "hdf6b2793g9b01g4487gbaf5g485d7e05f366",
                "Value": "Halsin sounds like the best chance of finding a cure.<br><br>"
              }
            }
          ]
        },
        {
          "HasTagRule": true,
          "RuleGroup": {
            "TagCombineOp": 0,
            "Rules": [
              {
                "HasChildRules": false,
                "TagCombineOp": 0,
                "Tags": [
                  "5f40def5-d3ec-4698-a367-01a339888956"
                ],
                "TagNames": [
                  "REALLY_WYLL"
                ]
              }
            ],
            "RuleString": "REALLY_WYLL"
          },
          "TagTexts": [
            {
              "LineId": "ca9a7cd3-63be-2664-fa5f-1fb339d20a66",
              "Text": {
                "Handle": "had66437ag4da8g4c72g9383gacdc3a28b3ef",
                "Value": "As I expected. This druid Halsin is key to our cure."
              }
            }
          ]
        },
        {
          "HasTagRule": true,
          "RuleGroup": {
            "TagCombineOp": 0,
            "Rules": [
              {
                "HasChildRules": false,
                "TagCombineOp": 0,
                "Tags": [
                  "264a6880-9a51-429c-a9fc-97f8952baf90"
                ],
                "TagNames": [
                  "REALLY_GENERIC"
                ]
              }
            ],
            "RuleString": "REALLY_GENERIC"
          },
          "TagTexts": [
            {
              "LineId": "7cc14bc5-51e3-5014-4c18-58db91b6dae0",
              "Text": {
                "Handle": "h6a38c8d3g2017g45cbgaa4fg0c1eb3a96b34",
                "Value": "Looks like Halsin's our best bet for a cure."
              }
            }
          ]
        }
      ],
      "EditorData": {
        "AnimationTags": "",
        "Attitude": "Default",
        "CinematicNodeContext": "",
        "CinematicObjects": "",
        "CustomCineArtKeysPresent": "False",
        "CustomLightingPresent": "False",
        "CustomSoundPresent": "False",
        "CustomVFXPresent": "False",
        "Emotion": "Default",
        "ForceDisableIsCustomNode": "False",
        "ID": "N8",
        "InternalNodeContext": "",
        "IsCustomNode": "False",
        "MusicTags": "",
        "NodeContext": "",
        "Quality": "Bronze",
        "SFXTags": "",
        "StateChangeTags": "",
        "TemplateNodeUUID": "00000000-0000-0000-0000-000000000000",
        "TemplateVersion": "0",
        "VFXTags": "",
        "collapsed": "False",
        "logicalname": "Know about Halsin",
        "position": "15;234",
        "sourcetemplate": ""
      }
    },
    "541f6041-efb0-d1a2-f3d5-09a3614ce3a8": {
      "UUID": "541f6041-efb0-d1a2-f3d5-09a3614ce3a8",
      "Constructor": "TagAnswer",
      "EndNode": false,
      "Root": false,
      "ShowOnce": false,
      "SpeakerNo": 1,
      "AddressedSpeaker": 0,
      "Children": [
        "d0ace64d-2c07-f43f-6943-abf18fc84dde",
        "7eb867a9-9191-20f6-d077-ffef063b069b"
      ],
      "CheckFlags": [],
      "SetFlags": [],
      "TaggedTextList": [
        {
          "HasTagRule": true,
          "RuleGroup": {
            "TagCombineOp": 0,
            "Rules": [
              {
                "HasChildRules": false,
                "TagCombineOp": 0,
                "Tags": [
                  "ffd08582-7396-4cac-bcd4-8f9cd0fd8ef3"
                ],
                "TagNames": [
                  "REALLY_ASTARION"
                ]
              }
            ],
            "RuleString": "REALLY_ASTARION"
          },
          "TagTexts": [
            {
              "LineId": "db4ad686-50c3-d7a2-46a4-c83639bf150d",
              "Text": {
                "Handle": "h21079d04ga73cg4621g9914g669dc18fb5bf",
                "Value": "Then let's find him. Time is short."
              }
            }
          ]
        },
        {
          "HasTagRule": true,
          "RuleGroup": {
            "TagCombineOp": 0,
            "Rules": [
              {
                "HasChildRules": false,
                "TagCombineOp": 0,
                "Tags": [
                  "9b0354c0-56d9-4723-8034-918ac9abab19"
                ],
                "TagNames": [
                  "REALLY_GALE"
                ]
              }
            ],
            "RuleString": "REALLY_GALE"
          },
          "TagTexts": [
            {
              "LineId": "e560714b-6a1c-6587-33d8-00af3c6ba71f",
              "Text": {
                "Handle": "h2b5901f0g80feg4482ga950g358b4e25d45c",
                "Value": "We know the man. We know the mission. Let's go find him."
              }
            }
          ]
        },
        {
          "HasTagRule": true,
          "RuleGroup": {
            "TagCombineOp": 1,
            "Rules": [
              {
                "HasChildRules": false,
                "TagCombineOp": 0,
                "Tags": [
                  "1a2f70d6-8ead-4eb5-a824-79ee1971764a"
                ],
                "TagNames": [
                  "REALLY_KARLACH"
                ]
              }
            ],
            "RuleString": "REALLY_KARLACH"
          },
          "TagTexts": [
            {
              "LineId": "7728d886-910a-4d1e-7acb-4e767e21fd1b",
              "Text": {
                "Handle": "h6faf9415g90f2g4b74g8cfbg929bf084258b",
                "Value": "It's a rescue mission then - should be fun. Let's get to work.<br><br>"
              }
            }
          ]
        },
        {
          "HasTagRule": true,
          "RuleGroup": {
            "TagCombineOp": 0,
            "Rules": [
              {
                "HasChildRules": false,
                "TagCombineOp": 0,
                "Tags": [
                  "642d2aee-e3df-47e3-9f47-bbcd441bb9e0"
                ],
                "TagNames": [
                  "REALLY_SHADOWHEART"
                ]
              }
            ],
            "RuleString": "REALLY_SHADOWHEART"
          },
          "TagTexts": [
            {
              "LineId": "0102b216-9bf3-8dbc-0996-7fa3e80684f8",
              "Text": {
                "Handle": "he6800dc4g88c7g49cdg933cga3b229757ad1",
                "Value": "Time to track him down and see what he knows.<br>"
              }
            }
          ]
        },
        {
          "HasTagRule": true,
          "RuleGroup": {
            "TagCombineOp": 0,
            "Rules": [
              {
                "HasChildRules": false,
                "TagCombineOp": 0,
                "Tags": [
                  "5f40def5-d3ec-4698-a367-01a339888956"
                ],
                "TagNames": [
                  "REALLY_WYLL"
                ]
              }
            ],
            "RuleString": "REALLY_WYLL"
          },
          "TagTexts": [
            {
              "LineId": "e1a96ef5-de15-da19-2116-604aa2b88fd1",
              "Text": {
                "Handle": "h906f70a6g082ag4a8cg9db2gf08887a93d81",
                "Value": "We know the man, we know our mission. Let's move out.<br>"
              }
            }
          ]
        },
        {
          "HasTagRule": false,
          "RuleGroup": {
            "TagCombineOp": 0,
            "Rules": [],
            "RuleString": ""
          },
          "TagTexts": [
            {
              "LineId": "71bb6e4e-b278-a3c5-75f3-b52fb60acf4c",
              "Text": {
                "Handle": "h655e1033g60f7g430eg823bg93552dd3b0bd",
                "Value": "We need to find him, before it's too late."
              }
            }
          ]
        }
      ],
      "EditorData": {
        "AnimationTags": "",
        "Attitude": "Default",
        "CinematicNodeContext": "",
        "CinematicObjects": "",
        "CustomCineArtKeysPresent": "False",
        "CustomLightingPresent": "False",
        "CustomSoundPresent": "False",
        "CustomVFXPresent": "False",
        "Emotion": "Default",
        "ForceDisableIsCustomNode": "False",
        "ID": "N12",
        "InternalNodeContext": "",
        "IsCustomNode": "False",
        "MusicTags": "",
        "NodeContext": "",
        "Quality": "Bronze",
        "SFXTags": "",
        "StateChangeTags": "",
        "TemplateNodeUUID": "00000000-0000-0000-0000-000000000000",
        "TemplateVersion": "0",
        "VFXTags": "",
        "collapsed": "False",
        "logicalname": "Answer",
        "position": "335;234",
        "sourcetemplate": ""
      }
    },
    "5c9cd2fe-c84c-3c00-5453-0637c13c54a1": {
      "UUID": "5c9cd2fe-c84c-3c00-5453-0637c13c54a1",
      "Constructor": "TagAnswer",
      "EndNode": true,
      "Root": false,
      "ShowOnce": false,
      "SpeakerNo": 1,
      "AddressedSpeaker": 0,
      "Children": [],
      "CheckFlags": [
        {
          "Flags": [
            {
              "UUID": "b5682d1d-c395-489c-9675-1f9b0c328ea5",
              "value": true,
              "paramval": 1,
              "Name": "REALLY_LAEZEL"
            }
          ],
          "Type": "Tag"
        }
      ],
      "SetFlags": [],
      "TaggedTextList": [
        {
          "HasTagRule": false,
          "RuleGroup": {
            "TagCombineOp": 0,
            "Rules": [],
            "RuleString": ""
          },
          "TagTexts": [
            {
              "LineId": "a4f7e634-2250-4ef9-8d98-ab3639c2c3a1",
              "Text": {
                "Handle": "hc1282fe7g74e4g4353g839egfbee3d08ce95",
                "Value": "We gain nothing by chasing strangers. Only a githyanki crèche holds our cure."
              }
            }
          ]
        }
      ],
      "EditorData": {
        "AnimationTags": "",
        "Attitude": "Default",
        "CinematicNodeContext": "",
        "CinematicObjects": "",
        "CustomCineArtKeysPresent": "False",
        "CustomLightingPresent": "False",
        "CustomSoundPresent": "False",
        "CustomVFXPresent": "False",
        "Emotion": "Default",
        "ForceDisableIsCustomNode": "False",
        "ID": "N49",
        "InternalNodeContext": "",
        "IsCustomNode": "False",
        "MusicTags": "",
        "NodeContext": "",
        "Quality": "Bronze",
        "SFXTags": "",
        "StateChangeTags": "",
        "TemplateNodeUUID": "00000000-0000-0000-0000-000000000000",
        "TemplateVersion": "0",
        "VFXTags": "",
        "collapsed": "False",
        "logicalname": "Answer",
        "position": "335;15",
        "sourcetemplate": ""
      }
    },
    "7eb867a9-9191-20f6-d077-ffef063b069b": {
      "UUID": "7eb867a9-9191-20f6-d077-ffef063b069b",
      "Constructor": "TagAnswer",
      "EndNode": false,
      "Root": false,
      "ShowOnce": false,
      "SpeakerNo": 2,
      "AddressedSpeaker": 0,
      "Children": [
        "e027493c-e4a6-cf6d-2ff9-895044b80bd5"
      ],
      "CheckFlags": [],
      "SetFlags": [],
      "TaggedTextList": [
        {
          "HasTagRule": true,
          "RuleGroup": {
            "TagCombineOp": 0,
            "Rules": [
              {
                "HasChildRules": false,
                "TagCombineOp": 0,
                "Tags": [
                  "ffd08582-7396-4cac-bcd4-8f9cd0fd8ef3"
                ],
                "TagNames": [
                  "REALLY_ASTARION"
                ]
              }
            ],
            "RuleString": "REALLY_ASTARION"
          },
          "TagTexts": [
            {
              "LineId": "3ca6dd82-5d11-6169-1d86-28c50e88f949",
              "Text": {
                "Handle": "hc513aaccg0b75g4e49g9e81g2152b6a0aea3",
                "Value": "Assuming he's still alive."
              }
            }
          ]
        },
        {
          "HasTagRule": true,
          "RuleGroup": {
            "TagCombineOp": 0,
            "Rules": [
              {
                "HasChildRules": false,
                "TagCombineOp": 0,
                "Tags": [
                  "9b0354c0-56d9-4723-8034-918ac9abab19"
                ],
                "TagNames": [
                  "REALLY_GALE"
                ]
              }
            ],
            "RuleString": "REALLY_GALE"
          },
          "TagTexts": [
            {
              "LineId": "3d62c8b8-d202-5554-79da-4c9f63c54ce9",
              "Text": {
                "Handle": "h8ac78bf0ge705g4f3dg9a9fg0466f5135b29",
                "Value": "Let's be optimistic and assume he's still among the living."
              }
            }
          ]
        },
        {
          "HasTagRule": true,
          "RuleGroup": {
            "TagCombineOp": 0,
            "Rules": [
              {
                "HasChildRules": false,
                "TagCombineOp": 0,
                "Tags": [
                  "1a2f70d6-8ead-4eb5-a824-79ee1971764a"
                ],
                "TagNames": [
                  "REALLY_KARLACH"
                ]
              }
            ],
            "RuleString": "REALLY_KARLACH"
          },
          "TagTexts": [
            {
              "LineId": "0463732d-b32d-036d-796a-c83ecb40f5df",
              "Text": {
                "Handle": "h34700cf5g00b3g4a22g86cfg7b52e275d5f8",
                "Value": "Knowing our luck, something already ate the poor bastard."
              }
            }
          ]
        },
        {
          "HasTagRule": true,
          "RuleGroup": {
            "TagCombineOp": 0,
            "Rules": [
              {
                "HasChildRules": false,
                "TagCombineOp": 0,
                "Tags": [
                  "642d2aee-e3df-47e3-9f47-bbcd441bb9e0"
                ],
                "TagNames": [
                  "REALLY_SHADOWHEART"
                ]
              }
            ],
            "RuleString": "REALLY_SHADOWHEART"
          },
          "TagTexts": [
            {
              "LineId": "f943ef2d-3dcc-5b4b-b4c3-09a5d8f344c5",
              "Text": {
                "Handle": "h0e7b606fgd608g418bgbc4dgfba4ed405b33",
                "Value": "Assuming he's even still alive."
              }
            }
          ]
        },
        {
          "HasTagRule": true,
          "RuleGroup": {
            "TagCombineOp": 0,
            "Rules": [
              {
                "HasChildRules": false,
                "TagCombineOp": 0,
                "Tags": [
                  "5f40def5-d3ec-4698-a367-01a339888956"
                ],
                "TagNames": [
                  "REALLY_WYLL"
                ]
              }
            ],
            "RuleString": "REALLY_WYLL"
          },
          "TagTexts": [
            {
              "LineId": "c05feda0-c8a6-b89d-f207-d1c6d8697e32",
              "Text": {
                "Handle": "h8c5dbe7cg4789g41efgba7cg6ba409fdf505",
                "Value": "Assuming the goblins haven't killed him by now."
              }
            }
          ]
        },
        {
          "HasTagRule": true,
          "RuleGroup": {
            "TagCombineOp": 0,
            "Rules": [
              {
                "HasChildRules": false,
                "TagCombineOp": 0,
                "Tags": [
                  "264a6880-9a51-429c-a9fc-97f8952baf90"
                ],
                "TagNames": [
                  "REALLY_GENERIC"
                ]
              }
            ],
            "RuleString": "REALLY_GENERIC"
          },
          "TagTexts": [
            {
              "LineId": "a61f3ec6-6c3f-d0ab-fac2-cd05275a3849",
              "Text": {
                "Handle": "h4d51285fga3b1g4f70g860dg88b45d0c2382",
                "Value": "What if something happened to him?"
              }
            }
          ]
        }
      ],
      "EditorData": {
        "AnimationTags": "",
        "Attitude": "Default",
        "CinematicNodeContext": "",
        "CinematicObjects": "",
        "CustomCineArtKeysPresent": "False",
        "CustomLightingPresent": "False",
        "CustomSoundPresent": "False",
        "CustomVFXPresent": "False",
        "Emotion": "Default",
        "ForceDisableIsCustomNode": "False",
        "ID": "N16",
        "InternalNodeContext": "",
        "IsCustomNode": "False",
        "MusicTags": "",
        "NodeContext": "",
        "Quality": "Bronze",
        "SFXTags": "",
        "StateChangeTags": "",
        "TemplateNodeUUID": "00000000-0000-0000-0000-000000000000",
        "TemplateVersion": "0",
        "VFXTags": "",
        "collapsed": "False",
        "logicalname": "Answer",
        "position": "655;234",
        "sourcetemplate": ""
      }
    },
    "898e5ed0-ad3b-1677-2c2a-bb1d30bf0aae": {
      "UUID": "898e5ed0-ad3b-1677-2c2a-bb1d30bf0aae",
      "Constructor": "TagAnswer",
      "EndNode": true,
      "Root": false,
      "ShowOnce": false,
      "SpeakerNo": 1,
      "AddressedSpeaker": 0,
      "Children": [],
      "CheckFlags": [],
      "SetFlags": [],
      "TaggedTextList": [
        {
          "HasTagRule": true,
          "RuleGroup": {
            "TagCombineOp": 0,
            "Rules": [
              {
                "HasChildRules": false,
                "TagCombineOp": 0,
                "Tags": [
                  "ffd08582-7396-4cac-bcd4-8f9cd0fd8ef3"
                ],
                "TagNames": [
                  "REALLY_ASTARION"
                ]
              }
            ],
            "RuleString": "REALLY_ASTARION"
          },
          "TagTexts": [
            {
              "LineId": "25b990ff-0e52-f0c6-8013-df6c77bb6dbd",
              "Text": {
                "Handle": "h946b105bg6f7bg401bg84a5g1fc394a258c9",
                "Value": "He sounds like someone worth talking to."
              }
            }
          ]
        },
        {
          "HasTagRule": true,
          "RuleGroup": {
            "TagCombineOp": 0,
            "Rules": [
              {
                "HasChildRules": false,
                "TagCombineOp": 0,
                "Tags": [
                  "9b0354c0-56d9-4723-8034-918ac9abab19"
                ],
                "TagNames": [
                  "REALLY_GALE"
                ]
              }
            ],
            "RuleString": "REALLY_GALE"
          },
          "TagTexts": [
            {
              "LineId": "6eb23ced-670a-b169-501d-9fe8cf0e0c5e",
              "Text": {
                "Handle": "hfda0cc65gada5g4f2ag8041g045ee50a3000",
                "Value": "Just the sort of chap to have a chat with, I reckon.<br>"
              }
            }
          ]
        },
        {
          "HasTagRule": true,
          "RuleGroup": {
            "TagCombineOp": 0,
            "Rules": [
              {
                "HasChildRules": false,
                "TagCombineOp": 0,
                "Tags": [
                  "1a2f70d6-8ead-4eb5-a824-79ee1971764a"
                ],
                "TagNames": [
                  "REALLY_KARLACH"
                ]
              }
            ],
            "RuleString": "REALLY_KARLACH"
          },
          "TagTexts": [
            {
              "LineId": "81565671-8f8a-30a0-f919-f0d2e52d0698",
              "Text": {
                "Handle": "h00ad6c2egc5abg438fga00eg8b022ea6cff8",
                "Value": "We should find him - he'll either help us or try to dissect us. Maybe both.<br>"
              }
            }
          ]
        },
        {
          "HasTagRule": true,
          "RuleGroup": {
            "TagCombineOp": 0,
            "Rules": [
              {
                "HasChildRules": false,
                "TagCombineOp": 0,
                "Tags": [
                  "642d2aee-e3df-47e3-9f47-bbcd441bb9e0"
                ],
                "TagNames": [
                  "REALLY_SHADOWHEART"
                ]
              }
            ],
            "RuleString": "REALLY_SHADOWHEART"
          },
          "TagTexts": [
            {
              "LineId": "2a476a0b-bbb1-bceb-8401-b7a846547b94",
              "Text": {
                "Handle": "h5a09effcg1790g4dc4gb89dg5daf7c8b4f61",
                "Value": "Got to find him then. See if he can help.<br>"
              }
            }
          ]
        },
        {
          "HasTagRule": true,
          "RuleGroup": {
            "TagCombineOp": 0,
            "Rules": [
              {
                "HasChildRules": false,
                "TagCombineOp": 0,
                "Tags": [
                  "5f40def5-d3ec-4698-a367-01a339888956"
                ],
                "TagNames": [
                  "REALLY_WYLL"
                ]
              }
            ],
            "RuleString": "REALLY_WYLL"
          },
          "TagTexts": [
            {
              "LineId": "7af7ae7e-c820-5d89-ac4c-b5aca0cac042",
              "Text": {
                "Handle": "h6418bc28g29d5g41c8ga0e8g8ec32e21cbb0",
                "Value": "We best find him. He'll know how to cure us of this damned infection."
              }
            }
          ]
        },
        {
          "HasTagRule": true,
          "RuleGroup": {
            "TagCombineOp": 0,
            "Rules": [
              {
                "HasChildRules": false,
                "TagCombineOp": 0,
                "Tags": [
                  "b5682d1d-c395-489c-9675-1f9b0c328ea5"
                ],
                "TagNames": [
                  "REALLY_LAEZEL"
                ]
              }
            ],
            "RuleString": "REALLY_LAEZEL"
          },
          "TagTexts": [
            {
              "LineId": "0fd977d7-2e48-9ba5-c663-4db38f75b358",
              "Text": {
                "Handle": "hfe71a445g24cfg4900g9f61gfd99b5bb7ae2",
                "Value": "Forget Halsin. Only a githyanki crèche holds our cure."
              }
            }
          ]
        },
        {
          "HasTagRule": false,
          "RuleGroup": {
            "TagCombineOp": 0,
            "Rules": [],
            "RuleString": ""
          },
          "TagTexts": [
            {
              "LineId": "4bf0bd27-2d7f-51c6-f854-fd9a2d4cb3eb",
              "Text": {
                "Handle": "hf5684654g1f6fg4809gafd4g03d490f9ce44",
                "Value": "We should find him, maybe he can help?"
              }
            }
          ]
        }
      ],
      "EditorData": {
        "AnimationTags": "",
        "Attitude": "Default",
        "CinematicNodeContext": "",
        "CinematicObjects": "",
        "CustomCineArtKeysPresent": "False",
        "CustomLightingPresent": "False",
        "CustomSoundPresent": "False",
        "CustomVFXPresent": "False",
        "Emotion": "Default",
        "ForceDisableIsCustomNode": "False",
        "ID": "N3",
        "InternalNodeContext": "",
        "IsCustomNode": "False",
        "MusicTags": "",
        "NodeContext": "",
        "Quality": "Bronze",
        "SFXTags": "",
        "StateChangeTags": "",
        "TemplateNodeUUID": "00000000-0000-0000-0000-000000000000",
        "TemplateVersion": "0",
        "VFXTags": "",
        "collapsed": "False",
        "logicalname": "Answer",
        "position": "335;453",
        "sourcetemplate": ""
      }
    },
    "d0ace64d-2c07-f43f-6943-abf18fc84dde": {
      "UUID": "d0ace64d-2c07-f43f-6943-abf18fc84dde",
      "Constructor": "TagAnswer",
      "EndNode": true,
      "Root": false,
      "ShowOnce": false,
      "SpeakerNo": 2,
      "AddressedSpeaker": 0,
      "Children": [],
      "CheckFlags": [
        {
          "Flags": [
            {
              "UUID": "b5682d1d-c395-489c-9675-1f9b0c328ea5",
              "value": true,
              "paramval": 2,
              "Name": "REALLY_LAEZEL"
            }
          ],
          "Type": "Tag"
        }
      ],
      "SetFlags": [],
      "TaggedTextList": [
        {
          "HasTagRule": false,
          "RuleGroup": {
            "TagCombineOp": 0,
            "Rules": [],
            "RuleString": ""
          },
          "TagTexts": [
            {
              "LineId": "90d4c992-dae1-0b22-03f4-40918d19d727",
              "Text": {
                "Handle": "hd536fb1cg82f8g4e6bg8676g2c30c03bf872",
                "Value": "Forget Halsin. Only a githyanki crèche holds our cure."
              }
            }
          ]
        }
      ],
      "EditorData": {
        "AnimationTags": "",
        "Attitude": "Default",
        "CinematicNodeContext": "",
        "CinematicObjects": "",
        "CustomCineArtKeysPresent": "False",
        "CustomLightingPresent": "False",
        "CustomSoundPresent": "False",
        "CustomVFXPresent": "False",
        "Emotion": "Default",
        "ForceDisableIsCustomNode": "False",
        "ID": "N54",
        "InternalNodeContext": "",
        "IsCustomNode": "False",
        "MusicTags": "",
        "NodeContext": "",
        "Quality": "Bronze",
        "SFXTags": "",
        "StateChangeTags": "",
        "TemplateNodeUUID": "00000000-0000-0000-0000-000000000000",
        "TemplateVersion": "0",
        "VFXTags": "",
        "collapsed": "False",
        "logicalname": "Answer",
        "position": "655;15",
        "sourcetemplate": ""
      }
    },
    "e027493c-e4a6-cf6d-2ff9-895044b80bd5": {
      "UUID": "e027493c-e4a6-cf6d-2ff9-895044b80bd5",
      "Constructor": "TagAnswer",
      "EndNode": true,
      "Root": false,
      "ShowOnce": false,
      "SpeakerNo": 3,
      "AddressedSpeaker": 0,
      "Children": [],
      "CheckFlags": [],
      "SetFlags": [],
      "TaggedTextList": [
        {
          "HasTagRule": true,
          "RuleGroup": {
            "TagCombineOp": 0,
            "Rules": [
              {
                "HasChildRules": false,
                "TagCombineOp": 0,
                "Tags": [
                  "ffd08582-7396-4cac-bcd4-8f9cd0fd8ef3"
                ],
                "TagNames": [
                  "REALLY_ASTARION"
                ]
              }
            ],
            "RuleString": "REALLY_ASTARION"
          },
          "TagTexts": [
            {
              "LineId": "312aa18b-05f6-f795-3a46-eac632b8274c",
              "Text": {
                "Handle": "hb2ac1660gf97bg443dgb209g71afd46c5181",
                "Value": "If he's dead, we'll make his corpse talk."
              }
            }
          ]
        },
        {
          "HasTagRule": true,
          "RuleGroup": {
            "TagCombineOp": 0,
            "Rules": [
              {
                "HasChildRules": false,
                "TagCombineOp": 0,
                "Tags": [
                  "9b0354c0-56d9-4723-8034-918ac9abab19"
                ],
                "TagNames": [
                  "REALLY_GALE"
                ]
              }
            ],
            "RuleString": "REALLY_GALE"
          },
          "TagTexts": [
            {
              "LineId": "436bacf6-08ea-00f6-9aef-d82f99a46f43",
              "Text": {
                "Handle": "hcf771928g84aeg46daga138g8432481a960d",
                "Value": "Speculation will get us nowhere. Let's go find him."
              }
            }
          ]
        },
        {
          "HasTagRule": true,
          "RuleGroup": {
            "TagCombineOp": 0,
            "Rules": [
              {
                "HasChildRules": false,
                "TagCombineOp": 0,
                "Tags": [
                  "1a2f70d6-8ead-4eb5-a824-79ee1971764a"
                ],
                "TagNames": [
                  "REALLY_KARLACH"
                ]
              }
            ],
            "RuleString": "REALLY_KARLACH"
          },
          "TagTexts": [
            {
              "LineId": "d0dae389-f5a4-a30c-1761-a6e7e07567e7",
              "Text": {
                "Handle": "h0ebd55c7g1360g456fga274g8524d96cd373",
                "Value": "Let's just get to work - if anyone can bring him home safe, it's us.<br>"
              }
            }
          ]
        },
        {
          "HasTagRule": true,
          "RuleGroup": {
            "TagCombineOp": 0,
            "Rules": [
              {
                "HasChildRules": false,
                "TagCombineOp": 0,
                "Tags": [
                  "642d2aee-e3df-47e3-9f47-bbcd441bb9e0"
                ],
                "TagNames": [
                  "REALLY_SHADOWHEART"
                ]
              }
            ],
            "RuleString": "REALLY_SHADOWHEART"
          },
          "TagTexts": [
            {
              "LineId": "2f8c2f61-6b80-1fb9-c810-e9556214bd4e",
              "Text": {
                "Handle": "h6cbaf840g37ecg4ff8g869ag33a64f496a0e",
                "Value": "He won't get off that easily. We can force his corpse to talk if it comes to that."
              }
            }
          ]
        },
        {
          "HasTagRule": true,
          "RuleGroup": {
            "TagCombineOp": 0,
            "Rules": [
              {
                "HasChildRules": false,
                "TagCombineOp": 0,
                "Tags": [
                  "5f40def5-d3ec-4698-a367-01a339888956"
                ],
                "TagNames": [
                  "REALLY_WYLL"
                ]
              }
            ],
            "RuleString": "REALLY_WYLL"
          },
          "TagTexts": [
            {
              "LineId": "57b52221-9b92-74b2-b723-7a9ae77f834e",
              "Text": {
                "Handle": "h997ded27gac63g4188g9fadgf7ff93a46d25",
                "Value": "Oh, he's alive. And we're going to find him."
              }
            }
          ]
        },
        {
          "HasTagRule": true,
          "RuleGroup": {
            "TagCombineOp": 0,
            "Rules": [
              {
                "HasChildRules": false,
                "TagCombineOp": 0,
                "Tags": [
                  "b5682d1d-c395-489c-9675-1f9b0c328ea5"
                ],
                "TagNames": [
                  "REALLY_LAEZEL"
                ]
              }
            ],
            "RuleString": "REALLY_LAEZEL"
          },
          "TagTexts": [
            {
              "LineId": "53d6d50b-f9e1-f19e-6251-3de689972040",
              "Text": {
                "Handle": "hcee5a88ag8736g46aega143ga92e37eed9ab",
                "Value": "Forget Halsin. Only a githyanki crèche holds our cure."
              }
            }
          ]
        },
        {
          "HasTagRule": true,
          "RuleGroup": {
            "TagCombineOp": 0,
            "Rules": [
              {
                "HasChildRules": false,
                "TagCombineOp": 0,
                "Tags": [
                  "e49c027c-6ec6-4158-9afb-8b59236d10fd"
                ],
                "TagNames": [
                  "REALLY_GITHYANKI"
                ]
              }
            ],
            "RuleString": "REALLY_GITHYANKI"
          },
          "TagTexts": [
            {
              "LineId": "6d69592c-9650-4540-2576-f2651c2d6960",
              "Text": {
                "Handle": "hdbe305abg4e12g42fegae40gd6af8e8883cd",
                "Value": "Enough chatter. We retrieve Halsin, we find a cure."
              }
            }
          ]
        },
        {
          "HasTagRule": true,
          "RuleGroup": {
            "TagCombineOp": 0,
            "Rules": [
              {
                "HasChildRules": false,
                "TagCombineOp": 0,
                "Tags": [
                  "264a6880-9a51-429c-a9fc-97f8952baf90"
                ],
                "TagNames": [
                  "REALLY_GENERIC"
                ]
              }
            ],
            "RuleString": "REALLY_GENERIC"
          },
          "TagTexts": [
            {
              "LineId": "d1fe9db4-753f-7b38-033f-baa5a4644f6b",
              "Text": {
                "Handle": "h7f15f454g45feg47efgb394g45d87c3e3a03",
                "Value": "All the more reason to hurry."
              }
            }
          ]
        }
      ],
      "EditorData": {
        "AnimationTags": "",
        "Attitude": "Default",
        "CinematicNodeContext": "",
        "CinematicObjects": "",
        "CustomCineArtKeysPresent": "False",
        "CustomLightingPresent": "False",
        "CustomSoundPresent": "False",
        "CustomVFXPresent": "False",
        "Emotion": "Default",
        "ForceDisableIsCustomNode": "False",
        "ID": "N20",
        "InternalNodeContext": "",
        "IsCustomNode": "False",
        "MusicTags": "",
        "NodeContext": "",
        "Quality": "Bronze",
        "SFXTags": "",
        "StateChangeTags": "",
        "TemplateNodeUUID": "00000000-0000-0000-0000-000000000000",
        "TemplateVersion": "0",
        "VFXTags": "",
        "collapsed": "False",
        "logicalname": "Answer",
        "position": "975;234",
        "sourcetemplate": ""
      }
    }
  },
  "SpeakerDict": {
    "0": {
      "IsPeanutSpeaker": false,
      "SpeakerMappingId": "e01dc233-7834-b0c6-1009-cd3444bd1c8e",
      "Index": 0,
      "List": [
        "e0d1ff71-04a8-4340-ae64-9684d846eb83"
      ],
      "SpeakerCharacter": {
        "DisplayName": "Player",
        "Type": "character",
        "MapKey": "e2badbf0-159a-4ef5-9e73-7bbeb3d1015a",
        "Name": "S_GLO_CharacterCreationDummy_001",
        "ParentTemplateId": null,
        "TemplateName": "fd7f2707-8f86-4836-bda8-e0db99c389cc"
      },
      "SpeakerGroupName": "GROUP_Players"
    },
    "1": {
      "IsPeanutSpeaker": false,
      "SpeakerMappingId": "1a12c043-1060-0353-e7a8-c143e6615357",
      "Index": 1,
      "List": [
        "e0d1ff71-04a8-4340-ae64-9684d846eb83"
      ],
      "SpeakerCharacter": {
        "DisplayName": "Player",
        "Type": "character",
        "MapKey": "e2badbf0-159a-4ef5-9e73-7bbeb3d1015a",
        "Name": "S_GLO_CharacterCreationDummy_001",
        "ParentTemplateId": null,
        "TemplateName": "fd7f2707-8f86-4836-bda8-e0db99c389cc"
      },
      "SpeakerGroupName": "GROUP_Players"
    },
    "2": {
      "IsPeanutSpeaker": false,
      "SpeakerMappingId": "483d3924-e036-71a0-4849-0ac880836621",
      "Index": 2,
      "List": [
        "e0d1ff71-04a8-4340-ae64-9684d846eb83"
      ],
      "SpeakerCharacter": {
        "DisplayName": "Player",
        "Type": "character",
        "MapKey": "e2badbf0-159a-4ef5-9e73-7bbeb3d1015a",
        "Name": "S_GLO_CharacterCreationDummy_001",
        "ParentTemplateId": null,
        "TemplateName": "fd7f2707-8f86-4836-bda8-e0db99c389cc"
      },
      "SpeakerGroupName": "GROUP_Players"
    },
    "3": {
      "IsPeanutSpeaker": false,
      "SpeakerMappingId": "563fb16a-1a89-0482-0c99-f1bb5d066fb6",
      "Index": 3,
      "List": [
        "e0d1ff71-04a8-4340-ae64-9684d846eb83"
      ],
      "SpeakerCharacter": {
        "DisplayName": "Player",
        "Type": "character",
        "MapKey": "e2badbf0-159a-4ef5-9e73-7bbeb3d1015a",
        "Name": "S_GLO_CharacterCreationDummy_001",
        "ParentTemplateId": null,
        "TemplateName": "fd7f2707-8f86-4836-bda8-e0db99c389cc"
      },
      "SpeakerGroupName": "GROUP_Players"
    }
  },
  "Synopsis": "Player read Halsin's research on the mind flayer tadpole. The VB plays only if they didn't find Halsin already and didn't go through the tadpoled scene with Nettie (otherwise they got all that information from her so it's not a surprise)."
}