{
  "Path": "Mods/Gustav/Story/Dialogs/Act1/DEN/DEN_DruidAttack_Trainee001.lsj",
  "UUID": "61f6fd97-34c2-a0b6-93de-7a5360a6673f",
  "Category": "Generic NPC Dialog",
  "DefaultAddressedSpeakers": {
    "0": -1,
    "1": -1
  },
  "RootNodes": [
    "1bb2380b-d51b-1623-e216-ae5cfee744aa",
    "c7cc6431-3c49-dce7-eb27-e83fc9f6a9cc",
    "8941a2ce-9866-42de-49d9-f18a97dc0e64"
  ],
  "Nodes": {
    "1bb2380b-d51b-1623-e216-ae5cfee744aa": {
      "UUID": "1bb2380b-d51b-1623-e216-ae5cfee744aa",
      "Constructor": "TagGreeting",
      "EndNode": true,
      "Root": true,
      "ShowOnce": false,
      "SpeakerNo": 0,
      "AddressedSpeaker": -1,
      "Children": [],
      "CheckFlags": [
        {
          "Flags": [
            {
              "UUID": "a168b95f-18ca-b0f3-0cf9-07d5beca1626",
              "value": true,
              "paramval": 1,
              "Name": "DEN_DruidAttack_HasMet_Trainee001AfterAttack"
            }
          ],
          "Type": "Dialog"
        },
        {
          "Flags": [
            {
              "UUID": "b4754af7-07ec-433c-87d2-e78ef4c79e6e",
              "value": true,
              "paramval": null,
              "Name": "DEN_DruidAttack_State_PrepAfterDeathOfDruids"
            }
          ],
          "Type": "Global"
        }
      ],
      "SetFlags": [],
      "TaggedTextList": [
        {
          "HasTagRule": false,
          "RuleGroup": {
            "TagCombineOp": 0,
            "Rules": [],
            "RuleString": ""
          },
          "TagTexts": [
            {
              "LineId": "742a923f-718d-d47d-ecdd-340c4d658ad2",
              "Text": {
                "Handle": "h4dfe7c9bg7b29g48a0gb5dcg68001a7d39a5",
                "Value": "I just want to go home."
              }
            }
          ]
        }
      ],
      "EditorData": {
        "AnimationTags": "",
        "Attitude": "Default",
        "CinematicNodeContext": "Looking down, sad",
        "CinematicObjects": "",
        "CustomCineArtKeysPresent": "False",
        "CustomLightingPresent": "False",
        "CustomSoundPresent": "False",
        "CustomVFXPresent": "False",
        "Emotion": "Default",
        "ForceDisableIsCustomNode": "False",
        "ID": "N18",
        "InternalNodeContext": "",
        "IsCustomNode": "True",
        "MusicTags": "",
        "NodeContext": "The druids are dealt with. He just wants to go back home and be safe again.",
        "Quality": "Bronze",
        "SFXTags": "",
        "StateChangeTags": "",
        "TemplateNodeUUID": "00000000-0000-0000-0000-000000000000",
        "TemplateVersion": "0",
        "VFXTags": "",
        "collapsed": "False",
        "logicalname": "Druids are dead and attack is over.",
        "position": "15;-642",
        "sourcetemplate": ""
      }
    },
    "8941a2ce-9866-42de-49d9-f18a97dc0e64": {
      "UUID": "8941a2ce-9866-42de-49d9-f18a97dc0e64",
      "Constructor": "TagGreeting",
      "EndNode": true,
      "Root": true,
      "ShowOnce": false,
      "SpeakerNo": 0,
      "AddressedSpeaker": -1,
      "Children": [],
      "CheckFlags": [],
      "SetFlags": [],
      "TaggedTextList": [
        {
          "HasTagRule": false,
          "RuleGroup": {
            "TagCombineOp": 0,
            "Rules": [],
            "RuleString": ""
          },
          "TagTexts": [
            {
              "LineId": "e03c98e8-b1e2-1177-62b7-a7bcd4196078",
              "Text": {
                "Handle": "hfba5d50cga25fg46a1gb078g6058a47fea22",
                "Value": "They're supposed to be our friends."
              }
            }
          ]
        }
      ],
      "EditorData": {
        "AnimationTags": "",
        "Attitude": "Default",
        "CinematicNodeContext": "Cowering.",
        "CinematicObjects": "",
        "CustomCineArtKeysPresent": "False",
        "CustomLightingPresent": "False",
        "CustomSoundPresent": "False",
        "CustomVFXPresent": "False",
        "Emotion": "Default",
        "ForceDisableIsCustomNode": "False",
        "ID": "N2",
        "InternalNodeContext": "",
        "IsCustomNode": "True",
        "MusicTags": "",
        "NodeContext": "Crying. The druids have turned on her people and are trying to slaughter them.",
        "Quality": "Bronze",
        "SFXTags": "",
        "StateChangeTags": "",
        "TemplateNodeUUID": "00000000-0000-0000-0000-000000000000",
        "TemplateVersion": "0",
        "VFXTags": "",
        "collapsed": "False",
        "logicalname": "Druid Attack is under way.",
        "position": "15;-204",
        "sourcetemplate": ""
      }
    },
    "c7cc6431-3c49-dce7-eb27-e83fc9f6a9cc": {
      "UUID": "c7cc6431-3c49-dce7-eb27-e83fc9f6a9cc",
      "Constructor": "TagGreeting",
      "EndNode": true,
      "Root": true,
      "ShowOnce": false,
      "SpeakerNo": 0,
      "AddressedSpeaker": -1,
      "Children": [],
      "CheckFlags": [
        {
          "Flags": [
            {
              "UUID": "b4754af7-07ec-433c-87d2-e78ef4c79e6e",
              "value": true,
              "paramval": null,
              "Name": "DEN_DruidAttack_State_PrepAfterDeathOfDruids"
            }
          ],
          "Type": "Global"
        }
      ],
      "SetFlags": [
        {
          "Flags": [
            {
              "UUID": "a168b95f-18ca-b0f3-0cf9-07d5beca1626",
              "value": true,
              "paramval": 1,
              "Name": "DEN_DruidAttack_HasMet_Trainee001AfterAttack"
            }
          ],
          "Type": "Dialog"
        }
      ],
      "TaggedTextList": [
        {
          "HasTagRule": false,
          "RuleGroup": {
            "TagCombineOp": 0,
            "Rules": [],
            "RuleString": ""
          },
          "TagTexts": [
            {
              "LineId": "e0850670-ef7a-eead-c09f-373d0081b4d6",
              "Text": {
                "Handle": "hc4cf3af0g39c3g42c7gaf13ge349fe8abb26",
                "Value": "Everyone hates us. But we didn't do anything."
              }
            }
          ]
        }
      ],
      "EditorData": {
        "AnimationTags": "",
        "Attitude": "Default",
        "CinematicNodeContext": "Looking down, sad",
        "CinematicObjects": "",
        "CustomCineArtKeysPresent": "False",
        "CustomLightingPresent": "False",
        "CustomSoundPresent": "False",
        "CustomVFXPresent": "False",
        "Emotion": "Default",
        "ForceDisableIsCustomNode": "False",
        "ID": "N1",
        "InternalNodeContext": "",
        "IsCustomNode": "True",
        "MusicTags": "",
        "NodeContext": "The druids are dealt with. He's coming to terms with a real harsh truth here. ",
        "Quality": "Bronze",
        "SFXTags": "",
        "StateChangeTags": "",
        "TemplateNodeUUID": "00000000-0000-0000-0000-000000000000",
        "TemplateVersion": "0",
        "VFXTags": "",
        "collapsed": "False",
        "logicalname": "Druids are dead and attack is over.",
        "position": "15;-423",
        "sourcetemplate": ""
      }
    }
  },
  "SpeakerDict": {
    "0": {
      "IsPeanutSpeaker": false,
      "SpeakerMappingId": "30a57fbc-13fb-9e9b-60b9-26ed07c9104a",
      "Index": 0,
      "List": [
        "1f839ad2-2bcb-47d2-8de9-db7a1fb5d67f"
      ],
      "SpeakerCharacter": {
        "DisplayName": "Umi",
        "Type": "character",
        "MapKey": "1f839ad2-2bcb-47d2-8de9-db7a1fb5d67f",
        "Name": "S_DEN_Trainee_001",
        "ParentTemplateId": null,
        "TemplateName": "80ca9a84-00c2-45c6-892e-bf6f07a5af3e"
      },
      "SpeakerGroupName": null
    },
    "1": {
      "IsPeanutSpeaker": false,
      "SpeakerMappingId": "4f1c268a-b3c6-2dad-ee03-14c0679981c0",
      "Index": 1,
      "List": [
        "e0d1ff71-04a8-4340-ae64-9684d846eb83"
      ],
      "SpeakerCharacter": {
        "DisplayName": "Player",
        "Type": "character",
        "MapKey": "e2badbf0-159a-4ef5-9e73-7bbeb3d1015a",
        "Name": "S_GLO_CharacterCreationDummy_001",
        "ParentTemplateId": null,
        "TemplateName": "fd7f2707-8f86-4836-bda8-e0db99c389cc"
      },
      "SpeakerGroupName": "GROUP_Players"
    }
  },
  "Synopsis": "This dialogue plays during and after a group of druids turn on the tieflings in the grove and attack them. Umi is taken into a secret cave to hide during the druid attack. He's frightened while they are attacking, and clearly shaken afterward."
}