{
  "Path": "Mods/Gustav/Story/Dialogs/Act1/DEN/DEN_DruidAttack_DruidLeader.lsj",
  "UUID": "b7575772-6026-33ed-9f48-447bc989b01d",
  "Category": "Generic NPC Dialog",
  "DefaultAddressedSpeakers": {
    "0": -1,
    "1": -1
  },
  "RootNodes": [
    "6024421e-7d7d-c0f0-d460-fed50b3eefbf"
  ],
  "Nodes": {
    "6024421e-7d7d-c0f0-d460-fed50b3eefbf": {
      "UUID": "6024421e-7d7d-c0f0-d460-fed50b3eefbf",
      "Constructor": "TagGreeting",
      "EndNode": true,
      "Root": true,
      "ShowOnce": false,
      "SpeakerNo": 0,
      "AddressedSpeaker": -1,
      "Children": [],
      "CheckFlags": [],
      "SetFlags": [],
      "TaggedTextList": [
        {
          "HasTagRule": false,
          "RuleGroup": {
            "TagCombineOp": 0,
            "Rules": [],
            "RuleString": ""
          },
          "TagTexts": [
            {
              "LineId": "37151cd5-2fe0-ecb7-9f40-bb47a8a0f4d1",
              "Text": {
                "Handle": "h55322e50g0c27g45e1g804bg2a93448be089",
                "Value": "The brood is restless. The mother strikes!"
              }
            }
          ]
        }
      ],
      "EditorData": {
        "AnimationTags": "",
        "Attitude": "Default",
        "CinematicNodeContext": "",
        "CinematicObjects": "",
        "CustomCineArtKeysPresent": "False",
        "CustomLightingPresent": "False",
        "CustomSoundPresent": "False",
        "CustomVFXPresent": "False",
        "Emotion": "Default",
        "ForceDisableIsCustomNode": "False",
        "ID": "N1",
        "InternalNodeContext": "",
        "IsCustomNode": "False",
        "MusicTags": "",
        "NodeContext": "",
        "Quality": "Bronze",
        "SFXTags": "",
        "StateChangeTags": "",
        "TemplateNodeUUID": "00000000-0000-0000-0000-000000000000",
        "TemplateVersion": "0",
        "VFXTags": "",
        "collapsed": "False",
        "logicalname": "Druid Attack is under way.",
        "position": "15;-423",
        "sourcetemplate": ""
      }
    }
  },
  "SpeakerDict": {
    "0": {
      "IsPeanutSpeaker": false,
      "SpeakerMappingId": "db7a07ac-2a17-3bff-b69d-0bfe5c211853",
      "Index": 0,
      "List": [
        "95eb2b0b-a522-4ea5-8167-c5f4d1418156"
      ],
      "SpeakerCharacter": {
        "DisplayName": "Kagha",
        "Type": "character",
        "MapKey": "95eb2b0b-a522-4ea5-8167-c5f4d1418156",
        "Name": "S_DEN_DruidLeader",
        "ParentTemplateId": null,
        "TemplateName": "ffcf9408-6695-4e7a-9e57-749da0992df7"
      },
      "SpeakerGroupName": null
    },
    "1": {
      "IsPeanutSpeaker": false,
      "SpeakerMappingId": "0a5527bd-c605-0761-40e6-e2c079a3d26c",
      "Index": 1,
      "List": [
        "e0d1ff71-04a8-4340-ae64-9684d846eb83"
      ],
      "SpeakerCharacter": {
        "DisplayName": "Player",
        "Type": "character",
        "MapKey": "e2badbf0-159a-4ef5-9e73-7bbeb3d1015a",
        "Name": "S_GLO_CharacterCreationDummy_001",
        "ParentTemplateId": null,
        "TemplateName": "fd7f2707-8f86-4836-bda8-e0db99c389cc"
      },
      "SpeakerGroupName": "GROUP_Players"
    }
  },
  "Synopsis": "NPC Dialog during the Druid Attack state, before the Druids turn hostile. In case player clicks on druid before hostility is fully set."
}