{
  "Path": "Mods/Gustav/Story/Dialogs/Act1/DEN/DEN_AttackOnDen_AD_GrumpyAndArrogant.lsj",
  "UUID": "5ebae00c-47d8-736c-6738-4ee56cebbc49",
  "Category": "Repeated automated NPC Dialog",
  "DefaultAddressedSpeakers": {
    "0": -1,
    "1": -1
  },
  "RootNodes": [
    "b4ea179b-fecd-7227-460e-ba7beb68531b",
    "6ff76fcc-59de-47f6-6d1e-2c073050142e",
    "199bce63-e954-98ad-7611-3e3f916237de",
    "f794cc4b-c024-41c8-23eb-17c6d3ecf51b"
  ],
  "Nodes": {
    "0ab184c3-2f0f-5232-b550-8052c30d66f8": {
      "UUID": "0ab184c3-2f0f-5232-b550-8052c30d66f8",
      "Constructor": "TagAnswer",
      "EndNode": false,
      "Root": false,
      "ShowOnce": false,
      "SpeakerNo": 1,
      "AddressedSpeaker": 0,
      "Children": [
        "88048569-c535-1c3d-3c07-2c6e69ec7266"
      ],
      "CheckFlags": [],
      "SetFlags": [],
      "TaggedTextList": [
        {
          "HasTagRule": false,
          "RuleGroup": {
            "TagCombineOp": 0,
            "Rules": [],
            "RuleString": ""
          },
          "TagTexts": [
            {
              "LineId": "52e28f4f-6fd2-7432-6dda-44d4ca8f1334",
              "Text": {
                "Handle": "h4a2c2763g561bg4dbdg9a28gc926b1ea0240",
                "Value": "We should have raided a <i>town</i>."
              }
            }
          ]
        }
      ],
      "EditorData": {
        "AnimationTags": "",
        "Attitude": "Default",
        "CinematicNodeContext": "",
        "CinematicObjects": "",
        "CustomCineArtKeysPresent": "False",
        "CustomLightingPresent": "False",
        "CustomSoundPresent": "False",
        "CustomVFXPresent": "False",
        "Emotion": "Default",
        "ForceDisableIsCustomNode": "False",
        "ID": "N9",
        "InternalNodeContext": "",
        "IsCustomNode": "False",
        "MusicTags": "",
        "NodeContext": "escalating from 'tavern' to town, half-joking",
        "Quality": "Bronze",
        "SFXTags": "",
        "StateChangeTags": "",
        "TemplateNodeUUID": "00000000-0000-0000-0000-000000000000",
        "TemplateVersion": "0",
        "VFXTags": "",
        "collapsed": "False",
        "logicalname": "Answer",
        "position": "335;-204",
        "sourcetemplate": ""
      }
    },
    "1095a7f9-6e06-6374-de0f-407e0ed09954": {
      "UUID": "1095a7f9-6e06-6374-de0f-407e0ed09954",
      "Constructor": "TagAnswer",
      "EndNode": true,
      "Root": false,
      "ShowOnce": false,
      "SpeakerNo": 0,
      "AddressedSpeaker": 0,
      "Children": [],
      "CheckFlags": [],
      "SetFlags": [],
      "TaggedTextList": [
        {
          "HasTagRule": false,
          "RuleGroup": {
            "TagCombineOp": 0,
            "Rules": [],
            "RuleString": ""
          },
          "TagTexts": [
            {
              "LineId": "a4085757-809a-6187-9cc4-ea0123f0cad0",
              "Text": {
                "Handle": "h7007f1e5g6439g4b49ga55bg5a73e3ecd014",
                "Value": "If they do it's probably made of grapes or apples, or some other rubbish."
              }
            }
          ]
        }
      ],
      "EditorData": {
        "AnimationTags": "",
        "Attitude": "Default",
        "CinematicNodeContext": "",
        "CinematicObjects": "",
        "CustomCineArtKeysPresent": "False",
        "CustomLightingPresent": "False",
        "CustomSoundPresent": "False",
        "CustomVFXPresent": "False",
        "Emotion": "Default",
        "ForceDisableIsCustomNode": "False",
        "ID": "N3",
        "InternalNodeContext": "",
        "IsCustomNode": "False",
        "MusicTags": "",
        "NodeContext": "complaining about the alcohol druids probably enjoy",
        "Quality": "Bronze",
        "SFXTags": "",
        "StateChangeTags": "",
        "TemplateNodeUUID": "00000000-0000-0000-0000-000000000000",
        "TemplateVersion": "0",
        "VFXTags": "",
        "collapsed": "False",
        "logicalname": "Answer",
        "position": "655;15",
        "sourcetemplate": ""
      }
    },
    "199bce63-e954-98ad-7611-3e3f916237de": {
      "UUID": "199bce63-e954-98ad-7611-3e3f916237de",
      "Constructor": "TagGreeting",
      "EndNode": false,
      "Root": true,
      "ShowOnce": false,
      "SpeakerNo": 0,
      "AddressedSpeaker": 0,
      "Children": [
        "0ab184c3-2f0f-5232-b550-8052c30d66f8"
      ],
      "CheckFlags": [
        {
          "Flags": [
            {
              "UUID": "0742a73a-20ff-b1a2-a60e-a81ee7812f01",
              "value": true,
              "paramval": null,
              "Name": "5ebae00c-47d8-736c-6738-4ee56cebbc49_A"
            }
          ],
          "Type": "Local"
        }
      ],
      "SetFlags": [
        {
          "Flags": [
            {
              "UUID": "2ea5e04b-25b0-b5bc-d9b2-21643c131b95",
              "value": true,
              "paramval": null,
              "Name": "5ebae00c-47d8-736c-6738-4ee56cebbc49_B"
            }
          ],
          "Type": "Local"
        }
      ],
      "TaggedTextList": [
        {
          "HasTagRule": false,
          "RuleGroup": {
            "TagCombineOp": 0,
            "Rules": [],
            "RuleString": ""
          },
          "TagTexts": [
            {
              "LineId": "76a46056-5925-0976-c711-ba95e4892cc4",
              "Text": {
                "Handle": "h3c54f5bcg00b7g4801g96b5gffdd05233019",
                "Value": "We should have raided another tavern."
              }
            }
          ]
        }
      ],
      "EditorData": {
        "AnimationTags": "",
        "Attitude": "Default",
        "CinematicNodeContext": "",
        "CinematicObjects": "",
        "CustomCineArtKeysPresent": "False",
        "CustomLightingPresent": "False",
        "CustomSoundPresent": "False",
        "CustomVFXPresent": "False",
        "Emotion": "Default",
        "ForceDisableIsCustomNode": "False",
        "ID": "N8",
        "InternalNodeContext": "",
        "IsCustomNode": "False",
        "MusicTags": "",
        "NodeContext": "grumpy, complaining",
        "Quality": "Bronze",
        "SFXTags": "",
        "StateChangeTags": "",
        "TemplateNodeUUID": "00000000-0000-0000-0000-000000000000",
        "TemplateVersion": "0",
        "VFXTags": "",
        "collapsed": "False",
        "logicalname": "Greeting",
        "position": "15;-204",
        "sourcetemplate": ""
      }
    },
    "20dfdcb5-3998-f3b7-8bf5-d0cd57b21043": {
      "UUID": "20dfdcb5-3998-f3b7-8bf5-d0cd57b21043",
      "Constructor": "TagAnswer",
      "EndNode": true,
      "Root": false,
      "ShowOnce": false,
      "SpeakerNo": 0,
      "AddressedSpeaker": 0,
      "Children": [],
      "CheckFlags": [],
      "SetFlags": [],
      "TaggedTextList": [
        {
          "HasTagRule": false,
          "RuleGroup": {
            "TagCombineOp": 0,
            "Rules": [],
            "RuleString": ""
          },
          "TagTexts": [
            {
              "LineId": "51534a59-e0ab-81de-71bd-d9bfa8bb7245",
              "Text": {
                "Handle": "haa590c98g4b06g41dcg951egb1338af419a2",
                "Value": "If she hears you, it'll be the last."
              }
            }
          ]
        }
      ],
      "EditorData": {
        "AnimationTags": "",
        "Attitude": "Default",
        "CinematicNodeContext": "",
        "CinematicObjects": "",
        "CustomCineArtKeysPresent": "False",
        "CustomLightingPresent": "False",
        "CustomSoundPresent": "False",
        "CustomVFXPresent": "False",
        "Emotion": "Default",
        "ForceDisableIsCustomNode": "False",
        "ID": "N18",
        "InternalNodeContext": "",
        "IsCustomNode": "False",
        "MusicTags": "",
        "NodeContext": "warning - imagine they're kids talking in class and teacher just heard",
        "Quality": "Bronze",
        "SFXTags": "",
        "StateChangeTags": "",
        "TemplateNodeUUID": "00000000-0000-0000-0000-000000000000",
        "TemplateVersion": "0",
        "VFXTags": "",
        "collapsed": "False",
        "logicalname": "Answer",
        "position": "655;-642",
        "sourcetemplate": ""
      }
    },
    "2c24477e-d050-dbf8-85f3-3a5c4f09ccef": {
      "UUID": "2c24477e-d050-dbf8-85f3-3a5c4f09ccef",
      "Constructor": "TagAnswer",
      "EndNode": true,
      "Root": false,
      "ShowOnce": false,
      "SpeakerNo": 0,
      "AddressedSpeaker": 0,
      "Children": [],
      "CheckFlags": [],
      "SetFlags": [],
      "TaggedTextList": [
        {
          "HasTagRule": false,
          "RuleGroup": {
            "TagCombineOp": 0,
            "Rules": [],
            "RuleString": ""
          },
          "TagTexts": [
            {
              "LineId": "09c864cf-c8d3-39d8-5c28-6b49eef39e8d",
              "Text": {
                "Handle": "hf562972bgd445g4516g8d76gaf1a4969db7f",
                "Value": "Oi! I was right in the thick of it."
              }
            }
          ]
        }
      ],
      "EditorData": {
        "AnimationTags": "",
        "Attitude": "Default",
        "CinematicNodeContext": "",
        "CinematicObjects": "",
        "CustomCineArtKeysPresent": "False",
        "CustomLightingPresent": "False",
        "CustomSoundPresent": "False",
        "CustomVFXPresent": "False",
        "Emotion": "Default",
        "ForceDisableIsCustomNode": "False",
        "ID": "N26",
        "InternalNodeContext": "",
        "IsCustomNode": "False",
        "MusicTags": "",
        "NodeContext": "mildly irritated but amused",
        "Quality": "Bronze",
        "SFXTags": "",
        "StateChangeTags": "",
        "TemplateNodeUUID": "00000000-0000-0000-0000-000000000000",
        "TemplateVersion": "0",
        "VFXTags": "",
        "collapsed": "False",
        "logicalname": "Answer",
        "position": "655;-423",
        "sourcetemplate": ""
      }
    },
    "3604c847-7e2b-5c83-7bd7-5a3bfc7afc0e": {
      "UUID": "3604c847-7e2b-5c83-7bd7-5a3bfc7afc0e",
      "Constructor": "TagAnswer",
      "EndNode": false,
      "Root": false,
      "ShowOnce": false,
      "SpeakerNo": 1,
      "AddressedSpeaker": 0,
      "Children": [
        "1095a7f9-6e06-6374-de0f-407e0ed09954"
      ],
      "CheckFlags": [],
      "SetFlags": [],
      "TaggedTextList": [
        {
          "HasTagRule": false,
          "RuleGroup": {
            "TagCombineOp": 0,
            "Rules": [],
            "RuleString": ""
          },
          "TagTexts": [
            {
              "LineId": "0bae6b05-03d3-9c29-d85d-25ce41f943ab",
              "Text": {
                "Handle": "h1f06fab0g0c75g477aga0ebg6d33a5ce1784",
                "Value": "I'm not even sure they <i>drink</i> liquor."
              }
            }
          ]
        }
      ],
      "EditorData": {
        "AnimationTags": "",
        "Attitude": "Default",
        "CinematicNodeContext": "",
        "CinematicObjects": "",
        "CustomCineArtKeysPresent": "False",
        "CustomLightingPresent": "False",
        "CustomSoundPresent": "False",
        "CustomVFXPresent": "False",
        "Emotion": "Default",
        "ForceDisableIsCustomNode": "False",
        "ID": "N2",
        "InternalNodeContext": "",
        "IsCustomNode": "False",
        "MusicTags": "",
        "NodeContext": "incredulous - responding to a question about where druids store liquor, heavy emphasis on 'drink'",
        "Quality": "Bronze",
        "SFXTags": "",
        "StateChangeTags": "",
        "TemplateNodeUUID": "00000000-0000-0000-0000-000000000000",
        "TemplateVersion": "0",
        "VFXTags": "",
        "collapsed": "False",
        "logicalname": "Answer",
        "position": "335;15",
        "sourcetemplate": ""
      }
    },
    "6ff76fcc-59de-47f6-6d1e-2c073050142e": {
      "UUID": "6ff76fcc-59de-47f6-6d1e-2c073050142e",
      "Constructor": "TagGreeting",
      "EndNode": false,
      "Root": true,
      "ShowOnce": false,
      "SpeakerNo": 0,
      "AddressedSpeaker": 0,
      "Children": [
        "94c31b3b-4de9-a526-d964-3de03d625854"
      ],
      "CheckFlags": [
        {
          "Flags": [
            {
              "UUID": "2ea5e04b-25b0-b5bc-d9b2-21643c131b95",
              "value": true,
              "paramval": null,
              "Name": "5ebae00c-47d8-736c-6738-4ee56cebbc49_B"
            }
          ],
          "Type": "Local"
        }
      ],
      "SetFlags": [
        {
          "Flags": [
            {
              "UUID": "aa2b3325-48ed-cedb-5c75-3cc085354561",
              "value": true,
              "paramval": null,
              "Name": "5ebae00c-47d8-736c-6738-4ee56cebbc49_C"
            }
          ],
          "Type": "Local"
        }
      ],
      "TaggedTextList": [
        {
          "HasTagRule": false,
          "RuleGroup": {
            "TagCombineOp": 0,
            "Rules": [],
            "RuleString": ""
          },
          "TagTexts": [
            {
              "LineId": "180d7500-0dc6-0cbf-ae0d-45630ef3b5b5",
              "Text": {
                "Handle": "h8c5c63a1g60c8g4beag8c38g33b3407494f1",
                "Value": "Get any good scars during the raid?"
              }
            }
          ]
        }
      ],
      "EditorData": {
        "AnimationTags": "",
        "Attitude": "Default",
        "CinematicNodeContext": "",
        "CinematicObjects": "",
        "CustomCineArtKeysPresent": "False",
        "CustomLightingPresent": "False",
        "CustomSoundPresent": "False",
        "CustomVFXPresent": "False",
        "Emotion": "Default",
        "ForceDisableIsCustomNode": "False",
        "ID": "N7",
        "InternalNodeContext": "",
        "IsCustomNode": "False",
        "MusicTags": "",
        "NodeContext": "talking to another goblin, this is a fun prospect - 'scars' are like trophies",
        "Quality": "Bronze",
        "SFXTags": "",
        "StateChangeTags": "",
        "TemplateNodeUUID": "00000000-0000-0000-0000-000000000000",
        "TemplateVersion": "0",
        "VFXTags": "",
        "collapsed": "False",
        "logicalname": "Greeting",
        "position": "15;-423",
        "sourcetemplate": ""
      }
    },
    "88048569-c535-1c3d-3c07-2c6e69ec7266": {
      "UUID": "88048569-c535-1c3d-3c07-2c6e69ec7266",
      "Constructor": "TagAnswer",
      "EndNode": true,
      "Root": false,
      "ShowOnce": false,
      "SpeakerNo": 0,
      "AddressedSpeaker": 0,
      "Children": [],
      "CheckFlags": [],
      "SetFlags": [],
      "TaggedTextList": [
        {
          "HasTagRule": false,
          "RuleGroup": {
            "TagCombineOp": 0,
            "Rules": [],
            "RuleString": ""
          },
          "TagTexts": [
            {
              "LineId": "869372f2-eaee-dc71-3f23-c663d3cce572",
              "Text": {
                "Handle": "h53ee142cg1287g426eg8189g3c00df7885af",
                "Value": "A city!"
              }
            }
          ]
        }
      ],
      "EditorData": {
        "AnimationTags": "",
        "Attitude": "Default",
        "CinematicNodeContext": "",
        "CinematicObjects": "",
        "CustomCineArtKeysPresent": "False",
        "CustomLightingPresent": "False",
        "CustomSoundPresent": "False",
        "CustomVFXPresent": "False",
        "Emotion": "Default",
        "ForceDisableIsCustomNode": "False",
        "ID": "N10",
        "InternalNodeContext": "",
        "IsCustomNode": "False",
        "MusicTags": "",
        "NodeContext": "escalating from town to 'city' as potential target for next raid - mostly joking",
        "Quality": "Bronze",
        "SFXTags": "",
        "StateChangeTags": "",
        "TemplateNodeUUID": "00000000-0000-0000-0000-000000000000",
        "TemplateVersion": "0",
        "VFXTags": "",
        "collapsed": "False",
        "logicalname": "Answer",
        "position": "655;-204",
        "sourcetemplate": ""
      }
    },
    "94c31b3b-4de9-a526-d964-3de03d625854": {
      "UUID": "94c31b3b-4de9-a526-d964-3de03d625854",
      "Constructor": "TagAnswer",
      "EndNode": false,
      "Root": false,
      "ShowOnce": false,
      "SpeakerNo": 1,
      "AddressedSpeaker": 0,
      "Children": [
        "2c24477e-d050-dbf8-85f3-3a5c4f09ccef"
      ],
      "CheckFlags": [],
      "SetFlags": [],
      "TaggedTextList": [
        {
          "HasTagRule": false,
          "RuleGroup": {
            "TagCombineOp": 0,
            "Rules": [],
            "RuleString": ""
          },
          "TagTexts": [
            {
              "LineId": "1d924fb9-36b5-4a8c-ca33-0d694b859548",
              "Text": {
                "Handle": "h6531fb63g0964g4419g9fc7gbc3cca8d5cb7",
                "Value": "Nah. True Souls did most of the fighting."
              }
            }
          ]
        }
      ],
      "EditorData": {
        "AnimationTags": "",
        "Attitude": "Default",
        "CinematicNodeContext": "",
        "CinematicObjects": "",
        "CustomCineArtKeysPresent": "False",
        "CustomLightingPresent": "False",
        "CustomSoundPresent": "False",
        "CustomVFXPresent": "False",
        "Emotion": "Default",
        "ForceDisableIsCustomNode": "False",
        "ID": "N22",
        "InternalNodeContext": "",
        "IsCustomNode": "False",
        "MusicTags": "",
        "NodeContext": "disappointed",
        "Quality": "Bronze",
        "SFXTags": "",
        "StateChangeTags": "",
        "TemplateNodeUUID": "00000000-0000-0000-0000-000000000000",
        "TemplateVersion": "0",
        "VFXTags": "",
        "collapsed": "False",
        "logicalname": "Answer",
        "position": "335;-423",
        "sourcetemplate": ""
      }
    },
    "b4ea179b-fecd-7227-460e-ba7beb68531b": {
      "UUID": "b4ea179b-fecd-7227-460e-ba7beb68531b",
      "Constructor": "TagGreeting",
      "EndNode": false,
      "Root": true,
      "ShowOnce": false,
      "SpeakerNo": 0,
      "AddressedSpeaker": 0,
      "Children": [
        "c8da0a17-462c-0002-7406-85fd36c6c7aa"
      ],
      "CheckFlags": [
        {
          "Flags": [
            {
              "UUID": "aa2b3325-48ed-cedb-5c75-3cc085354561",
              "value": true,
              "paramval": null,
              "Name": "5ebae00c-47d8-736c-6738-4ee56cebbc49_C"
            }
          ],
          "Type": "Local"
        }
      ],
      "SetFlags": [
        {
          "Flags": [
            {
              "UUID": "0742a73a-20ff-b1a2-a60e-a81ee7812f01",
              "value": false,
              "paramval": null,
              "Name": "5ebae00c-47d8-736c-6738-4ee56cebbc49_A"
            },
            {
              "UUID": "2ea5e04b-25b0-b5bc-d9b2-21643c131b95",
              "value": false,
              "paramval": null,
              "Name": "5ebae00c-47d8-736c-6738-4ee56cebbc49_B"
            },
            {
              "UUID": "aa2b3325-48ed-cedb-5c75-3cc085354561",
              "value": false,
              "paramval": null,
              "Name": "5ebae00c-47d8-736c-6738-4ee56cebbc49_C"
            }
          ],
          "Type": "Local"
        }
      ],
      "TaggedTextList": [
        {
          "HasTagRule": false,
          "RuleGroup": {
            "TagCombineOp": 0,
            "Rules": [],
            "RuleString": ""
          },
          "TagTexts": [
            {
              "LineId": "8b0cf7f0-8a09-a1c9-90a7-4ab3c75c20bb",
              "Text": {
                "Handle": "hcc682815gc28bg4d91g803fgd863d58c5563",
                "Value": "Minthara's pleased."
              }
            }
          ]
        }
      ],
      "EditorData": {
        "AnimationTags": "",
        "Attitude": "Default",
        "CinematicNodeContext": "",
        "CinematicObjects": "",
        "CustomCineArtKeysPresent": "False",
        "CustomLightingPresent": "False",
        "CustomSoundPresent": "False",
        "CustomVFXPresent": "False",
        "Emotion": "Default",
        "ForceDisableIsCustomNode": "False",
        "ID": "N5",
        "InternalNodeContext": "",
        "IsCustomNode": "False",
        "MusicTags": "",
        "NodeContext": "quietly incredulous - Minthara's NEVER pleased",
        "Quality": "Bronze",
        "SFXTags": "",
        "StateChangeTags": "",
        "TemplateNodeUUID": "00000000-0000-0000-0000-000000000000",
        "TemplateVersion": "0",
        "VFXTags": "",
        "collapsed": "False",
        "logicalname": "Greeting",
        "position": "15;-642",
        "sourcetemplate": ""
      }
    },
    "c8da0a17-462c-0002-7406-85fd36c6c7aa": {
      "UUID": "c8da0a17-462c-0002-7406-85fd36c6c7aa",
      "Constructor": "TagAnswer",
      "EndNode": false,
      "Root": false,
      "ShowOnce": false,
      "SpeakerNo": 1,
      "AddressedSpeaker": 0,
      "Children": [
        "20dfdcb5-3998-f3b7-8bf5-d0cd57b21043"
      ],
      "CheckFlags": [],
      "SetFlags": [],
      "TaggedTextList": [
        {
          "HasTagRule": false,
          "RuleGroup": {
            "TagCombineOp": 0,
            "Rules": [],
            "RuleString": ""
          },
          "TagTexts": [
            {
              "LineId": "bce2b63a-623a-3530-621a-3c6e9bfc10bf",
              "Text": {
                "Handle": "h311cc485gfd27g4eb8gbc05g16fa8b438cac",
                "Value": "First time for everything."
              }
            }
          ]
        }
      ],
      "EditorData": {
        "AnimationTags": "",
        "Attitude": "Default",
        "CinematicNodeContext": "",
        "CinematicObjects": "",
        "CustomCineArtKeysPresent": "False",
        "CustomLightingPresent": "False",
        "CustomSoundPresent": "False",
        "CustomVFXPresent": "False",
        "Emotion": "Default",
        "ForceDisableIsCustomNode": "False",
        "ID": "N14",
        "InternalNodeContext": "",
        "IsCustomNode": "False",
        "MusicTags": "",
        "NodeContext": "smiling - he's gently mocking their boss",
        "Quality": "Bronze",
        "SFXTags": "",
        "StateChangeTags": "",
        "TemplateNodeUUID": "00000000-0000-0000-0000-000000000000",
        "TemplateVersion": "0",
        "VFXTags": "",
        "collapsed": "False",
        "logicalname": "Answer",
        "position": "335;-642",
        "sourcetemplate": ""
      }
    },
    "f794cc4b-c024-41c8-23eb-17c6d3ecf51b": {
      "UUID": "f794cc4b-c024-41c8-23eb-17c6d3ecf51b",
      "Constructor": "TagGreeting",
      "EndNode": false,
      "Root": true,
      "ShowOnce": false,
      "SpeakerNo": 0,
      "AddressedSpeaker": 0,
      "Children": [
        "3604c847-7e2b-5c83-7bd7-5a3bfc7afc0e"
      ],
      "CheckFlags": [],
      "SetFlags": [
        {
          "Flags": [
            {
              "UUID": "0742a73a-20ff-b1a2-a60e-a81ee7812f01",
              "value": true,
              "paramval": null,
              "Name": "5ebae00c-47d8-736c-6738-4ee56cebbc49_A"
            }
          ],
          "Type": "Local"
        }
      ],
      "TaggedTextList": [
        {
          "HasTagRule": false,
          "RuleGroup": {
            "TagCombineOp": 0,
            "Rules": [],
            "RuleString": ""
          },
          "TagTexts": [
            {
              "LineId": "7796ba11-49be-1ace-1416-7bccd0be237e",
              "Text": {
                "Handle": "h387cb85bg8fdcg489cg8af4g4f15d10a5168",
                "Value": "Where do druids store their liquor?"
              }
            }
          ]
        }
      ],
      "EditorData": {
        "AnimationTags": "",
        "Attitude": "Default",
        "CinematicNodeContext": "",
        "CinematicObjects": "",
        "CustomCineArtKeysPresent": "False",
        "CustomLightingPresent": "False",
        "CustomSoundPresent": "False",
        "CustomVFXPresent": "False",
        "Emotion": "Default",
        "ForceDisableIsCustomNode": "False",
        "ID": "N6",
        "InternalNodeContext": "",
        "IsCustomNode": "False",
        "MusicTags": "",
        "NodeContext": "inquisitive, slightly irritated",
        "Quality": "Bronze",
        "SFXTags": "",
        "StateChangeTags": "",
        "TemplateNodeUUID": "00000000-0000-0000-0000-000000000000",
        "TemplateVersion": "0",
        "VFXTags": "",
        "collapsed": "False",
        "logicalname": "Greeting",
        "position": "15;15",
        "sourcetemplate": ""
      }
    }
  },
  "SpeakerDict": {
    "0": {
      "IsPeanutSpeaker": false,
      "SpeakerMappingId": "f7df958f-c398-656c-f64c-8c34be41d971",
      "Index": 0,
      "List": [
        "126e39d1-7c38-453c-888b-4cddce7f3e41"
      ],
      "SpeakerCharacter": {
        "DisplayName": "Zurga",
        "Type": "character",
        "MapKey": "126e39d1-7c38-453c-888b-4cddce7f3e41",
        "Name": "S_GOB_WarchiefGrumpy",
        "ParentTemplateId": null,
        "TemplateName": "32345211-0e02-4bf6-b8de-60ceadfc4a44"
      },
      "SpeakerGroupName": null
    },
    "1": {
      "IsPeanutSpeaker": false,
      "SpeakerMappingId": "e674bdf1-f391-ffa8-b661-d539ae1ce30d",
      "Index": 1,
      "List": [
        "43d953fa-575e-452c-b220-939e6bdcc36b"
      ],
      "SpeakerCharacter": {
        "DisplayName": "Sharp-Eye Neem",
        "Type": "character",
        "MapKey": "43d953fa-575e-452c-b220-939e6bdcc36b",
        "Name": "S_GOB_RaiderArrogant",
        "ParentTemplateId": null,
        "TemplateName": "3ac7d5f6-3125-4c75-9cb3-c2ea485129ed"
      },
      "SpeakerGroupName": null
    }
  },
  "Synopsis": "Two goblins talk after a victorious raid at the druid grove."
}