{
  "Path": "Mods/Gustav/Story/Dialogs/Act1/DEN/DEN_AttackOnDen_AD_BetrayedGrieflingFriend.lsj",
  "UUID": "0858ac3e-1939-e6cc-d421-fab83fbf05df",
  "Category": "Automated NPC Dialog",
  "DefaultAddressedSpeakers": {
    "0": -1
  },
  "RootNodes": [
    "c83f19d9-09dd-dd57-f950-fb2b12b9aabe"
  ],
  "Nodes": {
    "c83f19d9-09dd-dd57-f950-fb2b12b9aabe": {
      "UUID": "c83f19d9-09dd-dd57-f950-fb2b12b9aabe",
      "Constructor": "TagGreeting",
      "EndNode": true,
      "Root": true,
      "ShowOnce": false,
      "SpeakerNo": 0,
      "AddressedSpeaker": 0,
      "Children": [],
      "CheckFlags": [],
      "SetFlags": [],
      "TaggedTextList": [
        {
          "HasTagRule": false,
          "RuleGroup": {
            "TagCombineOp": 0,
            "Rules": [],
            "RuleString": ""
          },
          "TagTexts": [
            {
              "LineId": "a05b0a9f-4b55-8d2d-fff4-a7242db530a0",
              "Text": {
                "Handle": "hbccee627ga24dg40bbg9fd2g791e1cb5b47e",
                "Value": "You backstabbing <i>birna mrag!</i> We trusted you!"
              }
            }
          ]
        }
      ],
      "EditorData": {
        "AnimationTags": "",
        "Attitude": "Default",
        "CinematicNodeContext": "",
        "CinematicObjects": "",
        "CustomCineArtKeysPresent": "False",
        "CustomLightingPresent": "False",
        "CustomSoundPresent": "False",
        "CustomVFXPresent": "False",
        "Emotion": "Default",
        "ForceDisableIsCustomNode": "False",
        "ID": "N1",
        "InternalNodeContext": "",
        "IsCustomNode": "False",
        "MusicTags": "",
        "NodeContext": "Angry and accusatory, pre-combat. Birna mrag meaning 'piece of shit' in the infernal language. Pronounced 'BIRna mRAG'\r\n",
        "Quality": "Bronze",
        "SFXTags": "",
        "StateChangeTags": "",
        "TemplateNodeUUID": "00000000-0000-0000-0000-000000000000",
        "TemplateVersion": "0",
        "VFXTags": "",
        "collapsed": "False",
        "logicalname": "Greeting",
        "position": "15;-423",
        "sourcetemplate": ""
      }
    }
  },
  "SpeakerDict": {
    "0": {
      "IsPeanutSpeaker": false,
      "SpeakerMappingId": "e8f81425-904d-a370-6012-6e2c7ff2d4f5",
      "Index": 0,
      "List": [
        "c3334ee5-38dc-4197-aacc-4aa55803ff52"
      ],
      "SpeakerCharacter": {
        "DisplayName": "Memnos",
        "Type": "character",
        "MapKey": "c3334ee5-38dc-4197-aacc-4aa55803ff52",
        "Name": "S_DEN_GrieflingFriend",
        "ParentTemplateId": null,
        "TemplateName": "80fa035d-5248-45c3-a9c2-1c74749833dc"
      },
      "SpeakerGroupName": null
    }
  },
  "Synopsis": "Memnos is outraged after the player betrays the refugees in favour of the attacking goblins."
}