{
  "Path": "Mods/Gustav/Story/Dialogs/Act1/DEN/DEN_DruidAttack_AD_Tiefling011.lsj",
  "UUID": "f7fedabe-23e2-4a62-56de-a1797c6c43a6",
  "Category": "Repeated automated NPC Dialog",
  "DefaultAddressedSpeakers": {
    "0": -1
  },
  "RootNodes": [
    "f3de4d48-32d5-43df-50da-fde4c7481b61",
    "bb109e78-3c4b-27f1-7f5f-3a50aebeb08f",
    "e863424b-e899-9246-7167-4c7e492e6d90",
    "994fa9d8-38d0-bc0e-b8bf-8e89178068db",
    "356a9664-ed79-396e-4633-a5b4af22ede8",
    "18d4edfd-a4fe-c71c-8b7c-c54806ea4719",
    "61ad4c58-4079-7baf-b5cd-2f916eb1039d",
    "42fd6381-b5d3-0815-e621-f907911082f8",
    "7221efa1-de4c-22d4-0e94-e460f13782a6"
  ],
  "Nodes": {
    "18d4edfd-a4fe-c71c-8b7c-c54806ea4719": {
      "UUID": "18d4edfd-a4fe-c71c-8b7c-c54806ea4719",
      "Constructor": "TagGreeting",
      "EndNode": true,
      "Root": true,
      "ShowOnce": false,
      "SpeakerNo": 0,
      "AddressedSpeaker": 0,
      "Children": [],
      "CheckFlags": [
        {
          "Flags": [
            {
              "UUID": "03393223-7a0a-a80e-69b3-ddbd4447962b",
              "value": true,
              "paramval": null,
              "Name": "f7fedabe-23e2-4a62-56de-a1797c6c43a6_b"
            },
            {
              "UUID": "377bebb0-e8ff-e4ec-fa04-4fdb7f0f1bab",
              "value": true,
              "paramval": null,
              "Name": "f7fedabe-23e2-4a62-56de-a1797c6c43a6_a"
            }
          ],
          "Type": "Local"
        },
        {
          "Flags": [
            {
              "UUID": "fb382926-afc1-492c-85ba-65198765b3fd",
              "value": false,
              "paramval": 0,
              "Name": "DEN_DruidAttack_State_InPosition"
            }
          ],
          "Type": "Object"
        }
      ],
      "SetFlags": [
        {
          "Flags": [
            {
              "UUID": "03393223-7a0a-a80e-69b3-ddbd4447962b",
              "value": false,
              "paramval": null,
              "Name": "f7fedabe-23e2-4a62-56de-a1797c6c43a6_b"
            },
            {
              "UUID": "377bebb0-e8ff-e4ec-fa04-4fdb7f0f1bab",
              "value": false,
              "paramval": null,
              "Name": "f7fedabe-23e2-4a62-56de-a1797c6c43a6_a"
            }
          ],
          "Type": "Local"
        }
      ],
      "TaggedTextList": [
        {
          "HasTagRule": false,
          "RuleGroup": {
            "TagCombineOp": 0,
            "Rules": [],
            "RuleString": ""
          },
          "TagTexts": [
            {
              "LineId": "f1bb9846-4bcf-4b3a-3926-eb414eae0532",
              "Text": {
                "Handle": "h95d42d48g081fg42efg90bdg500da6e273ca",
                "Value": "Quick. Into position."
              }
            }
          ]
        }
      ],
      "EditorData": {
        "AnimationTags": "",
        "Attitude": "Default",
        "CinematicNodeContext": "",
        "CinematicObjects": "",
        "CustomCineArtKeysPresent": "False",
        "CustomLightingPresent": "False",
        "CustomSoundPresent": "False",
        "CustomVFXPresent": "False",
        "Emotion": "Default",
        "ForceDisableIsCustomNode": "False",
        "ID": "N22",
        "InternalNodeContext": "",
        "IsCustomNode": "False",
        "MusicTags": "",
        "NodeContext": "",
        "Quality": "Bronze",
        "SFXTags": "",
        "StateChangeTags": "",
        "TemplateNodeUUID": "00000000-0000-0000-0000-000000000000",
        "TemplateVersion": "0",
        "VFXTags": "",
        "collapsed": "False",
        "logicalname": "Moving to Attack Position",
        "position": "15;453",
        "sourcetemplate": ""
      }
    },
    "356a9664-ed79-396e-4633-a5b4af22ede8": {
      "UUID": "356a9664-ed79-396e-4633-a5b4af22ede8",
      "Constructor": "TagGreeting",
      "EndNode": true,
      "Root": true,
      "ShowOnce": false,
      "SpeakerNo": 0,
      "AddressedSpeaker": 0,
      "Children": [],
      "CheckFlags": [
        {
          "Flags": [
            {
              "UUID": "03393223-7a0a-a80e-69b3-ddbd4447962b",
              "value": false,
              "paramval": null,
              "Name": "f7fedabe-23e2-4a62-56de-a1797c6c43a6_b"
            },
            {
              "UUID": "377bebb0-e8ff-e4ec-fa04-4fdb7f0f1bab",
              "value": true,
              "paramval": null,
              "Name": "f7fedabe-23e2-4a62-56de-a1797c6c43a6_a"
            }
          ],
          "Type": "Local"
        },
        {
          "Flags": [
            {
              "UUID": "fb382926-afc1-492c-85ba-65198765b3fd",
              "value": false,
              "paramval": 0,
              "Name": "DEN_DruidAttack_State_InPosition"
            }
          ],
          "Type": "Object"
        }
      ],
      "SetFlags": [
        {
          "Flags": [
            {
              "UUID": "03393223-7a0a-a80e-69b3-ddbd4447962b",
              "value": true,
              "paramval": null,
              "Name": "f7fedabe-23e2-4a62-56de-a1797c6c43a6_b"
            }
          ],
          "Type": "Local"
        }
      ],
      "TaggedTextList": [
        {
          "HasTagRule": false,
          "RuleGroup": {
            "TagCombineOp": 0,
            "Rules": [],
            "RuleString": ""
          },
          "TagTexts": [
            {
              "LineId": "4344ab1b-3a16-d6ae-f8f5-27740dd8895b",
              "Text": {
                "Handle": "h8081c2dcg7f0fg4435g810cgf133684139b0",
                "Value": "Damn it - they just keep coming!"
              }
            }
          ]
        }
      ],
      "EditorData": {
        "AnimationTags": "",
        "Attitude": "Default",
        "CinematicNodeContext": "",
        "CinematicObjects": "",
        "CustomCineArtKeysPresent": "False",
        "CustomLightingPresent": "False",
        "CustomSoundPresent": "False",
        "CustomVFXPresent": "False",
        "Emotion": "Default",
        "ForceDisableIsCustomNode": "False",
        "ID": "N18",
        "InternalNodeContext": "",
        "IsCustomNode": "False",
        "MusicTags": "",
        "NodeContext": "",
        "Quality": "Bronze",
        "SFXTags": "",
        "StateChangeTags": "",
        "TemplateNodeUUID": "00000000-0000-0000-0000-000000000000",
        "TemplateVersion": "0",
        "VFXTags": "",
        "collapsed": "False",
        "logicalname": "Moving to Attack Position",
        "position": "15;234",
        "sourcetemplate": ""
      }
    },
    "42fd6381-b5d3-0815-e621-f907911082f8": {
      "UUID": "42fd6381-b5d3-0815-e621-f907911082f8",
      "Constructor": "TagGreeting",
      "EndNode": true,
      "Root": true,
      "ShowOnce": false,
      "SpeakerNo": 0,
      "AddressedSpeaker": 0,
      "Children": [],
      "CheckFlags": [
        {
          "Flags": [
            {
              "UUID": "03393223-7a0a-a80e-69b3-ddbd4447962b",
              "value": false,
              "paramval": null,
              "Name": "f7fedabe-23e2-4a62-56de-a1797c6c43a6_b"
            },
            {
              "UUID": "377bebb0-e8ff-e4ec-fa04-4fdb7f0f1bab",
              "value": true,
              "paramval": null,
              "Name": "f7fedabe-23e2-4a62-56de-a1797c6c43a6_a"
            }
          ],
          "Type": "Local"
        },
        {
          "Flags": [
            {
              "UUID": "fb382926-afc1-492c-85ba-65198765b3fd",
              "value": true,
              "paramval": 0,
              "Name": "DEN_DruidAttack_State_InPosition"
            }
          ],
          "Type": "Object"
        }
      ],
      "SetFlags": [
        {
          "Flags": [
            {
              "UUID": "03393223-7a0a-a80e-69b3-ddbd4447962b",
              "value": true,
              "paramval": null,
              "Name": "f7fedabe-23e2-4a62-56de-a1797c6c43a6_b"
            }
          ],
          "Type": "Local"
        }
      ],
      "TaggedTextList": [
        {
          "HasTagRule": false,
          "RuleGroup": {
            "TagCombineOp": 0,
            "Rules": [],
            "RuleString": ""
          },
          "TagTexts": [
            {
              "LineId": "e558dc1b-4aeb-9b71-9776-4e6f6d312dbf",
              "Text": {
                "Handle": "hebc46ed3gd3b6g414cg9b28gca35572fa18e",
                "Value": "Hold steady."
              }
            }
          ]
        }
      ],
      "EditorData": {
        "AnimationTags": "",
        "Attitude": "Default",
        "CinematicNodeContext": "",
        "CinematicObjects": "",
        "CustomCineArtKeysPresent": "False",
        "CustomLightingPresent": "False",
        "CustomSoundPresent": "False",
        "CustomVFXPresent": "False",
        "Emotion": "Default",
        "ForceDisableIsCustomNode": "False",
        "ID": "N26",
        "InternalNodeContext": "",
        "IsCustomNode": "False",
        "MusicTags": "",
        "NodeContext": "",
        "Quality": "Bronze",
        "SFXTags": "",
        "StateChangeTags": "",
        "TemplateNodeUUID": "00000000-0000-0000-0000-000000000000",
        "TemplateVersion": "0",
        "VFXTags": "",
        "collapsed": "False",
        "logicalname": "In Position (Ready to Attack)",
        "position": "15;891",
        "sourcetemplate": ""
      }
    },
    "61ad4c58-4079-7baf-b5cd-2f916eb1039d": {
      "UUID": "61ad4c58-4079-7baf-b5cd-2f916eb1039d",
      "Constructor": "TagGreeting",
      "EndNode": true,
      "Root": true,
      "ShowOnce": false,
      "SpeakerNo": 0,
      "AddressedSpeaker": 0,
      "Children": [],
      "CheckFlags": [
        {
          "Flags": [
            {
              "UUID": "377bebb0-e8ff-e4ec-fa04-4fdb7f0f1bab",
              "value": false,
              "paramval": null,
              "Name": "f7fedabe-23e2-4a62-56de-a1797c6c43a6_a"
            }
          ],
          "Type": "Local"
        },
        {
          "Flags": [
            {
              "UUID": "fb382926-afc1-492c-85ba-65198765b3fd",
              "value": true,
              "paramval": 0,
              "Name": "DEN_DruidAttack_State_InPosition"
            }
          ],
          "Type": "Object"
        }
      ],
      "SetFlags": [
        {
          "Flags": [
            {
              "UUID": "377bebb0-e8ff-e4ec-fa04-4fdb7f0f1bab",
              "value": true,
              "paramval": null,
              "Name": "f7fedabe-23e2-4a62-56de-a1797c6c43a6_a"
            }
          ],
          "Type": "Local"
        }
      ],
      "TaggedTextList": [
        {
          "HasTagRule": false,
          "RuleGroup": {
            "TagCombineOp": 0,
            "Rules": [],
            "RuleString": ""
          },
          "TagTexts": [
            {
              "LineId": "77204831-464c-8ce3-56c1-bbaac659b198",
              "Text": {
                "Handle": "h7605f4bfgd781g4880g8addg11e90b0a93a4",
                "Value": "My blade is ready. Let them come!"
              }
            }
          ]
        }
      ],
      "EditorData": {
        "AnimationTags": "",
        "Attitude": "Default",
        "CinematicNodeContext": "",
        "CinematicObjects": "",
        "CustomCineArtKeysPresent": "False",
        "CustomLightingPresent": "False",
        "CustomSoundPresent": "False",
        "CustomVFXPresent": "False",
        "Emotion": "Default",
        "ForceDisableIsCustomNode": "False",
        "ID": "N1",
        "InternalNodeContext": "",
        "IsCustomNode": "False",
        "MusicTags": "",
        "NodeContext": "",
        "Quality": "Bronze",
        "SFXTags": "",
        "StateChangeTags": "",
        "TemplateNodeUUID": "00000000-0000-0000-0000-000000000000",
        "TemplateVersion": "0",
        "VFXTags": "",
        "collapsed": "False",
        "logicalname": "In Position (Ready to Attack)",
        "position": "15;672",
        "sourcetemplate": ""
      }
    },
    "7221efa1-de4c-22d4-0e94-e460f13782a6": {
      "UUID": "7221efa1-de4c-22d4-0e94-e460f13782a6",
      "Constructor": "TagGreeting",
      "EndNode": true,
      "Root": true,
      "ShowOnce": false,
      "SpeakerNo": 0,
      "AddressedSpeaker": 0,
      "Children": [],
      "CheckFlags": [
        {
          "Flags": [
            {
              "UUID": "03393223-7a0a-a80e-69b3-ddbd4447962b",
              "value": true,
              "paramval": null,
              "Name": "f7fedabe-23e2-4a62-56de-a1797c6c43a6_b"
            },
            {
              "UUID": "377bebb0-e8ff-e4ec-fa04-4fdb7f0f1bab",
              "value": true,
              "paramval": null,
              "Name": "f7fedabe-23e2-4a62-56de-a1797c6c43a6_a"
            }
          ],
          "Type": "Local"
        },
        {
          "Flags": [
            {
              "UUID": "fb382926-afc1-492c-85ba-65198765b3fd",
              "value": true,
              "paramval": 0,
              "Name": "DEN_DruidAttack_State_InPosition"
            }
          ],
          "Type": "Object"
        }
      ],
      "SetFlags": [
        {
          "Flags": [
            {
              "UUID": "03393223-7a0a-a80e-69b3-ddbd4447962b",
              "value": false,
              "paramval": null,
              "Name": "f7fedabe-23e2-4a62-56de-a1797c6c43a6_b"
            },
            {
              "UUID": "377bebb0-e8ff-e4ec-fa04-4fdb7f0f1bab",
              "value": false,
              "paramval": null,
              "Name": "f7fedabe-23e2-4a62-56de-a1797c6c43a6_a"
            }
          ],
          "Type": "Local"
        }
      ],
      "TaggedTextList": [
        {
          "HasTagRule": false,
          "RuleGroup": {
            "TagCombineOp": 0,
            "Rules": [],
            "RuleString": ""
          },
          "TagTexts": [
            {
              "LineId": "5985407c-1686-abe5-35cc-c3f8afbbb464",
              "Text": {
                "Handle": "h89ecfad4g113bg417bga9bag52c7ca7d3427",
                "Value": "Blades up!"
              }
            }
          ]
        }
      ],
      "EditorData": {
        "AnimationTags": "",
        "Attitude": "Default",
        "CinematicNodeContext": "",
        "CinematicObjects": "",
        "CustomCineArtKeysPresent": "False",
        "CustomLightingPresent": "False",
        "CustomSoundPresent": "False",
        "CustomVFXPresent": "False",
        "Emotion": "Default",
        "ForceDisableIsCustomNode": "False",
        "ID": "N30",
        "InternalNodeContext": "",
        "IsCustomNode": "False",
        "MusicTags": "",
        "NodeContext": "",
        "Quality": "Bronze",
        "SFXTags": "",
        "StateChangeTags": "",
        "TemplateNodeUUID": "00000000-0000-0000-0000-000000000000",
        "TemplateVersion": "0",
        "VFXTags": "",
        "collapsed": "False",
        "logicalname": "In Position (Ready to Attack)",
        "position": "15;1110",
        "sourcetemplate": ""
      }
    },
    "994fa9d8-38d0-bc0e-b8bf-8e89178068db": {
      "UUID": "994fa9d8-38d0-bc0e-b8bf-8e89178068db",
      "Constructor": "TagGreeting",
      "EndNode": true,
      "Root": true,
      "ShowOnce": false,
      "SpeakerNo": 0,
      "AddressedSpeaker": 0,
      "Children": [],
      "CheckFlags": [
        {
          "Flags": [
            {
              "UUID": "377bebb0-e8ff-e4ec-fa04-4fdb7f0f1bab",
              "value": false,
              "paramval": null,
              "Name": "f7fedabe-23e2-4a62-56de-a1797c6c43a6_a"
            }
          ],
          "Type": "Local"
        },
        {
          "Flags": [
            {
              "UUID": "fb382926-afc1-492c-85ba-65198765b3fd",
              "value": false,
              "paramval": 0,
              "Name": "DEN_DruidAttack_State_InPosition"
            }
          ],
          "Type": "Object"
        }
      ],
      "SetFlags": [
        {
          "Flags": [
            {
              "UUID": "377bebb0-e8ff-e4ec-fa04-4fdb7f0f1bab",
              "value": true,
              "paramval": null,
              "Name": "f7fedabe-23e2-4a62-56de-a1797c6c43a6_a"
            }
          ],
          "Type": "Local"
        }
      ],
      "TaggedTextList": [
        {
          "HasTagRule": false,
          "RuleGroup": {
            "TagCombineOp": 0,
            "Rules": [],
            "RuleString": ""
          },
          "TagTexts": [
            {
              "LineId": "2012778b-6c00-eb0a-87f2-34663664e53a",
              "Text": {
                "Handle": "he159525eg9009g45a0g9f46g89b610c7b662",
                "Value": "I'll fight to the last."
              }
            }
          ]
        }
      ],
      "EditorData": {
        "AnimationTags": "",
        "Attitude": "Default",
        "CinematicNodeContext": "",
        "CinematicObjects": "",
        "CustomCineArtKeysPresent": "False",
        "CustomLightingPresent": "False",
        "CustomSoundPresent": "False",
        "CustomVFXPresent": "False",
        "Emotion": "Default",
        "ForceDisableIsCustomNode": "False",
        "ID": "N2",
        "InternalNodeContext": "",
        "IsCustomNode": "False",
        "MusicTags": "",
        "NodeContext": "",
        "Quality": "Bronze",
        "SFXTags": "",
        "StateChangeTags": "",
        "TemplateNodeUUID": "00000000-0000-0000-0000-000000000000",
        "TemplateVersion": "0",
        "VFXTags": "",
        "collapsed": "False",
        "logicalname": "Moving to Attack Position",
        "position": "15;15",
        "sourcetemplate": ""
      }
    },
    "bb109e78-3c4b-27f1-7f5f-3a50aebeb08f": {
      "UUID": "bb109e78-3c4b-27f1-7f5f-3a50aebeb08f",
      "Constructor": "TagGreeting",
      "EndNode": true,
      "Root": true,
      "ShowOnce": false,
      "SpeakerNo": 0,
      "AddressedSpeaker": 0,
      "Children": [],
      "CheckFlags": [
        {
          "Flags": [
            {
              "UUID": "a161639d-ea59-4adc-a858-ac9297684057",
              "value": true,
              "paramval": null,
              "Name": "DEN_DruidAttack_State_Attacking"
            }
          ],
          "Type": "Global"
        },
        {
          "Flags": [
            {
              "UUID": "03393223-7a0a-a80e-69b3-ddbd4447962b",
              "value": false,
              "paramval": null,
              "Name": "f7fedabe-23e2-4a62-56de-a1797c6c43a6_b"
            },
            {
              "UUID": "377bebb0-e8ff-e4ec-fa04-4fdb7f0f1bab",
              "value": true,
              "paramval": null,
              "Name": "f7fedabe-23e2-4a62-56de-a1797c6c43a6_a"
            }
          ],
          "Type": "Local"
        }
      ],
      "SetFlags": [
        {
          "Flags": [
            {
              "UUID": "03393223-7a0a-a80e-69b3-ddbd4447962b",
              "value": true,
              "paramval": null,
              "Name": "f7fedabe-23e2-4a62-56de-a1797c6c43a6_b"
            }
          ],
          "Type": "Local"
        }
      ],
      "TaggedTextList": [
        {
          "HasTagRule": false,
          "RuleGroup": {
            "TagCombineOp": 0,
            "Rules": [],
            "RuleString": ""
          },
          "TagTexts": [
            {
              "LineId": "e880ffc4-8575-fc03-31dd-c2c5a824a2d3",
              "Text": {
                "Handle": "h446fa27cg3079g42e8g95d4gf1cbd8bafa0b",
                "Value": "You won't get the best of me!"
              }
            }
          ]
        }
      ],
      "EditorData": {
        "AnimationTags": "",
        "Attitude": "Default",
        "CinematicNodeContext": "",
        "CinematicObjects": "",
        "CustomCineArtKeysPresent": "False",
        "CustomLightingPresent": "False",
        "CustomSoundPresent": "False",
        "CustomVFXPresent": "False",
        "Emotion": "Default",
        "ForceDisableIsCustomNode": "False",
        "ID": "N10",
        "InternalNodeContext": "",
        "IsCustomNode": "False",
        "MusicTags": "",
        "NodeContext": "",
        "Quality": "Bronze",
        "SFXTags": "",
        "StateChangeTags": "",
        "TemplateNodeUUID": "00000000-0000-0000-0000-000000000000",
        "TemplateVersion": "0",
        "VFXTags": "",
        "collapsed": "False",
        "logicalname": "Attacking",
        "position": "15;-423",
        "sourcetemplate": ""
      }
    },
    "e863424b-e899-9246-7167-4c7e492e6d90": {
      "UUID": "e863424b-e899-9246-7167-4c7e492e6d90",
      "Constructor": "TagGreeting",
      "EndNode": true,
      "Root": true,
      "ShowOnce": false,
      "SpeakerNo": 0,
      "AddressedSpeaker": 0,
      "Children": [],
      "CheckFlags": [
        {
          "Flags": [
            {
              "UUID": "a161639d-ea59-4adc-a858-ac9297684057",
              "value": true,
              "paramval": null,
              "Name": "DEN_DruidAttack_State_Attacking"
            }
          ],
          "Type": "Global"
        },
        {
          "Flags": [
            {
              "UUID": "03393223-7a0a-a80e-69b3-ddbd4447962b",
              "value": true,
              "paramval": null,
              "Name": "f7fedabe-23e2-4a62-56de-a1797c6c43a6_b"
            },
            {
              "UUID": "377bebb0-e8ff-e4ec-fa04-4fdb7f0f1bab",
              "value": true,
              "paramval": null,
              "Name": "f7fedabe-23e2-4a62-56de-a1797c6c43a6_a"
            }
          ],
          "Type": "Local"
        }
      ],
      "SetFlags": [
        {
          "Flags": [
            {
              "UUID": "03393223-7a0a-a80e-69b3-ddbd4447962b",
              "value": false,
              "paramval": null,
              "Name": "f7fedabe-23e2-4a62-56de-a1797c6c43a6_b"
            },
            {
              "UUID": "377bebb0-e8ff-e4ec-fa04-4fdb7f0f1bab",
              "value": false,
              "paramval": null,
              "Name": "f7fedabe-23e2-4a62-56de-a1797c6c43a6_a"
            }
          ],
          "Type": "Local"
        }
      ],
      "TaggedTextList": [
        {
          "HasTagRule": false,
          "RuleGroup": {
            "TagCombineOp": 0,
            "Rules": [],
            "RuleString": ""
          },
          "TagTexts": [
            {
              "LineId": "c6e120b9-c3c5-8457-9dd9-24ad21b1efbc",
              "Text": {
                "Handle": "h23a5d3b0ge32dg4802g8a4fgb053f3b643d5",
                "Value": "This is the end of you!"
              }
            }
          ]
        }
      ],
      "EditorData": {
        "AnimationTags": "",
        "Attitude": "Default",
        "CinematicNodeContext": "",
        "CinematicObjects": "",
        "CustomCineArtKeysPresent": "False",
        "CustomLightingPresent": "False",
        "CustomSoundPresent": "False",
        "CustomVFXPresent": "False",
        "Emotion": "Default",
        "ForceDisableIsCustomNode": "False",
        "ID": "N14",
        "InternalNodeContext": "",
        "IsCustomNode": "False",
        "MusicTags": "",
        "NodeContext": "",
        "Quality": "Bronze",
        "SFXTags": "",
        "StateChangeTags": "",
        "TemplateNodeUUID": "00000000-0000-0000-0000-000000000000",
        "TemplateVersion": "0",
        "VFXTags": "",
        "collapsed": "False",
        "logicalname": "Attacking",
        "position": "15;-204",
        "sourcetemplate": ""
      }
    },
    "f3de4d48-32d5-43df-50da-fde4c7481b61": {
      "UUID": "f3de4d48-32d5-43df-50da-fde4c7481b61",
      "Constructor": "TagGreeting",
      "EndNode": true,
      "Root": true,
      "ShowOnce": false,
      "SpeakerNo": 0,
      "AddressedSpeaker": 0,
      "Children": [],
      "CheckFlags": [
        {
          "Flags": [
            {
              "UUID": "a161639d-ea59-4adc-a858-ac9297684057",
              "value": true,
              "paramval": null,
              "Name": "DEN_DruidAttack_State_Attacking"
            }
          ],
          "Type": "Global"
        },
        {
          "Flags": [
            {
              "UUID": "377bebb0-e8ff-e4ec-fa04-4fdb7f0f1bab",
              "value": false,
              "paramval": null,
              "Name": "f7fedabe-23e2-4a62-56de-a1797c6c43a6_a"
            }
          ],
          "Type": "Local"
        }
      ],
      "SetFlags": [
        {
          "Flags": [
            {
              "UUID": "377bebb0-e8ff-e4ec-fa04-4fdb7f0f1bab",
              "value": true,
              "paramval": null,
              "Name": "f7fedabe-23e2-4a62-56de-a1797c6c43a6_a"
            }
          ],
          "Type": "Local"
        }
      ],
      "TaggedTextList": [
        {
          "HasTagRule": false,
          "RuleGroup": {
            "TagCombineOp": 0,
            "Rules": [],
            "RuleString": ""
          },
          "TagTexts": [
            {
              "LineId": "9ccf6004-0178-985d-269e-82083515800d",
              "Text": {
                "Handle": "h87252771g1782g49fegbb58g4beb2d9e73d8",
                "Value": "Don't let up!"
              }
            }
          ]
        }
      ],
      "EditorData": {
        "AnimationTags": "",
        "Attitude": "Default",
        "CinematicNodeContext": "",
        "CinematicObjects": "",
        "CustomCineArtKeysPresent": "False",
        "CustomLightingPresent": "False",
        "CustomSoundPresent": "False",
        "CustomVFXPresent": "False",
        "Emotion": "Default",
        "ForceDisableIsCustomNode": "False",
        "ID": "N6",
        "InternalNodeContext": "",
        "IsCustomNode": "False",
        "MusicTags": "",
        "NodeContext": "",
        "Quality": "Bronze",
        "SFXTags": "",
        "StateChangeTags": "",
        "TemplateNodeUUID": "00000000-0000-0000-0000-000000000000",
        "TemplateVersion": "0",
        "VFXTags": "",
        "collapsed": "False",
        "logicalname": "Attacking",
        "position": "15;-642",
        "sourcetemplate": ""
      }
    }
  },
  "SpeakerDict": {
    "0": {
      "IsPeanutSpeaker": false,
      "SpeakerMappingId": "96742971-df38-19b1-0c36-79482d76986c",
      "Index": 0,
      "List": [
        "77439e86-3f60-4456-bd55-931e2f45654f"
      ],
      "SpeakerCharacter": {
        "DisplayName": "Zorru",
        "Type": "character",
        "MapKey": "77439e86-3f60-4456-bd55-931e2f45654f",
        "Name": "S_DEN_Tiefling_011",
        "ParentTemplateId": null,
        "TemplateName": "80fa035d-5248-45c3-a9c2-1c74749833dc"
      },
      "SpeakerGroupName": null
    }
  },
  "Synopsis": "Zorru calls out his reactions in ADs during different states of the druid attack."
}