{
  "Path": "Mods/Gustav/Story/Dialogs/Act1/DEN/DEN_General_PAD_WolfStatue.lsj",
  "UUID": "873f9cd0-e331-9138-93ce-4d68c5e8e3b5",
  "Category": "Automated NPC Dialog",
  "DefaultAddressedSpeakers": {
    "0": -1
  },
  "RootNodes": [
    "192ab703-8902-34d4-dee3-dc136ddb4bc0"
  ],
  "Nodes": {
    "192ab703-8902-34d4-dee3-dc136ddb4bc0": {
      "UUID": "192ab703-8902-34d4-dee3-dc136ddb4bc0",
      "Constructor": "TagGreeting",
      "EndNode": true,
      "Root": true,
      "ShowOnce": false,
      "SpeakerNo": -666,
      "AddressedSpeaker": 0,
      "Children": [],
      "CheckFlags": [],
      "SetFlags": [],
      "TaggedTextList": [
        {
          "HasTagRule": false,
          "RuleGroup": {
            "TagCombineOp": 0,
            "Rules": [],
            "RuleString": ""
          },
          "TagTexts": [
            {
              "LineId": "ff9fe225-53e5-bd55-1dde-d99ce8783cc3",
              "Text": {
                "Handle": "h05211e79g6167g418dgb6e0g833e81c997cb",
                "Value": "*By Silvanus, the Treefather, our turmoil is calmed.*"
              }
            }
          ]
        }
      ],
      "EditorData": {
        "AnimationTags": "",
        "Attitude": "Default",
        "CinematicNodeContext": "",
        "CinematicObjects": "",
        "CustomCineArtKeysPresent": "False",
        "CustomLightingPresent": "False",
        "CustomSoundPresent": "False",
        "CustomVFXPresent": "False",
        "Emotion": "Default",
        "ForceDisableIsCustomNode": "False",
        "ID": "N1",
        "InternalNodeContext": "",
        "IsCustomNode": "False",
        "MusicTags": "",
        "NodeContext": "",
        "Quality": "Bronze",
        "SFXTags": "",
        "StateChangeTags": "",
        "TemplateNodeUUID": "00000000-0000-0000-0000-000000000000",
        "TemplateVersion": "0",
        "VFXTags": "",
        "collapsed": "False",
        "logicalname": "Greeting",
        "position": "15;15",
        "sourcetemplate": ""
      }
    }
  },
  "SpeakerDict": {
    "0": {
      "IsPeanutSpeaker": false,
      "SpeakerMappingId": "64896a78-e0c5-d71c-2856-af4922b35eeb",
      "Index": 0,
      "List": [
        "55934158-520d-4ef0-b8ea-3e11f552f0b3"
      ],
      "SpeakerCharacter": {
        "DisplayName": "Plaque",
        "Type": "item",
        "MapKey": "55934158-520d-4ef0-b8ea-3e11f552f0b3",
        "Name": "S_DEN_WolfStatuePlaque",
        "ParentTemplateId": null,
        "TemplateName": "85c04e3d-1a3f-4030-a731-545b081a6b76"
      },
      "SpeakerGroupName": null
    }
  },
  "Synopsis": "A plaque in the druid grove devoted to Silvanus, god of nature and balance."
}