{
  "Path": "Mods/Gustav/Story/Dialogs/Act1/DEN/DEN_CapturedGoblin_AD_Guards.lsj",
  "UUID": "9d5fb485-8f36-c21b-52d1-c92a1ce047de",
  "Category": "Repeated automated NPC Dialog",
  "DefaultAddressedSpeakers": {
    "0": -1,
    "1": -1,
    "2": -1
  },
  "RootNodes": [
    "756928b9-9805-3b90-c7a4-b8f02a55e820",
    "b8777a8d-33f2-a9c3-f9ba-a95c938d0885",
    "6f178d0d-0ed2-68c7-d477-5810eaf8dc68",
    "0ef83edf-c75f-7516-0fba-2d0c147fe48b",
    "7add645b-f971-e209-f79b-7a34ac543799",
    "8a156253-dc1a-97cd-03ae-0c7784e9f5ee",
    "25a9e56b-2824-ac5f-6d54-ee21d086909c",
    "f19ea148-e52a-a118-1712-d5cc046de033",
    "57212b07-ce1d-0903-8b75-3d95f250688b",
    "0b6751fe-9ec8-9754-65b3-e846981c98c4",
    "d786ac6b-1a07-cadf-026a-0c96d62a1cc7",
    "7f4b7043-0a8a-1faf-e86c-6effd10febae"
  ],
  "Nodes": {
    "002df32d-55f1-49d7-0664-5f50541d6463": {
      "UUID": "002df32d-55f1-49d7-0664-5f50541d6463",
      "Constructor": "TagAnswer",
      "EndNode": false,
      "Root": false,
      "ShowOnce": false,
      "SpeakerNo": 1,
      "AddressedSpeaker": 0,
      "Children": [
        "05004601-d94e-3763-239d-0698f1e01229"
      ],
      "CheckFlags": [
        {
          "Flags": [
            {
              "UUID": "25c1ac70-f65f-4869-8a74-eff5827d9cde",
              "value": true,
              "paramval": null,
              "Name": "GEN_IsSpeakerPresent_2"
            }
          ],
          "Type": "Script"
        }
      ],
      "SetFlags": [],
      "TaggedTextList": [
        {
          "HasTagRule": false,
          "RuleGroup": {
            "TagCombineOp": 0,
            "Rules": [],
            "RuleString": ""
          },
          "TagTexts": [
            {
              "LineId": "2dc7ea0f-fd6b-2173-037a-5a341ed4acb1",
              "Text": {
                "Handle": "h5c40be80g6bd3g4495g9c1agd27de7629ff7",
                "Value": "Arka, no."
              }
            }
          ]
        }
      ],
      "EditorData": {
        "AnimationTags": "",
        "Attitude": "Neutral",
        "CinematicNodeContext": "",
        "CinematicObjects": "",
        "CustomCineArtKeysPresent": "False",
        "CustomLightingPresent": "False",
        "CustomSoundPresent": "False",
        "CustomVFXPresent": "False",
        "Emotion": "Default",
        "ForceDisableIsCustomNode": "False",
        "ID": "N36",
        "InternalNodeContext": "",
        "IsCustomNode": "False",
        "MusicTags": "",
        "NodeContext": "Memnos tries to reason with Arka - the goblin isn't worth it.",
        "Quality": "Bronze",
        "SFXTags": "",
        "StateChangeTags": "",
        "TemplateNodeUUID": "00000000-0000-0000-0000-000000000000",
        "TemplateVersion": "0",
        "VFXTags": "",
        "collapsed": "False",
        "logicalname": "FRIEND PRESENT",
        "position": "335;-423",
        "sourcetemplate": ""
      }
    },
    "05004601-d94e-3763-239d-0698f1e01229": {
      "UUID": "05004601-d94e-3763-239d-0698f1e01229",
      "Constructor": "TagAnswer",
      "EndNode": false,
      "Root": false,
      "ShowOnce": false,
      "SpeakerNo": 2,
      "AddressedSpeaker": 0,
      "Children": [
        "60e86161-c338-4db9-20eb-414e60e6cab7"
      ],
      "CheckFlags": [
        {
          "Flags": [
            {
              "UUID": "8a4a686d-6c47-411f-a0b3-d79ff33e2922",
              "value": true,
              "paramval": null,
              "Name": "GEN_IsSpeakerPresent_3"
            }
          ],
          "Type": "Script"
        }
      ],
      "SetFlags": [],
      "TaggedTextList": [
        {
          "HasTagRule": false,
          "RuleGroup": {
            "TagCombineOp": 0,
            "Rules": [],
            "RuleString": ""
          },
          "TagTexts": [
            {
              "LineId": "60f0b1c8-6831-3e26-44f1-6f8483def56c",
              "Text": {
                "Handle": "h22cd0fa5ge761g4b25gaa68g152091fa7b7f",
                "Value": "Stop talking an' shoot me. If you even can."
              }
            }
          ]
        }
      ],
      "EditorData": {
        "AnimationTags": "",
        "Attitude": "Neutral",
        "CinematicNodeContext": "",
        "CinematicObjects": "",
        "CustomCineArtKeysPresent": "False",
        "CustomLightingPresent": "False",
        "CustomSoundPresent": "False",
        "CustomVFXPresent": "False",
        "Emotion": "Default",
        "ForceDisableIsCustomNode": "False",
        "ID": "N37",
        "InternalNodeContext": "",
        "IsCustomNode": "False",
        "MusicTags": "",
        "NodeContext": "Goading Arka",
        "Quality": "Bronze",
        "SFXTags": "",
        "StateChangeTags": "",
        "TemplateNodeUUID": "00000000-0000-0000-0000-000000000000",
        "TemplateVersion": "0",
        "VFXTags": "",
        "collapsed": "False",
        "logicalname": "GOBLIN PRESENT",
        "position": "655;-423",
        "sourcetemplate": ""
      }
    },
    "0b6751fe-9ec8-9754-65b3-e846981c98c4": {
      "UUID": "0b6751fe-9ec8-9754-65b3-e846981c98c4",
      "Constructor": "TagGreeting",
      "EndNode": false,
      "Root": true,
      "ShowOnce": false,
      "SpeakerNo": 0,
      "AddressedSpeaker": 0,
      "Children": [
        "5d5b3ee3-20e6-a2f3-b079-4fe739da44ef"
      ],
      "CheckFlags": [
        {
          "Flags": [
            {
              "UUID": "94643524-4461-c684-049c-b38cc2f5670a",
              "value": true,
              "paramval": null,
              "Name": "DEN_CapturedGoblin_State_InTransit"
            }
          ],
          "Type": "Global"
        }
      ],
      "SetFlags": [],
      "TaggedTextList": [
        {
          "HasTagRule": false,
          "RuleGroup": {
            "TagCombineOp": 0,
            "Rules": [],
            "RuleString": ""
          },
          "TagTexts": [
            {
              "LineId": "ccc0bcf8-810f-af27-007d-9f68266f17da",
              "Text": {
                "Handle": "hcb349862gfb5bg4da5g91f2ga0a549036de4",
                "Value": "That bloody goblin..."
              }
            }
          ]
        }
      ],
      "EditorData": {
        "AnimationTags": "",
        "Attitude": "Default",
        "CinematicNodeContext": "",
        "CinematicObjects": "",
        "CustomCineArtKeysPresent": "False",
        "CustomLightingPresent": "False",
        "CustomSoundPresent": "False",
        "CustomVFXPresent": "False",
        "Emotion": "Default",
        "ForceDisableIsCustomNode": "False",
        "ID": "N110",
        "InternalNodeContext": "",
        "IsCustomNode": "False",
        "MusicTags": "",
        "NodeContext": "seething",
        "Quality": "Bronze",
        "SFXTags": "",
        "StateChangeTags": "",
        "TemplateNodeUUID": "00000000-0000-0000-0000-000000000000",
        "TemplateVersion": "0",
        "VFXTags": "",
        "collapsed": "False",
        "logicalname": "IN TRANSIT TO GOBLIN",
        "position": "15;15",
        "sourcetemplate": ""
      }
    },
    "0ef83edf-c75f-7516-0fba-2d0c147fe48b": {
      "UUID": "0ef83edf-c75f-7516-0fba-2d0c147fe48b",
      "Constructor": "TagGreeting",
      "EndNode": false,
      "Root": true,
      "ShowOnce": false,
      "SpeakerNo": 0,
      "AddressedSpeaker": 0,
      "Children": [
        "6a71558f-d9d4-d63e-9ff8-bfc959803b7a",
        "d3ca2030-a0cf-55da-558e-cd4b48039177"
      ],
      "CheckFlags": [
        {
          "Flags": [
            {
              "UUID": "288ac3b0-3f5b-5c15-b0fb-def5c4f0b308",
              "value": true,
              "paramval": null,
              "Name": "DEN_CapturedGoblin_Event_GuardsStayed"
            }
          ],
          "Type": "Global"
        }
      ],
      "SetFlags": [
        {
          "Flags": [
            {
              "UUID": "b66cd546-a8ca-e811-9ed9-e499f82d83ac",
              "value": true,
              "paramval": null,
              "Name": "9d5fb485-8f36-c21b-52d1-c92a1ce047de_Local_Idle_A"
            }
          ],
          "Type": "Local"
        }
      ],
      "TaggedTextList": [
        {
          "HasTagRule": false,
          "RuleGroup": {
            "TagCombineOp": 0,
            "Rules": [],
            "RuleString": ""
          },
          "TagTexts": [
            {
              "LineId": "942d8a10-e674-a1d6-a228-145b55467d94",
              "Text": {
                "Handle": "h9b77a975g8e90g43f4g997cg27896e501317",
                "Value": "I wonder when the goblins will come. "
              }
            }
          ]
        }
      ],
      "EditorData": {
        "AnimationTags": "",
        "Attitude": "Default",
        "CinematicNodeContext": "",
        "CinematicObjects": "",
        "CustomCineArtKeysPresent": "False",
        "CustomLightingPresent": "False",
        "CustomSoundPresent": "False",
        "CustomVFXPresent": "False",
        "Emotion": "Default",
        "ForceDisableIsCustomNode": "False",
        "ID": "N103",
        "InternalNodeContext": "",
        "IsCustomNode": "False",
        "MusicTags": "",
        "NodeContext": "",
        "Quality": "Bronze",
        "SFXTags": "",
        "StateChangeTags": "",
        "TemplateNodeUUID": "00000000-0000-0000-0000-000000000000",
        "TemplateVersion": "0",
        "VFXTags": "",
        "collapsed": "False",
        "logicalname": "IDLE",
        "position": "15;-2175",
        "sourcetemplate": ""
      }
    },
    "1e9d091f-56d9-ce2d-decd-4ceaec0dee25": {
      "UUID": "1e9d091f-56d9-ce2d-decd-4ceaec0dee25",
      "Constructor": "TagAnswer",
      "EndNode": true,
      "Root": false,
      "ShowOnce": false,
      "SpeakerNo": 0,
      "AddressedSpeaker": 0,
      "Children": [],
      "CheckFlags": [],
      "SetFlags": [],
      "TaggedTextList": [
        {
          "HasTagRule": false,
          "RuleGroup": {
            "TagCombineOp": 0,
            "Rules": [],
            "RuleString": ""
          },
          "TagTexts": [
            {
              "LineId": "7aa42044-b56c-818e-9ae6-3a8a19a56991",
              "Text": {
                "Handle": "h0ea5e3e1g9011g4669ga212g650dd6bd6045",
                "Value": "Kanon didn't deserve this."
              }
            }
          ]
        }
      ],
      "EditorData": {
        "AnimationTags": "",
        "Attitude": "Default",
        "CinematicNodeContext": "",
        "CinematicObjects": "",
        "CustomCineArtKeysPresent": "False",
        "CustomLightingPresent": "False",
        "CustomSoundPresent": "False",
        "CustomVFXPresent": "False",
        "Emotion": "Default",
        "ForceDisableIsCustomNode": "False",
        "ID": "N113",
        "InternalNodeContext": "",
        "IsCustomNode": "False",
        "MusicTags": "",
        "NodeContext": "",
        "Quality": "Bronze",
        "SFXTags": "",
        "StateChangeTags": "",
        "TemplateNodeUUID": "00000000-0000-0000-0000-000000000000",
        "TemplateVersion": "0",
        "VFXTags": "",
        "collapsed": "False",
        "logicalname": "Answer",
        "position": "655;15",
        "sourcetemplate": ""
      }
    },
    "25a9e56b-2824-ac5f-6d54-ee21d086909c": {
      "UUID": "25a9e56b-2824-ac5f-6d54-ee21d086909c",
      "Constructor": "TagGreeting",
      "EndNode": true,
      "Root": true,
      "ShowOnce": false,
      "SpeakerNo": 0,
      "AddressedSpeaker": 0,
      "Children": [],
      "CheckFlags": [
        {
          "Flags": [
            {
              "UUID": "3e067d34-951e-e998-572a-ee49f24ec1ef",
              "value": false,
              "paramval": null,
              "Name": "DEN_CapturedGoblin_State_LeftPrison"
            },
            {
              "UUID": "99ff0e4d-0ce5-7164-4d81-b00edd7906a8",
              "value": true,
              "paramval": null,
              "Name": "DEN_CapturedGoblin_Event_Foiled"
            }
          ],
          "Type": "Global"
        }
      ],
      "SetFlags": [],
      "TaggedTextList": [
        {
          "HasTagRule": false,
          "RuleGroup": {
            "TagCombineOp": 0,
            "Rules": [],
            "RuleString": ""
          },
          "TagTexts": [
            {
              "LineId": "6eceb43c-da35-72ab-5a69-b9c4e17e2d5d",
              "Text": {
                "Handle": "hb2f84c19g7387g43adga8b4g646aa45b2a68",
                "Value": "Someone got to her first. Damn it."
              }
            }
          ]
        }
      ],
      "EditorData": {
        "AnimationTags": "",
        "Attitude": "Neutral",
        "CinematicNodeContext": "",
        "CinematicObjects": "",
        "CustomCineArtKeysPresent": "False",
        "CustomLightingPresent": "False",
        "CustomSoundPresent": "False",
        "CustomVFXPresent": "False",
        "Emotion": "Default",
        "ForceDisableIsCustomNode": "False",
        "ID": "N18",
        "InternalNodeContext": "",
        "IsCustomNode": "False",
        "MusicTags": "",
        "NodeContext": " Reacting to the fact that her target, Sazza, is already dead",
        "Quality": "Bronze",
        "SFXTags": "",
        "StateChangeTags": "",
        "TemplateNodeUUID": "00000000-0000-0000-0000-000000000000",
        "TemplateVersion": "0",
        "VFXTags": "",
        "collapsed": "False",
        "logicalname": "AT GOBLIN CAGE (DEAD)",
        "position": "15;-861",
        "sourcetemplate": ""
      }
    },
    "471ed060-6d4d-db5c-565b-e16dac24e52d": {
      "UUID": "471ed060-6d4d-db5c-565b-e16dac24e52d",
      "Constructor": "TagAnswer",
      "EndNode": true,
      "Root": false,
      "ShowOnce": false,
      "SpeakerNo": 0,
      "AddressedSpeaker": 0,
      "Children": [],
      "CheckFlags": [],
      "SetFlags": [],
      "TaggedTextList": [
        {
          "HasTagRule": false,
          "RuleGroup": {
            "TagCombineOp": 0,
            "Rules": [],
            "RuleString": ""
          },
          "TagTexts": [
            {
              "LineId": "ea4dceda-2675-94cc-9d8c-34631b4db6e4",
              "Text": {
                "Handle": "h0bb9a7beg2c87g4987ga8ccg4a92a2098767",
                "Value": "No! Get up, Kanon!"
              }
            }
          ]
        }
      ],
      "EditorData": {
        "AnimationTags": "",
        "Attitude": "Default",
        "CinematicNodeContext": "",
        "CinematicObjects": "-ST Kanon's Body",
        "CustomCineArtKeysPresent": "False",
        "CustomLightingPresent": "False",
        "CustomSoundPresent": "False",
        "CustomVFXPresent": "False",
        "Emotion": "Default",
        "ForceDisableIsCustomNode": "False",
        "ID": "N97",
        "InternalNodeContext": "",
        "IsCustomNode": "False",
        "MusicTags": "",
        "NodeContext": "distraught",
        "Quality": "Silver",
        "SFXTags": "",
        "StateChangeTags": "",
        "TemplateNodeUUID": "00000000-0000-0000-0000-000000000000",
        "TemplateVersion": "0",
        "VFXTags": "",
        "collapsed": "False",
        "logicalname": "Answer",
        "position": "655;672",
        "sourcetemplate": ""
      }
    },
    "4c4d8ed8-4317-e6f8-02c3-353c31a23924": {
      "UUID": "4c4d8ed8-4317-e6f8-02c3-353c31a23924",
      "Constructor": "TagAnswer",
      "EndNode": true,
      "Root": false,
      "ShowOnce": false,
      "SpeakerNo": 0,
      "AddressedSpeaker": 0,
      "Children": [],
      "CheckFlags": [],
      "SetFlags": [],
      "TaggedTextList": [
        {
          "HasTagRule": false,
          "RuleGroup": {
            "TagCombineOp": 0,
            "Rules": [],
            "RuleString": ""
          },
          "TagTexts": [
            {
              "LineId": "ee5869a1-f4b7-637a-fc83-3c701384708f",
              "Text": {
                "Handle": "hdb926d1dg22eag43fagbb5cga46077a39c69",
                "Value": "I could use some target practice. "
              }
            }
          ]
        }
      ],
      "EditorData": {
        "AnimationTags": "",
        "Attitude": "Default",
        "CinematicNodeContext": "",
        "CinematicObjects": "",
        "CustomCineArtKeysPresent": "False",
        "CustomLightingPresent": "False",
        "CustomSoundPresent": "False",
        "CustomVFXPresent": "False",
        "Emotion": "Default",
        "ForceDisableIsCustomNode": "False",
        "ID": "N95",
        "InternalNodeContext": "",
        "IsCustomNode": "False",
        "MusicTags": "",
        "NodeContext": "hard-hearted",
        "Quality": "Bronze",
        "SFXTags": "",
        "StateChangeTags": "",
        "TemplateNodeUUID": "00000000-0000-0000-0000-000000000000",
        "TemplateVersion": "0",
        "VFXTags": "",
        "collapsed": "False",
        "logicalname": "Answer",
        "position": "335;-1518",
        "sourcetemplate": ""
      }
    },
    "57212b07-ce1d-0903-8b75-3d95f250688b": {
      "UUID": "57212b07-ce1d-0903-8b75-3d95f250688b",
      "Constructor": "TagGreeting",
      "EndNode": false,
      "Root": true,
      "ShowOnce": false,
      "SpeakerNo": 0,
      "AddressedSpeaker": 0,
      "Children": [
        "002df32d-55f1-49d7-0664-5f50541d6463"
      ],
      "CheckFlags": [
        {
          "Flags": [
            {
              "UUID": "0b50db9b-3055-a749-a58b-472d904faa72",
              "value": true,
              "paramval": null,
              "Name": "DEN_CapturedGoblin_State_Avenge"
            },
            {
              "UUID": "236cb4d5-3df3-44f9-98ae-f7bac01b667a",
              "value": true,
              "paramval": null,
              "Name": "DEN_CapturedGoblin_State_AvengeReady"
            }
          ],
          "Type": "Global"
        }
      ],
      "SetFlags": [],
      "TaggedTextList": [
        {
          "HasTagRule": false,
          "RuleGroup": {
            "TagCombineOp": 0,
            "Rules": [],
            "RuleString": ""
          },
          "TagTexts": [
            {
              "LineId": "4bb085da-f0e3-db4c-84df-b49222eef7f8",
              "Text": {
                "Handle": "h8d199ee4g80aeg40a6gb6c5g3dca5ac90936",
                "Value": "You don't deserve to live."
              }
            }
          ]
        }
      ],
      "EditorData": {
        "AnimationTags": "",
        "Attitude": "Neutral",
        "CinematicNodeContext": "",
        "CinematicObjects": "-DY Bow",
        "CustomCineArtKeysPresent": "False",
        "CustomLightingPresent": "False",
        "CustomSoundPresent": "False",
        "CustomVFXPresent": "False",
        "Emotion": "Default",
        "ForceDisableIsCustomNode": "False",
        "ID": "N35",
        "InternalNodeContext": "",
        "IsCustomNode": "False",
        "MusicTags": "",
        "NodeContext": "Wants to kill a captive goblin to avenge her dead friend",
        "Quality": "Silver",
        "SFXTags": "",
        "StateChangeTags": "",
        "TemplateNodeUUID": "00000000-0000-0000-0000-000000000000",
        "TemplateVersion": "0",
        "VFXTags": "",
        "collapsed": "False",
        "logicalname": "AT GOBLIN CAGE",
        "position": "15;-423",
        "sourcetemplate": ""
      }
    },
    "5d5b3ee3-20e6-a2f3-b079-4fe739da44ef": {
      "UUID": "5d5b3ee3-20e6-a2f3-b079-4fe739da44ef",
      "Constructor": "TagAnswer",
      "EndNode": false,
      "Root": false,
      "ShowOnce": false,
      "SpeakerNo": 1,
      "AddressedSpeaker": 0,
      "Children": [
        "1e9d091f-56d9-ce2d-decd-4ceaec0dee25"
      ],
      "CheckFlags": [
        {
          "Flags": [
            {
              "UUID": "25c1ac70-f65f-4869-8a74-eff5827d9cde",
              "value": true,
              "paramval": null,
              "Name": "GEN_IsSpeakerPresent_2"
            }
          ],
          "Type": "Script"
        }
      ],
      "SetFlags": [],
      "TaggedTextList": [
        {
          "HasTagRule": false,
          "RuleGroup": {
            "TagCombineOp": 0,
            "Rules": [],
            "RuleString": ""
          },
          "TagTexts": [
            {
              "LineId": "1d8fe543-8743-4099-48ee-9afc695e4261",
              "Text": {
                "Handle": "h09359e9fgd2d3g4729g8e77g0431135abcee",
                "Value": "Arka, no."
              }
            }
          ]
        }
      ],
      "EditorData": {
        "AnimationTags": "",
        "Attitude": "Default",
        "CinematicNodeContext": "",
        "CinematicObjects": "",
        "CustomCineArtKeysPresent": "False",
        "CustomLightingPresent": "False",
        "CustomSoundPresent": "False",
        "CustomVFXPresent": "False",
        "Emotion": "Default",
        "ForceDisableIsCustomNode": "False",
        "ID": "N111",
        "InternalNodeContext": "",
        "IsCustomNode": "False",
        "MusicTags": "",
        "NodeContext": "",
        "Quality": "Bronze",
        "SFXTags": "",
        "StateChangeTags": "",
        "TemplateNodeUUID": "00000000-0000-0000-0000-000000000000",
        "TemplateVersion": "0",
        "VFXTags": "",
        "collapsed": "False",
        "logicalname": "FRIEND PRESENT",
        "position": "335;15",
        "sourcetemplate": ""
      }
    },
    "60e86161-c338-4db9-20eb-414e60e6cab7": {
      "UUID": "60e86161-c338-4db9-20eb-414e60e6cab7",
      "Constructor": "TagAnswer",
      "EndNode": true,
      "Root": false,
      "ShowOnce": false,
      "SpeakerNo": 0,
      "AddressedSpeaker": 0,
      "Children": [],
      "CheckFlags": [],
      "SetFlags": [
        {
          "Flags": [
            {
              "UUID": "1ccc6b3f-7255-de5f-75ee-296962b85e5c",
              "value": true,
              "paramval": null,
              "Name": "DEN_CapturedGoblin_Event_GoblinShot"
            }
          ],
          "Type": "Global"
        }
      ],
      "TaggedTextList": [
        {
          "HasTagRule": false,
          "RuleGroup": {
            "TagCombineOp": 0,
            "Rules": [],
            "RuleString": ""
          },
          "TagTexts": [
            {
              "LineId": "da383ecc-23a4-5bbc-92de-3e48067a7f83",
              "Text": {
                "Handle": "h2432e022g3cf0g4d33gba0bg0a6d2b4b1ab6",
                "Value": "Shut up!"
              }
            }
          ]
        }
      ],
      "EditorData": {
        "AnimationTags": "",
        "Attitude": "Neutral",
        "CinematicNodeContext": "",
        "CinematicObjects": "-DY Bow",
        "CustomCineArtKeysPresent": "False",
        "CustomLightingPresent": "False",
        "CustomSoundPresent": "False",
        "CustomVFXPresent": "False",
        "Emotion": "Default",
        "ForceDisableIsCustomNode": "False",
        "ID": "N38",
        "InternalNodeContext": "",
        "IsCustomNode": "False",
        "MusicTags": "",
        "NodeContext": "Distraught, angry",
        "Quality": "Silver",
        "SFXTags": "",
        "StateChangeTags": "",
        "TemplateNodeUUID": "00000000-0000-0000-0000-000000000000",
        "TemplateVersion": "0",
        "VFXTags": "",
        "collapsed": "False",
        "logicalname": "Answer",
        "position": "975;-423",
        "sourcetemplate": ""
      }
    },
    "6a71558f-d9d4-d63e-9ff8-bfc959803b7a": {
      "UUID": "6a71558f-d9d4-d63e-9ff8-bfc959803b7a",
      "Constructor": "TagAnswer",
      "EndNode": false,
      "Root": false,
      "ShowOnce": false,
      "SpeakerNo": 1,
      "AddressedSpeaker": 0,
      "Children": [
        "d3ca2030-a0cf-55da-558e-cd4b48039177"
      ],
      "CheckFlags": [
        {
          "Flags": [
            {
              "UUID": "25c1ac70-f65f-4869-8a74-eff5827d9cde",
              "value": true,
              "paramval": null,
              "Name": "GEN_IsSpeakerPresent_2"
            }
          ],
          "Type": "Script"
        }
      ],
      "SetFlags": [],
      "TaggedTextList": [
        {
          "HasTagRule": false,
          "RuleGroup": {
            "TagCombineOp": 0,
            "Rules": [],
            "RuleString": ""
          },
          "TagTexts": [
            {
              "LineId": "98a77829-934b-8e06-1d5c-c00e46b3d326",
              "Text": {
                "Handle": "h1d7d7317g5d91g4cf9ga379gf0c014224223",
                "Value": "You say that like you're looking forward to it."
              }
            }
          ]
        }
      ],
      "EditorData": {
        "AnimationTags": "",
        "Attitude": "Default",
        "CinematicNodeContext": "",
        "CinematicObjects": "",
        "CustomCineArtKeysPresent": "False",
        "CustomLightingPresent": "False",
        "CustomSoundPresent": "False",
        "CustomVFXPresent": "False",
        "Emotion": "Default",
        "ForceDisableIsCustomNode": "False",
        "ID": "N108",
        "InternalNodeContext": "",
        "IsCustomNode": "False",
        "MusicTags": "",
        "NodeContext": "Trepidation",
        "Quality": "Bronze",
        "SFXTags": "",
        "StateChangeTags": "",
        "TemplateNodeUUID": "00000000-0000-0000-0000-000000000000",
        "TemplateVersion": "0",
        "VFXTags": "",
        "collapsed": "False",
        "logicalname": "FRIEND PRESENT",
        "position": "335;-2394",
        "sourcetemplate": ""
      }
    },
    "6f178d0d-0ed2-68c7-d477-5810eaf8dc68": {
      "UUID": "6f178d0d-0ed2-68c7-d477-5810eaf8dc68",
      "Constructor": "TagGreeting",
      "EndNode": true,
      "Root": true,
      "ShowOnce": false,
      "SpeakerNo": 0,
      "AddressedSpeaker": 0,
      "Children": [],
      "CheckFlags": [
        {
          "Flags": [
            {
              "UUID": "288ac3b0-3f5b-5c15-b0fb-def5c4f0b308",
              "value": true,
              "paramval": null,
              "Name": "DEN_CapturedGoblin_Event_GuardsStayed"
            }
          ],
          "Type": "Global"
        },
        {
          "Flags": [
            {
              "UUID": "b66cd546-a8ca-e811-9ed9-e499f82d83ac",
              "value": true,
              "paramval": null,
              "Name": "9d5fb485-8f36-c21b-52d1-c92a1ce047de_Local_Idle_A"
            }
          ],
          "Type": "Local"
        }
      ],
      "SetFlags": [
        {
          "Flags": [
            {
              "UUID": "827ee6c6-89c8-475b-3cd5-50ade4cbbe3e",
              "value": true,
              "paramval": null,
              "Name": "9d5fb485-8f36-c21b-52d1-c92a1ce047de_Local_Idle_B"
            }
          ],
          "Type": "Local"
        }
      ],
      "TaggedTextList": [
        {
          "HasTagRule": false,
          "RuleGroup": {
            "TagCombineOp": 0,
            "Rules": [],
            "RuleString": ""
          },
          "TagTexts": [
            {
              "LineId": "4103481c-6669-fba7-ea8a-287c3fc54f68",
              "Text": {
                "Handle": "h70c29fa3g18fbg47c1g8b12g7d40c745c4f6",
                "Value": "This is ridiculous. "
              }
            }
          ]
        }
      ],
      "EditorData": {
        "AnimationTags": "",
        "Attitude": "Default",
        "CinematicNodeContext": "",
        "CinematicObjects": "",
        "CustomCineArtKeysPresent": "False",
        "CustomLightingPresent": "False",
        "CustomSoundPresent": "False",
        "CustomVFXPresent": "False",
        "Emotion": "Default",
        "ForceDisableIsCustomNode": "False",
        "ID": "N101",
        "InternalNodeContext": "",
        "IsCustomNode": "False",
        "MusicTags": "",
        "NodeContext": "",
        "Quality": "Bronze",
        "SFXTags": "",
        "StateChangeTags": "",
        "TemplateNodeUUID": "00000000-0000-0000-0000-000000000000",
        "TemplateVersion": "0",
        "VFXTags": "",
        "collapsed": "False",
        "logicalname": "IDLE",
        "position": "15;-2613",
        "sourcetemplate": ""
      }
    },
    "756928b9-9805-3b90-c7a4-b8f02a55e820": {
      "UUID": "756928b9-9805-3b90-c7a4-b8f02a55e820",
      "Constructor": "TagGreeting",
      "EndNode": true,
      "Root": true,
      "ShowOnce": false,
      "SpeakerNo": 0,
      "AddressedSpeaker": 0,
      "Children": [],
      "CheckFlags": [
        {
          "Flags": [
            {
              "UUID": "288ac3b0-3f5b-5c15-b0fb-def5c4f0b308",
              "value": true,
              "paramval": null,
              "Name": "DEN_CapturedGoblin_Event_GuardsStayed"
            }
          ],
          "Type": "Global"
        },
        {
          "Flags": [
            {
              "UUID": "c6d2bb1d-62c4-97d2-e001-3dbd27d36074",
              "value": true,
              "paramval": null,
              "Name": "9d5fb485-8f36-c21b-52d1-c92a1ce047de_Local_Idle_C"
            }
          ],
          "Type": "Local"
        }
      ],
      "SetFlags": [
        {
          "Flags": [
            {
              "UUID": "827ee6c6-89c8-475b-3cd5-50ade4cbbe3e",
              "value": false,
              "paramval": null,
              "Name": "9d5fb485-8f36-c21b-52d1-c92a1ce047de_Local_Idle_B"
            },
            {
              "UUID": "b66cd546-a8ca-e811-9ed9-e499f82d83ac",
              "value": false,
              "paramval": null,
              "Name": "9d5fb485-8f36-c21b-52d1-c92a1ce047de_Local_Idle_A"
            },
            {
              "UUID": "c6d2bb1d-62c4-97d2-e001-3dbd27d36074",
              "value": false,
              "paramval": null,
              "Name": "9d5fb485-8f36-c21b-52d1-c92a1ce047de_Local_Idle_C"
            }
          ],
          "Type": "Local"
        }
      ],
      "TaggedTextList": [
        {
          "HasTagRule": false,
          "RuleGroup": {
            "TagCombineOp": 0,
            "Rules": [],
            "RuleString": ""
          },
          "TagTexts": [
            {
              "LineId": "146785dd-02a7-ad16-1dc7-8caa4702ef40",
              "Text": {
                "Handle": "h8933b72bg77bbg4deagbf84g5c3b3f47ef08",
                "Value": "Feels like we're all waiting to die. "
              }
            }
          ]
        }
      ],
      "EditorData": {
        "AnimationTags": "",
        "Attitude": "Default",
        "CinematicNodeContext": "",
        "CinematicObjects": "",
        "CustomCineArtKeysPresent": "False",
        "CustomLightingPresent": "False",
        "CustomSoundPresent": "False",
        "CustomVFXPresent": "False",
        "Emotion": "Default",
        "ForceDisableIsCustomNode": "False",
        "ID": "N104",
        "InternalNodeContext": "",
        "IsCustomNode": "False",
        "MusicTags": "",
        "NodeContext": "Fatalistic",
        "Quality": "Bronze",
        "SFXTags": "",
        "StateChangeTags": "",
        "TemplateNodeUUID": "00000000-0000-0000-0000-000000000000",
        "TemplateVersion": "0",
        "VFXTags": "",
        "collapsed": "False",
        "logicalname": "IDLE",
        "position": "15;-3270",
        "sourcetemplate": ""
      }
    },
    "7add645b-f971-e209-f79b-7a34ac543799": {
      "UUID": "7add645b-f971-e209-f79b-7a34ac543799",
      "Constructor": "TagGreeting",
      "EndNode": false,
      "Root": true,
      "ShowOnce": false,
      "SpeakerNo": 0,
      "AddressedSpeaker": 0,
      "Children": [
        "9733689b-c517-beba-d696-bd782cd07918",
        "4c4d8ed8-4317-e6f8-02c3-353c31a23924"
      ],
      "CheckFlags": [
        {
          "Flags": [
            {
              "UUID": "aae95a8b-bbec-e7c6-f47a-53834c294a2b",
              "value": true,
              "paramval": null,
              "Name": "GOB_CapturedGoblin_Event_Resolved"
            }
          ],
          "Type": "Global"
        }
      ],
      "SetFlags": [],
      "TaggedTextList": [
        {
          "HasTagRule": false,
          "RuleGroup": {
            "TagCombineOp": 0,
            "Rules": [],
            "RuleString": ""
          },
          "TagTexts": [
            {
              "LineId": "db74bc0a-bf3e-fba3-af93-7978803042fd",
              "Text": {
                "Handle": "h6602fbedgf0afg4e2agbe60g754b0fac1a01",
                "Value": "I wonder when the goblins will come. "
              }
            }
          ]
        }
      ],
      "EditorData": {
        "AnimationTags": "",
        "Attitude": "Neutral",
        "CinematicNodeContext": "",
        "CinematicObjects": "",
        "CustomCineArtKeysPresent": "False",
        "CustomLightingPresent": "False",
        "CustomSoundPresent": "False",
        "CustomVFXPresent": "False",
        "Emotion": "Default",
        "ForceDisableIsCustomNode": "False",
        "ID": "N48",
        "InternalNodeContext": "",
        "IsCustomNode": "False",
        "MusicTags": "",
        "NodeContext": "Waiting for the next goblin attack",
        "Quality": "Bronze",
        "SFXTags": "",
        "StateChangeTags": "",
        "TemplateNodeUUID": "00000000-0000-0000-0000-000000000000",
        "TemplateVersion": "0",
        "VFXTags": "",
        "collapsed": "False",
        "logicalname": "IDLE (KILLED GOBLIN/FRIEND DEAD)",
        "position": "15;-1737",
        "sourcetemplate": ""
      }
    },
    "7e670c98-2dec-6fd3-3654-037cc6fab8b2": {
      "UUID": "7e670c98-2dec-6fd3-3654-037cc6fab8b2",
      "Constructor": "TagAnswer",
      "EndNode": false,
      "Root": false,
      "ShowOnce": false,
      "SpeakerNo": 1,
      "AddressedSpeaker": 0,
      "Children": [
        "471ed060-6d4d-db5c-565b-e16dac24e52d"
      ],
      "CheckFlags": [
        {
          "Flags": [
            {
              "UUID": "25c1ac70-f65f-4869-8a74-eff5827d9cde",
              "value": true,
              "paramval": null,
              "Name": "GEN_IsSpeakerPresent_2"
            }
          ],
          "Type": "Script"
        }
      ],
      "SetFlags": [],
      "TaggedTextList": [
        {
          "HasTagRule": false,
          "RuleGroup": {
            "TagCombineOp": 0,
            "Rules": [],
            "RuleString": ""
          },
          "TagTexts": [
            {
              "LineId": "7823fa35-888a-c97f-af56-bb2c0060c62d",
              "Text": {
                "Handle": "hfcb94f97g7f53g4e5eg90b0g24f46a7d205e",
                "Value": "He's gone, Arka."
              }
            }
          ]
        }
      ],
      "EditorData": {
        "AnimationTags": "",
        "Attitude": "Default",
        "CinematicNodeContext": "",
        "CinematicObjects": "-ST Kanon's Body",
        "CustomCineArtKeysPresent": "False",
        "CustomLightingPresent": "False",
        "CustomSoundPresent": "False",
        "CustomVFXPresent": "False",
        "Emotion": "Default",
        "ForceDisableIsCustomNode": "False",
        "ID": "N96",
        "InternalNodeContext": "",
        "IsCustomNode": "False",
        "MusicTags": "",
        "NodeContext": "'There's nothing we can do'",
        "Quality": "Bronze",
        "SFXTags": "",
        "StateChangeTags": "",
        "TemplateNodeUUID": "00000000-0000-0000-0000-000000000000",
        "TemplateVersion": "0",
        "VFXTags": "",
        "collapsed": "False",
        "logicalname": "FRIEND PRESENT",
        "position": "335;672",
        "sourcetemplate": ""
      }
    },
    "7f4b7043-0a8a-1faf-e86c-6effd10febae": {
      "UUID": "7f4b7043-0a8a-1faf-e86c-6effd10febae",
      "Constructor": "TagGreeting",
      "EndNode": false,
      "Root": true,
      "ShowOnce": false,
      "SpeakerNo": 0,
      "AddressedSpeaker": 0,
      "Children": [
        "7e670c98-2dec-6fd3-3654-037cc6fab8b2",
        "b076d098-84bb-ed9a-1592-f31c12310583"
      ],
      "CheckFlags": [],
      "SetFlags": [],
      "TaggedTextList": [
        {
          "HasTagRule": false,
          "RuleGroup": {
            "TagCombineOp": 0,
            "Rules": [],
            "RuleString": ""
          },
          "TagTexts": [
            {
              "LineId": "1756fb32-ca1d-dd03-8a78-39119fa1594f",
              "Text": {
                "Handle": "h616dbb5bg8083g447fgb09fge8ee556c528a",
                "Value": "Kanon?"
              }
            }
          ]
        }
      ],
      "EditorData": {
        "AnimationTags": "",
        "Attitude": "Neutral",
        "CinematicNodeContext": "",
        "CinematicObjects": "-ST Kanon's Body",
        "CustomCineArtKeysPresent": "False",
        "CustomLightingPresent": "False",
        "CustomSoundPresent": "False",
        "CustomVFXPresent": "False",
        "Emotion": "Default",
        "ForceDisableIsCustomNode": "False",
        "ID": "N62",
        "InternalNodeContext": "",
        "IsCustomNode": "False",
        "MusicTags": "",
        "NodeContext": "Shock. ",
        "Quality": "Silver",
        "SFXTags": "",
        "StateChangeTags": "",
        "TemplateNodeUUID": "00000000-0000-0000-0000-000000000000",
        "TemplateVersion": "0",
        "VFXTags": "",
        "collapsed": "False",
        "logicalname": "AT GATE",
        "position": "15;891",
        "sourcetemplate": ""
      }
    },
    "8a156253-dc1a-97cd-03ae-0c7784e9f5ee": {
      "UUID": "8a156253-dc1a-97cd-03ae-0c7784e9f5ee",
      "Constructor": "TagGreeting",
      "EndNode": true,
      "Root": true,
      "ShowOnce": false,
      "SpeakerNo": 0,
      "AddressedSpeaker": 0,
      "Children": [],
      "CheckFlags": [
        {
          "Flags": [
            {
              "UUID": "1ccc6b3f-7255-de5f-75ee-296962b85e5c",
              "value": true,
              "paramval": null,
              "Name": "DEN_CapturedGoblin_Event_GoblinShot"
            }
          ],
          "Type": "Global"
        }
      ],
      "SetFlags": [],
      "TaggedTextList": [
        {
          "HasTagRule": false,
          "RuleGroup": {
            "TagCombineOp": 0,
            "Rules": [],
            "RuleString": ""
          },
          "TagTexts": [
            {
              "LineId": "fb1b169b-e1b7-2c5e-6dd2-115f7c464ded",
              "Text": {
                "Handle": "h1f3c459dg214dg479bga28ag29522ff6d00d",
                "Value": "There, done. "
              }
            }
          ]
        }
      ],
      "EditorData": {
        "AnimationTags": "",
        "Attitude": "Neutral",
        "CinematicNodeContext": "",
        "CinematicObjects": "",
        "CustomCineArtKeysPresent": "False",
        "CustomLightingPresent": "False",
        "CustomSoundPresent": "False",
        "CustomVFXPresent": "False",
        "Emotion": "Default",
        "ForceDisableIsCustomNode": "False",
        "ID": "N28",
        "InternalNodeContext": "",
        "IsCustomNode": "False",
        "MusicTags": "",
        "NodeContext": "Cold. She's just killed a captive goblin to avenge her friend",
        "Quality": "Bronze",
        "SFXTags": "",
        "StateChangeTags": "",
        "TemplateNodeUUID": "00000000-0000-0000-0000-000000000000",
        "TemplateVersion": "0",
        "VFXTags": "",
        "collapsed": "False",
        "logicalname": "KILLED GOBLIN",
        "position": "15;-1080",
        "sourcetemplate": ""
      }
    },
    "8ace7cf5-81c5-8438-02a5-1ac8b4f21aba": {
      "UUID": "8ace7cf5-81c5-8438-02a5-1ac8b4f21aba",
      "Constructor": "TagAnswer",
      "EndNode": true,
      "Root": false,
      "ShowOnce": false,
      "SpeakerNo": 0,
      "AddressedSpeaker": 0,
      "Children": [],
      "CheckFlags": [],
      "SetFlags": [],
      "TaggedTextList": [
        {
          "HasTagRule": false,
          "RuleGroup": {
            "TagCombineOp": 0,
            "Rules": [],
            "RuleString": ""
          },
          "TagTexts": [
            {
              "LineId": "f9e43609-3b5e-262a-cc66-bd35b997f195",
              "Text": {
                "Handle": "h279466dbgd822g438dgab33g2c0b5f086da1",
                "Value": "Absolutely. I could use the target practice. "
              }
            }
          ]
        }
      ],
      "EditorData": {
        "AnimationTags": "",
        "Attitude": "Neutral",
        "CinematicNodeContext": "",
        "CinematicObjects": "",
        "CustomCineArtKeysPresent": "False",
        "CustomLightingPresent": "False",
        "CustomSoundPresent": "False",
        "CustomVFXPresent": "False",
        "Emotion": "Default",
        "ForceDisableIsCustomNode": "False",
        "ID": "N71",
        "InternalNodeContext": "",
        "IsCustomNode": "False",
        "MusicTags": "",
        "NodeContext": "resolute and hard-hearted",
        "Quality": "Bronze",
        "SFXTags": "",
        "StateChangeTags": "",
        "TemplateNodeUUID": "00000000-0000-0000-0000-000000000000",
        "TemplateVersion": "0",
        "VFXTags": "",
        "collapsed": "False",
        "logicalname": "Answer",
        "position": "655;-1737",
        "sourcetemplate": ""
      }
    },
    "8b195a48-6c07-ad9f-db83-c8c6b16bda9d": {
      "UUID": "8b195a48-6c07-ad9f-db83-c8c6b16bda9d",
      "Constructor": "TagAnswer",
      "EndNode": false,
      "Root": false,
      "ShowOnce": false,
      "SpeakerNo": 1,
      "AddressedSpeaker": 0,
      "Children": [
        "97d792ba-b0a7-88ba-d8ae-bff2a0f6dbfd"
      ],
      "CheckFlags": [
        {
          "Flags": [
            {
              "UUID": "25c1ac70-f65f-4869-8a74-eff5827d9cde",
              "value": true,
              "paramval": null,
              "Name": "GEN_IsSpeakerPresent_2"
            }
          ],
          "Type": "Script"
        }
      ],
      "SetFlags": [],
      "TaggedTextList": [
        {
          "HasTagRule": false,
          "RuleGroup": {
            "TagCombineOp": 0,
            "Rules": [],
            "RuleString": ""
          },
          "TagTexts": [
            {
              "LineId": "85a9870b-a58e-fd19-915e-6962a67aa0b1",
              "Text": {
                "Handle": "he62613bbg8edfg49b1g91e8gad8a367f6349",
                "Value": "Arka, what-"
              }
            }
          ]
        }
      ],
      "EditorData": {
        "AnimationTags": "",
        "Attitude": "Neutral",
        "CinematicNodeContext": "",
        "CinematicObjects": "",
        "CustomCineArtKeysPresent": "False",
        "CustomLightingPresent": "False",
        "CustomSoundPresent": "False",
        "CustomVFXPresent": "False",
        "Emotion": "Default",
        "ForceDisableIsCustomNode": "False",
        "ID": "N86",
        "InternalNodeContext": "",
        "IsCustomNode": "False",
        "MusicTags": "",
        "NodeContext": "Confused",
        "Quality": "Bronze",
        "SFXTags": "",
        "StateChangeTags": "",
        "TemplateNodeUUID": "00000000-0000-0000-0000-000000000000",
        "TemplateVersion": "0",
        "VFXTags": "",
        "collapsed": "False",
        "logicalname": "FRIEND PRESENT",
        "position": "335;453",
        "sourcetemplate": ""
      }
    },
    "9733689b-c517-beba-d696-bd782cd07918": {
      "UUID": "9733689b-c517-beba-d696-bd782cd07918",
      "Constructor": "TagAnswer",
      "EndNode": false,
      "Root": false,
      "ShowOnce": false,
      "SpeakerNo": 1,
      "AddressedSpeaker": 0,
      "Children": [
        "8ace7cf5-81c5-8438-02a5-1ac8b4f21aba"
      ],
      "CheckFlags": [
        {
          "Flags": [
            {
              "UUID": "25c1ac70-f65f-4869-8a74-eff5827d9cde",
              "value": true,
              "paramval": null,
              "Name": "GEN_IsSpeakerPresent_2"
            }
          ],
          "Type": "Script"
        }
      ],
      "SetFlags": [],
      "TaggedTextList": [
        {
          "HasTagRule": false,
          "RuleGroup": {
            "TagCombineOp": 0,
            "Rules": [],
            "RuleString": ""
          },
          "TagTexts": [
            {
              "LineId": "b71a1d10-da58-327a-755d-27fe6c7ef705",
              "Text": {
                "Handle": "h5b98071fgfbe1g495dg957eg9d2fd2b8be03",
                "Value": "You say that like you're looking forward to it."
              }
            }
          ]
        }
      ],
      "EditorData": {
        "AnimationTags": "",
        "Attitude": "Neutral",
        "CinematicNodeContext": "",
        "CinematicObjects": "",
        "CustomCineArtKeysPresent": "False",
        "CustomLightingPresent": "False",
        "CustomSoundPresent": "False",
        "CustomVFXPresent": "False",
        "Emotion": "Default",
        "ForceDisableIsCustomNode": "False",
        "ID": "N6",
        "InternalNodeContext": "",
        "IsCustomNode": "False",
        "MusicTags": "",
        "NodeContext": "Trepidation",
        "Quality": "Bronze",
        "SFXTags": "",
        "StateChangeTags": "",
        "TemplateNodeUUID": "00000000-0000-0000-0000-000000000000",
        "TemplateVersion": "0",
        "VFXTags": "",
        "collapsed": "False",
        "logicalname": "FRIEND PRESENT",
        "position": "335;-1737",
        "sourcetemplate": ""
      }
    },
    "97d792ba-b0a7-88ba-d8ae-bff2a0f6dbfd": {
      "UUID": "97d792ba-b0a7-88ba-d8ae-bff2a0f6dbfd",
      "Constructor": "TagAnswer",
      "EndNode": true,
      "Root": false,
      "ShowOnce": false,
      "SpeakerNo": 0,
      "AddressedSpeaker": 0,
      "Children": [],
      "CheckFlags": [],
      "SetFlags": [
        {
          "Flags": [
            {
              "UUID": "94643524-4461-c684-049c-b38cc2f5670a",
              "value": true,
              "paramval": null,
              "Name": "DEN_CapturedGoblin_State_InTransit"
            }
          ],
          "Type": "Global"
        }
      ],
      "TaggedTextList": [
        {
          "HasTagRule": false,
          "RuleGroup": {
            "TagCombineOp": 0,
            "Rules": [],
            "RuleString": ""
          },
          "TagTexts": [
            {
              "LineId": "631fadda-c44a-5ec4-ae34-7cfb44d769f3",
              "Text": {
                "Handle": "h9cc37944gb703g44fdgacbdg2206185e7038",
                "Value": "And I know who. "
              }
            }
          ]
        }
      ],
      "EditorData": {
        "AnimationTags": "",
        "Attitude": "Neutral",
        "CinematicNodeContext": "",
        "CinematicObjects": "",
        "CustomCineArtKeysPresent": "False",
        "CustomLightingPresent": "False",
        "CustomSoundPresent": "False",
        "CustomVFXPresent": "False",
        "Emotion": "Default",
        "ForceDisableIsCustomNode": "False",
        "ID": "N87",
        "InternalNodeContext": "",
        "IsCustomNode": "False",
        "MusicTags": "",
        "NodeContext": "Sets off towards the target of her revenge.",
        "Quality": "Bronze",
        "SFXTags": "",
        "StateChangeTags": "",
        "TemplateNodeUUID": "00000000-0000-0000-0000-000000000000",
        "TemplateVersion": "0",
        "VFXTags": "",
        "collapsed": "False",
        "logicalname": "Answer",
        "position": "655;453",
        "sourcetemplate": ""
      }
    },
    "ac19232b-6ad5-c197-58d3-7988a127a44c": {
      "UUID": "ac19232b-6ad5-c197-58d3-7988a127a44c",
      "Constructor": "TagAnswer",
      "EndNode": true,
      "Root": false,
      "ShowOnce": false,
      "SpeakerNo": 0,
      "AddressedSpeaker": 0,
      "Children": [],
      "CheckFlags": [],
      "SetFlags": [],
      "TaggedTextList": [
        {
          "HasTagRule": false,
          "RuleGroup": {
            "TagCombineOp": 0,
            "Rules": [],
            "RuleString": ""
          },
          "TagTexts": [
            {
              "LineId": "84017347-02d4-58ee-ab88-59efd0419816",
              "Text": {
                "Handle": "h60e7e9efg683dg4717gbe67g58305c27794a",
                "Value": "I'll find you. Count on it."
              }
            }
          ]
        }
      ],
      "EditorData": {
        "AnimationTags": "",
        "Attitude": "Neutral",
        "CinematicNodeContext": "",
        "CinematicObjects": "",
        "CustomCineArtKeysPresent": "False",
        "CustomLightingPresent": "False",
        "CustomSoundPresent": "False",
        "CustomVFXPresent": "False",
        "Emotion": "Default",
        "ForceDisableIsCustomNode": "False",
        "ID": "N7",
        "InternalNodeContext": "",
        "IsCustomNode": "False",
        "MusicTags": "",
        "NodeContext": "Vowing revenge",
        "Quality": "Bronze",
        "SFXTags": "",
        "StateChangeTags": "",
        "TemplateNodeUUID": "00000000-0000-0000-0000-000000000000",
        "TemplateVersion": "0",
        "VFXTags": "",
        "collapsed": "False",
        "logicalname": "Answer",
        "position": "335;-642",
        "sourcetemplate": ""
      }
    },
    "b076d098-84bb-ed9a-1592-f31c12310583": {
      "UUID": "b076d098-84bb-ed9a-1592-f31c12310583",
      "Constructor": "TagAnswer",
      "EndNode": false,
      "Root": false,
      "ShowOnce": false,
      "SpeakerNo": 0,
      "AddressedSpeaker": 0,
      "Children": [
        "f2f11df5-3ed0-f71e-0869-06eb7d7ae9f2"
      ],
      "CheckFlags": [],
      "SetFlags": [],
      "TaggedTextList": [
        {
          "HasTagRule": false,
          "RuleGroup": {
            "TagCombineOp": 0,
            "Rules": [],
            "RuleString": ""
          },
          "TagTexts": [
            {
              "LineId": "940f1f06-d1ed-55f5-fe90-9069ab4d7f5f",
              "Text": {
                "Handle": "h973105b3g0fd7g488fg80f0gb9abd775cc11",
                "Value": "Don't do this to me, Kanon."
              }
            }
          ]
        }
      ],
      "EditorData": {
        "AnimationTags": "",
        "Attitude": "Neutral",
        "CinematicNodeContext": "",
        "CinematicObjects": "-ST Kanon's Body",
        "CustomCineArtKeysPresent": "False",
        "CustomLightingPresent": "False",
        "CustomSoundPresent": "False",
        "CustomVFXPresent": "False",
        "Emotion": "Default",
        "ForceDisableIsCustomNode": "False",
        "ID": "N63",
        "InternalNodeContext": "",
        "IsCustomNode": "False",
        "MusicTags": "",
        "NodeContext": "Distraught",
        "Quality": "Silver",
        "SFXTags": "",
        "StateChangeTags": "",
        "TemplateNodeUUID": "00000000-0000-0000-0000-000000000000",
        "TemplateVersion": "0",
        "VFXTags": "",
        "collapsed": "False",
        "logicalname": "Answer",
        "position": "335;891",
        "sourcetemplate": ""
      }
    },
    "b8777a8d-33f2-a9c3-f9ba-a95c938d0885": {
      "UUID": "b8777a8d-33f2-a9c3-f9ba-a95c938d0885",
      "Constructor": "TagGreeting",
      "EndNode": false,
      "Root": true,
      "ShowOnce": false,
      "SpeakerNo": 0,
      "AddressedSpeaker": 0,
      "Children": [
        "bbea8e92-a13c-7e88-c8fc-ef2852bc14eb",
        "db0e2ef8-29e3-9764-e3e6-a4045497aff2"
      ],
      "CheckFlags": [
        {
          "Flags": [
            {
              "UUID": "288ac3b0-3f5b-5c15-b0fb-def5c4f0b308",
              "value": true,
              "paramval": null,
              "Name": "DEN_CapturedGoblin_Event_GuardsStayed"
            }
          ],
          "Type": "Global"
        },
        {
          "Flags": [
            {
              "UUID": "827ee6c6-89c8-475b-3cd5-50ade4cbbe3e",
              "value": true,
              "paramval": null,
              "Name": "9d5fb485-8f36-c21b-52d1-c92a1ce047de_Local_Idle_B"
            }
          ],
          "Type": "Local"
        }
      ],
      "SetFlags": [
        {
          "Flags": [
            {
              "UUID": "c6d2bb1d-62c4-97d2-e001-3dbd27d36074",
              "value": true,
              "paramval": null,
              "Name": "9d5fb485-8f36-c21b-52d1-c92a1ce047de_Local_Idle_C"
            }
          ],
          "Type": "Local"
        }
      ],
      "TaggedTextList": [
        {
          "HasTagRule": false,
          "RuleGroup": {
            "TagCombineOp": 0,
            "Rules": [],
            "RuleString": ""
          },
          "TagTexts": [
            {
              "LineId": "25c200f3-6b47-3fe1-91cf-0454f8966310",
              "Text": {
                "Handle": "hbe461467g1405g4a68g8b85gc9f33dce7f75",
                "Value": "Shame the goblins didn't kill me too.<br>"
              }
            }
          ]
        }
      ],
      "EditorData": {
        "AnimationTags": "",
        "Attitude": "Default",
        "CinematicNodeContext": "",
        "CinematicObjects": "",
        "CustomCineArtKeysPresent": "False",
        "CustomLightingPresent": "False",
        "CustomSoundPresent": "False",
        "CustomVFXPresent": "False",
        "Emotion": "Default",
        "ForceDisableIsCustomNode": "False",
        "ID": "N102",
        "InternalNodeContext": "",
        "IsCustomNode": "False",
        "MusicTags": "",
        "NodeContext": "Fatalistic",
        "Quality": "Bronze",
        "SFXTags": "",
        "StateChangeTags": "",
        "TemplateNodeUUID": "00000000-0000-0000-0000-000000000000",
        "TemplateVersion": "0",
        "VFXTags": "",
        "collapsed": "False",
        "logicalname": "IDLE",
        "position": "15;-2832",
        "sourcetemplate": ""
      }
    },
    "bbea8e92-a13c-7e88-c8fc-ef2852bc14eb": {
      "UUID": "bbea8e92-a13c-7e88-c8fc-ef2852bc14eb",
      "Constructor": "TagAnswer",
      "EndNode": false,
      "Root": false,
      "ShowOnce": false,
      "SpeakerNo": 1,
      "AddressedSpeaker": 0,
      "Children": [
        "db0e2ef8-29e3-9764-e3e6-a4045497aff2"
      ],
      "CheckFlags": [
        {
          "Flags": [
            {
              "UUID": "25c1ac70-f65f-4869-8a74-eff5827d9cde",
              "value": true,
              "paramval": null,
              "Name": "GEN_IsSpeakerPresent_2"
            }
          ],
          "Type": "Script"
        }
      ],
      "SetFlags": [],
      "TaggedTextList": [
        {
          "HasTagRule": false,
          "RuleGroup": {
            "TagCombineOp": 0,
            "Rules": [],
            "RuleString": ""
          },
          "TagTexts": [
            {
              "LineId": "405b3ba1-77b2-dc0c-eb8c-98be02fd6c70",
              "Text": {
                "Handle": "h4c958933g3b60g4fa0g8e76g3aa2a9901c68",
                "Value": "Don't say that."
              }
            }
          ]
        }
      ],
      "EditorData": {
        "AnimationTags": "",
        "Attitude": "Default",
        "CinematicNodeContext": "",
        "CinematicObjects": "",
        "CustomCineArtKeysPresent": "False",
        "CustomLightingPresent": "False",
        "CustomSoundPresent": "False",
        "CustomVFXPresent": "False",
        "Emotion": "Default",
        "ForceDisableIsCustomNode": "False",
        "ID": "N105",
        "InternalNodeContext": "",
        "IsCustomNode": "False",
        "MusicTags": "",
        "NodeContext": "Trying to comfort Arka",
        "Quality": "Bronze",
        "SFXTags": "",
        "StateChangeTags": "",
        "TemplateNodeUUID": "00000000-0000-0000-0000-000000000000",
        "TemplateVersion": "0",
        "VFXTags": "",
        "collapsed": "False",
        "logicalname": "FRIEND PRESENT",
        "position": "335;-3051",
        "sourcetemplate": ""
      }
    },
    "d3ca2030-a0cf-55da-558e-cd4b48039177": {
      "UUID": "d3ca2030-a0cf-55da-558e-cd4b48039177",
      "Constructor": "TagAnswer",
      "EndNode": true,
      "Root": false,
      "ShowOnce": false,
      "SpeakerNo": 0,
      "AddressedSpeaker": 0,
      "Children": [],
      "CheckFlags": [],
      "SetFlags": [],
      "TaggedTextList": [
        {
          "HasTagRule": false,
          "RuleGroup": {
            "TagCombineOp": 0,
            "Rules": [],
            "RuleString": ""
          },
          "TagTexts": [
            {
              "LineId": "1f183e86-58b3-2df4-5e70-11e14e23daff",
              "Text": {
                "Handle": "hf1aed7f7gf8dbg47abg80dcg10a97a37eab0",
                "Value": "I could use the target practice. "
              }
            }
          ]
        }
      ],
      "EditorData": {
        "AnimationTags": "",
        "Attitude": "Default",
        "CinematicNodeContext": "",
        "CinematicObjects": "",
        "CustomCineArtKeysPresent": "False",
        "CustomLightingPresent": "False",
        "CustomSoundPresent": "False",
        "CustomVFXPresent": "False",
        "Emotion": "Default",
        "ForceDisableIsCustomNode": "False",
        "ID": "N109",
        "InternalNodeContext": "",
        "IsCustomNode": "False",
        "MusicTags": "",
        "NodeContext": "Hard-hearted",
        "Quality": "Bronze",
        "SFXTags": "",
        "StateChangeTags": "",
        "TemplateNodeUUID": "00000000-0000-0000-0000-000000000000",
        "TemplateVersion": "0",
        "VFXTags": "",
        "collapsed": "False",
        "logicalname": "Answer",
        "position": "655;-2175",
        "sourcetemplate": ""
      }
    },
    "d786ac6b-1a07-cadf-026a-0c96d62a1cc7": {
      "UUID": "d786ac6b-1a07-cadf-026a-0c96d62a1cc7",
      "Constructor": "TagGreeting",
      "EndNode": false,
      "Root": true,
      "ShowOnce": false,
      "SpeakerNo": 0,
      "AddressedSpeaker": 0,
      "Children": [
        "8b195a48-6c07-ad9f-db83-c8c6b16bda9d"
      ],
      "CheckFlags": [
        {
          "Flags": [
            {
              "UUID": "7aa6f9bf-c2c1-fb1b-41de-3903c6b861ec",
              "value": true,
              "paramval": null,
              "Name": "DEN_CapturedGoblin_Event_LeftToGrief"
            }
          ],
          "Type": "Global"
        }
      ],
      "SetFlags": [],
      "TaggedTextList": [
        {
          "HasTagRule": false,
          "RuleGroup": {
            "TagCombineOp": 0,
            "Rules": [],
            "RuleString": ""
          },
          "TagTexts": [
            {
              "LineId": "408486cd-5bbd-e1eb-fb30-64b8bb35c83d",
              "Text": {
                "Handle": "hd98edb4fg9888g418dg8aabgeba3a1200fcb",
                "Value": "Someone's going to answer for this. "
              }
            }
          ]
        }
      ],
      "EditorData": {
        "AnimationTags": "",
        "Attitude": "Neutral",
        "CinematicNodeContext": "",
        "CinematicObjects": "",
        "CustomCineArtKeysPresent": "False",
        "CustomLightingPresent": "False",
        "CustomSoundPresent": "False",
        "CustomVFXPresent": "False",
        "Emotion": "Default",
        "ForceDisableIsCustomNode": "False",
        "ID": "N82",
        "InternalNodeContext": "",
        "IsCustomNode": "False",
        "MusicTags": "",
        "NodeContext": "Out for revenge",
        "Quality": "Bronze",
        "SFXTags": "",
        "StateChangeTags": "",
        "TemplateNodeUUID": "00000000-0000-0000-0000-000000000000",
        "TemplateVersion": "0",
        "VFXTags": "",
        "collapsed": "False",
        "logicalname": "LEAVING GATE",
        "position": "15;453",
        "sourcetemplate": ""
      }
    },
    "db0e2ef8-29e3-9764-e3e6-a4045497aff2": {
      "UUID": "db0e2ef8-29e3-9764-e3e6-a4045497aff2",
      "Constructor": "TagAnswer",
      "EndNode": true,
      "Root": false,
      "ShowOnce": false,
      "SpeakerNo": 0,
      "AddressedSpeaker": 0,
      "Children": [],
      "CheckFlags": [],
      "SetFlags": [],
      "TaggedTextList": [
        {
          "HasTagRule": false,
          "RuleGroup": {
            "TagCombineOp": 0,
            "Rules": [],
            "RuleString": ""
          },
          "TagTexts": [
            {
              "LineId": "52a10bbb-1485-01c8-6bb8-6b07374feaf5",
              "Text": {
                "Handle": "h02f1f817gddceg4032g8c38ga6da179a6707",
                "Value": "I'm just sad. And bored."
              }
            }
          ]
        }
      ],
      "EditorData": {
        "AnimationTags": "",
        "Attitude": "Default",
        "CinematicNodeContext": "",
        "CinematicObjects": "",
        "CustomCineArtKeysPresent": "False",
        "CustomLightingPresent": "False",
        "CustomSoundPresent": "False",
        "CustomVFXPresent": "False",
        "Emotion": "Default",
        "ForceDisableIsCustomNode": "False",
        "ID": "N107",
        "InternalNodeContext": "",
        "IsCustomNode": "False",
        "MusicTags": "",
        "NodeContext": "",
        "Quality": "Bronze",
        "SFXTags": "",
        "StateChangeTags": "",
        "TemplateNodeUUID": "00000000-0000-0000-0000-000000000000",
        "TemplateVersion": "0",
        "VFXTags": "",
        "collapsed": "False",
        "logicalname": "Answer",
        "position": "655;-2832",
        "sourcetemplate": ""
      }
    },
    "f19ea148-e52a-a118-1712-d5cc046de033": {
      "UUID": "f19ea148-e52a-a118-1712-d5cc046de033",
      "Constructor": "TagGreeting",
      "EndNode": false,
      "Root": true,
      "ShowOnce": false,
      "SpeakerNo": 0,
      "AddressedSpeaker": 0,
      "Children": [
        "ac19232b-6ad5-c197-58d3-7988a127a44c"
      ],
      "CheckFlags": [
        {
          "Flags": [
            {
              "UUID": "3e067d34-951e-e998-572a-ee49f24ec1ef",
              "value": true,
              "paramval": null,
              "Name": "DEN_CapturedGoblin_State_LeftPrison"
            },
            {
              "UUID": "99ff0e4d-0ce5-7164-4d81-b00edd7906a8",
              "value": true,
              "paramval": null,
              "Name": "DEN_CapturedGoblin_Event_Foiled"
            }
          ],
          "Type": "Global"
        }
      ],
      "SetFlags": [],
      "TaggedTextList": [
        {
          "HasTagRule": false,
          "RuleGroup": {
            "TagCombineOp": 0,
            "Rules": [],
            "RuleString": ""
          },
          "TagTexts": [
            {
              "LineId": "f682586b-7694-e0b6-4c0d-8f8a6c92bb2b",
              "Text": {
                "Handle": "hb19c885bg450fg4609gb197ga0abc39bf815",
                "Value": "She... she got away. Gods <i>damn </i>it!"
              }
            }
          ]
        }
      ],
      "EditorData": {
        "AnimationTags": "",
        "Attitude": "Neutral",
        "CinematicNodeContext": "",
        "CinematicObjects": "",
        "CustomCineArtKeysPresent": "False",
        "CustomLightingPresent": "False",
        "CustomSoundPresent": "False",
        "CustomVFXPresent": "False",
        "Emotion": "Default",
        "ForceDisableIsCustomNode": "False",
        "ID": "N1",
        "InternalNodeContext": "",
        "IsCustomNode": "False",
        "MusicTags": "",
        "NodeContext": " Reacting to the fact that her target, Sazza, is already gone",
        "Quality": "Bronze",
        "SFXTags": "",
        "StateChangeTags": "",
        "TemplateNodeUUID": "00000000-0000-0000-0000-000000000000",
        "TemplateVersion": "0",
        "VFXTags": "",
        "collapsed": "False",
        "logicalname": "AT GOBLIN CAGE (ESCAPED)",
        "position": "15;-642",
        "sourcetemplate": ""
      }
    },
    "f2f11df5-3ed0-f71e-0869-06eb7d7ae9f2": {
      "UUID": "f2f11df5-3ed0-f71e-0869-06eb7d7ae9f2",
      "Constructor": "TagAnswer",
      "EndNode": true,
      "Root": false,
      "ShowOnce": false,
      "SpeakerNo": 0,
      "AddressedSpeaker": 0,
      "Children": [],
      "CheckFlags": [],
      "SetFlags": [],
      "TaggedTextList": [
        {
          "HasTagRule": false,
          "RuleGroup": {
            "TagCombineOp": 0,
            "Rules": [],
            "RuleString": ""
          },
          "TagTexts": [
            {
              "LineId": "b8f14fa0-6116-d4fd-697c-edccea155e3a",
              "Text": {
                "Handle": "hda186bdfg487dg47d5gad14gb59ad8d8cb70",
                "Value": "<i>Please</i>. "
              }
            }
          ]
        }
      ],
      "EditorData": {
        "AnimationTags": "",
        "Attitude": "Neutral",
        "CinematicNodeContext": "",
        "CinematicObjects": "-ST Kanon's Body",
        "CustomCineArtKeysPresent": "False",
        "CustomLightingPresent": "False",
        "CustomSoundPresent": "False",
        "CustomVFXPresent": "False",
        "Emotion": "Default",
        "ForceDisableIsCustomNode": "False",
        "ID": "N64",
        "InternalNodeContext": "",
        "IsCustomNode": "False",
        "MusicTags": "",
        "NodeContext": "distraught",
        "Quality": "Silver",
        "SFXTags": "",
        "StateChangeTags": "",
        "TemplateNodeUUID": "00000000-0000-0000-0000-000000000000",
        "TemplateVersion": "0",
        "VFXTags": "",
        "collapsed": "False",
        "logicalname": "Answer",
        "position": "655;891",
        "sourcetemplate": ""
      }
    }
  },
  "SpeakerDict": {
    "0": {
      "IsPeanutSpeaker": false,
      "SpeakerMappingId": "6274a84c-b96d-a770-2bec-b448ec3cec0d",
      "Index": 0,
      "List": [
        "7ce0afc2-e8f2-4f2e-82d8-27df98acc3d8"
      ],
      "SpeakerCharacter": {
        "DisplayName": "Arka",
        "Type": "character",
        "MapKey": "7ce0afc2-e8f2-4f2e-82d8-27df98acc3d8",
        "Name": "S_DEN_Griefling",
        "ParentTemplateId": null,
        "TemplateName": "fc3ff4f7-eff0-4512-a82d-2bac0336f76a"
      },
      "SpeakerGroupName": null
    },
    "1": {
      "IsPeanutSpeaker": false,
      "SpeakerMappingId": "5c86eb7a-a722-8e2c-584f-0abb7995a30a",
      "Index": 1,
      "List": [
        "c3334ee5-38dc-4197-aacc-4aa55803ff52"
      ],
      "SpeakerCharacter": {
        "DisplayName": "Memnos",
        "Type": "character",
        "MapKey": "c3334ee5-38dc-4197-aacc-4aa55803ff52",
        "Name": "S_DEN_GrieflingFriend",
        "ParentTemplateId": null,
        "TemplateName": "80fa035d-5248-45c3-a9c2-1c74749833dc"
      },
      "SpeakerGroupName": null
    },
    "2": {
      "IsPeanutSpeaker": false,
      "SpeakerMappingId": "25c10066-7824-11a7-0899-ba2b6eeb9426",
      "Index": 2,
      "List": [
        "783d7572-a846-455f-b686-247a95263ebb"
      ],
      "SpeakerCharacter": {
        "DisplayName": "Sazza",
        "Type": "character",
        "MapKey": "783d7572-a846-455f-b686-247a95263ebb",
        "Name": "S_DEN_CapturedGoblin",
        "ParentTemplateId": null,
        "TemplateName": "3085c1ef-eb43-4be3-969a-0e89acec99da"
      },
      "SpeakerGroupName": null
    }
  },
  "Synopsis": "Several conditions of conversations between Arka and Memnos here: Sazza escaped, sazza was killed, the pair wait for the goblin attack at the gates, or Arka's brother, Kanon, has been killed by goblins."
}