{
  "Path": "Mods/Gustav/Story/Dialogs/Act1/DEN/DEN_AttackOnDen_AD_WarchiefBraveVictory.lsj",
  "UUID": "aeffa59b-01bc-d07e-82fe-1d81f4c4fb63",
  "Category": "Repeated automated NPC Dialog",
  "DefaultAddressedSpeakers": {
    "0": -1
  },
  "RootNodes": [
    "2c990557-2922-bc1a-794d-53aa1e0d1bf3",
    "5ed3f71f-b7f7-c6a4-effe-120a1a49d88c",
    "47640127-03b3-50c9-4f49-d2f8589580e0",
    "da69005c-f451-4436-5cb1-91c5cc8c5dcd"
  ],
  "Nodes": {
    "2c990557-2922-bc1a-794d-53aa1e0d1bf3": {
      "UUID": "2c990557-2922-bc1a-794d-53aa1e0d1bf3",
      "Constructor": "TagGreeting",
      "EndNode": true,
      "Root": true,
      "ShowOnce": false,
      "SpeakerNo": 0,
      "AddressedSpeaker": 0,
      "Children": [],
      "CheckFlags": [
        {
          "Flags": [
            {
              "UUID": "7bdd2cfb-6aed-c552-203b-33d2f4a121a3",
              "value": true,
              "paramval": null,
              "Name": "aeffa59b-01bc-d07e-82fe-1d81f4c4fb63_C"
            }
          ],
          "Type": "Local"
        }
      ],
      "SetFlags": [
        {
          "Flags": [
            {
              "UUID": "3daceb62-fea8-24eb-cfd1-71adb0b9b714",
              "value": false,
              "paramval": null,
              "Name": "aeffa59b-01bc-d07e-82fe-1d81f4c4fb63_A"
            },
            {
              "UUID": "7bdd2cfb-6aed-c552-203b-33d2f4a121a3",
              "value": false,
              "paramval": null,
              "Name": "aeffa59b-01bc-d07e-82fe-1d81f4c4fb63_C"
            },
            {
              "UUID": "e77c1cfc-984a-f9d4-d2ad-3b2497504309",
              "value": false,
              "paramval": null,
              "Name": "aeffa59b-01bc-d07e-82fe-1d81f4c4fb63_B"
            }
          ],
          "Type": "Local"
        }
      ],
      "TaggedTextList": [
        {
          "HasTagRule": false,
          "RuleGroup": {
            "TagCombineOp": 0,
            "Rules": [],
            "RuleString": ""
          },
          "TagTexts": [
            {
              "LineId": "e0100a6b-cf77-ab6c-dadd-b1a671d58760",
              "Text": {
                "Handle": "he1f3da0fgb5ffg4011gb41fg440189cdf9d0",
                "Value": "Good work - the True Souls are proper pleased."
              }
            }
          ]
        }
      ],
      "EditorData": {
        "AnimationTags": "",
        "Attitude": "Default",
        "CinematicNodeContext": "",
        "CinematicObjects": "",
        "CustomCineArtKeysPresent": "False",
        "CustomLightingPresent": "False",
        "CustomSoundPresent": "False",
        "CustomVFXPresent": "False",
        "Emotion": "Default",
        "ForceDisableIsCustomNode": "False",
        "ID": "N1",
        "InternalNodeContext": "",
        "IsCustomNode": "False",
        "MusicTags": "",
        "NodeContext": "calling out to other goblins after a victory ",
        "Quality": "Bronze",
        "SFXTags": "",
        "StateChangeTags": "",
        "TemplateNodeUUID": "00000000-0000-0000-0000-000000000000",
        "TemplateVersion": "0",
        "VFXTags": "",
        "collapsed": "False",
        "logicalname": "Greeting",
        "position": "15;15",
        "sourcetemplate": ""
      }
    },
    "47640127-03b3-50c9-4f49-d2f8589580e0": {
      "UUID": "47640127-03b3-50c9-4f49-d2f8589580e0",
      "Constructor": "TagGreeting",
      "EndNode": true,
      "Root": true,
      "ShowOnce": false,
      "SpeakerNo": 0,
      "AddressedSpeaker": 0,
      "Children": [],
      "CheckFlags": [
        {
          "Flags": [
            {
              "UUID": "3daceb62-fea8-24eb-cfd1-71adb0b9b714",
              "value": true,
              "paramval": null,
              "Name": "aeffa59b-01bc-d07e-82fe-1d81f4c4fb63_A"
            }
          ],
          "Type": "Local"
        }
      ],
      "SetFlags": [
        {
          "Flags": [
            {
              "UUID": "e77c1cfc-984a-f9d4-d2ad-3b2497504309",
              "value": true,
              "paramval": null,
              "Name": "aeffa59b-01bc-d07e-82fe-1d81f4c4fb63_B"
            }
          ],
          "Type": "Local"
        }
      ],
      "TaggedTextList": [
        {
          "HasTagRule": false,
          "RuleGroup": {
            "TagCombineOp": 0,
            "Rules": [],
            "RuleString": ""
          },
          "TagTexts": [
            {
              "LineId": "809b7c6d-a469-670a-91c9-6f4df77fa67e",
              "Text": {
                "Handle": "h297c2682g7c75g4a3ag8783g132416c2e51c",
                "Value": "Nobody and nothin' can stand in our way."
              }
            }
          ]
        }
      ],
      "EditorData": {
        "AnimationTags": "",
        "Attitude": "Default",
        "CinematicNodeContext": "",
        "CinematicObjects": "",
        "CustomCineArtKeysPresent": "False",
        "CustomLightingPresent": "False",
        "CustomSoundPresent": "False",
        "CustomVFXPresent": "False",
        "Emotion": "Default",
        "ForceDisableIsCustomNode": "False",
        "ID": "N4",
        "InternalNodeContext": "",
        "IsCustomNode": "False",
        "MusicTags": "",
        "NodeContext": "Calling out to other goblins after a victorious battle",
        "Quality": "Bronze",
        "SFXTags": "",
        "StateChangeTags": "",
        "TemplateNodeUUID": "00000000-0000-0000-0000-000000000000",
        "TemplateVersion": "0",
        "VFXTags": "",
        "collapsed": "False",
        "logicalname": "Greeting",
        "position": "15;453",
        "sourcetemplate": ""
      }
    },
    "5ed3f71f-b7f7-c6a4-effe-120a1a49d88c": {
      "UUID": "5ed3f71f-b7f7-c6a4-effe-120a1a49d88c",
      "Constructor": "TagGreeting",
      "EndNode": true,
      "Root": true,
      "ShowOnce": false,
      "SpeakerNo": 0,
      "AddressedSpeaker": 0,
      "Children": [],
      "CheckFlags": [
        {
          "Flags": [
            {
              "UUID": "e77c1cfc-984a-f9d4-d2ad-3b2497504309",
              "value": true,
              "paramval": null,
              "Name": "aeffa59b-01bc-d07e-82fe-1d81f4c4fb63_B"
            }
          ],
          "Type": "Local"
        }
      ],
      "SetFlags": [
        {
          "Flags": [
            {
              "UUID": "7bdd2cfb-6aed-c552-203b-33d2f4a121a3",
              "value": true,
              "paramval": null,
              "Name": "aeffa59b-01bc-d07e-82fe-1d81f4c4fb63_C"
            }
          ],
          "Type": "Local"
        }
      ],
      "TaggedTextList": [
        {
          "HasTagRule": false,
          "RuleGroup": {
            "TagCombineOp": 0,
            "Rules": [],
            "RuleString": ""
          },
          "TagTexts": [
            {
              "LineId": "20b5902f-42d1-fa8b-5b03-937ea9be1bf8",
              "Text": {
                "Handle": "h4793e7ffg552ag404agb8b1g2605213a5d5b",
                "Value": "Enjoy yourselves, but stay sharp."
              }
            }
          ]
        }
      ],
      "EditorData": {
        "AnimationTags": "",
        "Attitude": "Default",
        "CinematicNodeContext": "",
        "CinematicObjects": "",
        "CustomCineArtKeysPresent": "False",
        "CustomLightingPresent": "False",
        "CustomSoundPresent": "False",
        "CustomVFXPresent": "False",
        "Emotion": "Default",
        "ForceDisableIsCustomNode": "False",
        "ID": "N3",
        "InternalNodeContext": "",
        "IsCustomNode": "False",
        "MusicTags": "",
        "NodeContext": "calling out to other goblins after a victory ",
        "Quality": "Bronze",
        "SFXTags": "",
        "StateChangeTags": "",
        "TemplateNodeUUID": "00000000-0000-0000-0000-000000000000",
        "TemplateVersion": "0",
        "VFXTags": "",
        "collapsed": "False",
        "logicalname": "Greeting",
        "position": "15;234",
        "sourcetemplate": ""
      }
    },
    "da69005c-f451-4436-5cb1-91c5cc8c5dcd": {
      "UUID": "da69005c-f451-4436-5cb1-91c5cc8c5dcd",
      "Constructor": "TagGreeting",
      "EndNode": true,
      "Root": true,
      "ShowOnce": false,
      "SpeakerNo": 0,
      "AddressedSpeaker": 0,
      "Children": [],
      "CheckFlags": [],
      "SetFlags": [
        {
          "Flags": [
            {
              "UUID": "3daceb62-fea8-24eb-cfd1-71adb0b9b714",
              "value": true,
              "paramval": null,
              "Name": "aeffa59b-01bc-d07e-82fe-1d81f4c4fb63_A"
            }
          ],
          "Type": "Local"
        }
      ],
      "TaggedTextList": [
        {
          "HasTagRule": false,
          "RuleGroup": {
            "TagCombineOp": 0,
            "Rules": [],
            "RuleString": ""
          },
          "TagTexts": [
            {
              "LineId": "9a434fdd-8a1b-6216-3f98-38c58088c7ce",
              "Text": {
                "Handle": "hede6eb84gcff0g4a59gb31eg4b497adb547e",
                "Value": "For the Absolute! Rhaal'tuuch!"
              }
            }
          ]
        }
      ],
      "EditorData": {
        "AnimationTags": "",
        "Attitude": "Default",
        "CinematicNodeContext": "",
        "CinematicObjects": "",
        "CustomCineArtKeysPresent": "False",
        "CustomLightingPresent": "False",
        "CustomSoundPresent": "False",
        "CustomVFXPresent": "False",
        "Emotion": "Default",
        "ForceDisableIsCustomNode": "False",
        "ID": "N2",
        "InternalNodeContext": "",
        "IsCustomNode": "False",
        "MusicTags": "",
        "NodeContext": "Celebratory shout to other goblins after a victory - rawl-TOOSH! (Long oo, like soon, not like foot.)",
        "Quality": "Bronze",
        "SFXTags": "",
        "StateChangeTags": "",
        "TemplateNodeUUID": "00000000-0000-0000-0000-000000000000",
        "TemplateVersion": "0",
        "VFXTags": "",
        "collapsed": "False",
        "logicalname": "Greeting",
        "position": "15;672",
        "sourcetemplate": ""
      }
    }
  },
  "SpeakerDict": {
    "0": {
      "IsPeanutSpeaker": false,
      "SpeakerMappingId": "19a667fc-1de1-c88e-dd1f-b8787b9b7e0d",
      "Index": 0,
      "List": [
        "6601b8f7-1a92-46bb-b409-6fcef7406a39"
      ],
      "SpeakerCharacter": {
        "DisplayName": "Rozzak",
        "Type": "character",
        "MapKey": "6601b8f7-1a92-46bb-b409-6fcef7406a39",
        "Name": "S_GOB_WarchiefBrave",
        "ParentTemplateId": null,
        "TemplateName": "b0f372f0-f74f-4c00-84e6-34ba09117578"
      },
      "SpeakerGroupName": null
    }
  },
  "Synopsis": "Rozzak walks around the Den after the raid, stopping to call out praise and support to nearby goblins"
}