{
  "Path": "Mods/Gustav/Story/Dialogs/Act1/DEN/DEN_AttackOnDen_EntranceMeetingWyll.lsj",
  "UUID": "0ba4b371-7acb-e7ae-f370-2dd02b92f206",
  "Category": "Generic NPC Dialog",
  "DefaultAddressedSpeakers": {
    "0": 1,
    "1": 0,
    "2": -1,
    "3": -1
  },
  "RootNodes": [
    "5ce90ce3-238b-28e6-5621-d1cff2f9698a",
    "6e867cfd-3e93-c579-010b-bcce94274293"
  ],
  "Nodes": {
    "215b8432-5367-9c06-5339-9d09780a4bd0": {
      "UUID": "215b8432-5367-9c06-5339-9d09780a4bd0",
      "Constructor": "TagAnswer",
      "EndNode": false,
      "Root": false,
      "ShowOnce": false,
      "SpeakerNo": 0,
      "AddressedSpeaker": 0,
      "Children": [
        "b61af41b-def8-0574-f055-7e50e279c29e"
      ],
      "CheckFlags": [],
      "SetFlags": [],
      "TaggedTextList": [
        {
          "HasTagRule": false,
          "RuleGroup": {
            "TagCombineOp": 0,
            "Rules": [],
            "RuleString": ""
          },
          "TagTexts": [
            {
              "LineId": "397524d8-c026-4c48-215b-4002ccbe9908",
              "Text": {
                "Handle": "hde990a6fg4c3eg477eg9753gac1c3165c907",
                "Value": "Fine - one last chance. See that you don't waste it."
              }
            }
          ]
        }
      ],
      "EditorData": {
        "AnimationTags": "",
        "Attitude": "Default",
        "CinematicNodeContext": "",
        "CinematicObjects": "",
        "CustomCineArtKeysPresent": "False",
        "CustomLightingPresent": "False",
        "CustomSoundPresent": "False",
        "CustomVFXPresent": "False",
        "Emotion": "Default",
        "ForceDisableIsCustomNode": "False",
        "ID": "N376",
        "InternalNodeContext": "",
        "IsCustomNode": "False",
        "MusicTags": "",
        "NodeContext": "",
        "Quality": "Bronze",
        "SFXTags": "",
        "StateChangeTags": "",
        "TemplateNodeUUID": "00000000-0000-0000-0000-000000000000",
        "TemplateVersion": "0",
        "VFXTags": "",
        "collapsed": "False",
        "logicalname": "Answer",
        "position": "1935;-423",
        "sourcetemplate": ""
      }
    },
    "2d1d3da4-d9d7-3699-ec3b-92bc8c43af77": {
      "RollSuccess": true,
      "UUID": "2d1d3da4-d9d7-3699-ec3b-92bc8c43af77",
      "Constructor": "RollResult",
      "EndNode": false,
      "Root": false,
      "ShowOnce": false,
      "SpeakerNo": 0,
      "AddressedSpeaker": 0,
      "Children": [
        "3b782bc9-3773-1524-2825-a87966fabe6c"
      ],
      "CheckFlags": [],
      "SetFlags": [],
      "TaggedTextList": [],
      "EditorData": {
        "ID": "N330",
        "TemplateNodeUUID": "00000000-0000-0000-0000-000000000000",
        "TemplateVersion": "0",
        "collapsed": "False",
        "logicalname": "Roll Result",
        "position": "1615;672",
        "sourcetemplate": ""
      }
    },
    "338358a0-753e-4d12-8118-9e2c001408bd": {
      "JumpTarget": "c31c6a92-7d53-fbee-4b54-ff5bfca57e07",
      "JumpTargetPoint": 1,
      "UUID": "338358a0-753e-4d12-8118-9e2c001408bd",
      "Constructor": "Jump",
      "EndNode": false,
      "Root": false,
      "ShowOnce": false,
      "SpeakerNo": 0,
      "AddressedSpeaker": 0,
      "Children": [],
      "CheckFlags": [],
      "SetFlags": [],
      "TaggedTextList": [],
      "EditorData": {
        "ID": "N386",
        "TemplateNodeUUID": "00000000-0000-0000-0000-000000000000",
        "TemplateVersion": "0",
        "collapsed": "False",
        "logicalname": "Jump",
        "position": "1615;891",
        "sourcetemplate": ""
      }
    },
    "356afc90-97a0-7ca6-3cd5-a14a0c2c2aa1": {
      "UUID": "356afc90-97a0-7ca6-3cd5-a14a0c2c2aa1",
      "Constructor": "TagAnswer",
      "EndNode": false,
      "Root": false,
      "ShowOnce": false,
      "SpeakerNo": 0,
      "AddressedSpeaker": 0,
      "Children": [
        "b61af41b-def8-0574-f055-7e50e279c29e"
      ],
      "CheckFlags": [],
      "SetFlags": [],
      "TaggedTextList": [
        {
          "HasTagRule": false,
          "RuleGroup": {
            "TagCombineOp": 0,
            "Rules": [],
            "RuleString": ""
          },
          "TagTexts": [
            {
              "LineId": "4a543b3d-fa38-784c-7be5-78edc4082302",
              "Text": {
                "Handle": "h3ef6a399gdbadg468bg8da3gad110d8b560e",
                "Value": "I hate to admit it, but... it's a good plan. Looks like the team's back together."
              }
            }
          ]
        }
      ],
      "EditorData": {
        "AnimationTags": "",
        "Attitude": "Default",
        "CinematicNodeContext": "",
        "CinematicObjects": "",
        "CustomCineArtKeysPresent": "False",
        "CustomLightingPresent": "False",
        "CustomSoundPresent": "False",
        "CustomVFXPresent": "False",
        "Emotion": "Default",
        "ForceDisableIsCustomNode": "False",
        "ID": "N344",
        "InternalNodeContext": "",
        "IsCustomNode": "False",
        "MusicTags": "",
        "NodeContext": "",
        "Quality": "Bronze",
        "SFXTags": "",
        "StateChangeTags": "",
        "TemplateNodeUUID": "00000000-0000-0000-0000-000000000000",
        "TemplateVersion": "0",
        "VFXTags": "",
        "collapsed": "False",
        "logicalname": "Answer",
        "position": "2255;672",
        "sourcetemplate": ""
      }
    },
    "3b782bc9-3773-1524-2825-a87966fabe6c": {
      "UUID": "3b782bc9-3773-1524-2825-a87966fabe6c",
      "Constructor": "TagAnswer",
      "EndNode": false,
      "Root": false,
      "ShowOnce": false,
      "SpeakerNo": 0,
      "AddressedSpeaker": 0,
      "Children": [
        "356afc90-97a0-7ca6-3cd5-a14a0c2c2aa1"
      ],
      "CheckFlags": [],
      "SetFlags": [],
      "TaggedTextList": [
        {
          "HasTagRule": false,
          "RuleGroup": {
            "TagCombineOp": 0,
            "Rules": [],
            "RuleString": ""
          },
          "TagTexts": [
            {
              "LineId": "1af049c8-5fc7-677e-010d-c25a26cc59a7",
              "Text": {
                "Handle": "h04b78a89g5540g427cgb593g5ccfc973d188",
                "Value": "Did you, now?"
              }
            }
          ]
        }
      ],
      "EditorData": {
        "AnimationTags": "",
        "Attitude": "Default",
        "CinematicNodeContext": "",
        "CinematicObjects": "",
        "CustomCineArtKeysPresent": "False",
        "CustomLightingPresent": "False",
        "CustomSoundPresent": "False",
        "CustomVFXPresent": "False",
        "Emotion": "Default",
        "ForceDisableIsCustomNode": "False",
        "ID": "N385",
        "InternalNodeContext": "",
        "IsCustomNode": "False",
        "MusicTags": "",
        "NodeContext": "Slightly angry, but coming around.",
        "Quality": "Bronze",
        "SFXTags": "",
        "StateChangeTags": "",
        "TemplateNodeUUID": "00000000-0000-0000-0000-000000000000",
        "TemplateVersion": "0",
        "VFXTags": "",
        "collapsed": "False",
        "logicalname": "Answer",
        "position": "1935;672",
        "sourcetemplate": ""
      }
    },
    "3c5f7f04-62c1-f906-a606-623850404496": {
      "RollSuccess": true,
      "UUID": "3c5f7f04-62c1-f906-a606-623850404496",
      "Constructor": "RollResult",
      "EndNode": false,
      "Root": false,
      "ShowOnce": false,
      "SpeakerNo": 0,
      "AddressedSpeaker": 0,
      "Children": [
        "90c1b17d-6f22-444e-9c68-5f2f63edc69f"
      ],
      "CheckFlags": [],
      "SetFlags": [],
      "TaggedTextList": [],
      "EditorData": {
        "ID": "N388",
        "TemplateNodeUUID": "00000000-0000-0000-0000-000000000000",
        "TemplateVersion": "0",
        "collapsed": "False",
        "logicalname": "Roll Result",
        "position": "1615;15",
        "sourcetemplate": ""
      }
    },
    "5b087c63-0a3f-3c37-8dac-21e41c0315e7": {
      "UUID": "5b087c63-0a3f-3c37-8dac-21e41c0315e7",
      "Constructor": "TagQuestion",
      "EndNode": false,
      "Root": false,
      "ShowOnce": true,
      "SpeakerNo": 3,
      "AddressedSpeaker": 0,
      "Children": [
        "338358a0-753e-4d12-8118-9e2c001408bd"
      ],
      "CheckFlags": [],
      "SetFlags": [],
      "TaggedTextList": [
        {
          "HasTagRule": false,
          "RuleGroup": {
            "TagCombineOp": 0,
            "Rules": [],
            "RuleString": ""
          },
          "TagTexts": [
            {
              "LineId": "9aadd8d1-a8a9-e43b-3b3c-fbb99d326969",
              "Text": {
                "Handle": "hf1a1c293gdd4eg4481g97d1ga90f9d96cb49",
                "Value": "Let them try."
              }
            }
          ]
        }
      ],
      "EditorData": {
        "AnimationTags": "",
        "Attitude": "Default",
        "CinematicNodeContext": "",
        "CinematicObjects": "",
        "CustomCineArtKeysPresent": "False",
        "CustomLightingPresent": "False",
        "CustomSoundPresent": "False",
        "CustomVFXPresent": "False",
        "Emotion": "Default",
        "ForceDisableIsCustomNode": "False",
        "ID": "N361",
        "InternalNodeContext": "",
        "IsCustomNode": "False",
        "MusicTags": "",
        "NodeContext": "",
        "Quality": "Bronze",
        "SFXTags": "",
        "StateChangeTags": "",
        "TemplateNodeUUID": "00000000-0000-0000-0000-000000000000",
        "TemplateVersion": "0",
        "VFXTags": "",
        "collapsed": "False",
        "logicalname": "Question",
        "position": "1295;891",
        "sourcetemplate": ""
      }
    },
    "5ce90ce3-238b-28e6-5621-d1cff2f9698a": {
      "UUID": "5ce90ce3-238b-28e6-5621-d1cff2f9698a",
      "Constructor": "TagGreeting",
      "EndNode": false,
      "Root": true,
      "ShowOnce": false,
      "SpeakerNo": -666,
      "AddressedSpeaker": 0,
      "Children": [
        "d43bc281-14af-430c-c38b-26936018b61e"
      ],
      "CheckFlags": [
        {
          "Flags": [
            {
              "UUID": "348e6bc2-6365-c76e-8f06-2c7de7c80e23",
              "value": false,
              "paramval": null,
              "Name": "DEN_AttackOnDen_Event_PassedByEntrance"
            }
          ],
          "Type": "Global"
        }
      ],
      "SetFlags": [],
      "TaggedTextList": [
        {
          "HasTagRule": false,
          "RuleGroup": {
            "TagCombineOp": 0,
            "Rules": [],
            "RuleString": ""
          },
          "TagTexts": [
            {
              "LineId": "7c1fb106-49f0-534c-416c-6b46588d0f71",
              "Text": {
                "Handle": "h79188685g546ag4663ga298g8ff2259af4d5",
                "Value": "*The parasite seizes as you approach.*"
              }
            }
          ]
        }
      ],
      "EditorData": {
        "AnimationTags": "",
        "Attitude": "Default",
        "CinematicNodeContext": "| *The men turned towards player, hand at their swords.* |",
        "CinematicObjects": "",
        "CustomCineArtKeysPresent": "True",
        "CustomLightingPresent": "False",
        "CustomSoundPresent": "False",
        "CustomVFXPresent": "True",
        "Emotion": "Default",
        "ForceDisableIsCustomNode": "False",
        "ID": "N315",
        "InternalNodeContext": "",
        "IsCustomNode": "True",
        "MusicTags": "",
        "NodeContext": "",
        "Quality": "Bronze",
        "SFXTags": "",
        "StateChangeTags": "",
        "TemplateNodeUUID": "00000000-0000-0000-0000-000000000000",
        "TemplateVersion": "0",
        "VFXTags": "",
        "collapsed": "False",
        "logicalname": "Select Speaker",
        "position": "15;-423",
        "sourcetemplate": ""
      }
    },
    "5fcc65e7-55c2-8aa7-f7e4-fe810fa96b22": {
      "RollSuccess": false,
      "UUID": "5fcc65e7-55c2-8aa7-f7e4-fe810fa96b22",
      "Constructor": "RollResult",
      "EndNode": false,
      "Root": false,
      "ShowOnce": false,
      "SpeakerNo": 0,
      "AddressedSpeaker": 0,
      "Children": [
        "e9fd829c-0cb9-2338-d32a-f86094022f3b"
      ],
      "CheckFlags": [],
      "SetFlags": [],
      "TaggedTextList": [],
      "EditorData": {
        "ID": "N332",
        "TemplateNodeUUID": "00000000-0000-0000-0000-000000000000",
        "TemplateVersion": "0",
        "collapsed": "False",
        "logicalname": "Roll Result",
        "position": "1615;-204",
        "sourcetemplate": ""
      }
    },
    "6e867cfd-3e93-c579-010b-bcce94274293": {
      "UUID": "6e867cfd-3e93-c579-010b-bcce94274293",
      "Constructor": "TagGreeting",
      "EndNode": false,
      "Root": true,
      "ShowOnce": false,
      "SpeakerNo": -666,
      "AddressedSpeaker": 0,
      "Children": [
        "d43bc281-14af-430c-c38b-26936018b61e"
      ],
      "CheckFlags": [],
      "SetFlags": [],
      "TaggedTextList": [
        {
          "HasTagRule": false,
          "RuleGroup": {
            "TagCombineOp": 0,
            "Rules": [],
            "RuleString": ""
          },
          "TagTexts": [
            {
              "LineId": "1c3b209d-543b-dad2-246b-c02dd8ab964b",
              "Text": {
                "Handle": "hd6354562g283fg4e47ga9f7gc932068fc534",
                "Value": "*The parasite seizes as you approach.*"
              }
            }
          ]
        }
      ],
      "EditorData": {
        "AnimationTags": "",
        "Attitude": "Default",
        "CinematicNodeContext": "| *The men turned towards player, hand at their swords.* |",
        "CinematicObjects": "",
        "CustomCineArtKeysPresent": "True",
        "CustomLightingPresent": "False",
        "CustomSoundPresent": "False",
        "CustomVFXPresent": "True",
        "Emotion": "Default",
        "ForceDisableIsCustomNode": "False",
        "ID": "N280",
        "InternalNodeContext": "",
        "IsCustomNode": "True",
        "MusicTags": "",
        "NodeContext": "",
        "Quality": "Bronze",
        "SFXTags": "",
        "StateChangeTags": "",
        "TemplateNodeUUID": "00000000-0000-0000-0000-000000000000",
        "TemplateVersion": "0",
        "VFXTags": "",
        "collapsed": "False",
        "logicalname": "Select Speaker",
        "position": "15;-204",
        "sourcetemplate": ""
      }
    },
    "76527aa8-26d7-7b92-f840-cd617deac74a": {
      "RollSuccess": false,
      "UUID": "76527aa8-26d7-7b92-f840-cd617deac74a",
      "Constructor": "RollResult",
      "EndNode": false,
      "Root": false,
      "ShowOnce": false,
      "SpeakerNo": 0,
      "AddressedSpeaker": 0,
      "Children": [
        "80cf173d-9f9c-d30c-d782-c12a11dcc485"
      ],
      "CheckFlags": [],
      "SetFlags": [],
      "TaggedTextList": [],
      "EditorData": {
        "ID": "N389",
        "TemplateNodeUUID": "00000000-0000-0000-0000-000000000000",
        "TemplateVersion": "0",
        "collapsed": "False",
        "logicalname": "Roll Result",
        "position": "1615;234",
        "sourcetemplate": ""
      }
    },
    "80cf173d-9f9c-d30c-d782-c12a11dcc485": {
      "JumpTarget": "e9fd829c-0cb9-2338-d32a-f86094022f3b",
      "JumpTargetPoint": 1,
      "UUID": "80cf173d-9f9c-d30c-d782-c12a11dcc485",
      "Constructor": "Jump",
      "EndNode": false,
      "Root": false,
      "ShowOnce": false,
      "SpeakerNo": 0,
      "AddressedSpeaker": 0,
      "Children": [],
      "CheckFlags": [],
      "SetFlags": [],
      "TaggedTextList": [],
      "EditorData": {
        "ID": "N391",
        "TemplateNodeUUID": "00000000-0000-0000-0000-000000000000",
        "TemplateVersion": "0",
        "collapsed": "False",
        "logicalname": "Jump",
        "position": "1935;234",
        "sourcetemplate": ""
      }
    },
    "90c1b17d-6f22-444e-9c68-5f2f63edc69f": {
      "JumpTarget": "215b8432-5367-9c06-5339-9d09780a4bd0",
      "JumpTargetPoint": 1,
      "UUID": "90c1b17d-6f22-444e-9c68-5f2f63edc69f",
      "Constructor": "Jump",
      "EndNode": false,
      "Root": false,
      "ShowOnce": false,
      "SpeakerNo": 0,
      "AddressedSpeaker": 0,
      "Children": [],
      "CheckFlags": [],
      "SetFlags": [],
      "TaggedTextList": [],
      "EditorData": {
        "ID": "N390",
        "TemplateNodeUUID": "00000000-0000-0000-0000-000000000000",
        "TemplateVersion": "0",
        "collapsed": "False",
        "logicalname": "Jump",
        "position": "1935;15",
        "sourcetemplate": ""
      }
    },
    "9479f1a8-fc24-4c04-9121-e9bb8dbb8cf0": {
      "RollAdvantageReason": null,
      "RollAbility": "Charisma",
      "RollAdvantage": 0,
      "RollType": "",
      "DifficultyClassID": "fa621d38-6f83-4e42-a55c-6aa651a75d46",
      "DifficultyClassValue": 10,
      "UUID": "9479f1a8-fc24-4c04-9121-e9bb8dbb8cf0",
      "Constructor": "ActiveRoll",
      "EndNode": false,
      "Root": false,
      "ShowOnce": true,
      "SpeakerNo": 3,
      "AddressedSpeaker": 0,
      "Children": [
        "b0d5c736-e262-1621-8415-22a3d9b9e76a",
        "2d1d3da4-d9d7-3699-ec3b-92bc8c43af77"
      ],
      "CheckFlags": [],
      "SetFlags": [],
      "TaggedTextList": [
        {
          "HasTagRule": false,
          "RuleGroup": {
            "TagCombineOp": 0,
            "Rules": [],
            "RuleString": ""
          },
          "TagTexts": [
            {
              "LineId": "21308fe2-889c-c752-b20c-a54017da71a2",
              "Text": {
                "Handle": "hd42d0fe8g516bg4c44gae5bga6cfce2cae31",
                "Value": "The goblins are on their way. I've led them right into your trap."
              }
            }
          ]
        }
      ],
      "EditorData": {
        "AnimationTags": "",
        "Attitude": "Default",
        "CinematicNodeContext": "",
        "CinematicObjects": "",
        "CustomCineArtKeysPresent": "False",
        "CustomLightingPresent": "False",
        "CustomSoundPresent": "False",
        "CustomVFXPresent": "False",
        "Emotion": "Default",
        "ForceDisableIsCustomNode": "False",
        "ID": "N303",
        "InternalNodeContext": "",
        "IsCustomNode": "False",
        "MusicTags": "",
        "NodeContext": "",
        "Quality": "Bronze",
        "SFXTags": "",
        "StateChangeTags": "",
        "TemplateNodeUUID": "00000000-0000-0000-0000-000000000000",
        "TemplateVersion": "0",
        "VFXTags": "",
        "collapsed": "False",
        "logicalname": "Skill_Persuasion",
        "position": "1295;453",
        "sourcetemplate": ""
      }
    },
    "949ded30-31b7-d31e-4de4-a7c20e31e849": {
      "RollAdvantageReason": null,
      "RollAbility": "Charisma",
      "RollAdvantage": 1,
      "RollType": "SkillCheck",
      "DifficultyClassID": "fa621d38-6f83-4e42-a55c-6aa651a75d46",
      "DifficultyClassValue": 10,
      "UUID": "949ded30-31b7-d31e-4de4-a7c20e31e849",
      "Constructor": "ActiveRoll",
      "EndNode": false,
      "Root": false,
      "ShowOnce": true,
      "SpeakerNo": 3,
      "AddressedSpeaker": 0,
      "Children": [
        "3c5f7f04-62c1-f906-a606-623850404496",
        "76527aa8-26d7-7b92-f840-cd617deac74a"
      ],
      "CheckFlags": [
        {
          "Flags": [
            {
              "UUID": "02913f9a-f696-40cf-acdf-32032afab32c",
              "value": true,
              "paramval": 3,
              "Name": "BARBARIAN"
            }
          ],
          "Type": "Tag"
        }
      ],
      "SetFlags": [],
      "TaggedTextList": [
        {
          "HasTagRule": true,
          "RuleGroup": {
            "TagCombineOp": 0,
            "Rules": [
              {
                "HasChildRules": false,
                "TagCombineOp": 0,
                "Tags": [
                  "ac3449f7-c09b-4bc0-8634-fcff97d49279"
                ],
                "TagNames": [
                  "BERSERKER"
                ]
              }
            ],
            "RuleString": "BERSERKER"
          },
          "TagTexts": [
            {
              "LineId": "c8a440a7-6dd1-4d1b-a1bb-da18a08b794f",
              "Text": {
                "Handle": "hf89ea0dagc96eg42beg8a04gfbcb881a7ca5",
                "Value": "<b>I'M HERE TO HELP.</b>"
              }
            }
          ]
        },
        {
          "HasTagRule": false,
          "RuleGroup": {
            "TagCombineOp": 0,
            "Rules": [],
            "RuleString": ""
          },
          "TagTexts": [
            {
              "LineId": "aeac8798-8d4b-472d-9942-b2d1080182e4",
              "Text": {
                "Handle": "h6ba2c992ge562g45adg8559g4df8a669bde5",
                "Value": "I'm here to help. But not afraid to <b>fight</b>."
              }
            }
          ]
        }
      ],
      "EditorData": {
        "AnimationTags": "",
        "Attitude": "Default",
        "CinematicNodeContext": "",
        "CinematicObjects": "",
        "CustomCineArtKeysPresent": "False",
        "CustomLightingPresent": "False",
        "CustomSoundPresent": "False",
        "CustomVFXPresent": "False",
        "Emotion": "Default",
        "ForceDisableIsCustomNode": "False",
        "ID": "N387",
        "InternalNodeContext": "",
        "IsCustomNode": "False",
        "MusicTags": "",
        "NodeContext": "",
        "Quality": "Bronze",
        "SFXTags": "",
        "StateChangeTags": "",
        "TemplateNodeUUID": "00000000-0000-0000-0000-000000000000",
        "TemplateVersion": "0",
        "VFXTags": "",
        "collapsed": "False",
        "logicalname": "Skill_Intimidation (Barbarian)",
        "position": "1295;15",
        "sourcetemplate": ""
      }
    },
    "b0d5c736-e262-1621-8415-22a3d9b9e76a": {
      "RollSuccess": false,
      "UUID": "b0d5c736-e262-1621-8415-22a3d9b9e76a",
      "Constructor": "RollResult",
      "EndNode": false,
      "Root": false,
      "ShowOnce": false,
      "SpeakerNo": 0,
      "AddressedSpeaker": 0,
      "Children": [
        "e9fd829c-0cb9-2338-d32a-f86094022f3b"
      ],
      "CheckFlags": [],
      "SetFlags": [],
      "TaggedTextList": [],
      "EditorData": {
        "ID": "N383",
        "TemplateNodeUUID": "00000000-0000-0000-0000-000000000000",
        "TemplateVersion": "0",
        "collapsed": "False",
        "logicalname": "Roll Result",
        "position": "1615;453",
        "sourcetemplate": ""
      }
    },
    "b61af41b-def8-0574-f055-7e50e279c29e": {
      "UUID": "b61af41b-def8-0574-f055-7e50e279c29e",
      "Constructor": "TagAnswer",
      "EndNode": true,
      "Root": false,
      "ShowOnce": false,
      "SpeakerNo": 0,
      "AddressedSpeaker": 0,
      "Children": [],
      "CheckFlags": [],
      "SetFlags": [
        {
          "Flags": [
            {
              "UUID": "989a3d7f-cac1-43ba-8b75-4329692e1453",
              "value": true,
              "paramval": 3,
              "Name": "DEN_Conflict_SUB_AoD.ArrivedAtGrove"
            }
          ],
          "Type": "Quest"
        }
      ],
      "TaggedTextList": [
        {
          "HasTagRule": false,
          "RuleGroup": {
            "TagCombineOp": 0,
            "Rules": [],
            "RuleString": ""
          },
          "TagTexts": [
            {
              "LineId": "0afbdcfe-1130-8b38-799e-8052e554d62b",
              "Text": {
                "Handle": "he9b44b16gfbdeg4409g843fg3b13f547622f",
                "Value": "Inside, and hurry. I want that gate closed when the goblins get here."
              }
            }
          ]
        }
      ],
      "EditorData": {
        "AnimationTags": "",
        "Attitude": "Default",
        "CinematicNodeContext": "",
        "CinematicObjects": "",
        "CustomCineArtKeysPresent": "False",
        "CustomLightingPresent": "False",
        "CustomSoundPresent": "False",
        "CustomVFXPresent": "False",
        "Emotion": "Default",
        "ForceDisableIsCustomNode": "False",
        "ID": "N377",
        "InternalNodeContext": "",
        "IsCustomNode": "False",
        "MusicTags": "",
        "NodeContext": "",
        "Quality": "Bronze",
        "SFXTags": "",
        "StateChangeTags": "",
        "TemplateNodeUUID": "00000000-0000-0000-0000-000000000000",
        "TemplateVersion": "0",
        "VFXTags": "",
        "collapsed": "False",
        "logicalname": "QUEST ENTRY",
        "position": "2575;-423",
        "sourcetemplate": ""
      }
    },
    "bae0bc6a-0f0e-0e61-703c-81213201a951": {
      "RollSuccess": true,
      "UUID": "bae0bc6a-0f0e-0e61-703c-81213201a951",
      "Constructor": "RollResult",
      "EndNode": false,
      "Root": false,
      "ShowOnce": false,
      "SpeakerNo": 0,
      "AddressedSpeaker": 0,
      "Children": [
        "215b8432-5367-9c06-5339-9d09780a4bd0"
      ],
      "CheckFlags": [],
      "SetFlags": [],
      "TaggedTextList": [],
      "EditorData": {
        "ID": "N366",
        "TemplateNodeUUID": "00000000-0000-0000-0000-000000000000",
        "TemplateVersion": "0",
        "collapsed": "False",
        "logicalname": "Roll Result",
        "position": "1615;-423",
        "sourcetemplate": ""
      }
    },
    "bfd3103f-48e6-118d-a0ae-acede330f106": {
      "UUID": "bfd3103f-48e6-118d-a0ae-acede330f106",
      "Constructor": "TagAnswer",
      "EndNode": false,
      "Root": false,
      "ShowOnce": false,
      "SpeakerNo": 0,
      "AddressedSpeaker": 0,
      "Children": [
        "e3c78d2f-0e70-1a77-7b7f-04d70fc8b5ae",
        "949ded30-31b7-d31e-4de4-a7c20e31e849",
        "9479f1a8-fc24-4c04-9121-e9bb8dbb8cf0",
        "5b087c63-0a3f-3c37-8dac-21e41c0315e7"
      ],
      "CheckFlags": [],
      "SetFlags": [],
      "TaggedTextList": [
        {
          "HasTagRule": false,
          "RuleGroup": {
            "TagCombineOp": 0,
            "Rules": [],
            "RuleString": ""
          },
          "TagTexts": [
            {
              "LineId": "0733195a-f965-3ebc-7fc5-80d2b1d330ef",
              "Text": {
                "Handle": "hc268e327gaf41g4440g8c1agb3bc0be3d07a",
                "Value": "Give me one reason why they shouldn't slay you where you stand."
              }
            }
          ]
        }
      ],
      "EditorData": {
        "AnimationTags": "",
        "Attitude": "Default",
        "CinematicNodeContext": "",
        "CinematicObjects": "",
        "CustomCineArtKeysPresent": "False",
        "CustomLightingPresent": "False",
        "CustomSoundPresent": "False",
        "CustomVFXPresent": "True",
        "Emotion": "Default",
        "ForceDisableIsCustomNode": "False",
        "ID": "N363",
        "InternalNodeContext": "",
        "IsCustomNode": "False",
        "MusicTags": "",
        "NodeContext": "",
        "Quality": "Bronze",
        "SFXTags": "",
        "StateChangeTags": "",
        "TemplateNodeUUID": "00000000-0000-0000-0000-000000000000",
        "TemplateVersion": "0",
        "VFXTags": "",
        "collapsed": "False",
        "logicalname": "Answer",
        "position": "655;-204",
        "sourcetemplate": ""
      }
    },
    "c31c6a92-7d53-fbee-4b54-ff5bfca57e07": {
      "UUID": "c31c6a92-7d53-fbee-4b54-ff5bfca57e07",
      "Constructor": "TagAnswer",
      "EndNode": true,
      "Root": false,
      "ShowOnce": false,
      "SpeakerNo": 0,
      "AddressedSpeaker": 0,
      "Children": [],
      "CheckFlags": [],
      "SetFlags": [
        {
          "Flags": [
            {
              "UUID": "1491f60b-8d1a-7987-22d0-dfaf2dac8863",
              "value": true,
              "paramval": null,
              "Name": "DEN_AttackOnDen_Event_BetrayTieflingsBeforeFight"
            }
          ],
          "Type": "Global"
        }
      ],
      "TaggedTextList": [
        {
          "HasTagRule": false,
          "RuleGroup": {
            "TagCombineOp": 0,
            "Rules": [],
            "RuleString": ""
          },
          "TagTexts": [
            {
              "LineId": "e3f0fde8-3ae2-bf7c-b83c-4747ba84b7ed",
              "Text": {
                "Handle": "h3afe31f1g867fg4738gb1bcg0614d87101e0",
                "Value": "In the name of the Blade, attack!"
              }
            }
          ]
        }
      ],
      "EditorData": {
        "AnimationTags": "",
        "Attitude": "Default",
        "CinematicNodeContext": "To the tieflings",
        "CinematicObjects": "",
        "CustomCineArtKeysPresent": "False",
        "CustomLightingPresent": "False",
        "CustomSoundPresent": "False",
        "CustomVFXPresent": "False",
        "Emotion": "Default",
        "ForceDisableIsCustomNode": "False",
        "ID": "N362",
        "InternalNodeContext": "",
        "IsCustomNode": "True",
        "MusicTags": "",
        "NodeContext": "",
        "Quality": "Bronze",
        "SFXTags": "",
        "StateChangeTags": "",
        "TemplateNodeUUID": "00000000-0000-0000-0000-000000000000",
        "TemplateVersion": "0",
        "VFXTags": "",
        "collapsed": "False",
        "logicalname": "Answer",
        "position": "2255;-204",
        "sourcetemplate": ""
      }
    },
    "d43bc281-14af-430c-c38b-26936018b61e": {
      "UUID": "d43bc281-14af-430c-c38b-26936018b61e",
      "Constructor": "TagAnswer",
      "EndNode": false,
      "Root": false,
      "ShowOnce": false,
      "SpeakerNo": 0,
      "AddressedSpeaker": 0,
      "Children": [
        "bfd3103f-48e6-118d-a0ae-acede330f106"
      ],
      "CheckFlags": [],
      "SetFlags": [],
      "TaggedTextList": [
        {
          "HasTagRule": false,
          "RuleGroup": {
            "TagCombineOp": 0,
            "Rules": [],
            "RuleString": ""
          },
          "TagTexts": [
            {
              "LineId": "fd918240-07b6-aa6d-f57d-80ea8de2cce4",
              "Text": {
                "Handle": "hd092111eg376eg40b2g863dg1bacccf6068a",
                "Value": "You dare show your face?"
              }
            }
          ]
        }
      ],
      "EditorData": {
        "AnimationTags": "",
        "Attitude": "Default",
        "CinematicNodeContext": "",
        "CinematicObjects": "",
        "CustomCineArtKeysPresent": "False",
        "CustomLightingPresent": "False",
        "CustomSoundPresent": "False",
        "CustomVFXPresent": "True",
        "Emotion": "Default",
        "ForceDisableIsCustomNode": "False",
        "ID": "N274",
        "InternalNodeContext": "",
        "IsCustomNode": "False",
        "MusicTags": "",
        "NodeContext": "",
        "Quality": "Bronze",
        "SFXTags": "",
        "StateChangeTags": "",
        "TemplateNodeUUID": "00000000-0000-0000-0000-000000000000",
        "TemplateVersion": "0",
        "VFXTags": "",
        "collapsed": "False",
        "logicalname": "Answer",
        "position": "335;-204",
        "sourcetemplate": ""
      }
    },
    "e3c78d2f-0e70-1a77-7b7f-04d70fc8b5ae": {
      "RollAdvantageReason": null,
      "RollAbility": "Charisma",
      "RollAdvantage": 0,
      "RollType": "",
      "DifficultyClassID": "fa621d38-6f83-4e42-a55c-6aa651a75d46",
      "DifficultyClassValue": 10,
      "UUID": "e3c78d2f-0e70-1a77-7b7f-04d70fc8b5ae",
      "Constructor": "ActiveRoll",
      "EndNode": false,
      "Root": false,
      "ShowOnce": true,
      "SpeakerNo": 3,
      "AddressedSpeaker": 0,
      "Children": [
        "bae0bc6a-0f0e-0e61-703c-81213201a951",
        "5fcc65e7-55c2-8aa7-f7e4-fe810fa96b22"
      ],
      "CheckFlags": [
        {
          "Flags": [
            {
              "UUID": "02913f9a-f696-40cf-acdf-32032afab32c",
              "value": false,
              "paramval": 3,
              "Name": "BARBARIAN"
            }
          ],
          "Type": "Tag"
        }
      ],
      "SetFlags": [],
      "TaggedTextList": [
        {
          "HasTagRule": false,
          "RuleGroup": {
            "TagCombineOp": 0,
            "Rules": [],
            "RuleString": ""
          },
          "TagTexts": [
            {
              "LineId": "63b3d386-ed4b-0f11-4ef9-1d065c40dd11",
              "Text": {
                "Handle": "h3c18b33fg93b0g4cb5ga66cgc4cba8cbf6d9",
                "Value": "You need all the help you can get. Now stand down before I put you down."
              }
            }
          ]
        }
      ],
      "EditorData": {
        "AnimationTags": "",
        "Attitude": "Default",
        "CinematicNodeContext": "",
        "CinematicObjects": "",
        "CustomCineArtKeysPresent": "False",
        "CustomLightingPresent": "False",
        "CustomSoundPresent": "False",
        "CustomVFXPresent": "False",
        "Emotion": "Default",
        "ForceDisableIsCustomNode": "False",
        "ID": "N307",
        "InternalNodeContext": "",
        "IsCustomNode": "False",
        "MusicTags": "",
        "NodeContext": "",
        "Quality": "Bronze",
        "SFXTags": "",
        "StateChangeTags": "",
        "TemplateNodeUUID": "00000000-0000-0000-0000-000000000000",
        "TemplateVersion": "0",
        "VFXTags": "",
        "collapsed": "False",
        "logicalname": "Skill_Intimidation",
        "position": "1295;-423",
        "sourcetemplate": ""
      }
    },
    "e9fd829c-0cb9-2338-d32a-f86094022f3b": {
      "UUID": "e9fd829c-0cb9-2338-d32a-f86094022f3b",
      "Constructor": "TagAnswer",
      "EndNode": false,
      "Root": false,
      "ShowOnce": false,
      "SpeakerNo": 0,
      "AddressedSpeaker": 0,
      "Children": [
        "c31c6a92-7d53-fbee-4b54-ff5bfca57e07"
      ],
      "CheckFlags": [],
      "SetFlags": [],
      "TaggedTextList": [
        {
          "HasTagRule": false,
          "RuleGroup": {
            "TagCombineOp": 0,
            "Rules": [],
            "RuleString": ""
          },
          "TagTexts": [
            {
              "LineId": "9b2b0ef1-0b2a-8875-c6a3-c02dde37caa8",
              "Text": {
                "Handle": "h8423876egc0e2g4ce9ga350g7a9d5b216365",
                "Value": "You had your chance, and you wasted it."
              }
            }
          ]
        }
      ],
      "EditorData": {
        "AnimationTags": "",
        "Attitude": "Default",
        "CinematicNodeContext": "",
        "CinematicObjects": "",
        "CustomCineArtKeysPresent": "False",
        "CustomLightingPresent": "False",
        "CustomSoundPresent": "False",
        "CustomVFXPresent": "False",
        "Emotion": "Default",
        "ForceDisableIsCustomNode": "False",
        "ID": "N340",
        "InternalNodeContext": "",
        "IsCustomNode": "False",
        "MusicTags": "",
        "NodeContext": "",
        "Quality": "Bronze",
        "SFXTags": "",
        "StateChangeTags": "",
        "TemplateNodeUUID": "00000000-0000-0000-0000-000000000000",
        "TemplateVersion": "0",
        "VFXTags": "",
        "collapsed": "False",
        "logicalname": "Answer",
        "position": "1935;-204",
        "sourcetemplate": ""
      }
    }
  },
  "SpeakerDict": {
    "0": {
      "IsPeanutSpeaker": false,
      "SpeakerMappingId": "d2ac7678-6184-2eb0-a2ea-c688fb24a1fd",
      "Index": 0,
      "List": [
        "c774d764-4a17-48dc-b470-32ace9ce447d"
      ],
      "SpeakerCharacter": {
        "DisplayName": "Wyll",
        "Type": "character",
        "MapKey": "c774d764-4a17-48dc-b470-32ace9ce447d",
        "Name": "S_Player_Wyll",
        "ParentTemplateId": null,
        "TemplateName": "159cdf9e-6665-4450-9375-8494e233b0e4"
      },
      "SpeakerGroupName": null
    },
    "1": {
      "IsPeanutSpeaker": false,
      "SpeakerMappingId": "61e1d21b-986c-f930-c91c-835ad36f842f",
      "Index": 1,
      "List": [
        "475200ee-cc3c-4dbe-84b1-1820c02ea26a"
      ],
      "SpeakerCharacter": {
        "DisplayName": "Zevlor",
        "Type": "character",
        "MapKey": "475200ee-cc3c-4dbe-84b1-1820c02ea26a",
        "Name": "S_DEN_TieflingLeader",
        "ParentTemplateId": null,
        "TemplateName": "a5856190-08e3-4741-b697-8b1cbf03eaa1"
      },
      "SpeakerGroupName": null
    },
    "2": {
      "IsPeanutSpeaker": false,
      "SpeakerMappingId": "8924fc6d-33a6-2302-fb56-5ff13d9907c7",
      "Index": 2,
      "List": [
        "02025646-347a-4235-aef7-e46b7c94b435"
      ],
      "SpeakerCharacter": {
        "DisplayName": "Asharak",
        "Type": "character",
        "MapKey": "02025646-347a-4235-aef7-e46b7c94b435",
        "Name": "S_DEN_Trainer",
        "ParentTemplateId": null,
        "TemplateName": "a5856190-08e3-4741-b697-8b1cbf03eaa1"
      },
      "SpeakerGroupName": null
    },
    "3": {
      "IsPeanutSpeaker": false,
      "SpeakerMappingId": "1dba4dd4-f91a-b432-dfa5-557d8ac02bb6",
      "Index": 3,
      "List": [
        "e0d1ff71-04a8-4340-ae64-9684d846eb83"
      ],
      "SpeakerCharacter": {
        "DisplayName": "Player",
        "Type": "character",
        "MapKey": "e2badbf0-159a-4ef5-9e73-7bbeb3d1015a",
        "Name": "S_GLO_CharacterCreationDummy_001",
        "ParentTemplateId": null,
        "TemplateName": "fd7f2707-8f86-4836-bda8-e0db99c389cc"
      },
      "SpeakerGroupName": "GROUP_Players"
    }
  },
  "Synopsis": "Player returns to den after letting Wyll return beforehand. NOTE: A NARRATOR NODE IS REQUIRED IN THE FIRST NODE BECAUSE IT IS A SPEAKER SELECTION WITH A CINEMATIC."
}