{
  "Path": "Mods/Gustav/Story/Dialogs/Act1/DEN/DEN_AttackOnDen_Prodigy.lsj",
  "UUID": "ea9415e5-95a0-671b-5d8c-fe7d067a5ed4",
  "Category": "Generic NPC Dialog",
  "DefaultAddressedSpeakers": {
    "0": 1,
    "1": 0
  },
  "RootNodes": [
    "205f34a8-f3e6-f71a-db33-c2ac849f16ff",
    "046b1bfd-70e0-9ce6-e44b-b747b201b641",
    "9a45af99-5038-5b73-21ef-fc2beb3e403d",
    "f443e0c8-f383-d826-cf63-8704e992d37d"
  ],
  "Nodes": {
    "046b1bfd-70e0-9ce6-e44b-b747b201b641": {
      "UUID": "046b1bfd-70e0-9ce6-e44b-b747b201b641",
      "Constructor": "TagGreeting",
      "EndNode": false,
      "Root": true,
      "ShowOnce": false,
      "SpeakerNo": 0,
      "AddressedSpeaker": -1,
      "Children": [
        "b3f27bee-6b33-45ec-c536-f6b42b040749"
      ],
      "CheckFlags": [
        {
          "Flags": [
            {
              "UUID": "1e6a42ed-8313-4f46-57e2-20dbdb2df923",
              "value": true,
              "paramval": null,
              "Name": "DEN_Refugees_State_LeadersAreDead"
            }
          ],
          "Type": "Global"
        }
      ],
      "SetFlags": [
        {
          "Flags": [
            {
              "UUID": "6125a2ad-0b62-e004-71b0-9244c6edbcc2",
              "value": true,
              "paramval": 1,
              "Name": "DEN_AttackOnDen_HasMet_Prodigy"
            }
          ],
          "Type": "Dialog"
        }
      ],
      "TaggedTextList": [
        {
          "HasTagRule": false,
          "RuleGroup": {
            "TagCombineOp": 0,
            "Rules": [],
            "RuleString": ""
          },
          "TagTexts": [
            {
              "LineId": "3db6fb52-0526-7c57-73e2-593342407747",
              "Text": {
                "Handle": "hf12c9bd4gb8a5g407dg825bgaecb0398b9db",
                "Value": "I nearly dispatched those goblins myself, but it seems you managed well enough."
              }
            }
          ]
        }
      ],
      "EditorData": {
        "AnimationTags": "",
        "Attitude": "Default",
        "CinematicNodeContext": "",
        "CinematicObjects": "",
        "CustomCineArtKeysPresent": "False",
        "CustomLightingPresent": "False",
        "CustomSoundPresent": "False",
        "CustomVFXPresent": "False",
        "Emotion": "Default",
        "ForceDisableIsCustomNode": "False",
        "ID": "N81",
        "InternalNodeContext": "",
        "IsCustomNode": "False",
        "MusicTags": "",
        "NodeContext": "Idle arrogance, as if he could have taken out an entire camp of enemies if it weren't beneath him",
        "Quality": "Bronze",
        "SFXTags": "",
        "StateChangeTags": "",
        "TemplateNodeUUID": "00000000-0000-0000-0000-000000000000",
        "TemplateVersion": "0",
        "VFXTags": "",
        "collapsed": "False",
        "logicalname": "Goblin Leadership Dead / Has not met",
        "position": "15;-204",
        "sourcetemplate": ""
      }
    },
    "205f34a8-f3e6-f71a-db33-c2ac849f16ff": {
      "UUID": "205f34a8-f3e6-f71a-db33-c2ac849f16ff",
      "Constructor": "TagGreeting",
      "EndNode": true,
      "Root": true,
      "ShowOnce": false,
      "SpeakerNo": 0,
      "AddressedSpeaker": -1,
      "Children": [],
      "CheckFlags": [
        {
          "Flags": [
            {
              "UUID": "6125a2ad-0b62-e004-71b0-9244c6edbcc2",
              "value": true,
              "paramval": 1,
              "Name": "DEN_AttackOnDen_HasMet_Prodigy"
            }
          ],
          "Type": "Dialog"
        },
        {
          "Flags": [
            {
              "UUID": "1e6a42ed-8313-4f46-57e2-20dbdb2df923",
              "value": true,
              "paramval": null,
              "Name": "DEN_Refugees_State_LeadersAreDead"
            }
          ],
          "Type": "Global"
        }
      ],
      "SetFlags": [],
      "TaggedTextList": [
        {
          "HasTagRule": false,
          "RuleGroup": {
            "TagCombineOp": 0,
            "Rules": [],
            "RuleString": ""
          },
          "TagTexts": [
            {
              "LineId": "9b655da1-9b83-fab9-ef32-d1b0299f1f1f",
              "Text": {
                "Handle": "hb2e15a5eg3c16g4cbaga6c1gfaaef82b916b",
                "Value": "They'll sing songs about this, you know. They simply don't know any better."
              }
            }
          ]
        }
      ],
      "EditorData": {
        "AnimationTags": "",
        "Attitude": "Default",
        "CinematicNodeContext": "",
        "CinematicObjects": "",
        "CustomCineArtKeysPresent": "False",
        "CustomLightingPresent": "False",
        "CustomSoundPresent": "False",
        "CustomVFXPresent": "False",
        "Emotion": "Default",
        "ForceDisableIsCustomNode": "False",
        "ID": "N77",
        "InternalNodeContext": "",
        "IsCustomNode": "False",
        "MusicTags": "",
        "NodeContext": "As if you should be grateful - the last an aside to himself.",
        "Quality": "Bronze",
        "SFXTags": "",
        "StateChangeTags": "",
        "TemplateNodeUUID": "00000000-0000-0000-0000-000000000000",
        "TemplateVersion": "0",
        "VFXTags": "",
        "collapsed": "False",
        "logicalname": "Goblin Leadership Dead / Has Met",
        "position": "15;-423",
        "sourcetemplate": ""
      }
    },
    "26d3150e-2ff5-63c6-0dc4-fe6a54231422": {
      "UUID": "26d3150e-2ff5-63c6-0dc4-fe6a54231422",
      "Constructor": "TagAnswer",
      "EndNode": true,
      "Root": false,
      "ShowOnce": false,
      "SpeakerNo": 0,
      "AddressedSpeaker": -1,
      "Children": [],
      "CheckFlags": [],
      "SetFlags": [],
      "TaggedTextList": [
        {
          "HasTagRule": false,
          "RuleGroup": {
            "TagCombineOp": 0,
            "Rules": [],
            "RuleString": ""
          },
          "TagTexts": [
            {
              "LineId": "f83aa60c-2135-0c87-6891-f7008c691ce9",
              "Text": {
                "Handle": "h2612d0a2g8dfbg4b4fgabccgfef90d0090b9",
                "Value": "Nevertheless... I suppose it was decent of you to return."
              }
            }
          ]
        }
      ],
      "EditorData": {
        "AnimationTags": "",
        "Attitude": "Default",
        "CinematicNodeContext": "",
        "CinematicObjects": "",
        "CustomCineArtKeysPresent": "False",
        "CustomLightingPresent": "False",
        "CustomSoundPresent": "False",
        "CustomVFXPresent": "False",
        "Emotion": "Default",
        "ForceDisableIsCustomNode": "False",
        "ID": "N73",
        "InternalNodeContext": "",
        "IsCustomNode": "False",
        "MusicTags": "",
        "NodeContext": "",
        "Quality": "Bronze",
        "SFXTags": "",
        "StateChangeTags": "",
        "TemplateNodeUUID": "00000000-0000-0000-0000-000000000000",
        "TemplateVersion": "0",
        "VFXTags": "",
        "collapsed": "False",
        "logicalname": "Answer",
        "position": "335;15",
        "sourcetemplate": ""
      }
    },
    "9a45af99-5038-5b73-21ef-fc2beb3e403d": {
      "UUID": "9a45af99-5038-5b73-21ef-fc2beb3e403d",
      "Constructor": "TagGreeting",
      "EndNode": false,
      "Root": true,
      "ShowOnce": false,
      "SpeakerNo": 0,
      "AddressedSpeaker": -1,
      "Children": [
        "26d3150e-2ff5-63c6-0dc4-fe6a54231422"
      ],
      "CheckFlags": [
        {
          "Flags": [
            {
              "UUID": "6125a2ad-0b62-e004-71b0-9244c6edbcc2",
              "value": true,
              "paramval": 1,
              "Name": "DEN_AttackOnDen_HasMet_Prodigy"
            }
          ],
          "Type": "Dialog"
        }
      ],
      "SetFlags": [],
      "TaggedTextList": [
        {
          "HasTagRule": false,
          "RuleGroup": {
            "TagCombineOp": 0,
            "Rules": [],
            "RuleString": ""
          },
          "TagTexts": [
            {
              "LineId": "7f377f8d-7ae9-6784-942a-65232cc84bbd",
              "Text": {
                "Handle": "h9fdec745gd4bcg4657gba05g9618bd45041b",
                "Value": "We could've handled those goblins on our own. "
              }
            }
          ]
        }
      ],
      "EditorData": {
        "AnimationTags": "",
        "Attitude": "Default",
        "CinematicNodeContext": "",
        "CinematicObjects": "",
        "CustomCineArtKeysPresent": "False",
        "CustomLightingPresent": "False",
        "CustomSoundPresent": "False",
        "CustomVFXPresent": "False",
        "Emotion": "Default",
        "ForceDisableIsCustomNode": "False",
        "ID": "N68",
        "InternalNodeContext": "",
        "IsCustomNode": "False",
        "MusicTags": "",
        "NodeContext": "",
        "Quality": "Bronze",
        "SFXTags": "",
        "StateChangeTags": "",
        "TemplateNodeUUID": "00000000-0000-0000-0000-000000000000",
        "TemplateVersion": "0",
        "VFXTags": "",
        "collapsed": "False",
        "logicalname": "Den Victory / Has Met",
        "position": "15;15",
        "sourcetemplate": ""
      }
    },
    "b3f27bee-6b33-45ec-c536-f6b42b040749": {
      "UUID": "b3f27bee-6b33-45ec-c536-f6b42b040749",
      "Constructor": "TagAnswer",
      "EndNode": true,
      "Root": false,
      "ShowOnce": false,
      "SpeakerNo": 0,
      "AddressedSpeaker": -1,
      "Children": [],
      "CheckFlags": [],
      "SetFlags": [],
      "TaggedTextList": [
        {
          "HasTagRule": false,
          "RuleGroup": {
            "TagCombineOp": 0,
            "Rules": [],
            "RuleString": ""
          },
          "TagTexts": [
            {
              "LineId": "74668d1f-c1fc-cf38-bb31-7276135fe37d",
              "Text": {
                "Handle": "h0772d4c1g19b9g42b1g8976gcd5148b98182",
                "Value": "And why wield a masterwork where a butcher's blade will do? My thanks, truly."
              }
            }
          ]
        }
      ],
      "EditorData": {
        "AnimationTags": "",
        "Attitude": "Default",
        "CinematicNodeContext": "",
        "CinematicObjects": "",
        "CustomCineArtKeysPresent": "False",
        "CustomLightingPresent": "False",
        "CustomSoundPresent": "False",
        "CustomVFXPresent": "False",
        "Emotion": "Default",
        "ForceDisableIsCustomNode": "False",
        "ID": "N82",
        "InternalNodeContext": "",
        "IsCustomNode": "False",
        "MusicTags": "",
        "NodeContext": "Airy condescension - you saved him a menial task, but it was perfecly suited to you.",
        "Quality": "Bronze",
        "SFXTags": "",
        "StateChangeTags": "",
        "TemplateNodeUUID": "00000000-0000-0000-0000-000000000000",
        "TemplateVersion": "0",
        "VFXTags": "",
        "collapsed": "False",
        "logicalname": "Answer",
        "position": "335;-204",
        "sourcetemplate": ""
      }
    },
    "f443e0c8-f383-d826-cf63-8704e992d37d": {
      "UUID": "f443e0c8-f383-d826-cf63-8704e992d37d",
      "Constructor": "TagGreeting",
      "EndNode": true,
      "Root": true,
      "ShowOnce": false,
      "SpeakerNo": 0,
      "AddressedSpeaker": -1,
      "Children": [],
      "CheckFlags": [],
      "SetFlags": [
        {
          "Flags": [
            {
              "UUID": "6125a2ad-0b62-e004-71b0-9244c6edbcc2",
              "value": true,
              "paramval": 1,
              "Name": "DEN_AttackOnDen_HasMet_Prodigy"
            }
          ],
          "Type": "Dialog"
        }
      ],
      "TaggedTextList": [
        {
          "HasTagRule": false,
          "RuleGroup": {
            "TagCombineOp": 0,
            "Rules": [],
            "RuleString": ""
          },
          "TagTexts": [
            {
              "LineId": "332d920b-0250-71ad-94cd-edcef08671e8",
              "Text": {
                "Handle": "h61dc046cg5d7fg42e7g845cgb4df6d24bf8f",
                "Value": "All that fuss and for what? I'd barely call that a fight. "
              }
            }
          ]
        }
      ],
      "EditorData": {
        "AnimationTags": "",
        "Attitude": "Default",
        "CinematicNodeContext": "",
        "CinematicObjects": "",
        "CustomCineArtKeysPresent": "False",
        "CustomLightingPresent": "False",
        "CustomSoundPresent": "False",
        "CustomVFXPresent": "False",
        "Emotion": "Default",
        "ForceDisableIsCustomNode": "False",
        "ID": "N72",
        "InternalNodeContext": "",
        "IsCustomNode": "False",
        "MusicTags": "",
        "NodeContext": "",
        "Quality": "Bronze",
        "SFXTags": "",
        "StateChangeTags": "",
        "TemplateNodeUUID": "00000000-0000-0000-0000-000000000000",
        "TemplateVersion": "0",
        "VFXTags": "",
        "collapsed": "False",
        "logicalname": "Den Victory / Has not met",
        "position": "15;234",
        "sourcetemplate": ""
      }
    }
  },
  "SpeakerDict": {
    "0": {
      "IsPeanutSpeaker": false,
      "SpeakerMappingId": "5aedf870-eade-d869-003a-ec598463a9d5",
      "Index": 0,
      "List": [
        "b6a3a9e9-b6eb-4c19-ab3f-4c431178fe1b"
      ],
      "SpeakerCharacter": {
        "DisplayName": "Rolan",
        "Type": "character",
        "MapKey": "b6a3a9e9-b6eb-4c19-ab3f-4c431178fe1b",
        "Name": "S_GLO_Prodigy",
        "ParentTemplateId": null,
        "TemplateName": "a5856190-08e3-4741-b697-8b1cbf03eaa1"
      },
      "SpeakerGroupName": null
    },
    "1": {
      "IsPeanutSpeaker": false,
      "SpeakerMappingId": "b64a2713-3923-1836-4e00-dc267b7bafb0",
      "Index": 1,
      "List": [
        "e0d1ff71-04a8-4340-ae64-9684d846eb83"
      ],
      "SpeakerCharacter": {
        "DisplayName": "Player",
        "Type": "character",
        "MapKey": "e2badbf0-159a-4ef5-9e73-7bbeb3d1015a",
        "Name": "S_GLO_CharacterCreationDummy_001",
        "ParentTemplateId": null,
        "TemplateName": "fd7f2707-8f86-4836-bda8-e0db99c389cc"
      },
      "SpeakerGroupName": "GROUP_Players"
    }
  },
  "Synopsis": "Rolan (the prodigy) reacts to the successful defence of the grove, in the event that he was convinced to stay."
}