{
  "Path": "Mods/Gustav/Story/Dialogs/Act1/DEN/DEN_AttackOnDen_AD_CheckingBarricade.lsj",
  "UUID": "f6f192b1-ef8e-7051-7833-8440f4105825",
  "Category": "Repeated automated NPC Dialog",
  "DefaultAddressedSpeakers": {
    "0": -1,
    "1": -1
  },
  "RootNodes": [
    "a38ff4da-0b78-fd37-b8db-c082259fc8db",
    "5d720ad3-cb34-bd50-83b6-0ad1ed33a770",
    "0852d204-c5a7-4dfd-6207-b7149e27d54d",
    "a1479362-cd9f-9221-3f29-9f5d8ad35fc6"
  ],
  "Nodes": {
    "0852d204-c5a7-4dfd-6207-b7149e27d54d": {
      "UUID": "0852d204-c5a7-4dfd-6207-b7149e27d54d",
      "Constructor": "TagGreeting",
      "EndNode": false,
      "Root": true,
      "ShowOnce": false,
      "SpeakerNo": 0,
      "AddressedSpeaker": 0,
      "Children": [
        "c76bf2b6-fd45-cd90-3271-7f2e7d24e1a1"
      ],
      "CheckFlags": [
        {
          "Flags": [
            {
              "UUID": "413e77d1-d146-0838-4ec4-2d91cc16663c",
              "value": true,
              "paramval": null,
              "Name": "bbb2f9a6-33a9-96f5-b8e8-4a5348889699_A"
            }
          ],
          "Type": "Local"
        }
      ],
      "SetFlags": [
        {
          "Flags": [
            {
              "UUID": "c2c603f2-4305-0cab-a70f-7789a3064b51",
              "value": true,
              "paramval": null,
              "Name": "bbb2f9a6-33a9-96f5-b8e8-4a5348889699_B"
            }
          ],
          "Type": "Local"
        }
      ],
      "TaggedTextList": [
        {
          "HasTagRule": false,
          "RuleGroup": {
            "TagCombineOp": 0,
            "Rules": [],
            "RuleString": ""
          },
          "TagTexts": [
            {
              "LineId": "dfe32950-ece1-9d11-7d75-ed95cd78de8d",
              "Text": {
                "Handle": "h48cfe4ccg2ddcg4c47ga166g1429bb56b307",
                "Value": "Right. Should hold together.<br>"
              }
            }
          ]
        }
      ],
      "EditorData": {
        "AnimationTags": "",
        "Attitude": "Default",
        "CinematicNodeContext": "",
        "CinematicObjects": "",
        "CustomCineArtKeysPresent": "False",
        "CustomLightingPresent": "False",
        "CustomSoundPresent": "False",
        "CustomVFXPresent": "False",
        "Emotion": "Default",
        "ForceDisableIsCustomNode": "False",
        "ID": "N5",
        "InternalNodeContext": "",
        "IsCustomNode": "False",
        "MusicTags": "",
        "NodeContext": "",
        "Quality": "Bronze",
        "SFXTags": "",
        "StateChangeTags": "",
        "TemplateNodeUUID": "00000000-0000-0000-0000-000000000000",
        "TemplateVersion": "0",
        "VFXTags": "",
        "collapsed": "False",
        "logicalname": "Greeting",
        "position": "15;-423",
        "sourcetemplate": ""
      }
    },
    "4947294a-a948-08bb-729f-66a8fb878f5a": {
      "UUID": "4947294a-a948-08bb-729f-66a8fb878f5a",
      "Constructor": "TagAnswer",
      "EndNode": true,
      "Root": false,
      "ShowOnce": false,
      "SpeakerNo": 1,
      "AddressedSpeaker": 0,
      "Children": [],
      "CheckFlags": [],
      "SetFlags": [],
      "TaggedTextList": [
        {
          "HasTagRule": false,
          "RuleGroup": {
            "TagCombineOp": 0,
            "Rules": [],
            "RuleString": ""
          },
          "TagTexts": [
            {
              "LineId": "f3024dd7-cfb3-66c2-3c5e-14c05eb03855",
              "Text": {
                "Handle": "h7274bdd1g21fag4838gbbf9ga27431f33678",
                "Value": "Yup. Murderous is one thing, but late?  Beshaba pass over."
              }
            }
          ]
        }
      ],
      "EditorData": {
        "AnimationTags": "",
        "Attitude": "Default",
        "CinematicNodeContext": "",
        "CinematicObjects": "",
        "CustomCineArtKeysPresent": "False",
        "CustomLightingPresent": "False",
        "CustomSoundPresent": "False",
        "CustomVFXPresent": "False",
        "Emotion": "Default",
        "ForceDisableIsCustomNode": "False",
        "ID": "N12",
        "InternalNodeContext": "",
        "IsCustomNode": "False",
        "MusicTags": "",
        "NodeContext": "Ironic. 'Beshaba pass over' [Beh-SHA-ba] - said like 'God forbid' - a common phrase in this world praying that the goddess of bad luck pass you by.",
        "Quality": "Bronze",
        "SFXTags": "",
        "StateChangeTags": "",
        "TemplateNodeUUID": "00000000-0000-0000-0000-000000000000",
        "TemplateVersion": "0",
        "VFXTags": "",
        "collapsed": "False",
        "logicalname": "Answer",
        "position": "335;-642",
        "sourcetemplate": ""
      }
    },
    "5d720ad3-cb34-bd50-83b6-0ad1ed33a770": {
      "UUID": "5d720ad3-cb34-bd50-83b6-0ad1ed33a770",
      "Constructor": "TagGreeting",
      "EndNode": false,
      "Root": true,
      "ShowOnce": false,
      "SpeakerNo": 0,
      "AddressedSpeaker": 0,
      "Children": [
        "4947294a-a948-08bb-729f-66a8fb878f5a"
      ],
      "CheckFlags": [
        {
          "Flags": [
            {
              "UUID": "c2c603f2-4305-0cab-a70f-7789a3064b51",
              "value": true,
              "paramval": null,
              "Name": "bbb2f9a6-33a9-96f5-b8e8-4a5348889699_B"
            }
          ],
          "Type": "Local"
        }
      ],
      "SetFlags": [
        {
          "Flags": [
            {
              "UUID": "e38de546-da73-ed34-4005-7446ccbb4be5",
              "value": true,
              "paramval": null,
              "Name": "bbb2f9a6-33a9-96f5-b8e8-4a5348889699_C"
            }
          ],
          "Type": "Local"
        }
      ],
      "TaggedTextList": [
        {
          "HasTagRule": false,
          "RuleGroup": {
            "TagCombineOp": 0,
            "Rules": [],
            "RuleString": ""
          },
          "TagTexts": [
            {
              "LineId": "d07ffed0-b67f-6939-3866-6e6c5c30d924",
              "Text": {
                "Handle": "hfd6a8255g6b4dg4a78gb495g204834a92164",
                "Value": "Goblins better bloody show up, after all this effort we're putting in.<br>"
              }
            }
          ]
        }
      ],
      "EditorData": {
        "AnimationTags": "",
        "Attitude": "Default",
        "CinematicNodeContext": "",
        "CinematicObjects": "",
        "CustomCineArtKeysPresent": "False",
        "CustomLightingPresent": "False",
        "CustomSoundPresent": "False",
        "CustomVFXPresent": "False",
        "Emotion": "Default",
        "ForceDisableIsCustomNode": "False",
        "ID": "N7",
        "InternalNodeContext": "",
        "IsCustomNode": "False",
        "MusicTags": "",
        "NodeContext": "Grumpy.",
        "Quality": "Bronze",
        "SFXTags": "",
        "StateChangeTags": "",
        "TemplateNodeUUID": "00000000-0000-0000-0000-000000000000",
        "TemplateVersion": "0",
        "VFXTags": "",
        "collapsed": "False",
        "logicalname": "Greeting",
        "position": "15;-642",
        "sourcetemplate": ""
      }
    },
    "a0b89cfa-3abe-a97d-6c61-1abb5cbb60d3": {
      "UUID": "a0b89cfa-3abe-a97d-6c61-1abb5cbb60d3",
      "Constructor": "TagAnswer",
      "EndNode": false,
      "Root": false,
      "ShowOnce": false,
      "SpeakerNo": 1,
      "AddressedSpeaker": 0,
      "Children": [
        "a5594980-020d-699e-7152-8a01760655a6"
      ],
      "CheckFlags": [],
      "SetFlags": [],
      "TaggedTextList": [
        {
          "HasTagRule": false,
          "RuleGroup": {
            "TagCombineOp": 0,
            "Rules": [],
            "RuleString": ""
          },
          "TagTexts": [
            {
              "LineId": "978fa51b-3ce9-f16f-ca6d-a22552a1a631",
              "Text": {
                "Handle": "hb20c628agc57bg45bag8399g1fd95d0f2ca3",
                "Value": "What?"
              }
            }
          ]
        }
      ],
      "EditorData": {
        "AnimationTags": "",
        "Attitude": "Default",
        "CinematicNodeContext": "",
        "CinematicObjects": "",
        "CustomCineArtKeysPresent": "False",
        "CustomLightingPresent": "False",
        "CustomSoundPresent": "False",
        "CustomVFXPresent": "False",
        "Emotion": "Default",
        "ForceDisableIsCustomNode": "False",
        "ID": "N13",
        "InternalNodeContext": "",
        "IsCustomNode": "False",
        "MusicTags": "",
        "NodeContext": "Quietly in response - doesn't know what her friend is referring to.",
        "Quality": "Bronze",
        "SFXTags": "",
        "StateChangeTags": "",
        "TemplateNodeUUID": "00000000-0000-0000-0000-000000000000",
        "TemplateVersion": "0",
        "VFXTags": "",
        "collapsed": "False",
        "logicalname": "Answer",
        "position": "335;-861",
        "sourcetemplate": ""
      }
    },
    "a1479362-cd9f-9221-3f29-9f5d8ad35fc6": {
      "UUID": "a1479362-cd9f-9221-3f29-9f5d8ad35fc6",
      "Constructor": "TagGreeting",
      "EndNode": true,
      "Root": true,
      "ShowOnce": false,
      "SpeakerNo": 0,
      "AddressedSpeaker": 0,
      "Children": [],
      "CheckFlags": [],
      "SetFlags": [
        {
          "Flags": [
            {
              "UUID": "413e77d1-d146-0838-4ec4-2d91cc16663c",
              "value": true,
              "paramval": null,
              "Name": "bbb2f9a6-33a9-96f5-b8e8-4a5348889699_A"
            }
          ],
          "Type": "Local"
        }
      ],
      "TaggedTextList": [
        {
          "HasTagRule": false,
          "RuleGroup": {
            "TagCombineOp": 0,
            "Rules": [],
            "RuleString": ""
          },
          "TagTexts": [
            {
              "LineId": "85465b16-36de-a26f-dd99-be1774099d7f",
              "Text": {
                "Handle": "hb6ba76c2g4d57g4e34ga9b7g91e6693e0a25",
                "Value": "Think... I'm getting... the hang of this...<br>"
              }
            }
          ]
        }
      ],
      "EditorData": {
        "AnimationTags": "",
        "Attitude": "Default",
        "CinematicNodeContext": "",
        "CinematicObjects": "",
        "CustomCineArtKeysPresent": "False",
        "CustomLightingPresent": "False",
        "CustomSoundPresent": "False",
        "CustomVFXPresent": "False",
        "Emotion": "Default",
        "ForceDisableIsCustomNode": "False",
        "ID": "N6",
        "InternalNodeContext": "",
        "IsCustomNode": "False",
        "MusicTags": "",
        "NodeContext": "Said as she labours at building a barricade",
        "Quality": "Bronze",
        "SFXTags": "",
        "StateChangeTags": "",
        "TemplateNodeUUID": "00000000-0000-0000-0000-000000000000",
        "TemplateVersion": "0",
        "VFXTags": "",
        "collapsed": "False",
        "logicalname": "Greeting",
        "position": "15;-204",
        "sourcetemplate": ""
      }
    },
    "a38ff4da-0b78-fd37-b8db-c082259fc8db": {
      "UUID": "a38ff4da-0b78-fd37-b8db-c082259fc8db",
      "Constructor": "TagGreeting",
      "EndNode": false,
      "Root": true,
      "ShowOnce": false,
      "SpeakerNo": 0,
      "AddressedSpeaker": 0,
      "Children": [
        "a0b89cfa-3abe-a97d-6c61-1abb5cbb60d3"
      ],
      "CheckFlags": [
        {
          "Flags": [
            {
              "UUID": "e38de546-da73-ed34-4005-7446ccbb4be5",
              "value": true,
              "paramval": null,
              "Name": "bbb2f9a6-33a9-96f5-b8e8-4a5348889699_C"
            }
          ],
          "Type": "Local"
        }
      ],
      "SetFlags": [
        {
          "Flags": [
            {
              "UUID": "413e77d1-d146-0838-4ec4-2d91cc16663c",
              "value": false,
              "paramval": null,
              "Name": "bbb2f9a6-33a9-96f5-b8e8-4a5348889699_A"
            },
            {
              "UUID": "c2c603f2-4305-0cab-a70f-7789a3064b51",
              "value": false,
              "paramval": null,
              "Name": "bbb2f9a6-33a9-96f5-b8e8-4a5348889699_B"
            },
            {
              "UUID": "e38de546-da73-ed34-4005-7446ccbb4be5",
              "value": false,
              "paramval": null,
              "Name": "bbb2f9a6-33a9-96f5-b8e8-4a5348889699_C"
            }
          ],
          "Type": "Local"
        }
      ],
      "TaggedTextList": [
        {
          "HasTagRule": false,
          "RuleGroup": {
            "TagCombineOp": 0,
            "Rules": [],
            "RuleString": ""
          },
          "TagTexts": [
            {
              "LineId": "a83a2b57-a445-f3d1-e2ec-1e783c554553",
              "Text": {
                "Handle": "h0dd94a4cge761g4445g9fc0gd9f227a50ec2",
                "Value": "You think it'll make any difference?<br>"
              }
            }
          ]
        }
      ],
      "EditorData": {
        "AnimationTags": "",
        "Attitude": "Default",
        "CinematicNodeContext": "",
        "CinematicObjects": "",
        "CustomCineArtKeysPresent": "False",
        "CustomLightingPresent": "False",
        "CustomSoundPresent": "False",
        "CustomVFXPresent": "False",
        "Emotion": "Default",
        "ForceDisableIsCustomNode": "False",
        "ID": "N4",
        "InternalNodeContext": "",
        "IsCustomNode": "False",
        "MusicTags": "",
        "NodeContext": "Quietly, allowing worry to seep through. Looking for reassurance.",
        "Quality": "Bronze",
        "SFXTags": "",
        "StateChangeTags": "",
        "TemplateNodeUUID": "00000000-0000-0000-0000-000000000000",
        "TemplateVersion": "0",
        "VFXTags": "",
        "collapsed": "False",
        "logicalname": "Greeting",
        "position": "15;-861",
        "sourcetemplate": ""
      }
    },
    "a5594980-020d-699e-7152-8a01760655a6": {
      "UUID": "a5594980-020d-699e-7152-8a01760655a6",
      "Constructor": "TagAnswer",
      "EndNode": false,
      "Root": false,
      "ShowOnce": false,
      "SpeakerNo": 0,
      "AddressedSpeaker": 0,
      "Children": [
        "a98cb421-456f-032a-5922-d1cf0b193b7a"
      ],
      "CheckFlags": [],
      "SetFlags": [],
      "TaggedTextList": [
        {
          "HasTagRule": false,
          "RuleGroup": {
            "TagCombineOp": 0,
            "Rules": [],
            "RuleString": ""
          },
          "TagTexts": [
            {
              "LineId": "e8cd9024-ca12-abb1-b4cd-873bca1cfaee",
              "Text": {
                "Handle": "h2dc50ff6gcea5g49d6g9a8fg320b1a04a47a",
                "Value": "All <i>this. </i>Getting ready, like."
              }
            }
          ]
        }
      ],
      "EditorData": {
        "AnimationTags": "",
        "Attitude": "Default",
        "CinematicNodeContext": "",
        "CinematicObjects": "",
        "CustomCineArtKeysPresent": "False",
        "CustomLightingPresent": "False",
        "CustomSoundPresent": "False",
        "CustomVFXPresent": "False",
        "Emotion": "Default",
        "ForceDisableIsCustomNode": "False",
        "ID": "N18",
        "InternalNodeContext": "",
        "IsCustomNode": "False",
        "MusicTags": "",
        "NodeContext": "Gesturing at the work they're carrying out on a barricade.",
        "Quality": "Bronze",
        "SFXTags": "",
        "StateChangeTags": "",
        "TemplateNodeUUID": "00000000-0000-0000-0000-000000000000",
        "TemplateVersion": "0",
        "VFXTags": "",
        "collapsed": "False",
        "logicalname": "Answer",
        "position": "655;-861",
        "sourcetemplate": ""
      }
    },
    "a98cb421-456f-032a-5922-d1cf0b193b7a": {
      "UUID": "a98cb421-456f-032a-5922-d1cf0b193b7a",
      "Constructor": "TagAnswer",
      "EndNode": true,
      "Root": false,
      "ShowOnce": false,
      "SpeakerNo": 1,
      "AddressedSpeaker": 0,
      "Children": [],
      "CheckFlags": [],
      "SetFlags": [],
      "TaggedTextList": [
        {
          "HasTagRule": false,
          "RuleGroup": {
            "TagCombineOp": 0,
            "Rules": [],
            "RuleString": ""
          },
          "TagTexts": [
            {
              "LineId": "b9c588ac-a45c-5d25-3216-852d2c0d175e",
              "Text": {
                "Handle": "hd25ea9c6geafcg4652ga684g88fa23b90468",
                "Value": "I... I don't know. "
              }
            }
          ]
        }
      ],
      "EditorData": {
        "AnimationTags": "",
        "Attitude": "Default",
        "CinematicNodeContext": "",
        "CinematicObjects": "",
        "CustomCineArtKeysPresent": "False",
        "CustomLightingPresent": "False",
        "CustomSoundPresent": "False",
        "CustomVFXPresent": "False",
        "Emotion": "Default",
        "ForceDisableIsCustomNode": "False",
        "ID": "N19",
        "InternalNodeContext": "",
        "IsCustomNode": "False",
        "MusicTags": "",
        "NodeContext": "Shrugging, acknowledging that she doesn't have the confidence she pretends to.",
        "Quality": "Bronze",
        "SFXTags": "",
        "StateChangeTags": "",
        "TemplateNodeUUID": "00000000-0000-0000-0000-000000000000",
        "TemplateVersion": "0",
        "VFXTags": "",
        "collapsed": "False",
        "logicalname": "Answer",
        "position": "975;-861",
        "sourcetemplate": ""
      }
    },
    "c76bf2b6-fd45-cd90-3271-7f2e7d24e1a1": {
      "UUID": "c76bf2b6-fd45-cd90-3271-7f2e7d24e1a1",
      "Constructor": "TagAnswer",
      "EndNode": false,
      "Root": false,
      "ShowOnce": false,
      "SpeakerNo": 1,
      "AddressedSpeaker": 0,
      "Children": [
        "f06b2902-0b66-d5fb-4b55-0e3c53889d15"
      ],
      "CheckFlags": [],
      "SetFlags": [],
      "TaggedTextList": [
        {
          "HasTagRule": false,
          "RuleGroup": {
            "TagCombineOp": 0,
            "Rules": [],
            "RuleString": ""
          },
          "TagTexts": [
            {
              "LineId": "3a71afc4-ffe3-3f0e-a4e3-fc04b17f68b0",
              "Text": {
                "Handle": "h3fed2bd3g95dag4cb1gbfacge61f34259e0d",
                "Value": "<i>'Should'?</i>"
              }
            }
          ]
        }
      ],
      "EditorData": {
        "AnimationTags": "",
        "Attitude": "Default",
        "CinematicNodeContext": "",
        "CinematicObjects": "",
        "CustomCineArtKeysPresent": "False",
        "CustomLightingPresent": "False",
        "CustomSoundPresent": "False",
        "CustomVFXPresent": "False",
        "Emotion": "Default",
        "ForceDisableIsCustomNode": "False",
        "ID": "N8",
        "InternalNodeContext": "",
        "IsCustomNode": "False",
        "MusicTags": "",
        "NodeContext": "Said with concern.",
        "Quality": "Bronze",
        "SFXTags": "",
        "StateChangeTags": "",
        "TemplateNodeUUID": "00000000-0000-0000-0000-000000000000",
        "TemplateVersion": "0",
        "VFXTags": "",
        "collapsed": "False",
        "logicalname": "Answer",
        "position": "335;-423",
        "sourcetemplate": ""
      }
    },
    "f06b2902-0b66-d5fb-4b55-0e3c53889d15": {
      "UUID": "f06b2902-0b66-d5fb-4b55-0e3c53889d15",
      "Constructor": "TagAnswer",
      "EndNode": true,
      "Root": false,
      "ShowOnce": false,
      "SpeakerNo": 0,
      "AddressedSpeaker": 0,
      "Children": [],
      "CheckFlags": [],
      "SetFlags": [],
      "TaggedTextList": [
        {
          "HasTagRule": false,
          "RuleGroup": {
            "TagCombineOp": 0,
            "Rules": [],
            "RuleString": ""
          },
          "TagTexts": [
            {
              "LineId": "f454cc1a-37b2-a20b-1e16-e8a19700559d",
              "Text": {
                "Handle": "h878c15d6g8346g424agae23g2d095fb76433",
                "Value": "Well. We won't be long finding out, I suppose."
              }
            }
          ]
        }
      ],
      "EditorData": {
        "AnimationTags": "",
        "Attitude": "Default",
        "CinematicNodeContext": "",
        "CinematicObjects": "",
        "CustomCineArtKeysPresent": "False",
        "CustomLightingPresent": "False",
        "CustomSoundPresent": "False",
        "CustomVFXPresent": "False",
        "Emotion": "Default",
        "ForceDisableIsCustomNode": "False",
        "ID": "N11",
        "InternalNodeContext": "",
        "IsCustomNode": "False",
        "MusicTags": "",
        "NodeContext": "Matter of fact, fatalistic - making a joke of it",
        "Quality": "Bronze",
        "SFXTags": "",
        "StateChangeTags": "",
        "TemplateNodeUUID": "00000000-0000-0000-0000-000000000000",
        "TemplateVersion": "0",
        "VFXTags": "",
        "collapsed": "False",
        "logicalname": "Answer",
        "position": "655;-423",
        "sourcetemplate": ""
      }
    }
  },
  "SpeakerDict": {
    "0": {
      "IsPeanutSpeaker": false,
      "SpeakerMappingId": "a8a68d64-4bfe-8016-73ff-348871d46c3b",
      "Index": 0,
      "List": [
        "23129d6c-8d39-4a4c-a4f6-cfc6637b597c"
      ],
      "SpeakerCharacter": {
        "DisplayName": "Lakrissa",
        "Type": "character",
        "MapKey": "23129d6c-8d39-4a4c-a4f6-cfc6637b597c",
        "Name": "S_DEN_Tiefling_010",
        "ParentTemplateId": null,
        "TemplateName": "9103fce3-6423-4f8a-af04-83ac1af2a1d7"
      },
      "SpeakerGroupName": null
    },
    "1": {
      "IsPeanutSpeaker": false,
      "SpeakerMappingId": "319acb2d-c829-2adc-7241-c5b4156dba37",
      "Index": 1,
      "List": [
        "c9562174-44af-4ffa-9e5e-da58538f23d8"
      ],
      "SpeakerCharacter": {
        "DisplayName": "Kaldani",
        "Type": "character",
        "MapKey": "c9562174-44af-4ffa-9e5e-da58538f23d8",
        "Name": "S_DEN_Tiefling_004",
        "ParentTemplateId": null,
        "TemplateName": "fc3ff4f7-eff0-4512-a82d-2bac0336f76a"
      },
      "SpeakerGroupName": null
    }
  },
  "Synopsis": "Lakrissa and Kaldani are going back and forth over a barricade they're building together in preparation for the attack. They're friends joking around to hide their nerves about the incoming goblins.."
}