{
  "Path": "Mods/Gustav/Story/Dialogs/Act1/DEN/DEN_DruidAttack_RitualDruid5.lsj",
  "UUID": "3d8e1650-68b0-35fc-c133-a489540e5b77",
  "Category": "Generic NPC Dialog",
  "DefaultAddressedSpeakers": {
    "0": -1,
    "1": -1
  },
  "RootNodes": [
    "8e8c2e7b-9868-8b54-3a60-0f2209c0ce55"
  ],
  "Nodes": {
    "8e8c2e7b-9868-8b54-3a60-0f2209c0ce55": {
      "UUID": "8e8c2e7b-9868-8b54-3a60-0f2209c0ce55",
      "Constructor": "TagGreeting",
      "EndNode": true,
      "Root": true,
      "ShowOnce": false,
      "SpeakerNo": 0,
      "AddressedSpeaker": -1,
      "Children": [],
      "CheckFlags": [],
      "SetFlags": [],
      "TaggedTextList": [
        {
          "HasTagRule": false,
          "RuleGroup": {
            "TagCombineOp": 0,
            "Rules": [],
            "RuleString": ""
          },
          "TagTexts": [
            {
              "LineId": "86bcf61c-40a9-ed04-3826-4d96880c6378",
              "Text": {
                "Handle": "h5b4d93feg0490g4f42g8942g95d5a1b4e607",
                "Value": "This is <i>our</i> grove!"
              }
            }
          ]
        }
      ],
      "EditorData": {
        "AnimationTags": "",
        "Attitude": "Default",
        "CinematicNodeContext": "",
        "CinematicObjects": "",
        "CustomCineArtKeysPresent": "False",
        "CustomLightingPresent": "False",
        "CustomSoundPresent": "False",
        "CustomVFXPresent": "False",
        "Emotion": "Default",
        "ForceDisableIsCustomNode": "False",
        "ID": "N1",
        "InternalNodeContext": "",
        "IsCustomNode": "False",
        "MusicTags": "",
        "NodeContext": "The druids are preparing to attack the tieflings in the grove - and the player.",
        "Quality": "Bronze",
        "SFXTags": "",
        "StateChangeTags": "",
        "TemplateNodeUUID": "00000000-0000-0000-0000-000000000000",
        "TemplateVersion": "0",
        "VFXTags": "",
        "collapsed": "False",
        "logicalname": "Druid Attack is under way.",
        "position": "15;-423",
        "sourcetemplate": ""
      }
    }
  },
  "SpeakerDict": {
    "0": {
      "IsPeanutSpeaker": false,
      "SpeakerMappingId": "bcc11514-0ca6-13ad-46e3-821717b98837",
      "Index": 0,
      "List": [
        "641fc4b5-3c42-4c4d-a759-541ad437f9df"
      ],
      "SpeakerCharacter": {
        "DisplayName": "Tahan",
        "Type": "character",
        "MapKey": "641fc4b5-3c42-4c4d-a759-541ad437f9df",
        "Name": "S_DEN_RitualDruid_005",
        "ParentTemplateId": null,
        "TemplateName": "308574bb-5a2e-4395-b9df-75c9f4645ae6"
      },
      "SpeakerGroupName": null
    },
    "1": {
      "IsPeanutSpeaker": false,
      "SpeakerMappingId": "59dee286-900a-766e-a3df-b2e78e0d9715",
      "Index": 1,
      "List": [
        "e0d1ff71-04a8-4340-ae64-9684d846eb83"
      ],
      "SpeakerCharacter": {
        "DisplayName": "Player",
        "Type": "character",
        "MapKey": "e2badbf0-159a-4ef5-9e73-7bbeb3d1015a",
        "Name": "S_GLO_CharacterCreationDummy_001",
        "ParentTemplateId": null,
        "TemplateName": "fd7f2707-8f86-4836-bda8-e0db99c389cc"
      },
      "SpeakerGroupName": "GROUP_Players"
    }
  },
  "Synopsis": "Tahani has stopped chanting as the druids prepare to battle the tieflings in a fight to the death. She's anxious to fight - she sees the tieflings as foreign invaders that need to be driven out."
}