{
  "Path": "Mods/Gustav/Story/Dialogs/Act1/DEN/DEN_DruidAttack_PickpocketTrader.lsj",
  "UUID": "fbb00e24-1c56-feee-d929-97fb78b15a29",
  "Category": "Generic NPC Dialog",
  "DefaultAddressedSpeakers": {
    "0": -1,
    "1": -1
  },
  "RootNodes": [
    "302eba85-1c63-477f-a00f-38ac1f0e9975",
    "4edcafcb-46d3-220e-31d7-c8e4b0ff4704",
    "aed3c71f-4ae7-602a-f03c-128dac3a29c5"
  ],
  "Nodes": {
    "302eba85-1c63-477f-a00f-38ac1f0e9975": {
      "UUID": "302eba85-1c63-477f-a00f-38ac1f0e9975",
      "Constructor": "TagGreeting",
      "EndNode": true,
      "Root": true,
      "ShowOnce": false,
      "SpeakerNo": 0,
      "AddressedSpeaker": -1,
      "Children": [],
      "CheckFlags": [
        {
          "Flags": [
            {
              "UUID": "6c2c606e-7c66-29de-1e89-e1ef1f57a96b",
              "value": true,
              "paramval": 1,
              "Name": "DEN_DruidAttack_HasMet_PickpocketTraderAfterAttack"
            }
          ],
          "Type": "Dialog"
        },
        {
          "Flags": [
            {
              "UUID": "b4754af7-07ec-433c-87d2-e78ef4c79e6e",
              "value": true,
              "paramval": null,
              "Name": "DEN_DruidAttack_State_PrepAfterDeathOfDruids"
            }
          ],
          "Type": "Global"
        }
      ],
      "SetFlags": [],
      "TaggedTextList": [
        {
          "HasTagRule": false,
          "RuleGroup": {
            "TagCombineOp": 0,
            "Rules": [],
            "RuleString": ""
          },
          "TagTexts": [
            {
              "LineId": "5c10b3ee-490f-5bab-8e17-79da28947d4c",
              "Text": {
                "Handle": "h3208879cg8c70g4f0dg9a96gc30410bbdb5e",
                "Value": "Don't even think about touching the druids' stuff. We called it first."
              }
            }
          ]
        }
      ],
      "EditorData": {
        "AnimationTags": "",
        "Attitude": "Default",
        "CinematicNodeContext": "Points at herself when she says 'we called it first.'",
        "CinematicObjects": "",
        "CustomCineArtKeysPresent": "False",
        "CustomLightingPresent": "False",
        "CustomSoundPresent": "False",
        "CustomVFXPresent": "False",
        "Emotion": "Default",
        "ForceDisableIsCustomNode": "False",
        "ID": "N18",
        "InternalNodeContext": "",
        "IsCustomNode": "True",
        "MusicTags": "",
        "NodeContext": "The druids have been killed after they attacked her fellow tieflings. She's planning on looting all of their stuff. Points at herself when she says 'we called it first.'",
        "Quality": "Bronze",
        "SFXTags": "",
        "StateChangeTags": "",
        "TemplateNodeUUID": "00000000-0000-0000-0000-000000000000",
        "TemplateVersion": "0",
        "VFXTags": "",
        "collapsed": "False",
        "logicalname": "Druids are dead and attack is over.",
        "position": "15;-642",
        "sourcetemplate": ""
      }
    },
    "4edcafcb-46d3-220e-31d7-c8e4b0ff4704": {
      "UUID": "4edcafcb-46d3-220e-31d7-c8e4b0ff4704",
      "Constructor": "TagGreeting",
      "EndNode": false,
      "Root": true,
      "ShowOnce": false,
      "SpeakerNo": 0,
      "AddressedSpeaker": -1,
      "Children": [
        "a6fbe0bf-ea4c-0350-cb2f-9f9e6f5245be"
      ],
      "CheckFlags": [
        {
          "Flags": [
            {
              "UUID": "b4754af7-07ec-433c-87d2-e78ef4c79e6e",
              "value": true,
              "paramval": null,
              "Name": "DEN_DruidAttack_State_PrepAfterDeathOfDruids"
            }
          ],
          "Type": "Global"
        }
      ],
      "SetFlags": [
        {
          "Flags": [
            {
              "UUID": "6c2c606e-7c66-29de-1e89-e1ef1f57a96b",
              "value": true,
              "paramval": 1,
              "Name": "DEN_DruidAttack_HasMet_PickpocketTraderAfterAttack"
            }
          ],
          "Type": "Dialog"
        }
      ],
      "TaggedTextList": [
        {
          "HasTagRule": false,
          "RuleGroup": {
            "TagCombineOp": 0,
            "Rules": [],
            "RuleString": ""
          },
          "TagTexts": [
            {
              "LineId": "27faea7c-9e1b-10b6-a920-9e36e89107f1",
              "Text": {
                "Handle": "h24a4ecb2g6f34g4210gbd16g08d97e1a98a8",
                "Value": "There goes half my customers. But you'll make up the difference, right?"
              }
            }
          ]
        }
      ],
      "EditorData": {
        "AnimationTags": "",
        "Attitude": "Default",
        "CinematicNodeContext": "",
        "CinematicObjects": "",
        "CustomCineArtKeysPresent": "False",
        "CustomLightingPresent": "False",
        "CustomSoundPresent": "False",
        "CustomVFXPresent": "False",
        "Emotion": "Default",
        "ForceDisableIsCustomNode": "False",
        "ID": "N2",
        "InternalNodeContext": "",
        "IsCustomNode": "False",
        "MusicTags": "",
        "NodeContext": "The druids are all dead. She's miffed to lose her customer base, but is secretly relieved the whole thing is over.",
        "Quality": "Bronze",
        "SFXTags": "",
        "StateChangeTags": "",
        "TemplateNodeUUID": "00000000-0000-0000-0000-000000000000",
        "TemplateVersion": "0",
        "VFXTags": "",
        "collapsed": "False",
        "logicalname": "Druids are dead and attack is over.",
        "position": "15;-423",
        "sourcetemplate": ""
      }
    },
    "a6fbe0bf-ea4c-0350-cb2f-9f9e6f5245be": {
      "UUID": "a6fbe0bf-ea4c-0350-cb2f-9f9e6f5245be",
      "Constructor": "TagAnswer",
      "EndNode": true,
      "Root": false,
      "ShowOnce": false,
      "SpeakerNo": 0,
      "AddressedSpeaker": -1,
      "Children": [],
      "CheckFlags": [],
      "SetFlags": [],
      "TaggedTextList": [
        {
          "HasTagRule": false,
          "RuleGroup": {
            "TagCombineOp": 0,
            "Rules": [],
            "RuleString": ""
          },
          "TagTexts": [
            {
              "LineId": "34217a0a-221c-1862-95b4-7e689d423b3b",
              "Text": {
                "Handle": "hcbfcd534g1d72g48d9gab8dg964f0a143acf",
                "Value": "Just have to replenish our stock first."
              }
            }
          ]
        }
      ],
      "EditorData": {
        "AnimationTags": "",
        "Attitude": "Default",
        "CinematicNodeContext": "",
        "CinematicObjects": "",
        "CustomCineArtKeysPresent": "False",
        "CustomLightingPresent": "False",
        "CustomSoundPresent": "False",
        "CustomVFXPresent": "False",
        "Emotion": "Default",
        "ForceDisableIsCustomNode": "False",
        "ID": "N19",
        "InternalNodeContext": "",
        "IsCustomNode": "False",
        "MusicTags": "",
        "NodeContext": "The druid attack is over - she's planning on looting the druids' belongings.",
        "Quality": "Bronze",
        "SFXTags": "",
        "StateChangeTags": "",
        "TemplateNodeUUID": "00000000-0000-0000-0000-000000000000",
        "TemplateVersion": "0",
        "VFXTags": "",
        "collapsed": "False",
        "logicalname": "Answer",
        "position": "335;-423",
        "sourcetemplate": ""
      }
    },
    "aed3c71f-4ae7-602a-f03c-128dac3a29c5": {
      "UUID": "aed3c71f-4ae7-602a-f03c-128dac3a29c5",
      "Constructor": "TagGreeting",
      "EndNode": true,
      "Root": true,
      "ShowOnce": false,
      "SpeakerNo": 0,
      "AddressedSpeaker": -1,
      "Children": [],
      "CheckFlags": [],
      "SetFlags": [],
      "TaggedTextList": [
        {
          "HasTagRule": false,
          "RuleGroup": {
            "TagCombineOp": 0,
            "Rules": [],
            "RuleString": ""
          },
          "TagTexts": [
            {
              "LineId": "f04eddaf-118a-23fd-3ce4-1d1171e0cfce",
              "Text": {
                "Handle": "h931c5fbcg993fg456agbd13g4d1a1856efbd",
                "Value": "Hiding with the children, huh? I get it."
              }
            }
          ]
        }
      ],
      "EditorData": {
        "AnimationTags": "",
        "Attitude": "Default",
        "CinematicNodeContext": "",
        "CinematicObjects": "",
        "CustomCineArtKeysPresent": "False",
        "CustomLightingPresent": "False",
        "CustomSoundPresent": "False",
        "CustomVFXPresent": "False",
        "Emotion": "Default",
        "ForceDisableIsCustomNode": "False",
        "ID": "N1",
        "InternalNodeContext": "",
        "IsCustomNode": "False",
        "MusicTags": "",
        "NodeContext": "She gets the player wanting to save their own skin by hiding with the children. She's not judging. Said while the druids are attacking.",
        "Quality": "Bronze",
        "SFXTags": "",
        "StateChangeTags": "",
        "TemplateNodeUUID": "00000000-0000-0000-0000-000000000000",
        "TemplateVersion": "0",
        "VFXTags": "",
        "collapsed": "False",
        "logicalname": "Druid Attack is under way.",
        "position": "15;-204",
        "sourcetemplate": ""
      }
    }
  },
  "SpeakerDict": {
    "0": {
      "IsPeanutSpeaker": false,
      "SpeakerMappingId": "36fb513d-6eec-6b99-9104-4f9bdde2c53a",
      "Index": 0,
      "List": [
        "e1fda08b-45d4-41db-84b5-20e9931ba5af"
      ],
      "SpeakerCharacter": {
        "DisplayName": "Mattis",
        "Type": "character",
        "MapKey": "e1fda08b-45d4-41db-84b5-20e9931ba5af",
        "Name": "S_DEN_PickpocketTrader",
        "ParentTemplateId": null,
        "TemplateName": "80ca9a84-00c2-45c6-892e-bf6f07a5af3e"
      },
      "SpeakerGroupName": null
    },
    "1": {
      "IsPeanutSpeaker": false,
      "SpeakerMappingId": "43fcddfa-83db-8e99-e249-fffb56a50ffa",
      "Index": 1,
      "List": [
        "e0d1ff71-04a8-4340-ae64-9684d846eb83"
      ],
      "SpeakerCharacter": {
        "DisplayName": "Player",
        "Type": "character",
        "MapKey": "e2badbf0-159a-4ef5-9e73-7bbeb3d1015a",
        "Name": "S_GLO_CharacterCreationDummy_001",
        "ParentTemplateId": null,
        "TemplateName": "fd7f2707-8f86-4836-bda8-e0db99c389cc"
      },
      "SpeakerGroupName": "GROUP_Players"
    }
  },
  "Synopsis": "This dialogue plays either while the druids are attacking the tieflings in the grove, or after the druids have been defeated. During the attack, Lim is hidden away with the other tiefling children. She's fairly calm, given the situation - she's used to getting out of binds. Afterward, she's already plotting how she might get out ahead, though she's a bit irked at the player for getting rid of a source of income. "
}