{
  "Path": "Mods/Gustav/Story/Dialogs/Act1/DEN/DEN_AttackOnDen_Sapper_002.lsj",
  "UUID": "5e6679ac-6943-4850-140d-e16cc7e5b108",
  "Category": "Generic NPC Dialog",
  "DefaultAddressedSpeakers": {
    "0": -1,
    "1": 0
  },
  "RootNodes": [
    "4a58596f-6fd8-d43b-1e03-513dc9c4dc32",
    "973cf871-ca29-c012-047e-fd806a3ba27e"
  ],
  "Nodes": {
    "2e47ca09-da37-398b-1f19-5c8d7a927afe": {
      "UUID": "2e47ca09-da37-398b-1f19-5c8d7a927afe",
      "Constructor": "TagAnswer",
      "EndNode": true,
      "Root": false,
      "ShowOnce": false,
      "SpeakerNo": 0,
      "AddressedSpeaker": -1,
      "Children": [],
      "CheckFlags": [],
      "SetFlags": [],
      "TaggedTextList": [
        {
          "HasTagRule": false,
          "RuleGroup": {
            "TagCombineOp": 0,
            "Rules": [],
            "RuleString": ""
          },
          "TagTexts": [
            {
              "LineId": "7bf474fc-6ada-cb5e-843a-94300b077b10",
              "Text": {
                "Handle": "h7bd391d9gbca6g444cgba14gd5ea5884e5a0",
                "Value": "... when I hit 'em with this stuff, it'll barely leave a stain."
              }
            }
          ]
        }
      ],
      "EditorData": {
        "AnimationTags": "*dupe*[goblin] is carrying an [explosive barrel]",
        "Attitude": "Default",
        "CinematicNodeContext": "he's carrying an explosive barrel",
        "CinematicObjects": "[explosive barrel]",
        "CustomCineArtKeysPresent": "False",
        "CustomLightingPresent": "False",
        "CustomSoundPresent": "False",
        "CustomVFXPresent": "False",
        "Emotion": "Default",
        "ForceDisableIsCustomNode": "False",
        "ID": "N3",
        "InternalNodeContext": "",
        "IsCustomNode": "True",
        "MusicTags": "",
        "NodeContext": "referring to the explosives he's carrying",
        "Quality": "Silver",
        "SFXTags": "",
        "StateChangeTags": "goblin bringing in explosive barrels",
        "TemplateNodeUUID": "00000000-0000-0000-0000-000000000000",
        "TemplateVersion": "0",
        "VFXTags": "",
        "collapsed": "False",
        "logicalname": "Answer",
        "position": "335;15",
        "sourcetemplate": ""
      }
    },
    "4a58596f-6fd8-d43b-1e03-513dc9c4dc32": {
      "UUID": "4a58596f-6fd8-d43b-1e03-513dc9c4dc32",
      "Constructor": "TagGreeting",
      "EndNode": true,
      "Root": true,
      "ShowOnce": false,
      "SpeakerNo": 0,
      "AddressedSpeaker": -1,
      "Children": [],
      "CheckFlags": [
        {
          "Flags": [
            {
              "UUID": "ebe2c997-93ae-93f2-7f11-34057122b19b",
              "value": true,
              "paramval": 0,
              "Name": "DEN_AttackOnDen_State_Victorious"
            }
          ],
          "Type": "Object"
        }
      ],
      "SetFlags": [],
      "TaggedTextList": [
        {
          "HasTagRule": false,
          "RuleGroup": {
            "TagCombineOp": 0,
            "Rules": [],
            "RuleString": ""
          },
          "TagTexts": [
            {
              "LineId": "4da442a9-b116-9e61-a1fb-e2cc0cd047bf",
              "Text": {
                "Handle": "h9532c868gb24ag40b2g8682gd3ef7689375b",
                "Value": "Plenty of tieflin' meat for the lads back at camp..."
              }
            }
          ]
        }
      ],
      "EditorData": {
        "AnimationTags": "[goblin] is carrying an [explosive barrel]",
        "Attitude": "Default",
        "CinematicNodeContext": "he's carrying an explosive barrel",
        "CinematicObjects": "[explosive barrel]",
        "CustomCineArtKeysPresent": "False",
        "CustomLightingPresent": "False",
        "CustomSoundPresent": "False",
        "CustomVFXPresent": "False",
        "Emotion": "Default",
        "ForceDisableIsCustomNode": "False",
        "ID": "N2",
        "InternalNodeContext": "",
        "IsCustomNode": "True",
        "MusicTags": "",
        "NodeContext": "with a cruel smile - talking about the corpses of the people they've just killed",
        "Quality": "Silver",
        "SFXTags": "",
        "StateChangeTags": "goblin bringing in explosive barrels",
        "TemplateNodeUUID": "00000000-0000-0000-0000-000000000000",
        "TemplateVersion": "0",
        "VFXTags": "",
        "collapsed": "False",
        "logicalname": "Greeting",
        "position": "15;-204",
        "sourcetemplate": ""
      }
    },
    "973cf871-ca29-c012-047e-fd806a3ba27e": {
      "UUID": "973cf871-ca29-c012-047e-fd806a3ba27e",
      "Constructor": "TagGreeting",
      "EndNode": false,
      "Root": true,
      "ShowOnce": false,
      "SpeakerNo": 0,
      "AddressedSpeaker": -1,
      "Children": [
        "2e47ca09-da37-398b-1f19-5c8d7a927afe"
      ],
      "CheckFlags": [],
      "SetFlags": [],
      "TaggedTextList": [
        {
          "HasTagRule": false,
          "RuleGroup": {
            "TagCombineOp": 0,
            "Rules": [],
            "RuleString": ""
          },
          "TagTexts": [
            {
              "LineId": "e4b42423-6147-e39b-61e5-861fddab88b1",
              "Text": {
                "Handle": "h11bb7057gc87eg435fg9941g7f21db183ae4",
                "Value": "Guess we ain't takin' prisoners..."
              }
            }
          ]
        }
      ],
      "EditorData": {
        "AnimationTags": "*dupe*[goblin] is carrying an [explosive barrel]",
        "Attitude": "Default",
        "CinematicNodeContext": "he's carrying an explosive barrel",
        "CinematicObjects": "[explosive barrel]",
        "CustomCineArtKeysPresent": "False",
        "CustomLightingPresent": "False",
        "CustomSoundPresent": "False",
        "CustomVFXPresent": "False",
        "Emotion": "Default",
        "ForceDisableIsCustomNode": "False",
        "ID": "N1",
        "InternalNodeContext": "",
        "IsCustomNode": "True",
        "MusicTags": "",
        "NodeContext": "with a cruel smile",
        "Quality": "Silver",
        "SFXTags": "",
        "StateChangeTags": "goblin bringing in explosive barrels",
        "TemplateNodeUUID": "00000000-0000-0000-0000-000000000000",
        "TemplateVersion": "0",
        "VFXTags": "",
        "collapsed": "False",
        "logicalname": "Greeting",
        "position": "15;15",
        "sourcetemplate": ""
      }
    }
  },
  "SpeakerDict": {
    "0": {
      "IsPeanutSpeaker": false,
      "SpeakerMappingId": "9dc91ea4-5ed2-5778-0006-b389736239df",
      "Index": 0,
      "List": [
        "769c8964-7b9f-4040-a742-9ebcecc07ce1"
      ],
      "SpeakerCharacter": null,
      "SpeakerGroupName": null
    },
    "1": {
      "IsPeanutSpeaker": false,
      "SpeakerMappingId": "94721986-625e-4758-35ff-0f7b5f74e2ae",
      "Index": 1,
      "List": [
        "e0d1ff71-04a8-4340-ae64-9684d846eb83"
      ],
      "SpeakerCharacter": {
        "DisplayName": "Player",
        "Type": "character",
        "MapKey": "e2badbf0-159a-4ef5-9e73-7bbeb3d1015a",
        "Name": "S_GLO_CharacterCreationDummy_001",
        "ParentTemplateId": null,
        "TemplateName": "fd7f2707-8f86-4836-bda8-e0db99c389cc"
      },
      "SpeakerGroupName": "GROUP_Players"
    }
  },
  "Synopsis": "goblin carrying explosives into the attack on the grove"
}