{
  "Path": "Mods/Gustav/Story/Dialogs/Act1/DEN/DEN_AttackOnDen_BirdSender.lsj",
  "UUID": "038b9266-ae9c-4df5-0741-594695906692",
  "Category": "Generic NPC Dialog",
  "DefaultAddressedSpeakers": {
    "0": 1,
    "1": 0
  },
  "RootNodes": [
    "52421cfc-c879-2288-b6c3-34e0aecb7c0b",
    "ac428e33-3b39-6030-165b-c12f7fc1ec21",
    "edd1ea76-a315-6be8-f348-23d4f97e2b81",
    "7ccb040b-deab-42d4-daae-97baa8845c79",
    "16801a54-9013-6348-3331-3f06af6dea67"
  ],
  "Nodes": {
    "1418c6bd-107b-7436-38d9-102f5e112a0d": {
      "UUID": "1418c6bd-107b-7436-38d9-102f5e112a0d",
      "Constructor": "TagAnswer",
      "EndNode": true,
      "Root": false,
      "ShowOnce": false,
      "SpeakerNo": 0,
      "AddressedSpeaker": -1,
      "Children": [],
      "CheckFlags": [
        {
          "Flags": [
            {
              "UUID": "5af86099-47f9-ba69-199a-fe91292a41bd",
              "value": true,
              "paramval": null,
              "Name": "GLO_Halsin_State_Returned"
            },
            {
              "UUID": "86bc3df1-08b4-fbc4-b542-6241bcd03df1",
              "value": false,
              "paramval": null,
              "Name": "GLO_Halsin_State_PermaDefeated"
            }
          ],
          "Type": "Global"
        }
      ],
      "SetFlags": [],
      "TaggedTextList": [
        {
          "HasTagRule": false,
          "RuleGroup": {
            "TagCombineOp": 0,
            "Rules": [],
            "RuleString": ""
          },
          "TagTexts": [
            {
              "LineId": "6f6c686b-52cb-d2eb-6d15-9d86dfba8a91",
              "Text": {
                "Handle": "h5697bbc9g3875g412bg8682g0f7249e233b0",
                "Value": "The days ahead won't be easy. I'm glad we have Halsin to guide us. "
              }
            }
          ]
        }
      ],
      "EditorData": {
        "AnimationTags": "",
        "Attitude": "Default",
        "CinematicNodeContext": "",
        "CinematicObjects": "",
        "CustomCineArtKeysPresent": "False",
        "CustomLightingPresent": "False",
        "CustomSoundPresent": "False",
        "CustomVFXPresent": "False",
        "Emotion": "Default",
        "ForceDisableIsCustomNode": "False",
        "ID": "N80",
        "InternalNodeContext": "",
        "IsCustomNode": "False",
        "MusicTags": "",
        "NodeContext": "",
        "Quality": "Bronze",
        "SFXTags": "",
        "StateChangeTags": "",
        "TemplateNodeUUID": "00000000-0000-0000-0000-000000000000",
        "TemplateVersion": "0",
        "VFXTags": "",
        "collapsed": "False",
        "logicalname": "Halsin Returned & Alive",
        "position": "335;-2394",
        "sourcetemplate": ""
      }
    },
    "16801a54-9013-6348-3331-3f06af6dea67": {
      "UUID": "16801a54-9013-6348-3331-3f06af6dea67",
      "Constructor": "TagGreeting",
      "EndNode": true,
      "Root": true,
      "ShowOnce": false,
      "SpeakerNo": 0,
      "AddressedSpeaker": -1,
      "Children": [],
      "CheckFlags": [],
      "SetFlags": [
        {
          "Flags": [
            {
              "UUID": "a2b28a6c-ec68-b215-96e1-42acb0960458",
              "value": true,
              "paramval": 1,
              "Name": "DEN_AttackOnDen_HasMet_BirdSender"
            }
          ],
          "Type": "Dialog"
        }
      ],
      "TaggedTextList": [
        {
          "HasTagRule": false,
          "RuleGroup": {
            "TagCombineOp": 0,
            "Rules": [],
            "RuleString": ""
          },
          "TagTexts": [
            {
              "LineId": "1b6d41fa-f061-5ddf-7eab-25f278a8443f",
              "Text": {
                "Handle": "h2b7fdfc8g6594g4a94gb525gfee2befcf893",
                "Value": "You saved a holy place from desecration. Thank you."
              }
            }
          ]
        }
      ],
      "EditorData": {
        "AnimationTags": "",
        "Attitude": "Friendly",
        "CinematicNodeContext": "",
        "CinematicObjects": "",
        "CustomCineArtKeysPresent": "False",
        "CustomLightingPresent": "False",
        "CustomSoundPresent": "False",
        "CustomVFXPresent": "False",
        "Emotion": "Default",
        "ForceDisableIsCustomNode": "False",
        "ID": "N2",
        "InternalNodeContext": "",
        "IsCustomNode": "False",
        "MusicTags": "",
        "NodeContext": "",
        "Quality": "Bronze",
        "SFXTags": "",
        "StateChangeTags": "",
        "TemplateNodeUUID": "00000000-0000-0000-0000-000000000000",
        "TemplateVersion": "0",
        "VFXTags": "",
        "collapsed": "False",
        "logicalname": "Greeting",
        "position": "15;-1518",
        "sourcetemplate": ""
      }
    },
    "52421cfc-c879-2288-b6c3-34e0aecb7c0b": {
      "UUID": "52421cfc-c879-2288-b6c3-34e0aecb7c0b",
      "Constructor": "TagGreeting",
      "EndNode": true,
      "Root": true,
      "ShowOnce": false,
      "SpeakerNo": 0,
      "AddressedSpeaker": -1,
      "Children": [],
      "CheckFlags": [
        {
          "Flags": [
            {
              "UUID": "fbdd1b1c-ef20-ab4a-5371-7b7be10ec4b9",
              "value": true,
              "paramval": null,
              "Name": "DEN_GroveConflict_State_IdolIsMissing"
            }
          ],
          "Type": "Global"
        }
      ],
      "SetFlags": [],
      "TaggedTextList": [
        {
          "HasTagRule": false,
          "RuleGroup": {
            "TagCombineOp": 0,
            "Rules": [],
            "RuleString": ""
          },
          "TagTexts": [
            {
              "LineId": "202856f9-4f1c-48d5-7a9c-53d9a4268a83",
              "Text": {
                "Handle": "h7e125bb5g5e8eg4580gb9e5ge7167e24c932",
                "Value": "The goblins are gone, but so is our idol. We are exposed without it."
              }
            }
          ]
        }
      ],
      "EditorData": {
        "AnimationTags": "",
        "Attitude": "Default",
        "CinematicNodeContext": "",
        "CinematicObjects": "",
        "CustomCineArtKeysPresent": "False",
        "CustomLightingPresent": "False",
        "CustomSoundPresent": "False",
        "CustomVFXPresent": "False",
        "Emotion": "Default",
        "ForceDisableIsCustomNode": "False",
        "ID": "N72",
        "InternalNodeContext": "",
        "IsCustomNode": "False",
        "MusicTags": "",
        "NodeContext": "",
        "Quality": "Bronze",
        "SFXTags": "",
        "StateChangeTags": "",
        "TemplateNodeUUID": "00000000-0000-0000-0000-000000000000",
        "TemplateVersion": "0",
        "VFXTags": "",
        "collapsed": "False",
        "logicalname": "Idol Missing",
        "position": "15;-2832",
        "sourcetemplate": ""
      }
    },
    "7ccb040b-deab-42d4-daae-97baa8845c79": {
      "UUID": "7ccb040b-deab-42d4-daae-97baa8845c79",
      "Constructor": "TagGreeting",
      "EndNode": true,
      "Root": true,
      "ShowOnce": false,
      "SpeakerNo": 0,
      "AddressedSpeaker": -1,
      "Children": [],
      "CheckFlags": [
        {
          "Flags": [
            {
              "UUID": "a2b28a6c-ec68-b215-96e1-42acb0960458",
              "value": true,
              "paramval": 1,
              "Name": "DEN_AttackOnDen_HasMet_BirdSender"
            }
          ],
          "Type": "Dialog"
        }
      ],
      "SetFlags": [],
      "TaggedTextList": [
        {
          "HasTagRule": false,
          "RuleGroup": {
            "TagCombineOp": 0,
            "Rules": [],
            "RuleString": ""
          },
          "TagTexts": [
            {
              "LineId": "adc54842-70fb-217c-6776-98fd34e4d22b",
              "Text": {
                "Handle": "ha1be707fg18f9g4ee5g91edg546802d85b8a",
                "Value": "Safe travels. You will be remembered here."
              }
            }
          ]
        }
      ],
      "EditorData": {
        "AnimationTags": "",
        "Attitude": "Friendly",
        "CinematicNodeContext": "",
        "CinematicObjects": "",
        "CustomCineArtKeysPresent": "False",
        "CustomLightingPresent": "False",
        "CustomSoundPresent": "False",
        "CustomVFXPresent": "False",
        "Emotion": "Default",
        "ForceDisableIsCustomNode": "False",
        "ID": "N1",
        "InternalNodeContext": "",
        "IsCustomNode": "False",
        "MusicTags": "",
        "NodeContext": "",
        "Quality": "Bronze",
        "SFXTags": "",
        "StateChangeTags": "",
        "TemplateNodeUUID": "00000000-0000-0000-0000-000000000000",
        "TemplateVersion": "0",
        "VFXTags": "",
        "collapsed": "False",
        "logicalname": "HasMet",
        "position": "15;-1737",
        "sourcetemplate": ""
      }
    },
    "8de8437d-612c-2abc-851b-32860462c95a": {
      "UUID": "8de8437d-612c-2abc-851b-32860462c95a",
      "Constructor": "TagAnswer",
      "EndNode": true,
      "Root": false,
      "ShowOnce": false,
      "SpeakerNo": 0,
      "AddressedSpeaker": -1,
      "Children": [],
      "CheckFlags": [],
      "SetFlags": [],
      "TaggedTextList": [
        {
          "HasTagRule": false,
          "RuleGroup": {
            "TagCombineOp": 0,
            "Rules": [],
            "RuleString": ""
          },
          "TagTexts": [
            {
              "LineId": "762f6bfb-07ce-f190-9b54-62237c62666b",
              "Text": {
                "Handle": "h9dafa8d7g6d8eg40d9g97b1g4c4f3c7de057",
                "Value": "The days ahead won't be easy, but we'll manage. We have to."
              }
            }
          ]
        }
      ],
      "EditorData": {
        "AnimationTags": "",
        "Attitude": "Default",
        "CinematicNodeContext": "",
        "CinematicObjects": "",
        "CustomCineArtKeysPresent": "False",
        "CustomLightingPresent": "False",
        "CustomSoundPresent": "False",
        "CustomVFXPresent": "False",
        "Emotion": "Default",
        "ForceDisableIsCustomNode": "False",
        "ID": "N88",
        "InternalNodeContext": "",
        "IsCustomNode": "False",
        "MusicTags": "",
        "NodeContext": "",
        "Quality": "Bronze",
        "SFXTags": "",
        "StateChangeTags": "",
        "TemplateNodeUUID": "00000000-0000-0000-0000-000000000000",
        "TemplateVersion": "0",
        "VFXTags": "",
        "collapsed": "False",
        "logicalname": "Answer",
        "position": "335;-2175",
        "sourcetemplate": ""
      }
    },
    "ac428e33-3b39-6030-165b-c12f7fc1ec21": {
      "UUID": "ac428e33-3b39-6030-165b-c12f7fc1ec21",
      "Constructor": "TagGreeting",
      "EndNode": false,
      "Root": true,
      "ShowOnce": false,
      "SpeakerNo": 0,
      "AddressedSpeaker": -1,
      "Children": [
        "1418c6bd-107b-7436-38d9-102f5e112a0d",
        "8de8437d-612c-2abc-851b-32860462c95a"
      ],
      "CheckFlags": [
        {
          "Flags": [
            {
              "UUID": "e4e1f7e3-52ff-b388-4da0-9c9985095ef3",
              "value": false,
              "paramval": 1,
              "Name": "DEN_BirdSender_HasMet_GobLeadersDead"
            }
          ],
          "Type": "Dialog"
        },
        {
          "Flags": [
            {
              "UUID": "1e6a42ed-8313-4f46-57e2-20dbdb2df923",
              "value": true,
              "paramval": null,
              "Name": "DEN_Refugees_State_LeadersAreDead"
            }
          ],
          "Type": "Global"
        }
      ],
      "SetFlags": [
        {
          "Flags": [
            {
              "UUID": "e4e1f7e3-52ff-b388-4da0-9c9985095ef3",
              "value": true,
              "paramval": 1,
              "Name": "DEN_BirdSender_HasMet_GobLeadersDead"
            }
          ],
          "Type": "Dialog"
        }
      ],
      "TaggedTextList": [
        {
          "HasTagRule": false,
          "RuleGroup": {
            "TagCombineOp": 0,
            "Rules": [],
            "RuleString": ""
          },
          "TagTexts": [
            {
              "LineId": "842fda50-453d-4e90-faf6-dfdf72022b24",
              "Text": {
                "Handle": "h0aaff742g9d7bg45bbg8ae2g49cb923b164a",
                "Value": "We're free of the goblins, but the grove is changed. Wounded. "
              }
            }
          ]
        }
      ],
      "EditorData": {
        "AnimationTags": "",
        "Attitude": "Default",
        "CinematicNodeContext": "",
        "CinematicObjects": "",
        "CustomCineArtKeysPresent": "False",
        "CustomLightingPresent": "False",
        "CustomSoundPresent": "False",
        "CustomVFXPresent": "False",
        "Emotion": "Default",
        "ForceDisableIsCustomNode": "False",
        "ID": "N76",
        "InternalNodeContext": "",
        "IsCustomNode": "False",
        "MusicTags": "",
        "NodeContext": "",
        "Quality": "Bronze",
        "SFXTags": "",
        "StateChangeTags": "",
        "TemplateNodeUUID": "00000000-0000-0000-0000-000000000000",
        "TemplateVersion": "0",
        "VFXTags": "",
        "collapsed": "False",
        "logicalname": "GobLeadersDead",
        "position": "15;-2394",
        "sourcetemplate": ""
      }
    },
    "edd1ea76-a315-6be8-f348-23d4f97e2b81": {
      "UUID": "edd1ea76-a315-6be8-f348-23d4f97e2b81",
      "Constructor": "TagGreeting",
      "EndNode": true,
      "Root": true,
      "ShowOnce": false,
      "SpeakerNo": 0,
      "AddressedSpeaker": -1,
      "Children": [],
      "CheckFlags": [
        {
          "Flags": [
            {
              "UUID": "1e6a42ed-8313-4f46-57e2-20dbdb2df923",
              "value": true,
              "paramval": null,
              "Name": "DEN_Refugees_State_LeadersAreDead"
            }
          ],
          "Type": "Global"
        }
      ],
      "SetFlags": [],
      "TaggedTextList": [
        {
          "HasTagRule": false,
          "RuleGroup": {
            "TagCombineOp": 0,
            "Rules": [],
            "RuleString": ""
          },
          "TagTexts": [
            {
              "LineId": "b0d6dc8c-00f8-8c6e-8d88-7ac2e07bace0",
              "Text": {
                "Handle": "h08253205g5352g44dcgb209geb513a21e712",
                "Value": "Thanks to you, we have the chance to heal."
              }
            }
          ]
        }
      ],
      "EditorData": {
        "AnimationTags": "",
        "Attitude": "Friendly",
        "CinematicNodeContext": "",
        "CinematicObjects": "",
        "CustomCineArtKeysPresent": "False",
        "CustomLightingPresent": "False",
        "CustomSoundPresent": "False",
        "CustomVFXPresent": "False",
        "Emotion": "Default",
        "ForceDisableIsCustomNode": "False",
        "ID": "N84",
        "InternalNodeContext": "",
        "IsCustomNode": "False",
        "MusicTags": "",
        "NodeContext": "",
        "Quality": "Bronze",
        "SFXTags": "",
        "StateChangeTags": "",
        "TemplateNodeUUID": "00000000-0000-0000-0000-000000000000",
        "TemplateVersion": "0",
        "VFXTags": "",
        "collapsed": "False",
        "logicalname": "GobLeadersDead HasMet",
        "position": "15;-2175",
        "sourcetemplate": ""
      }
    }
  },
  "SpeakerDict": {
    "0": {
      "IsPeanutSpeaker": false,
      "SpeakerMappingId": "b0147e8a-cd13-7147-86f9-74a4ba16fe77",
      "Index": 0,
      "List": [
        "30ee2bc0-0e69-4999-8d1c-8335c439cecf"
      ],
      "SpeakerCharacter": {
        "DisplayName": "Apikusis",
        "Type": "character",
        "MapKey": "30ee2bc0-0e69-4999-8d1c-8335c439cecf",
        "Name": "S_DEN_BirdSender",
        "ParentTemplateId": null,
        "TemplateName": "e9bf55b6-59f8-4bb1-ad4e-06462a3d3467"
      },
      "SpeakerGroupName": null
    },
    "1": {
      "IsPeanutSpeaker": false,
      "SpeakerMappingId": "b26518f4-f846-bef7-1b99-11d64faf9542",
      "Index": 1,
      "List": [
        "e0d1ff71-04a8-4340-ae64-9684d846eb83"
      ],
      "SpeakerCharacter": {
        "DisplayName": "Player",
        "Type": "character",
        "MapKey": "e2badbf0-159a-4ef5-9e73-7bbeb3d1015a",
        "Name": "S_GLO_CharacterCreationDummy_001",
        "ParentTemplateId": null,
        "TemplateName": "fd7f2707-8f86-4836-bda8-e0db99c389cc"
      },
      "SpeakerGroupName": "GROUP_Players"
    }
  },
  "Synopsis": "This dialogue takes place in two different states. The first is after the player has successfully fought back an army of goblins that attacked the druid grove. \r\nIn the second state, the goblin leaders have been killed and the tieflings in the grove are leaving. She's aware of the hard work ahead required to make things go back to normal, but she's hopeful all the same.\r\nThere's an extra node to acknowledge the missing idol, if it went missing before one of those two states were triggered."
}