{
  "Path": "Mods/Gustav/Story/Dialogs/Act1/DEN/DEN_AttackOnDen_WarchiefBrave.lsj",
  "UUID": "c071906d-1b61-b144-3c6b-bfcfc443abe4",
  "Category": "Generic NPC Dialog",
  "DefaultAddressedSpeakers": {
    "0": -1,
    "1": 0
  },
  "RootNodes": [
    "b3d1474d-576e-843d-e137-47fbc83e930c",
    "be9c0095-07c0-2502-0f74-f27912621ef3"
  ],
  "Nodes": {
    "b3d1474d-576e-843d-e137-47fbc83e930c": {
      "UUID": "b3d1474d-576e-843d-e137-47fbc83e930c",
      "Constructor": "TagGreeting",
      "EndNode": true,
      "Root": true,
      "ShowOnce": false,
      "SpeakerNo": 0,
      "AddressedSpeaker": -1,
      "Children": [],
      "CheckFlags": [
        {
          "Flags": [
            {
              "UUID": "ebe2c997-93ae-93f2-7f11-34057122b19b",
              "value": true,
              "paramval": 0,
              "Name": "DEN_AttackOnDen_State_Victorious"
            }
          ],
          "Type": "Object"
        }
      ],
      "SetFlags": [],
      "TaggedTextList": [
        {
          "HasTagRule": true,
          "RuleGroup": {
            "TagCombineOp": 0,
            "Rules": [
              {
                "HasChildRules": false,
                "TagCombineOp": 0,
                "Tags": [
                  "aaef5d43-c6f3-434d-b11e-c763290dbe0c"
                ],
                "TagNames": [
                  "TIEFLING"
                ]
              }
            ],
            "RuleString": "TIEFLING"
          },
          "TagTexts": [
            {
              "LineId": "cde77b04-67b6-99f2-7498-75d18fa88c4c",
              "Text": {
                "Handle": "hbbd4b3a3g2b29g46ddg98d3gd04cc3258202",
                "Value": "One of 'em was prayin' when I slit its throat. Who do you devils even pray to?"
              }
            }
          ]
        },
        {
          "HasTagRule": true,
          "RuleGroup": {
            "TagCombineOp": 0,
            "Rules": [
              {
                "HasChildRules": false,
                "TagCombineOp": 2,
                "Tags": [
                  "aaef5d43-c6f3-434d-b11e-c763290dbe0c"
                ],
                "TagNames": [
                  "TIEFLING"
                ]
              }
            ],
            "RuleString": "!TIEFLING"
          },
          "TagTexts": [
            {
              "LineId": "3148f59f-d755-8e41-e6df-d41acff729d1",
              "Text": {
                "Handle": "h639db990gfad4g4d9fg9608gd16ac0d08152",
                "Value": "One of 'em was prayin' when I slit its throat. Who do devils even pray to?<br>"
              }
            }
          ]
        }
      ],
      "EditorData": {
        "AnimationTags": "",
        "Attitude": "Default",
        "CinematicNodeContext": "",
        "CinematicObjects": "",
        "CustomCineArtKeysPresent": "False",
        "CustomLightingPresent": "False",
        "CustomSoundPresent": "False",
        "CustomVFXPresent": "False",
        "Emotion": "Happiness",
        "ForceDisableIsCustomNode": "False",
        "ID": "N2",
        "InternalNodeContext": "",
        "IsCustomNode": "False",
        "MusicTags": "",
        "NodeContext": "just finished slaughtering civilians, guards and refugees hiding in a druid grove - pondering a specific killing. Amused.",
        "Quality": "Bronze",
        "SFXTags": "",
        "StateChangeTags": "",
        "TemplateNodeUUID": "00000000-0000-0000-0000-000000000000",
        "TemplateVersion": "0",
        "VFXTags": "",
        "collapsed": "False",
        "logicalname": "Greeting",
        "position": "15;-204",
        "sourcetemplate": ""
      }
    },
    "be9c0095-07c0-2502-0f74-f27912621ef3": {
      "UUID": "be9c0095-07c0-2502-0f74-f27912621ef3",
      "Constructor": "TagGreeting",
      "EndNode": true,
      "Root": true,
      "ShowOnce": false,
      "SpeakerNo": 0,
      "AddressedSpeaker": -1,
      "Children": [],
      "CheckFlags": [],
      "SetFlags": [],
      "TaggedTextList": [
        {
          "HasTagRule": true,
          "RuleGroup": {
            "TagCombineOp": 0,
            "Rules": [
              {
                "HasChildRules": false,
                "TagCombineOp": 2,
                "Tags": [
                  "aaef5d43-c6f3-434d-b11e-c763290dbe0c"
                ],
                "TagNames": [
                  "TIEFLING"
                ]
              }
            ],
            "RuleString": "!TIEFLING"
          },
          "TagTexts": [
            {
              "LineId": "fd803109-d0d2-9ab4-c4fc-c7122e3f829c",
              "Text": {
                "Handle": "h80472416gc4eag4d87g8d2dg8a1857b84020",
                "Value": "Kill anythin' with horns an' a tail!"
              }
            }
          ]
        },
        {
          "HasTagRule": true,
          "RuleGroup": {
            "TagCombineOp": 0,
            "Rules": [
              {
                "HasChildRules": false,
                "TagCombineOp": 1,
                "Tags": [
                  "aaef5d43-c6f3-434d-b11e-c763290dbe0c"
                ],
                "TagNames": [
                  "TIEFLING"
                ]
              }
            ],
            "RuleString": "TIEFLING"
          },
          "TagTexts": [
            {
              "LineId": "511b8ce1-acc0-c706-78ec-a9e3afa29c6a",
              "Text": {
                "Handle": "haa054551g8d65g4517gbcfbg7a84e26c1831",
                "Value": "Enjoy killin' yer own kind, do ya?<br>"
              }
            }
          ]
        }
      ],
      "EditorData": {
        "AnimationTags": "",
        "Attitude": "Default",
        "CinematicNodeContext": "",
        "CinematicObjects": "Goblin Weapon - DY",
        "CustomCineArtKeysPresent": "False",
        "CustomLightingPresent": "False",
        "CustomSoundPresent": "False",
        "CustomVFXPresent": "False",
        "Emotion": "Anger",
        "ForceDisableIsCustomNode": "False",
        "ID": "N1",
        "InternalNodeContext": "",
        "IsCustomNode": "False",
        "MusicTags": "",
        "NodeContext": "Rushing into battle - the 'horns an' a tail' refers not to monsters, but to tiefling refugees. A warcry. Alternative line \"enjoying killin' yer own kind\" is a wry comment; the player is also a tiefling participating in a raid on his/her own kind",
        "Quality": "Silver",
        "SFXTags": "",
        "StateChangeTags": "",
        "TemplateNodeUUID": "00000000-0000-0000-0000-000000000000",
        "TemplateVersion": "0",
        "VFXTags": "",
        "collapsed": "False",
        "logicalname": "Greeting",
        "position": "15;15",
        "sourcetemplate": ""
      }
    }
  },
  "SpeakerDict": {
    "0": {
      "IsPeanutSpeaker": false,
      "SpeakerMappingId": "37f62485-2743-6f53-d8b9-ecd757cd699d",
      "Index": 0,
      "List": [
        "6601b8f7-1a92-46bb-b409-6fcef7406a39"
      ],
      "SpeakerCharacter": {
        "DisplayName": "Rozzak",
        "Type": "character",
        "MapKey": "6601b8f7-1a92-46bb-b409-6fcef7406a39",
        "Name": "S_GOB_WarchiefBrave",
        "ParentTemplateId": null,
        "TemplateName": "b0f372f0-f74f-4c00-84e6-34ba09117578"
      },
      "SpeakerGroupName": null
    },
    "1": {
      "IsPeanutSpeaker": false,
      "SpeakerMappingId": "e63a4cf3-63f2-30df-0c37-9b55d02a37ec",
      "Index": 1,
      "List": [
        "e0d1ff71-04a8-4340-ae64-9684d846eb83"
      ],
      "SpeakerCharacter": {
        "DisplayName": "Player",
        "Type": "character",
        "MapKey": "e2badbf0-159a-4ef5-9e73-7bbeb3d1015a",
        "Name": "S_GLO_CharacterCreationDummy_001",
        "ParentTemplateId": null,
        "TemplateName": "fd7f2707-8f86-4836-bda8-e0db99c389cc"
      },
      "SpeakerGroupName": "GROUP_Players"
    }
  },
  "Synopsis": "goblin raider participating in a huge attack on a peaceful druid grove full of tiefling refugees"
}