{
  "Path": "Mods/Gustav/Story/Dialogs/Act1/DEN/DEN_DruidAttack_RitualDruid4.lsj",
  "UUID": "10ba5f24-6593-f7a5-eb9b-ba7243cb5ffe",
  "Category": "Generic NPC Dialog",
  "DefaultAddressedSpeakers": {
    "0": -1,
    "1": -1
  },
  "RootNodes": [
    "7675eebb-eeef-07b4-e2ae-add6fa1e75b2"
  ],
  "Nodes": {
    "7675eebb-eeef-07b4-e2ae-add6fa1e75b2": {
      "UUID": "7675eebb-eeef-07b4-e2ae-add6fa1e75b2",
      "Constructor": "TagGreeting",
      "EndNode": true,
      "Root": true,
      "ShowOnce": false,
      "SpeakerNo": 0,
      "AddressedSpeaker": -1,
      "Children": [],
      "CheckFlags": [],
      "SetFlags": [],
      "TaggedTextList": [
        {
          "HasTagRule": false,
          "RuleGroup": {
            "TagCombineOp": 0,
            "Rules": [],
            "RuleString": ""
          },
          "TagTexts": [
            {
              "LineId": "524bcbd2-281f-be6d-7b63-ccd2a2de110c",
              "Text": {
                "Handle": "hd82da8aeg6ddeg4744gaa7fga7a2b42c76bd",
                "Value": "I'm sorry. But this must be done."
              }
            }
          ]
        }
      ],
      "EditorData": {
        "AnimationTags": "",
        "Attitude": "Default",
        "CinematicNodeContext": "",
        "CinematicObjects": "",
        "CustomCineArtKeysPresent": "False",
        "CustomLightingPresent": "False",
        "CustomSoundPresent": "False",
        "CustomVFXPresent": "False",
        "Emotion": "Default",
        "ForceDisableIsCustomNode": "False",
        "ID": "N1",
        "InternalNodeContext": "",
        "IsCustomNode": "False",
        "MusicTags": "",
        "NodeContext": "The druids are preparing to attack the tieflings in the grove - and the player.",
        "Quality": "Bronze",
        "SFXTags": "",
        "StateChangeTags": "",
        "TemplateNodeUUID": "00000000-0000-0000-0000-000000000000",
        "TemplateVersion": "0",
        "VFXTags": "",
        "collapsed": "False",
        "logicalname": "Druid Attack is under way.",
        "position": "15;-423",
        "sourcetemplate": ""
      }
    }
  },
  "SpeakerDict": {
    "0": {
      "IsPeanutSpeaker": false,
      "SpeakerMappingId": "831916d2-5094-f3f9-c8fa-da488e5888a5",
      "Index": 0,
      "List": [
        "32bef45a-47ca-4c3a-b907-13a857b316fd"
      ],
      "SpeakerCharacter": {
        "DisplayName": "Elwyn",
        "Type": "character",
        "MapKey": "32bef45a-47ca-4c3a-b907-13a857b316fd",
        "Name": "S_DEN_RitualDruid_004",
        "ParentTemplateId": null,
        "TemplateName": "19dc6cab-aa38-4f09-b9cf-546e1c0ecb8a"
      },
      "SpeakerGroupName": null
    },
    "1": {
      "IsPeanutSpeaker": false,
      "SpeakerMappingId": "7e770952-2d9d-7c21-9f51-93a0e3758027",
      "Index": 1,
      "List": [
        "e0d1ff71-04a8-4340-ae64-9684d846eb83"
      ],
      "SpeakerCharacter": {
        "DisplayName": "Player",
        "Type": "character",
        "MapKey": "e2badbf0-159a-4ef5-9e73-7bbeb3d1015a",
        "Name": "S_GLO_CharacterCreationDummy_001",
        "ParentTemplateId": null,
        "TemplateName": "fd7f2707-8f86-4836-bda8-e0db99c389cc"
      },
      "SpeakerGroupName": "GROUP_Players"
    }
  },
  "Synopsis": "Elwyn has stopped chanting as the druids prepare to battle the tieflings in a fight to the death. She regrets that this has to happen, but will do what needs to be done."
}