{
  "Path": "Mods/Gustav/Story/Dialogs/Act1/DEN/DEN_Apprentice_PAD_FeelingSick.lsj",
  "UUID": "f5cef4f7-04c8-f976-5c03-d75f6c6e84b4",
  "Category": "Voice bark",
  "DefaultAddressedSpeakers": {
    "0": -1
  },
  "RootNodes": [
    "a84d9c45-481e-4178-b3e8-b27643d58212",
    "2571eb57-0563-4dc2-abc8-17b0bedef154"
  ],
  "Nodes": {
    "2571eb57-0563-4dc2-abc8-17b0bedef154": {
      "UUID": "2571eb57-0563-4dc2-abc8-17b0bedef154",
      "Constructor": "TagGreeting",
      "EndNode": true,
      "Root": true,
      "ShowOnce": false,
      "SpeakerNo": 0,
      "AddressedSpeaker": 0,
      "Children": [],
      "CheckFlags": [],
      "SetFlags": [
        {
          "Flags": [
            {
              "UUID": "1477345f-fc86-379b-6039-d1a2811961da",
              "value": true,
              "paramval": 0,
              "Name": "DEN_Apprentice_State_ThornStage2"
            }
          ],
          "Type": "Object"
        }
      ],
      "TaggedTextList": [
        {
          "HasTagRule": true,
          "RuleGroup": {
            "TagCombineOp": 0,
            "Rules": [
              {
                "HasChildRules": false,
                "TagCombineOp": 0,
                "Tags": [
                  "ffd08582-7396-4cac-bcd4-8f9cd0fd8ef3"
                ],
                "TagNames": [
                  "REALLY_ASTARION"
                ]
              }
            ],
            "RuleString": "REALLY_ASTARION"
          },
          "TagTexts": [
            {
              "LineId": "1b77a186-a47b-0218-874e-1eefa94f8a80",
              "Text": {
                "Handle": "h4f358722ga2e4g4c8dgb920gbc039e8ee6ea",
                "Value": "I feel woozy. Whatever that druid scratched me with, it's working."
              }
            }
          ]
        },
        {
          "HasTagRule": true,
          "RuleGroup": {
            "TagCombineOp": 0,
            "Rules": [
              {
                "HasChildRules": false,
                "TagCombineOp": 0,
                "Tags": [
                  "9b0354c0-56d9-4723-8034-918ac9abab19"
                ],
                "TagNames": [
                  "REALLY_GALE"
                ]
              }
            ],
            "RuleString": "REALLY_GALE"
          },
          "TagTexts": [
            {
              "LineId": "a24eb3a1-00a2-4daf-4511-7f85bd0a8d1c",
              "Text": {
                "Handle": "he50dfe00g13c3g4d7agbca8g4d3ed8c8066b",
                "Value": "I feel... sick. What in the hells did that druid do to me?"
              }
            }
          ]
        },
        {
          "HasTagRule": true,
          "RuleGroup": {
            "TagCombineOp": 0,
            "Rules": [
              {
                "HasChildRules": false,
                "TagCombineOp": 0,
                "Tags": [
                  "1a2f70d6-8ead-4eb5-a824-79ee1971764a"
                ],
                "TagNames": [
                  "REALLY_KARLACH"
                ]
              }
            ],
            "RuleString": "REALLY_KARLACH"
          },
          "TagTexts": [
            {
              "LineId": "934ad001-fbce-ada7-1f88-001aa73aa74c",
              "Text": {
                "Handle": "hde0b21f9g0d51g43b1g8b90g04e39530b2ac",
                "Value": "Feel like I've been sucking on a stench kow's udder... That druid fucked me up."
              }
            }
          ]
        },
        {
          "HasTagRule": true,
          "RuleGroup": {
            "TagCombineOp": 0,
            "Rules": [
              {
                "HasChildRules": false,
                "TagCombineOp": 0,
                "Tags": [
                  "b5682d1d-c395-489c-9675-1f9b0c328ea5"
                ],
                "TagNames": [
                  "REALLY_LAEZEL"
                ]
              }
            ],
            "RuleString": "REALLY_LAEZEL"
          },
          "TagTexts": [
            {
              "LineId": "7fbdbb2f-f8f4-d829-5670-ad27ce833168",
              "Text": {
                "Handle": "h86b2c5b5g42f2g4479gbb6eg4847672042ba",
                "Value": "Urgh - dizziness, nausea. Clear signs of poisoning. This is Nettie's doing."
              }
            }
          ]
        },
        {
          "HasTagRule": true,
          "RuleGroup": {
            "TagCombineOp": 0,
            "Rules": [
              {
                "HasChildRules": false,
                "TagCombineOp": 0,
                "Tags": [
                  "642d2aee-e3df-47e3-9f47-bbcd441bb9e0"
                ],
                "TagNames": [
                  "REALLY_SHADOWHEART"
                ]
              }
            ],
            "RuleString": "REALLY_SHADOWHEART"
          },
          "TagTexts": [
            {
              "LineId": "e6fd43a3-e269-c17c-a3ae-d97d01659506",
              "Text": {
                "Handle": "hf43e89bdg91afg4f14ga030g532399cc955c",
                "Value": "Whatever Nettie did to me... it's getting worse."
              }
            }
          ]
        },
        {
          "HasTagRule": true,
          "RuleGroup": {
            "TagCombineOp": 0,
            "Rules": [
              {
                "HasChildRules": false,
                "TagCombineOp": 0,
                "Tags": [
                  "5f40def5-d3ec-4698-a367-01a339888956"
                ],
                "TagNames": [
                  "REALLY_WYLL"
                ]
              }
            ],
            "RuleString": "REALLY_WYLL"
          },
          "TagTexts": [
            {
              "LineId": "961fc540-d879-e74f-af65-becaee8e772f",
              "Text": {
                "Handle": "h5925d3a3g34b9g4862gbcc8gbcadbfee188a",
                "Value": "<i>Ngh</i> - I'm not feeling so good. Is this Nettie's doing?"
              }
            }
          ]
        },
        {
          "HasTagRule": false,
          "RuleGroup": {
            "TagCombineOp": 0,
            "Rules": [],
            "RuleString": ""
          },
          "TagTexts": [
            {
              "LineId": "0896e0f7-92d0-b586-5d96-537799ddcd83",
              "Text": {
                "Handle": "h16cfca79gbe7bg465cg9331gc483e8c1d6a9",
                "Value": "I don't feel too good. What did that druid scratch me with?"
              }
            }
          ]
        }
      ],
      "EditorData": {
        "AnimationTags": "",
        "Attitude": "Default",
        "CinematicNodeContext": "",
        "CinematicObjects": "",
        "CustomCineArtKeysPresent": "False",
        "CustomLightingPresent": "False",
        "CustomSoundPresent": "False",
        "CustomVFXPresent": "False",
        "Emotion": "Default",
        "ForceDisableIsCustomNode": "False",
        "ID": "N1",
        "InternalNodeContext": "",
        "IsCustomNode": "False",
        "MusicTags": "",
        "NodeContext": "Poison is slowly taking effect. You don't feel great, but it's nothing serious yet.",
        "Quality": "Bronze",
        "SFXTags": "",
        "StateChangeTags": "",
        "TemplateNodeUUID": "00000000-0000-0000-0000-000000000000",
        "TemplateVersion": "0",
        "VFXTags": "",
        "collapsed": "False",
        "logicalname": "Thorn poisoning stage 2",
        "position": "335;234",
        "sourcetemplate": "ORIGINS_PAD"
      }
    },
    "a84d9c45-481e-4178-b3e8-b27643d58212": {
      "UUID": "a84d9c45-481e-4178-b3e8-b27643d58212",
      "Constructor": "TagGreeting",
      "EndNode": true,
      "Root": true,
      "ShowOnce": false,
      "SpeakerNo": 0,
      "AddressedSpeaker": 0,
      "Children": [],
      "CheckFlags": [
        {
          "Flags": [
            {
              "UUID": "1477345f-fc86-379b-6039-d1a2811961da",
              "value": true,
              "paramval": 0,
              "Name": "DEN_Apprentice_State_ThornStage2"
            }
          ],
          "Type": "Object"
        }
      ],
      "SetFlags": [
        {
          "Flags": [
            {
              "UUID": "1477345f-fc86-379b-6039-d1a2811961da",
              "value": false,
              "paramval": 0,
              "Name": "DEN_Apprentice_State_ThornStage2"
            }
          ],
          "Type": "Object"
        }
      ],
      "TaggedTextList": [
        {
          "HasTagRule": true,
          "RuleGroup": {
            "TagCombineOp": 0,
            "Rules": [
              {
                "HasChildRules": false,
                "TagCombineOp": 0,
                "Tags": [
                  "ffd08582-7396-4cac-bcd4-8f9cd0fd8ef3"
                ],
                "TagNames": [
                  "REALLY_ASTARION"
                ]
              }
            ],
            "RuleString": "REALLY_ASTARION"
          },
          "TagTexts": [
            {
              "LineId": "1b578a2c-bea3-8a66-4b52-3e3e09a1fc42",
              "Text": {
                "Handle": "h4faa8f42g040eg46c2gb1f3g138da91a525b",
                "Value": "I can feel the druid's poison in my veins. She must have had a cure..."
              }
            }
          ]
        },
        {
          "HasTagRule": true,
          "RuleGroup": {
            "TagCombineOp": 0,
            "Rules": [
              {
                "HasChildRules": false,
                "TagCombineOp": 0,
                "Tags": [
                  "9b0354c0-56d9-4723-8034-918ac9abab19"
                ],
                "TagNames": [
                  "REALLY_GALE"
                ]
              }
            ],
            "RuleString": "REALLY_GALE"
          },
          "TagTexts": [
            {
              "LineId": "cc3e399d-53ae-319f-ffe4-84f2a79771f4",
              "Text": {
                "Handle": "h23670fe6g4c99g48a4g968bgd2bba75fb158",
                "Value": "I grow cold, numb. I need a damned antidote now!"
              }
            }
          ]
        },
        {
          "HasTagRule": true,
          "RuleGroup": {
            "TagCombineOp": 0,
            "Rules": [
              {
                "HasChildRules": false,
                "TagCombineOp": 0,
                "Tags": [
                  "1a2f70d6-8ead-4eb5-a824-79ee1971764a"
                ],
                "TagNames": [
                  "REALLY_KARLACH"
                ]
              }
            ],
            "RuleString": "REALLY_KARLACH"
          },
          "TagTexts": [
            {
              "LineId": "37f2fa96-3b64-109e-1ff5-c3352f317442",
              "Text": {
                "Handle": "hb4db13bbg38b7g46a8ga6edge34a90735d18",
                "Value": "I feel weak. That poison's not gonna cure itself... need an antidote."
              }
            }
          ]
        },
        {
          "HasTagRule": true,
          "RuleGroup": {
            "TagCombineOp": 0,
            "Rules": [
              {
                "HasChildRules": false,
                "TagCombineOp": 0,
                "Tags": [
                  "b5682d1d-c395-489c-9675-1f9b0c328ea5"
                ],
                "TagNames": [
                  "REALLY_LAEZEL"
                ]
              }
            ],
            "RuleString": "REALLY_LAEZEL"
          },
          "TagTexts": [
            {
              "LineId": "13c94570-a286-a5c8-2899-deb883948ebe",
              "Text": {
                "Handle": "h23089f78ge86fg41dag946ag5fd7545cc840",
                "Value": "I'm... I'm growing cold. I must find an antidote to this poison, and quick."
              }
            }
          ]
        },
        {
          "HasTagRule": true,
          "RuleGroup": {
            "TagCombineOp": 0,
            "Rules": [
              {
                "HasChildRules": false,
                "TagCombineOp": 0,
                "Tags": [
                  "642d2aee-e3df-47e3-9f47-bbcd441bb9e0"
                ],
                "TagNames": [
                  "REALLY_SHADOWHEART"
                ]
              }
            ],
            "RuleString": "REALLY_SHADOWHEART"
          },
          "TagTexts": [
            {
              "LineId": "ac36a1bc-073b-aec9-368f-3858d476d426",
              "Text": {
                "Handle": "hed96070fg18d6g4f8dgbfdfg84b2e3f496cb",
                "Value": "Agh... I need to reverse whatever Nettie did to me, before it's too late."
              }
            }
          ]
        },
        {
          "HasTagRule": true,
          "RuleGroup": {
            "TagCombineOp": 0,
            "Rules": [
              {
                "HasChildRules": false,
                "TagCombineOp": 0,
                "Tags": [
                  "5f40def5-d3ec-4698-a367-01a339888956"
                ],
                "TagNames": [
                  "REALLY_WYLL"
                ]
              }
            ],
            "RuleString": "REALLY_WYLL"
          },
          "TagTexts": [
            {
              "LineId": "c5181f02-28dc-1346-365b-cfcdc84614b2",
              "Text": {
                "Handle": "h03c9e01dge671g4bbcgbdedg91267aa18e4e",
                "Value": "<i>Ngh</i> - I'm getting worse. There's got to be a way to treat this poison..."
              }
            }
          ]
        },
        {
          "HasTagRule": true,
          "RuleGroup": {
            "TagCombineOp": 0,
            "Rules": [
              {
                "HasChildRules": false,
                "TagCombineOp": 0,
                "Tags": [
                  "264a6880-9a51-429c-a9fc-97f8952baf90"
                ],
                "TagNames": [
                  "REALLY_GENERIC"
                ]
              }
            ],
            "RuleString": "REALLY_GENERIC"
          },
          "TagTexts": [
            {
              "LineId": "53729e24-d83a-0297-13e1-cb785173333f",
              "Text": {
                "Handle": "h7e04018bg3063g4ff0gbd63gcb767344379d",
                "Value": "The druid's poison is spreading. I need a cure, fast."
              }
            }
          ]
        }
      ],
      "EditorData": {
        "AnimationTags": "",
        "Attitude": "Default",
        "CinematicNodeContext": "",
        "CinematicObjects": "",
        "CustomCineArtKeysPresent": "False",
        "CustomLightingPresent": "False",
        "CustomSoundPresent": "False",
        "CustomVFXPresent": "False",
        "Emotion": "Default",
        "ForceDisableIsCustomNode": "False",
        "ID": "N2",
        "InternalNodeContext": "",
        "IsCustomNode": "False",
        "MusicTags": "",
        "NodeContext": "Poison is gripping your system. You're probably in pain.",
        "Quality": "Bronze",
        "SFXTags": "",
        "StateChangeTags": "",
        "TemplateNodeUUID": "00000000-0000-0000-0000-000000000000",
        "TemplateVersion": "0",
        "VFXTags": "",
        "collapsed": "False",
        "logicalname": "Thorn poisoning stage 3",
        "position": "335;15",
        "sourcetemplate": "ORIGINS_PAD"
      }
    }
  },
  "SpeakerDict": {
    "0": {
      "IsPeanutSpeaker": false,
      "SpeakerMappingId": "2739261c-6534-ba41-0425-78a48827b4ca",
      "Index": 0,
      "List": [
        "e0d1ff71-04a8-4340-ae64-9684d846eb83"
      ],
      "SpeakerCharacter": {
        "DisplayName": "Player",
        "Type": "character",
        "MapKey": "e2badbf0-159a-4ef5-9e73-7bbeb3d1015a",
        "Name": "S_GLO_CharacterCreationDummy_001",
        "ParentTemplateId": null,
        "TemplateName": "fd7f2707-8f86-4836-bda8-e0db99c389cc"
      },
      "SpeakerGroupName": "GROUP_Players"
    }
  },
  "Synopsis": "|The player has the status DEN_APPRENTICE_THORN on them. This status has 3 stages leading to death. The player is slowly dying.\r\nThe first stage is right after being stung by Nettie in the situation Halsin's Apprentice (the reaction of the player is covered in the dialog DEN_Apprentice_Cyanide).\r\nThis PAD plays after a long rest: the player rested but the status is worsening. The status is getting to stage 2 and then to stage 3, each time having worse gameplay effects.\r\nAfter stage 3, the status kills the player; the PAD DEN_Apprentice_PAD_Dying plays in that case.|"
}