{
  "Path": "Mods/Gustav/Story/Dialogs/Act1/DEN/DEN_GoblinScouts_AD.lsj",
  "UUID": "5311a1fa-6db9-52f2-e5f7-099250634a91",
  "Category": "Automated NPC Dialog",
  "DefaultAddressedSpeakers": {
    "0": -1,
    "1": -1,
    "2": -1,
    "3": -1
  },
  "RootNodes": [
    "be0f50d6-779c-4b1a-f63c-f360dd64eafb",
    "04421ffb-16a0-05fd-2c0e-ad8d35e83c9e",
    "0acc9a23-05cd-9c10-3d50-61c27f0bf7f8",
    "78c11ee7-90f3-830d-a189-0d2bddd281d2"
  ],
  "Nodes": {
    "04421ffb-16a0-05fd-2c0e-ad8d35e83c9e": {
      "UUID": "04421ffb-16a0-05fd-2c0e-ad8d35e83c9e",
      "Constructor": "TagGreeting",
      "EndNode": false,
      "Root": true,
      "ShowOnce": false,
      "SpeakerNo": 2,
      "AddressedSpeaker": 0,
      "Children": [
        "0d56a9ec-c3a1-9376-99c1-70ba0f21a38f"
      ],
      "CheckFlags": [
        {
          "Flags": [
            {
              "UUID": "104c959f-11cf-4d04-b7fd-b6e8a0ec33d3",
              "value": true,
              "paramval": null,
              "Name": "5311a1fa-6db9-52f2-e5f7-099250634a91_B"
            }
          ],
          "Type": "Local"
        }
      ],
      "SetFlags": [
        {
          "Flags": [
            {
              "UUID": "882e2a4b-66f3-a395-8b74-70260c111e76",
              "value": true,
              "paramval": null,
              "Name": "5311a1fa-6db9-52f2-e5f7-099250634a91_C"
            }
          ],
          "Type": "Local"
        }
      ],
      "TaggedTextList": [
        {
          "HasTagRule": false,
          "RuleGroup": {
            "TagCombineOp": 0,
            "Rules": [],
            "RuleString": ""
          },
          "TagTexts": [
            {
              "LineId": "6e4da0e4-77c9-32a9-7e87-eaba0bdb997b",
              "Text": {
                "Handle": "h6e1a8fd5g796cg469ega80fgd2203c58764f",
                "Value": "Minthara's gonna skin us. No one knows about this damn weapon."
              }
            }
          ]
        }
      ],
      "EditorData": {
        "AnimationTags": "",
        "Attitude": "Default",
        "CinematicNodeContext": "",
        "CinematicObjects": "",
        "CustomCineArtKeysPresent": "False",
        "CustomLightingPresent": "False",
        "CustomSoundPresent": "False",
        "CustomVFXPresent": "False",
        "Emotion": "Default",
        "ForceDisableIsCustomNode": "False",
        "ID": "N5",
        "InternalNodeContext": "",
        "IsCustomNode": "False",
        "MusicTags": "",
        "NodeContext": "",
        "Quality": "Bronze",
        "SFXTags": "",
        "StateChangeTags": "",
        "TemplateNodeUUID": "00000000-0000-0000-0000-000000000000",
        "TemplateVersion": "0",
        "VFXTags": "",
        "collapsed": "False",
        "logicalname": "Greeting",
        "position": "15;234",
        "sourcetemplate": ""
      }
    },
    "0acc9a23-05cd-9c10-3d50-61c27f0bf7f8": {
      "UUID": "0acc9a23-05cd-9c10-3d50-61c27f0bf7f8",
      "Constructor": "TagGreeting",
      "EndNode": false,
      "Root": true,
      "ShowOnce": false,
      "SpeakerNo": 2,
      "AddressedSpeaker": 0,
      "Children": [
        "ec1951b1-243c-5656-c592-ba0b075396b1"
      ],
      "CheckFlags": [
        {
          "Flags": [
            {
              "UUID": "f00a075e-af3e-2b89-70e5-7e2079d82c1b",
              "value": true,
              "paramval": null,
              "Name": "5311a1fa-6db9-52f2-e5f7-099250634a91_A"
            }
          ],
          "Type": "Local"
        }
      ],
      "SetFlags": [
        {
          "Flags": [
            {
              "UUID": "104c959f-11cf-4d04-b7fd-b6e8a0ec33d3",
              "value": true,
              "paramval": null,
              "Name": "5311a1fa-6db9-52f2-e5f7-099250634a91_B"
            }
          ],
          "Type": "Local"
        }
      ],
      "TaggedTextList": [
        {
          "HasTagRule": false,
          "RuleGroup": {
            "TagCombineOp": 0,
            "Rules": [],
            "RuleString": ""
          },
          "TagTexts": [
            {
              "LineId": "1a07262f-4b76-e32a-843e-57376c869333",
              "Text": {
                "Handle": "h2d555844gc589g4198g95f0g593567963d29",
                "Value": "This was more fun when he was screamin'."
              }
            }
          ]
        }
      ],
      "EditorData": {
        "AnimationTags": "",
        "Attitude": "Default",
        "CinematicNodeContext": "",
        "CinematicObjects": "",
        "CustomCineArtKeysPresent": "False",
        "CustomLightingPresent": "False",
        "CustomSoundPresent": "False",
        "CustomVFXPresent": "False",
        "Emotion": "Default",
        "ForceDisableIsCustomNode": "False",
        "ID": "N9",
        "InternalNodeContext": "",
        "IsCustomNode": "False",
        "MusicTags": "",
        "NodeContext": "",
        "Quality": "Bronze",
        "SFXTags": "",
        "StateChangeTags": "",
        "TemplateNodeUUID": "00000000-0000-0000-0000-000000000000",
        "TemplateVersion": "0",
        "VFXTags": "",
        "collapsed": "False",
        "logicalname": "Greeting",
        "position": "15;453",
        "sourcetemplate": ""
      }
    },
    "0aed5f64-3742-2636-4d99-88c13148c5a8": {
      "UUID": "0aed5f64-3742-2636-4d99-88c13148c5a8",
      "Constructor": "TagAnswer",
      "EndNode": true,
      "Root": false,
      "ShowOnce": false,
      "SpeakerNo": 1,
      "AddressedSpeaker": 0,
      "Children": [],
      "CheckFlags": [],
      "SetFlags": [],
      "TaggedTextList": [
        {
          "HasTagRule": false,
          "RuleGroup": {
            "TagCombineOp": 0,
            "Rules": [],
            "RuleString": ""
          },
          "TagTexts": [
            {
              "LineId": "ac04cffe-20e0-4d2e-4370-8354fcbb8f6c",
              "Text": {
                "Handle": "hb181b817gef5ag456bgb0dbgd985ba2a6474",
                "Value": "That's why I've been stabbin' all the rats. Might be spies."
              }
            }
          ]
        }
      ],
      "EditorData": {
        "AnimationTags": "",
        "Attitude": "Default",
        "CinematicNodeContext": "",
        "CinematicObjects": "",
        "CustomCineArtKeysPresent": "False",
        "CustomLightingPresent": "False",
        "CustomSoundPresent": "False",
        "CustomVFXPresent": "False",
        "Emotion": "Default",
        "ForceDisableIsCustomNode": "False",
        "ID": "N10",
        "InternalNodeContext": "",
        "IsCustomNode": "False",
        "MusicTags": "",
        "NodeContext": "",
        "Quality": "Bronze",
        "SFXTags": "",
        "StateChangeTags": "",
        "TemplateNodeUUID": "00000000-0000-0000-0000-000000000000",
        "TemplateVersion": "0",
        "VFXTags": "",
        "collapsed": "False",
        "logicalname": "Answer",
        "position": "975;234",
        "sourcetemplate": ""
      }
    },
    "0d56a9ec-c3a1-9376-99c1-70ba0f21a38f": {
      "UUID": "0d56a9ec-c3a1-9376-99c1-70ba0f21a38f",
      "Constructor": "TagAnswer",
      "EndNode": false,
      "Root": false,
      "ShowOnce": false,
      "SpeakerNo": 3,
      "AddressedSpeaker": 0,
      "Children": [
        "536184d2-0c5c-22d0-cb84-5bba5cc0dcca"
      ],
      "CheckFlags": [],
      "SetFlags": [],
      "TaggedTextList": [
        {
          "HasTagRule": false,
          "RuleGroup": {
            "TagCombineOp": 0,
            "Rules": [],
            "RuleString": ""
          },
          "TagTexts": [
            {
              "LineId": "b706a5b1-9ada-a434-ff3e-d2896d7d7fc2",
              "Text": {
                "Handle": "hb52bdf1bg909eg479eg9dfegf5be80f97a11",
                "Value": "Yeah. She'll kill us dead if we go back without it."
              }
            }
          ]
        }
      ],
      "EditorData": {
        "AnimationTags": "",
        "Attitude": "Default",
        "CinematicNodeContext": "",
        "CinematicObjects": "",
        "CustomCineArtKeysPresent": "False",
        "CustomLightingPresent": "False",
        "CustomSoundPresent": "False",
        "CustomVFXPresent": "False",
        "Emotion": "Default",
        "ForceDisableIsCustomNode": "False",
        "ID": "N16",
        "InternalNodeContext": "",
        "IsCustomNode": "False",
        "MusicTags": "",
        "NodeContext": "",
        "Quality": "Bronze",
        "SFXTags": "",
        "StateChangeTags": "",
        "TemplateNodeUUID": "00000000-0000-0000-0000-000000000000",
        "TemplateVersion": "0",
        "VFXTags": "",
        "collapsed": "False",
        "logicalname": "Answer",
        "position": "335;234",
        "sourcetemplate": ""
      }
    },
    "392c3c59-0f87-edc1-df30-f9b7904a231c": {
      "UUID": "392c3c59-0f87-edc1-df30-f9b7904a231c",
      "Constructor": "TagAnswer",
      "EndNode": false,
      "Root": false,
      "ShowOnce": false,
      "SpeakerNo": 0,
      "AddressedSpeaker": 0,
      "Children": [
        "b026670f-1b59-b755-6063-e0ec93cbbe2b"
      ],
      "CheckFlags": [],
      "SetFlags": [],
      "TaggedTextList": [
        {
          "HasTagRule": false,
          "RuleGroup": {
            "TagCombineOp": 0,
            "Rules": [],
            "RuleString": ""
          },
          "TagTexts": [
            {
              "LineId": "7e473166-b5d0-8f9a-710c-9d3fb22fb6c3",
              "Text": {
                "Handle": "h97f22e1bg0faeg4b7ag84c7g4f2ade32f3e0",
                "Value": "Shut it. Boss would rip ya for talking that way."
              }
            }
          ]
        }
      ],
      "EditorData": {
        "AnimationTags": "",
        "Attitude": "Default",
        "CinematicNodeContext": "",
        "CinematicObjects": "",
        "CustomCineArtKeysPresent": "False",
        "CustomLightingPresent": "False",
        "CustomSoundPresent": "False",
        "CustomVFXPresent": "False",
        "Emotion": "Default",
        "ForceDisableIsCustomNode": "False",
        "ID": "N5",
        "InternalNodeContext": "",
        "IsCustomNode": "False",
        "MusicTags": "",
        "NodeContext": "",
        "Quality": "Bronze",
        "SFXTags": "",
        "StateChangeTags": "",
        "TemplateNodeUUID": "00000000-0000-0000-0000-000000000000",
        "TemplateVersion": "0",
        "VFXTags": "",
        "collapsed": "False",
        "logicalname": "Answer",
        "position": "335;672",
        "sourcetemplate": ""
      }
    },
    "536184d2-0c5c-22d0-cb84-5bba5cc0dcca": {
      "UUID": "536184d2-0c5c-22d0-cb84-5bba5cc0dcca",
      "Constructor": "TagAnswer",
      "EndNode": false,
      "Root": false,
      "ShowOnce": false,
      "SpeakerNo": 0,
      "AddressedSpeaker": 0,
      "Children": [
        "0aed5f64-3742-2636-4d99-88c13148c5a8"
      ],
      "CheckFlags": [],
      "SetFlags": [],
      "TaggedTextList": [
        {
          "HasTagRule": false,
          "RuleGroup": {
            "TagCombineOp": 0,
            "Rules": [],
            "RuleString": ""
          },
          "TagTexts": [
            {
              "LineId": "2965becc-26ec-4780-b1da-5d11e4d4e095",
              "Text": {
                "Handle": "hb005e819gbf90g47bcg824egde79daa1f790",
                "Value": "We'll get the druid talking. Grove's got to be full of magic."
              }
            }
          ]
        }
      ],
      "EditorData": {
        "AnimationTags": "",
        "Attitude": "Default",
        "CinematicNodeContext": "",
        "CinematicObjects": "",
        "CustomCineArtKeysPresent": "False",
        "CustomLightingPresent": "False",
        "CustomSoundPresent": "False",
        "CustomVFXPresent": "False",
        "Emotion": "Default",
        "ForceDisableIsCustomNode": "False",
        "ID": "N9",
        "InternalNodeContext": "",
        "IsCustomNode": "False",
        "MusicTags": "",
        "NodeContext": "",
        "Quality": "Bronze",
        "SFXTags": "",
        "StateChangeTags": "",
        "TemplateNodeUUID": "00000000-0000-0000-0000-000000000000",
        "TemplateVersion": "0",
        "VFXTags": "",
        "collapsed": "False",
        "logicalname": "Answer",
        "position": "655;234",
        "sourcetemplate": ""
      }
    },
    "68c5d421-87e5-7868-ae4c-e5d1674abdc6": {
      "UUID": "68c5d421-87e5-7868-ae4c-e5d1674abdc6",
      "Constructor": "TagAnswer",
      "EndNode": false,
      "Root": false,
      "ShowOnce": false,
      "SpeakerNo": 2,
      "AddressedSpeaker": 0,
      "Children": [
        "fd920950-145a-f613-7cef-e933ee7e97f5"
      ],
      "CheckFlags": [],
      "SetFlags": [],
      "TaggedTextList": [
        {
          "HasTagRule": false,
          "RuleGroup": {
            "TagCombineOp": 0,
            "Rules": [],
            "RuleString": ""
          },
          "TagTexts": [
            {
              "LineId": "bbe42410-c603-8363-fef0-ae53bc656ed2",
              "Text": {
                "Handle": "h5c9498bfg8ee4g4ba2g801eg4b05b3cbdcb6",
                "Value": "Maybe we can set him on fire."
              }
            }
          ]
        }
      ],
      "EditorData": {
        "AnimationTags": "",
        "Attitude": "Default",
        "CinematicNodeContext": "",
        "CinematicObjects": "",
        "CustomCineArtKeysPresent": "False",
        "CustomLightingPresent": "False",
        "CustomSoundPresent": "False",
        "CustomVFXPresent": "False",
        "Emotion": "Default",
        "ForceDisableIsCustomNode": "False",
        "ID": "N12",
        "InternalNodeContext": "",
        "IsCustomNode": "False",
        "MusicTags": "",
        "NodeContext": "",
        "Quality": "Bronze",
        "SFXTags": "",
        "StateChangeTags": "",
        "TemplateNodeUUID": "00000000-0000-0000-0000-000000000000",
        "TemplateVersion": "0",
        "VFXTags": "",
        "collapsed": "False",
        "logicalname": "Answer",
        "position": "335;15",
        "sourcetemplate": ""
      }
    },
    "78c11ee7-90f3-830d-a189-0d2bddd281d2": {
      "UUID": "78c11ee7-90f3-830d-a189-0d2bddd281d2",
      "Constructor": "TagGreeting",
      "EndNode": false,
      "Root": true,
      "ShowOnce": false,
      "SpeakerNo": 1,
      "AddressedSpeaker": 0,
      "Children": [
        "392c3c59-0f87-edc1-df30-f9b7904a231c"
      ],
      "CheckFlags": [],
      "SetFlags": [
        {
          "Flags": [
            {
              "UUID": "f00a075e-af3e-2b89-70e5-7e2079d82c1b",
              "value": true,
              "paramval": null,
              "Name": "5311a1fa-6db9-52f2-e5f7-099250634a91_A"
            }
          ],
          "Type": "Local"
        }
      ],
      "TaggedTextList": [
        {
          "HasTagRule": false,
          "RuleGroup": {
            "TagCombineOp": 0,
            "Rules": [],
            "RuleString": ""
          },
          "TagTexts": [
            {
              "LineId": "51694b65-1a8a-6dda-19ad-bc7ad5ff3074",
              "Text": {
                "Handle": "h41b10866gc782g4704g87f2g334be9e4e70e",
                "Value": "No sign of the others yet. You think the fight up front went... bad?"
              }
            }
          ]
        }
      ],
      "EditorData": {
        "AnimationTags": "",
        "Attitude": "Default",
        "CinematicNodeContext": "",
        "CinematicObjects": "",
        "CustomCineArtKeysPresent": "False",
        "CustomLightingPresent": "False",
        "CustomSoundPresent": "False",
        "CustomVFXPresent": "False",
        "Emotion": "Default",
        "ForceDisableIsCustomNode": "False",
        "ID": "N13",
        "InternalNodeContext": "",
        "IsCustomNode": "False",
        "MusicTags": "",
        "NodeContext": "",
        "Quality": "Bronze",
        "SFXTags": "",
        "StateChangeTags": "",
        "TemplateNodeUUID": "00000000-0000-0000-0000-000000000000",
        "TemplateVersion": "0",
        "VFXTags": "",
        "collapsed": "False",
        "logicalname": "Greeting",
        "position": "15;672",
        "sourcetemplate": ""
      }
    },
    "8dcefaa7-cd51-5730-3322-e9e373eb669e": {
      "UUID": "8dcefaa7-cd51-5730-3322-e9e373eb669e",
      "Constructor": "TagAnswer",
      "EndNode": true,
      "Root": false,
      "ShowOnce": false,
      "SpeakerNo": 3,
      "AddressedSpeaker": 0,
      "Children": [],
      "CheckFlags": [],
      "SetFlags": [],
      "TaggedTextList": [
        {
          "HasTagRule": false,
          "RuleGroup": {
            "TagCombineOp": 0,
            "Rules": [],
            "RuleString": ""
          },
          "TagTexts": [
            {
              "LineId": "211e3db1-495c-05f8-d78a-7cf9ed18888c",
              "Text": {
                "Handle": "h917353c6ge13fg4f9dg8592gf9dfe9521c62",
                "Value": "He's boring. Let's find another one."
              }
            }
          ]
        }
      ],
      "EditorData": {
        "AnimationTags": "",
        "Attitude": "Default",
        "CinematicNodeContext": "",
        "CinematicObjects": "",
        "CustomCineArtKeysPresent": "False",
        "CustomLightingPresent": "False",
        "CustomSoundPresent": "False",
        "CustomVFXPresent": "False",
        "Emotion": "Default",
        "ForceDisableIsCustomNode": "False",
        "ID": "N17",
        "InternalNodeContext": "",
        "IsCustomNode": "False",
        "MusicTags": "",
        "NodeContext": "",
        "Quality": "Bronze",
        "SFXTags": "",
        "StateChangeTags": "",
        "TemplateNodeUUID": "00000000-0000-0000-0000-000000000000",
        "TemplateVersion": "0",
        "VFXTags": "",
        "collapsed": "False",
        "logicalname": "Answer",
        "position": "975;672",
        "sourcetemplate": ""
      }
    },
    "9adb71a8-a594-8ffd-419b-bce32d0e1686": {
      "UUID": "9adb71a8-a594-8ffd-419b-bce32d0e1686",
      "Constructor": "TagAnswer",
      "EndNode": true,
      "Root": false,
      "ShowOnce": false,
      "SpeakerNo": 0,
      "AddressedSpeaker": 0,
      "Children": [],
      "CheckFlags": [],
      "SetFlags": [],
      "TaggedTextList": [
        {
          "HasTagRule": false,
          "RuleGroup": {
            "TagCombineOp": 0,
            "Rules": [],
            "RuleString": ""
          },
          "TagTexts": [
            {
              "LineId": "f5b6337b-b192-6839-9022-a0129e875bee",
              "Text": {
                "Handle": "hf96cfde6gd758g4c52g803ag7cd3b85200fe",
                "Value": "Don't wear his voice out. We still need answers."
              }
            }
          ]
        }
      ],
      "EditorData": {
        "AnimationTags": "",
        "Attitude": "Default",
        "CinematicNodeContext": "",
        "CinematicObjects": "",
        "CustomCineArtKeysPresent": "False",
        "CustomLightingPresent": "False",
        "CustomSoundPresent": "False",
        "CustomVFXPresent": "False",
        "Emotion": "Default",
        "ForceDisableIsCustomNode": "False",
        "ID": "N8",
        "InternalNodeContext": "",
        "IsCustomNode": "False",
        "MusicTags": "",
        "NodeContext": "",
        "Quality": "Bronze",
        "SFXTags": "",
        "StateChangeTags": "",
        "TemplateNodeUUID": "00000000-0000-0000-0000-000000000000",
        "TemplateVersion": "0",
        "VFXTags": "",
        "collapsed": "False",
        "logicalname": "Answer",
        "position": "975;453",
        "sourcetemplate": ""
      }
    },
    "b026670f-1b59-b755-6063-e0ec93cbbe2b": {
      "UUID": "b026670f-1b59-b755-6063-e0ec93cbbe2b",
      "Constructor": "TagAnswer",
      "EndNode": false,
      "Root": false,
      "ShowOnce": false,
      "SpeakerNo": 2,
      "AddressedSpeaker": 0,
      "Children": [
        "8dcefaa7-cd51-5730-3322-e9e373eb669e"
      ],
      "CheckFlags": [],
      "SetFlags": [],
      "TaggedTextList": [
        {
          "HasTagRule": false,
          "RuleGroup": {
            "TagCombineOp": 0,
            "Rules": [],
            "RuleString": ""
          },
          "TagTexts": [
            {
              "LineId": "ef58f649-a796-fc8a-4a03-0ff2952a3600",
              "Text": {
                "Handle": "h612dc1e1ge0d6g455bgb83bgc0ba874fa333",
                "Value": "Least we got the druid to keep ourselves entertained."
              }
            }
          ]
        }
      ],
      "EditorData": {
        "AnimationTags": "",
        "Attitude": "Default",
        "CinematicNodeContext": "",
        "CinematicObjects": "",
        "CustomCineArtKeysPresent": "False",
        "CustomLightingPresent": "False",
        "CustomSoundPresent": "False",
        "CustomVFXPresent": "False",
        "Emotion": "Default",
        "ForceDisableIsCustomNode": "False",
        "ID": "N6",
        "InternalNodeContext": "",
        "IsCustomNode": "False",
        "MusicTags": "",
        "NodeContext": "",
        "Quality": "Bronze",
        "SFXTags": "",
        "StateChangeTags": "",
        "TemplateNodeUUID": "00000000-0000-0000-0000-000000000000",
        "TemplateVersion": "0",
        "VFXTags": "",
        "collapsed": "False",
        "logicalname": "Answer",
        "position": "655;672",
        "sourcetemplate": ""
      }
    },
    "b0be4feb-82e7-61cc-ef23-76648bb3ba22": {
      "UUID": "b0be4feb-82e7-61cc-ef23-76648bb3ba22",
      "Constructor": "TagAnswer",
      "EndNode": false,
      "Root": false,
      "ShowOnce": false,
      "SpeakerNo": 3,
      "AddressedSpeaker": 0,
      "Children": [
        "9adb71a8-a594-8ffd-419b-bce32d0e1686"
      ],
      "CheckFlags": [],
      "SetFlags": [],
      "TaggedTextList": [
        {
          "HasTagRule": false,
          "RuleGroup": {
            "TagCombineOp": 0,
            "Rules": [],
            "RuleString": ""
          },
          "TagTexts": [
            {
              "LineId": "5675b28d-bf48-2878-4c7b-7999c2aa6120",
              "Text": {
                "Handle": "hc91d6db9g50fbg4492gb49bg9a964f01743c",
                "Value": "Yeah. Give him somethin' to cry about."
              }
            }
          ]
        }
      ],
      "EditorData": {
        "AnimationTags": "",
        "Attitude": "Default",
        "CinematicNodeContext": "",
        "CinematicObjects": "",
        "CustomCineArtKeysPresent": "False",
        "CustomLightingPresent": "False",
        "CustomSoundPresent": "False",
        "CustomVFXPresent": "False",
        "Emotion": "Default",
        "ForceDisableIsCustomNode": "False",
        "ID": "N15",
        "InternalNodeContext": "",
        "IsCustomNode": "False",
        "MusicTags": "",
        "NodeContext": "",
        "Quality": "Bronze",
        "SFXTags": "",
        "StateChangeTags": "",
        "TemplateNodeUUID": "00000000-0000-0000-0000-000000000000",
        "TemplateVersion": "0",
        "VFXTags": "",
        "collapsed": "False",
        "logicalname": "Answer",
        "position": "655;453",
        "sourcetemplate": ""
      }
    },
    "be0f50d6-779c-4b1a-f63c-f360dd64eafb": {
      "UUID": "be0f50d6-779c-4b1a-f63c-f360dd64eafb",
      "Constructor": "TagGreeting",
      "EndNode": false,
      "Root": true,
      "ShowOnce": false,
      "SpeakerNo": 1,
      "AddressedSpeaker": 0,
      "Children": [
        "68c5d421-87e5-7868-ae4c-e5d1674abdc6"
      ],
      "CheckFlags": [
        {
          "Flags": [
            {
              "UUID": "882e2a4b-66f3-a395-8b74-70260c111e76",
              "value": true,
              "paramval": null,
              "Name": "5311a1fa-6db9-52f2-e5f7-099250634a91_C"
            }
          ],
          "Type": "Local"
        }
      ],
      "SetFlags": [
        {
          "Flags": [
            {
              "UUID": "104c959f-11cf-4d04-b7fd-b6e8a0ec33d3",
              "value": false,
              "paramval": null,
              "Name": "5311a1fa-6db9-52f2-e5f7-099250634a91_B"
            },
            {
              "UUID": "882e2a4b-66f3-a395-8b74-70260c111e76",
              "value": false,
              "paramval": null,
              "Name": "5311a1fa-6db9-52f2-e5f7-099250634a91_C"
            },
            {
              "UUID": "f00a075e-af3e-2b89-70e5-7e2079d82c1b",
              "value": false,
              "paramval": null,
              "Name": "5311a1fa-6db9-52f2-e5f7-099250634a91_A"
            }
          ],
          "Type": "Local"
        }
      ],
      "TaggedTextList": [
        {
          "HasTagRule": false,
          "RuleGroup": {
            "TagCombineOp": 0,
            "Rules": [],
            "RuleString": ""
          },
          "TagTexts": [
            {
              "LineId": "a5c81a36-45a3-2dab-d84f-0237f394e930",
              "Text": {
                "Handle": "h085a05aeg86e2g490bgb1e3g149de4f7ec1d",
                "Value": "Pretty stubborn for a man wearin' leaves."
              }
            }
          ]
        }
      ],
      "EditorData": {
        "AnimationTags": "",
        "Attitude": "Default",
        "CinematicNodeContext": "",
        "CinematicObjects": "",
        "CustomCineArtKeysPresent": "False",
        "CustomLightingPresent": "False",
        "CustomSoundPresent": "False",
        "CustomVFXPresent": "False",
        "Emotion": "Default",
        "ForceDisableIsCustomNode": "False",
        "ID": "N1",
        "InternalNodeContext": "",
        "IsCustomNode": "False",
        "MusicTags": "",
        "NodeContext": "",
        "Quality": "Bronze",
        "SFXTags": "",
        "StateChangeTags": "",
        "TemplateNodeUUID": "00000000-0000-0000-0000-000000000000",
        "TemplateVersion": "0",
        "VFXTags": "",
        "collapsed": "False",
        "logicalname": "Greeting",
        "position": "15;15",
        "sourcetemplate": ""
      }
    },
    "ec1951b1-243c-5656-c592-ba0b075396b1": {
      "UUID": "ec1951b1-243c-5656-c592-ba0b075396b1",
      "Constructor": "TagAnswer",
      "EndNode": false,
      "Root": false,
      "ShowOnce": false,
      "SpeakerNo": 1,
      "AddressedSpeaker": 0,
      "Children": [
        "b0be4feb-82e7-61cc-ef23-76648bb3ba22"
      ],
      "CheckFlags": [],
      "SetFlags": [],
      "TaggedTextList": [
        {
          "HasTagRule": false,
          "RuleGroup": {
            "TagCombineOp": 0,
            "Rules": [],
            "RuleString": ""
          },
          "TagTexts": [
            {
              "LineId": "d61f8afe-c2d0-3c0d-30ea-b61731f3c438",
              "Text": {
                "Handle": "hd57a879bg1503g4f8dgae4bg6af6743f0b1d",
                "Value": "Could wake him up by choppin' off a toe. That'd be funny."
              }
            }
          ]
        }
      ],
      "EditorData": {
        "AnimationTags": "",
        "Attitude": "Default",
        "CinematicNodeContext": "",
        "CinematicObjects": "",
        "CustomCineArtKeysPresent": "False",
        "CustomLightingPresent": "False",
        "CustomSoundPresent": "False",
        "CustomVFXPresent": "False",
        "Emotion": "Default",
        "ForceDisableIsCustomNode": "False",
        "ID": "N7",
        "InternalNodeContext": "",
        "IsCustomNode": "False",
        "MusicTags": "",
        "NodeContext": "",
        "Quality": "Bronze",
        "SFXTags": "",
        "StateChangeTags": "",
        "TemplateNodeUUID": "00000000-0000-0000-0000-000000000000",
        "TemplateVersion": "0",
        "VFXTags": "",
        "collapsed": "False",
        "logicalname": "Answer",
        "position": "335;453",
        "sourcetemplate": ""
      }
    },
    "fd920950-145a-f613-7cef-e933ee7e97f5": {
      "UUID": "fd920950-145a-f613-7cef-e933ee7e97f5",
      "Constructor": "TagAnswer",
      "EndNode": true,
      "Root": false,
      "ShowOnce": false,
      "SpeakerNo": 3,
      "AddressedSpeaker": 0,
      "Children": [],
      "CheckFlags": [],
      "SetFlags": [],
      "TaggedTextList": [
        {
          "HasTagRule": false,
          "RuleGroup": {
            "TagCombineOp": 0,
            "Rules": [],
            "RuleString": ""
          },
          "TagTexts": [
            {
              "LineId": "92cc6d6f-0148-c038-8d7d-3dd05b2d3a3c",
              "Text": {
                "Handle": "hf3855fe4gd4e3g434eg9746g5a523a51ba3c",
                "Value": "We should set the whole grove on fire."
              }
            }
          ]
        }
      ],
      "EditorData": {
        "AnimationTags": "",
        "Attitude": "Default",
        "CinematicNodeContext": "",
        "CinematicObjects": "",
        "CustomCineArtKeysPresent": "False",
        "CustomLightingPresent": "False",
        "CustomSoundPresent": "False",
        "CustomVFXPresent": "False",
        "Emotion": "Default",
        "ForceDisableIsCustomNode": "False",
        "ID": "N14",
        "InternalNodeContext": "",
        "IsCustomNode": "False",
        "MusicTags": "",
        "NodeContext": "",
        "Quality": "Bronze",
        "SFXTags": "",
        "StateChangeTags": "",
        "TemplateNodeUUID": "00000000-0000-0000-0000-000000000000",
        "TemplateVersion": "0",
        "VFXTags": "",
        "collapsed": "False",
        "logicalname": "Answer",
        "position": "655;15",
        "sourcetemplate": ""
      }
    }
  },
  "SpeakerDict": {
    "0": {
      "IsPeanutSpeaker": false,
      "SpeakerMappingId": "d31938e3-3c90-89af-ffb9-30b05ddcd5dc",
      "Index": 0,
      "List": [
        "3c9e5843-32a6-49e7-91c2-1f8e6ae2833f"
      ],
      "SpeakerCharacter": {
        "DisplayName": "Warrior Gresh",
        "Type": "character",
        "MapKey": "3c9e5843-32a6-49e7-91c2-1f8e6ae2833f",
        "Name": "S_DEN_GoblinScout_001",
        "ParentTemplateId": null,
        "TemplateName": "eb092260-3e6f-4576-b029-83b22ed56c0f"
      },
      "SpeakerGroupName": null
    },
    "1": {
      "IsPeanutSpeaker": false,
      "SpeakerMappingId": "943401dc-6014-0300-28ce-f53ac6d3d6db",
      "Index": 1,
      "List": [
        "48c2871e-19e4-41da-8846-cc785fef64d3"
      ],
      "SpeakerCharacter": {
        "DisplayName": "Tracker Torrack",
        "Type": "character",
        "MapKey": "48c2871e-19e4-41da-8846-cc785fef64d3",
        "Name": "S_DEN_GoblinScout_002",
        "ParentTemplateId": null,
        "TemplateName": "bdf828ab-4335-4626-b159-312b67397011"
      },
      "SpeakerGroupName": null
    },
    "2": {
      "IsPeanutSpeaker": false,
      "SpeakerMappingId": "48be4b84-82b4-0f31-da0a-a0b4ee70744b",
      "Index": 2,
      "List": [
        "1dfab0db-e7b5-48b8-9034-59628ddefa76"
      ],
      "SpeakerCharacter": {
        "DisplayName": "Tracker Worm",
        "Type": "character",
        "MapKey": "1dfab0db-e7b5-48b8-9034-59628ddefa76",
        "Name": "S_DEN_GoblinScout_003",
        "ParentTemplateId": null,
        "TemplateName": "f5f1adc6-bc9a-418c-af58-af412f8b9c5d"
      },
      "SpeakerGroupName": null
    },
    "3": {
      "IsPeanutSpeaker": false,
      "SpeakerMappingId": "e413434b-3816-b6fc-8403-69caef69bd42",
      "Index": 3,
      "List": [
        "06a54b04-c141-4929-b21c-5f28737d88f7"
      ],
      "SpeakerCharacter": {
        "DisplayName": "Sharp-Eye Gurza",
        "Type": "character",
        "MapKey": "06a54b04-c141-4929-b21c-5f28737d88f7",
        "Name": "S_DEN_GoblinScout_004",
        "ParentTemplateId": null,
        "TemplateName": "3ac7d5f6-3125-4c75-9cb3-c2ea485129ed"
      },
      "SpeakerGroupName": null
    }
  },
  "Synopsis": "A quartet of goblins scouts are torturing a druid they captured in the tunnels, trying to find out the location of a weapon for the Absolute. They expect the other goblins will be bursting in the front gate of the grove any minute, and are unaware the others were defeated."
}