{
  "Path": "Mods/Gustav/Story/Dialogs/Act1/DEN/DEN_AdventurersQuest_RaidAdventurerAtCorpses.lsj",
  "UUID": "128dc38a-72b8-aad2-4653-4ac426c00fd4",
  "Category": "Generic NPC Dialog",
  "DefaultAddressedSpeakers": {
    "0": 1,
    "1": 0
  },
  "RootNodes": [
    "3bb23ad7-8494-75c4-8536-1740ad344707",
    "515b4cbd-378d-5dfd-ade5-20256835b6e9"
  ],
  "Nodes": {
    "3bb23ad7-8494-75c4-8536-1740ad344707": {
      "UUID": "3bb23ad7-8494-75c4-8536-1740ad344707",
      "Constructor": "TagGreeting",
      "EndNode": false,
      "Root": true,
      "ShowOnce": false,
      "SpeakerNo": 0,
      "AddressedSpeaker": -1,
      "Children": [
        "4f3f7869-c91d-a2ec-d6df-5268af508ccc"
      ],
      "CheckFlags": [
        {
          "Flags": [
            {
              "UUID": "ab32f95a-c66b-c7ab-6d1a-3ab1cd86817c",
              "value": false,
              "paramval": 1,
              "Name": "DEN_AdventurersQuest_RaidAdventurerAtCorps_HasMet"
            }
          ],
          "Type": "Dialog"
        }
      ],
      "SetFlags": [
        {
          "Flags": [
            {
              "UUID": "ab32f95a-c66b-c7ab-6d1a-3ab1cd86817c",
              "value": true,
              "paramval": 1,
              "Name": "DEN_AdventurersQuest_RaidAdventurerAtCorps_HasMet"
            }
          ],
          "Type": "Dialog"
        }
      ],
      "TaggedTextList": [
        {
          "HasTagRule": false,
          "RuleGroup": {
            "TagCombineOp": 0,
            "Rules": [],
            "RuleString": ""
          },
          "TagTexts": [
            {
              "LineId": "876b254b-e8fc-02cb-4835-fa53dfe369d2",
              "Text": {
                "Handle": "h09a6eed5g7706g4660ga626g00dddc26ee2b",
                "Value": "I told them to <i>run</i>, the idiots."
              }
            }
          ]
        }
      ],
      "EditorData": {
        "AnimationTags": "",
        "Attitude": "Default",
        "CinematicNodeContext": "",
        "CinematicObjects": "",
        "CustomCineArtKeysPresent": "False",
        "CustomLightingPresent": "False",
        "CustomSoundPresent": "False",
        "CustomVFXPresent": "False",
        "Emotion": "Sadness",
        "ForceDisableIsCustomNode": "False",
        "ID": "N1",
        "InternalNodeContext": "",
        "IsCustomNode": "False",
        "MusicTags": "",
        "NodeContext": "",
        "Quality": "Bronze",
        "SFXTags": "",
        "StateChangeTags": "",
        "TemplateNodeUUID": "00000000-0000-0000-0000-000000000000",
        "TemplateVersion": "0",
        "VFXTags": "",
        "collapsed": "False",
        "logicalname": "Greeting",
        "position": "15;15",
        "sourcetemplate": ""
      }
    },
    "4f3f7869-c91d-a2ec-d6df-5268af508ccc": {
      "UUID": "4f3f7869-c91d-a2ec-d6df-5268af508ccc",
      "Constructor": "TagAnswer",
      "EndNode": true,
      "Root": false,
      "ShowOnce": false,
      "SpeakerNo": 0,
      "AddressedSpeaker": -1,
      "Children": [],
      "CheckFlags": [],
      "SetFlags": [],
      "TaggedTextList": [
        {
          "HasTagRule": false,
          "RuleGroup": {
            "TagCombineOp": 0,
            "Rules": [],
            "RuleString": ""
          },
          "TagTexts": [
            {
              "LineId": "960f3c6d-975f-1175-3e56-9183bd83278d",
              "Text": {
                "Handle": "h5ac3188eg8ee5g4699gb16ag96a15f6f01e3",
                "Value": "You better turn north here, or you'll end up like them."
              }
            }
          ]
        }
      ],
      "EditorData": {
        "AnimationTags": "",
        "Attitude": "Default",
        "CinematicNodeContext": "",
        "CinematicObjects": "",
        "CustomCineArtKeysPresent": "False",
        "CustomLightingPresent": "False",
        "CustomSoundPresent": "False",
        "CustomVFXPresent": "False",
        "Emotion": "Sadness",
        "ForceDisableIsCustomNode": "False",
        "ID": "N89",
        "InternalNodeContext": "",
        "IsCustomNode": "False",
        "MusicTags": "",
        "NodeContext": "",
        "Quality": "Bronze",
        "SFXTags": "",
        "StateChangeTags": "",
        "TemplateNodeUUID": "00000000-0000-0000-0000-000000000000",
        "TemplateVersion": "0",
        "VFXTags": "",
        "collapsed": "False",
        "logicalname": "Answer",
        "position": "335;15",
        "sourcetemplate": ""
      }
    },
    "515b4cbd-378d-5dfd-ade5-20256835b6e9": {
      "UUID": "515b4cbd-378d-5dfd-ade5-20256835b6e9",
      "Constructor": "TagGreeting",
      "EndNode": true,
      "Root": true,
      "ShowOnce": false,
      "SpeakerNo": 0,
      "AddressedSpeaker": -1,
      "Children": [],
      "CheckFlags": [
        {
          "Flags": [
            {
              "UUID": "ab32f95a-c66b-c7ab-6d1a-3ab1cd86817c",
              "value": true,
              "paramval": 1,
              "Name": "DEN_AdventurersQuest_RaidAdventurerAtCorps_HasMet"
            }
          ],
          "Type": "Dialog"
        }
      ],
      "SetFlags": [],
      "TaggedTextList": [
        {
          "HasTagRule": false,
          "RuleGroup": {
            "TagCombineOp": 0,
            "Rules": [],
            "RuleString": ""
          },
          "TagTexts": [
            {
              "LineId": "3432afd1-570a-198d-da27-29927acea45c",
              "Text": {
                "Handle": "heda3d8c5g5437g49c7g8e2dgf3988c58d0ba",
                "Value": "Go on. I'm sure you've got better places to be."
              }
            }
          ]
        }
      ],
      "EditorData": {
        "AnimationTags": "",
        "Attitude": "Default",
        "CinematicNodeContext": "",
        "CinematicObjects": "",
        "CustomCineArtKeysPresent": "False",
        "CustomLightingPresent": "False",
        "CustomSoundPresent": "False",
        "CustomVFXPresent": "False",
        "Emotion": "Default",
        "ForceDisableIsCustomNode": "False",
        "ID": "N88",
        "InternalNodeContext": "",
        "IsCustomNode": "False",
        "MusicTags": "",
        "NodeContext": "harsh - trying to hold back tears until the player leaves.",
        "Quality": "Bronze",
        "SFXTags": "",
        "StateChangeTags": "",
        "TemplateNodeUUID": "00000000-0000-0000-0000-000000000000",
        "TemplateVersion": "0",
        "VFXTags": "",
        "collapsed": "False",
        "logicalname": "Greeting",
        "position": "15;234",
        "sourcetemplate": ""
      }
    }
  },
  "SpeakerDict": {
    "0": {
      "IsPeanutSpeaker": false,
      "SpeakerMappingId": "d4f23c8b-f05c-5d75-5ff9-398618dc6954",
      "Index": 0,
      "List": [
        "4faf77a0-b883-4f7b-acbf-4500973f446d"
      ],
      "SpeakerCharacter": {
        "DisplayName": "Remira",
        "Type": "character",
        "MapKey": "4faf77a0-b883-4f7b-acbf-4500973f446d",
        "Name": "S_DEN_RaidAdventurer",
        "ParentTemplateId": null,
        "TemplateName": "19dc6cab-aa38-4f09-b9cf-546e1c0ecb8a"
      },
      "SpeakerGroupName": null
    },
    "1": {
      "IsPeanutSpeaker": false,
      "SpeakerMappingId": "c460d5b0-431b-5eb9-9258-b33fdda62239",
      "Index": 1,
      "List": [
        "e0d1ff71-04a8-4340-ae64-9684d846eb83"
      ],
      "SpeakerCharacter": {
        "DisplayName": "Player",
        "Type": "character",
        "MapKey": "e2badbf0-159a-4ef5-9e73-7bbeb3d1015a",
        "Name": "S_GLO_CharacterCreationDummy_001",
        "ParentTemplateId": null,
        "TemplateName": "fd7f2707-8f86-4836-bda8-e0db99c389cc"
      },
      "SpeakerGroupName": "GROUP_Players"
    }
  },
  "Synopsis": "The adventurer is standing next to the corpses of her comrades she left behind while running for the goblins."
}