{
  "Path": "Mods/Gustav/Story/Dialogs/Act1/DEN/DEN_GuardedEntrance_AD_ParentsWithKid.lsj",
  "UUID": "abb79b97-ca94-26b9-b46e-63c0ca8c5661",
  "Category": "Repeated automated NPC Dialog",
  "DefaultAddressedSpeakers": {
    "0": -1,
    "1": -1,
    "2": -1
  },
  "RootNodes": [
    "b00e6d87-0205-4989-683b-123b08edcb75",
    "868ea7cf-5daa-ef39-dc4d-515dd2322bcd",
    "425e1bfd-07d8-ce39-3720-c1d55e3bae32"
  ],
  "Nodes": {
    "1410d896-66ad-4ad6-e4c5-d1e19321a7a2": {
      "UUID": "1410d896-66ad-4ad6-e4c5-d1e19321a7a2",
      "Constructor": "TagAnswer",
      "EndNode": true,
      "Root": false,
      "ShowOnce": false,
      "SpeakerNo": 1,
      "AddressedSpeaker": 0,
      "Children": [],
      "CheckFlags": [],
      "SetFlags": [],
      "TaggedTextList": [
        {
          "HasTagRule": false,
          "RuleGroup": {
            "TagCombineOp": 0,
            "Rules": [],
            "RuleString": ""
          },
          "TagTexts": [
            {
              "LineId": "3c8a1853-9bba-edc2-ab22-43a688de7d63",
              "Text": {
                "Handle": "h05528976g93f6g41a1g9362g76f144ed7faf",
                "Value": "Quiet, you pup. "
              }
            }
          ]
        }
      ],
      "EditorData": {
        "AnimationTags": "",
        "Attitude": "Default",
        "CinematicNodeContext": "",
        "CinematicObjects": "",
        "CustomCineArtKeysPresent": "False",
        "CustomLightingPresent": "False",
        "CustomSoundPresent": "False",
        "CustomVFXPresent": "False",
        "Emotion": "Default",
        "ForceDisableIsCustomNode": "False",
        "ID": "N21",
        "InternalNodeContext": "",
        "IsCustomNode": "False",
        "MusicTags": "",
        "NodeContext": "",
        "Quality": "Bronze",
        "SFXTags": "",
        "StateChangeTags": "",
        "TemplateNodeUUID": "00000000-0000-0000-0000-000000000000",
        "TemplateVersion": "0",
        "VFXTags": "",
        "collapsed": "False",
        "logicalname": "Answer",
        "position": "975;234",
        "sourcetemplate": ""
      }
    },
    "23d01ab5-7081-7a35-604f-da8c4416f1e6": {
      "UUID": "23d01ab5-7081-7a35-604f-da8c4416f1e6",
      "Constructor": "TagAnswer",
      "EndNode": false,
      "Root": false,
      "ShowOnce": false,
      "SpeakerNo": 0,
      "AddressedSpeaker": 0,
      "Children": [
        "4c596db6-cd5c-74bb-9b88-d81164d12761"
      ],
      "CheckFlags": [],
      "SetFlags": [],
      "TaggedTextList": [
        {
          "HasTagRule": false,
          "RuleGroup": {
            "TagCombineOp": 0,
            "Rules": [],
            "RuleString": ""
          },
          "TagTexts": [
            {
              "LineId": "8c20cf03-e340-936d-2bfe-e548d0191a44",
              "Text": {
                "Handle": "h6d6344a4g79a6g406agb06egbc4c0787e873",
                "Value": "Your mother was a heartbeat away from fighting a bear. "
              }
            }
          ]
        }
      ],
      "EditorData": {
        "AnimationTags": "",
        "Attitude": "Default",
        "CinematicNodeContext": "",
        "CinematicObjects": "",
        "CustomCineArtKeysPresent": "False",
        "CustomLightingPresent": "False",
        "CustomSoundPresent": "False",
        "CustomVFXPresent": "False",
        "Emotion": "Default",
        "ForceDisableIsCustomNode": "False",
        "ID": "N13",
        "InternalNodeContext": "",
        "IsCustomNode": "False",
        "MusicTags": "",
        "NodeContext": "",
        "Quality": "Bronze",
        "SFXTags": "",
        "StateChangeTags": "",
        "TemplateNodeUUID": "00000000-0000-0000-0000-000000000000",
        "TemplateVersion": "0",
        "VFXTags": "",
        "collapsed": "False",
        "logicalname": "Answer",
        "position": "335;234",
        "sourcetemplate": ""
      }
    },
    "425e1bfd-07d8-ce39-3720-c1d55e3bae32": {
      "UUID": "425e1bfd-07d8-ce39-3720-c1d55e3bae32",
      "Constructor": "TagGreeting",
      "EndNode": false,
      "Root": true,
      "ShowOnce": false,
      "SpeakerNo": 1,
      "AddressedSpeaker": 0,
      "Children": [
        "ada062d9-f221-92fa-d3d5-20135385d381"
      ],
      "CheckFlags": [],
      "SetFlags": [
        {
          "Flags": [
            {
              "UUID": "cad73287-fe48-253c-65e8-36007a8a8e0d",
              "value": true,
              "paramval": null,
              "Name": "abb79b97-ca94-26b9-b46e-63c0ca8c5661_A"
            }
          ],
          "Type": "Local"
        }
      ],
      "TaggedTextList": [
        {
          "HasTagRule": false,
          "RuleGroup": {
            "TagCombineOp": 0,
            "Rules": [],
            "RuleString": ""
          },
          "TagTexts": [
            {
              "LineId": "567f9155-551f-fbac-5e0e-1eab90107ef9",
              "Text": {
                "Handle": "h8cf94589g6f01g47fdg990egd15e4f71c8da",
                "Value": "Stealing the idol - what were you thinking? "
              }
            }
          ]
        }
      ],
      "EditorData": {
        "AnimationTags": "",
        "Attitude": "Default",
        "CinematicNodeContext": "",
        "CinematicObjects": "",
        "CustomCineArtKeysPresent": "False",
        "CustomLightingPresent": "False",
        "CustomSoundPresent": "False",
        "CustomVFXPresent": "False",
        "Emotion": "Default",
        "ForceDisableIsCustomNode": "False",
        "ID": "N41",
        "InternalNodeContext": "",
        "IsCustomNode": "False",
        "MusicTags": "",
        "NodeContext": "",
        "Quality": "Bronze",
        "SFXTags": "",
        "StateChangeTags": "",
        "TemplateNodeUUID": "00000000-0000-0000-0000-000000000000",
        "TemplateVersion": "0",
        "VFXTags": "",
        "collapsed": "False",
        "logicalname": "Greeting",
        "position": "15;672",
        "sourcetemplate": ""
      }
    },
    "4c596db6-cd5c-74bb-9b88-d81164d12761": {
      "UUID": "4c596db6-cd5c-74bb-9b88-d81164d12761",
      "Constructor": "TagAnswer",
      "EndNode": false,
      "Root": false,
      "ShowOnce": false,
      "SpeakerNo": 2,
      "AddressedSpeaker": 0,
      "Children": [
        "1410d896-66ad-4ad6-e4c5-d1e19321a7a2"
      ],
      "CheckFlags": [],
      "SetFlags": [],
      "TaggedTextList": [
        {
          "HasTagRule": false,
          "RuleGroup": {
            "TagCombineOp": 0,
            "Rules": [],
            "RuleString": ""
          },
          "TagTexts": [
            {
              "LineId": "0e3bd032-3e7d-f61f-dfe9-79f3d22af060",
              "Text": {
                "Handle": "hb5d892e1ga256g4eefgb613gc135ef51e133",
                "Value": "Isn't that how mum usually is?"
              }
            }
          ]
        }
      ],
      "EditorData": {
        "AnimationTags": "",
        "Attitude": "Default",
        "CinematicNodeContext": "",
        "CinematicObjects": "",
        "CustomCineArtKeysPresent": "False",
        "CustomLightingPresent": "False",
        "CustomSoundPresent": "False",
        "CustomVFXPresent": "False",
        "Emotion": "Default",
        "ForceDisableIsCustomNode": "False",
        "ID": "N17",
        "InternalNodeContext": "",
        "IsCustomNode": "False",
        "MusicTags": "",
        "NodeContext": "",
        "Quality": "Bronze",
        "SFXTags": "",
        "StateChangeTags": "",
        "TemplateNodeUUID": "00000000-0000-0000-0000-000000000000",
        "TemplateVersion": "0",
        "VFXTags": "",
        "collapsed": "False",
        "logicalname": "Answer",
        "position": "655;234",
        "sourcetemplate": ""
      }
    },
    "52da5a5a-1c37-d794-6fb3-55dcb6538e4f": {
      "UUID": "52da5a5a-1c37-d794-6fb3-55dcb6538e4f",
      "Constructor": "TagAnswer",
      "EndNode": true,
      "Root": false,
      "ShowOnce": false,
      "SpeakerNo": 0,
      "AddressedSpeaker": 0,
      "Children": [],
      "CheckFlags": [],
      "SetFlags": [],
      "TaggedTextList": [
        {
          "HasTagRule": false,
          "RuleGroup": {
            "TagCombineOp": 0,
            "Rules": [],
            "RuleString": ""
          },
          "TagTexts": [
            {
              "LineId": "97775c74-d398-12e4-c5b6-cfee6e04b95a",
              "Text": {
                "Handle": "hb2e7f0cbg0c6ag4d27g8271gb211c157f819",
                "Value": "That girl. I don't care what Mol says. That was stupid and reckless. "
              }
            }
          ]
        }
      ],
      "EditorData": {
        "AnimationTags": "",
        "Attitude": "Default",
        "CinematicNodeContext": "",
        "CinematicObjects": "",
        "CustomCineArtKeysPresent": "False",
        "CustomLightingPresent": "False",
        "CustomSoundPresent": "False",
        "CustomVFXPresent": "False",
        "Emotion": "Default",
        "ForceDisableIsCustomNode": "False",
        "ID": "N37",
        "InternalNodeContext": "",
        "IsCustomNode": "False",
        "MusicTags": "",
        "NodeContext": "",
        "Quality": "Bronze",
        "SFXTags": "",
        "StateChangeTags": "",
        "TemplateNodeUUID": "00000000-0000-0000-0000-000000000000",
        "TemplateVersion": "0",
        "VFXTags": "",
        "collapsed": "False",
        "logicalname": "Answer",
        "position": "975;453",
        "sourcetemplate": ""
      }
    },
    "868ea7cf-5daa-ef39-dc4d-515dd2322bcd": {
      "UUID": "868ea7cf-5daa-ef39-dc4d-515dd2322bcd",
      "Constructor": "TagGreeting",
      "EndNode": false,
      "Root": true,
      "ShowOnce": false,
      "SpeakerNo": 0,
      "AddressedSpeaker": 0,
      "Children": [
        "8f51075b-9251-3852-cf3c-8a68ef4e778f"
      ],
      "CheckFlags": [
        {
          "Flags": [
            {
              "UUID": "cad73287-fe48-253c-65e8-36007a8a8e0d",
              "value": true,
              "paramval": null,
              "Name": "abb79b97-ca94-26b9-b46e-63c0ca8c5661_A"
            }
          ],
          "Type": "Local"
        }
      ],
      "SetFlags": [
        {
          "Flags": [
            {
              "UUID": "119f84d3-cbea-54d5-c54f-1889f1703ed8",
              "value": true,
              "paramval": null,
              "Name": "abb79b97-ca94-26b9-b46e-63c0ca8c5661_B"
            }
          ],
          "Type": "Local"
        }
      ],
      "TaggedTextList": [
        {
          "HasTagRule": false,
          "RuleGroup": {
            "TagCombineOp": 0,
            "Rules": [],
            "RuleString": ""
          },
          "TagTexts": [
            {
              "LineId": "92e87201-793e-5c38-e3f6-9dfe5232bc07",
              "Text": {
                "Handle": "hc469e936g3c4cg4cb2ga895g5be354633514",
                "Value": "Bells, it's our job to get us out of here safely - not yours. "
              }
            }
          ]
        }
      ],
      "EditorData": {
        "AnimationTags": "",
        "Attitude": "Default",
        "CinematicNodeContext": "",
        "CinematicObjects": "",
        "CustomCineArtKeysPresent": "False",
        "CustomLightingPresent": "False",
        "CustomSoundPresent": "False",
        "CustomVFXPresent": "False",
        "Emotion": "Default",
        "ForceDisableIsCustomNode": "False",
        "ID": "N25",
        "InternalNodeContext": "",
        "IsCustomNode": "False",
        "MusicTags": "",
        "NodeContext": "",
        "Quality": "Bronze",
        "SFXTags": "",
        "StateChangeTags": "",
        "TemplateNodeUUID": "00000000-0000-0000-0000-000000000000",
        "TemplateVersion": "0",
        "VFXTags": "",
        "collapsed": "False",
        "logicalname": "Greeting",
        "position": "15;453",
        "sourcetemplate": ""
      }
    },
    "8f51075b-9251-3852-cf3c-8a68ef4e778f": {
      "UUID": "8f51075b-9251-3852-cf3c-8a68ef4e778f",
      "Constructor": "TagAnswer",
      "EndNode": false,
      "Root": false,
      "ShowOnce": false,
      "SpeakerNo": 2,
      "AddressedSpeaker": 0,
      "Children": [
        "f47207b7-7f4b-9581-eb20-31b5d4f91738"
      ],
      "CheckFlags": [],
      "SetFlags": [],
      "TaggedTextList": [
        {
          "HasTagRule": false,
          "RuleGroup": {
            "TagCombineOp": 0,
            "Rules": [],
            "RuleString": ""
          },
          "TagTexts": [
            {
              "LineId": "d5ecd011-de06-355e-1452-32a2a959a494",
              "Text": {
                "Handle": "hf369e0cbgc3aag4ee0g973dg204f75a1ebd6",
                "Value": "It's my job too. The druids don't care about us. No one does. "
              }
            }
          ]
        }
      ],
      "EditorData": {
        "AnimationTags": "",
        "Attitude": "Default",
        "CinematicNodeContext": "",
        "CinematicObjects": "",
        "CustomCineArtKeysPresent": "False",
        "CustomLightingPresent": "False",
        "CustomSoundPresent": "False",
        "CustomVFXPresent": "False",
        "Emotion": "Default",
        "ForceDisableIsCustomNode": "False",
        "ID": "N29",
        "InternalNodeContext": "",
        "IsCustomNode": "False",
        "MusicTags": "",
        "NodeContext": "",
        "Quality": "Bronze",
        "SFXTags": "",
        "StateChangeTags": "",
        "TemplateNodeUUID": "00000000-0000-0000-0000-000000000000",
        "TemplateVersion": "0",
        "VFXTags": "",
        "collapsed": "False",
        "logicalname": "Answer",
        "position": "335;453",
        "sourcetemplate": ""
      }
    },
    "ada062d9-f221-92fa-d3d5-20135385d381": {
      "UUID": "ada062d9-f221-92fa-d3d5-20135385d381",
      "Constructor": "TagAnswer",
      "EndNode": false,
      "Root": false,
      "ShowOnce": false,
      "SpeakerNo": 2,
      "AddressedSpeaker": 0,
      "Children": [
        "fc5e350f-077d-6267-4402-7128160da4c2"
      ],
      "CheckFlags": [],
      "SetFlags": [],
      "TaggedTextList": [
        {
          "HasTagRule": false,
          "RuleGroup": {
            "TagCombineOp": 0,
            "Rules": [],
            "RuleString": ""
          },
          "TagTexts": [
            {
              "LineId": "ea8f19a4-4ad2-bcba-86c4-1e990a10fd18",
              "Text": {
                "Handle": "h30aff41cg63f9g49abgb276g6ed0a1501bc5",
                "Value": "I was<i> trying </i>to help. "
              }
            }
          ]
        }
      ],
      "EditorData": {
        "AnimationTags": "",
        "Attitude": "Default",
        "CinematicNodeContext": "",
        "CinematicObjects": "",
        "CustomCineArtKeysPresent": "False",
        "CustomLightingPresent": "False",
        "CustomSoundPresent": "False",
        "CustomVFXPresent": "False",
        "Emotion": "Default",
        "ForceDisableIsCustomNode": "False",
        "ID": "N45",
        "InternalNodeContext": "",
        "IsCustomNode": "False",
        "MusicTags": "",
        "NodeContext": "",
        "Quality": "Bronze",
        "SFXTags": "",
        "StateChangeTags": "",
        "TemplateNodeUUID": "00000000-0000-0000-0000-000000000000",
        "TemplateVersion": "0",
        "VFXTags": "",
        "collapsed": "False",
        "logicalname": "Answer",
        "position": "335;672",
        "sourcetemplate": ""
      }
    },
    "b00e6d87-0205-4989-683b-123b08edcb75": {
      "UUID": "b00e6d87-0205-4989-683b-123b08edcb75",
      "Constructor": "TagGreeting",
      "EndNode": false,
      "Root": true,
      "ShowOnce": false,
      "SpeakerNo": 2,
      "AddressedSpeaker": 0,
      "Children": [
        "23d01ab5-7081-7a35-604f-da8c4416f1e6"
      ],
      "CheckFlags": [
        {
          "Flags": [
            {
              "UUID": "119f84d3-cbea-54d5-c54f-1889f1703ed8",
              "value": true,
              "paramval": null,
              "Name": "abb79b97-ca94-26b9-b46e-63c0ca8c5661_B"
            }
          ],
          "Type": "Local"
        }
      ],
      "SetFlags": [
        {
          "Flags": [
            {
              "UUID": "119f84d3-cbea-54d5-c54f-1889f1703ed8",
              "value": false,
              "paramval": null,
              "Name": "abb79b97-ca94-26b9-b46e-63c0ca8c5661_B"
            },
            {
              "UUID": "cad73287-fe48-253c-65e8-36007a8a8e0d",
              "value": false,
              "paramval": null,
              "Name": "abb79b97-ca94-26b9-b46e-63c0ca8c5661_A"
            }
          ],
          "Type": "Local"
        }
      ],
      "TaggedTextList": [
        {
          "HasTagRule": false,
          "RuleGroup": {
            "TagCombineOp": 0,
            "Rules": [],
            "RuleString": ""
          },
          "TagTexts": [
            {
              "LineId": "8935b5fc-178e-209b-e3d3-0dbf52fb5214",
              "Text": {
                "Handle": "hc434ce47g14b0g419ega692g734fdb347247",
                "Value": "Stop. I was fine. "
              }
            }
          ]
        }
      ],
      "EditorData": {
        "AnimationTags": "",
        "Attitude": "Default",
        "CinematicNodeContext": "",
        "CinematicObjects": "",
        "CustomCineArtKeysPresent": "False",
        "CustomLightingPresent": "False",
        "CustomSoundPresent": "False",
        "CustomVFXPresent": "False",
        "Emotion": "Default",
        "ForceDisableIsCustomNode": "False",
        "ID": "N9",
        "InternalNodeContext": "",
        "IsCustomNode": "False",
        "MusicTags": "",
        "NodeContext": "",
        "Quality": "Bronze",
        "SFXTags": "",
        "StateChangeTags": "",
        "TemplateNodeUUID": "00000000-0000-0000-0000-000000000000",
        "TemplateVersion": "0",
        "VFXTags": "",
        "collapsed": "False",
        "logicalname": "Greeting",
        "position": "15;234",
        "sourcetemplate": ""
      }
    },
    "f47207b7-7f4b-9581-eb20-31b5d4f91738": {
      "UUID": "f47207b7-7f4b-9581-eb20-31b5d4f91738",
      "Constructor": "TagAnswer",
      "EndNode": false,
      "Root": false,
      "ShowOnce": false,
      "SpeakerNo": 2,
      "AddressedSpeaker": 0,
      "Children": [
        "52da5a5a-1c37-d794-6fb3-55dcb6538e4f"
      ],
      "CheckFlags": [],
      "SetFlags": [],
      "TaggedTextList": [
        {
          "HasTagRule": false,
          "RuleGroup": {
            "TagCombineOp": 0,
            "Rules": [],
            "RuleString": ""
          },
          "TagTexts": [
            {
              "LineId": "4753e8d6-4d8e-f5a6-e8ed-822ad72b2ea0",
              "Text": {
                "Handle": "haf16cce7g494eg44ceg90cbgbcfa0bcef4b3",
                "Value": "We have to look after ourselves. That's what Mol says. "
              }
            }
          ]
        }
      ],
      "EditorData": {
        "AnimationTags": "",
        "Attitude": "Default",
        "CinematicNodeContext": "",
        "CinematicObjects": "",
        "CustomCineArtKeysPresent": "False",
        "CustomLightingPresent": "False",
        "CustomSoundPresent": "False",
        "CustomVFXPresent": "False",
        "Emotion": "Default",
        "ForceDisableIsCustomNode": "False",
        "ID": "N33",
        "InternalNodeContext": "",
        "IsCustomNode": "False",
        "MusicTags": "",
        "NodeContext": "",
        "Quality": "Bronze",
        "SFXTags": "",
        "StateChangeTags": "",
        "TemplateNodeUUID": "00000000-0000-0000-0000-000000000000",
        "TemplateVersion": "0",
        "VFXTags": "",
        "collapsed": "False",
        "logicalname": "Answer",
        "position": "655;453",
        "sourcetemplate": ""
      }
    },
    "fc5e350f-077d-6267-4402-7128160da4c2": {
      "UUID": "fc5e350f-077d-6267-4402-7128160da4c2",
      "Constructor": "TagAnswer",
      "EndNode": true,
      "Root": false,
      "ShowOnce": false,
      "SpeakerNo": 0,
      "AddressedSpeaker": 0,
      "Children": [],
      "CheckFlags": [],
      "SetFlags": [],
      "TaggedTextList": [
        {
          "HasTagRule": false,
          "RuleGroup": {
            "TagCombineOp": 0,
            "Rules": [],
            "RuleString": ""
          },
          "TagTexts": [
            {
              "LineId": "ccdce169-7d54-9f7f-5a0b-57edf8162bc5",
              "Text": {
                "Handle": "h2a806fafg88e9g4534g8157gcceb44caca33",
                "Value": "You nearly died, do you hear me? What would your mother and I have done? "
              }
            }
          ]
        }
      ],
      "EditorData": {
        "AnimationTags": "",
        "Attitude": "Default",
        "CinematicNodeContext": "",
        "CinematicObjects": "",
        "CustomCineArtKeysPresent": "False",
        "CustomLightingPresent": "False",
        "CustomSoundPresent": "False",
        "CustomVFXPresent": "False",
        "Emotion": "Default",
        "ForceDisableIsCustomNode": "False",
        "ID": "N49",
        "InternalNodeContext": "",
        "IsCustomNode": "False",
        "MusicTags": "",
        "NodeContext": "",
        "Quality": "Bronze",
        "SFXTags": "",
        "StateChangeTags": "",
        "TemplateNodeUUID": "00000000-0000-0000-0000-000000000000",
        "TemplateVersion": "0",
        "VFXTags": "",
        "collapsed": "False",
        "logicalname": "Answer",
        "position": "655;672",
        "sourcetemplate": ""
      }
    }
  },
  "SpeakerDict": {
    "0": {
      "IsPeanutSpeaker": false,
      "SpeakerMappingId": "8ddae073-7b46-2f05-83d9-d131f7742c1c",
      "Index": 0,
      "List": [
        "d6d88c8b-6ba7-4350-b3b3-d60565a44e90"
      ],
      "SpeakerCharacter": {
        "DisplayName": "Locke",
        "Type": "character",
        "MapKey": "d6d88c8b-6ba7-4350-b3b3-d60565a44e90",
        "Name": "S_DEN_ParentA",
        "ParentTemplateId": null,
        "TemplateName": "a5856190-08e3-4741-b697-8b1cbf03eaa1"
      },
      "SpeakerGroupName": null
    },
    "1": {
      "IsPeanutSpeaker": false,
      "SpeakerMappingId": "9a0738ac-56f3-f00b-b6b5-cf037a05ac38",
      "Index": 1,
      "List": [
        "397467d4-1631-447b-a505-d44275dca78e"
      ],
      "SpeakerCharacter": {
        "DisplayName": "Komira",
        "Type": "character",
        "MapKey": "397467d4-1631-447b-a505-d44275dca78e",
        "Name": "S_DEN_ParentB",
        "ParentTemplateId": null,
        "TemplateName": "9103fce3-6423-4f8a-af04-83ac1af2a1d7"
      },
      "SpeakerGroupName": null
    },
    "2": {
      "IsPeanutSpeaker": false,
      "SpeakerMappingId": "4fc611ad-9adb-4238-7daa-9734dfa2fe6b",
      "Index": 2,
      "List": [
        "02257c1c-bbec-4ae3-9bcb-31c75a0a982f"
      ],
      "SpeakerCharacter": {
        "DisplayName": "Arabella",
        "Type": "character",
        "MapKey": "02257c1c-bbec-4ae3-9bcb-31c75a0a982f",
        "Name": "S_DEN_SnakeKid",
        "ParentTemplateId": null,
        "TemplateName": "a5766603-e5dc-49a2-9856-75383e2279b5"
      },
      "SpeakerGroupName": null
    }
  },
  "Synopsis": "Through the player's intervention Arabella is alive and has been reuinted with her parents. They are trying to remain stern with her but are indredibly grateful to have her back. "
}