{
  "Path": "Mods/Gustav/Story/Dialogs/Act1/DEN/DEN_DruidAttack_RitualDruid1.lsj",
  "UUID": "f9f8f27d-a353-7eff-fcfc-a5a3a0cfb61f",
  "Category": "Generic NPC Dialog",
  "DefaultAddressedSpeakers": {
    "0": -1,
    "1": -1
  },
  "RootNodes": [
    "f12bc1ec-b67f-2ba0-e5ba-bcecc78c96bd"
  ],
  "Nodes": {
    "f12bc1ec-b67f-2ba0-e5ba-bcecc78c96bd": {
      "UUID": "f12bc1ec-b67f-2ba0-e5ba-bcecc78c96bd",
      "Constructor": "TagGreeting",
      "EndNode": true,
      "Root": true,
      "ShowOnce": false,
      "SpeakerNo": 0,
      "AddressedSpeaker": -1,
      "Children": [],
      "CheckFlags": [],
      "SetFlags": [],
      "TaggedTextList": [
        {
          "HasTagRule": false,
          "RuleGroup": {
            "TagCombineOp": 0,
            "Rules": [],
            "RuleString": ""
          },
          "TagTexts": [
            {
              "LineId": "4464991e-455e-e9ec-1b45-e3b0252ab9eb",
              "Text": {
                "Handle": "h2cd1210ag2d7bg4029g938ag59e0c2b67ed5",
                "Value": "Get back!"
              }
            }
          ]
        }
      ],
      "EditorData": {
        "AnimationTags": "",
        "Attitude": "Default",
        "CinematicNodeContext": "",
        "CinematicObjects": "",
        "CustomCineArtKeysPresent": "False",
        "CustomLightingPresent": "False",
        "CustomSoundPresent": "False",
        "CustomVFXPresent": "False",
        "Emotion": "Default",
        "ForceDisableIsCustomNode": "False",
        "ID": "N1",
        "InternalNodeContext": "",
        "IsCustomNode": "False",
        "MusicTags": "",
        "NodeContext": "The druids are preparing to attack the tieflings in the grove - and the player.",
        "Quality": "Bronze",
        "SFXTags": "",
        "StateChangeTags": "",
        "TemplateNodeUUID": "00000000-0000-0000-0000-000000000000",
        "TemplateVersion": "0",
        "VFXTags": "",
        "collapsed": "False",
        "logicalname": "Druid Attack is under way.",
        "position": "15;-423",
        "sourcetemplate": ""
      }
    }
  },
  "SpeakerDict": {
    "0": {
      "IsPeanutSpeaker": false,
      "SpeakerMappingId": "9273d84a-2497-7056-8f5a-0468d33ca9ac",
      "Index": 0,
      "List": [
        "9c5c4c89-890b-4e72-8698-53d36e6b4271"
      ],
      "SpeakerCharacter": {
        "DisplayName": "Aelar",
        "Type": "character",
        "MapKey": "9c5c4c89-890b-4e72-8698-53d36e6b4271",
        "Name": "S_DEN_RitualDruid_001",
        "ParentTemplateId": null,
        "TemplateName": "37e45dec-4ed6-4bad-bfbd-a9f6ce8f8307"
      },
      "SpeakerGroupName": null
    },
    "1": {
      "IsPeanutSpeaker": false,
      "SpeakerMappingId": "58e16978-1f0a-d27c-a327-1110f115d5c2",
      "Index": 1,
      "List": [
        "e0d1ff71-04a8-4340-ae64-9684d846eb83"
      ],
      "SpeakerCharacter": {
        "DisplayName": "Player",
        "Type": "character",
        "MapKey": "e2badbf0-159a-4ef5-9e73-7bbeb3d1015a",
        "Name": "S_GLO_CharacterCreationDummy_001",
        "ParentTemplateId": null,
        "TemplateName": "fd7f2707-8f86-4836-bda8-e0db99c389cc"
      },
      "SpeakerGroupName": "GROUP_Players"
    }
  },
  "Synopsis": "Aelar has stopped chanting as the druids prepare to battle the tieflings in a fight to the death. He's ready to do what needs to be done."
}