{
  "Path": "Mods/Gustav/Story/Dialogs/Act1/DEN/DEN_DruidAttack_AD_WeaponsmithAndGuardsAfterAttack.lsj",
  "UUID": "2d631516-9d64-7ed3-a3da-c76e2f3faf82",
  "Category": "Repeated automated NPC Dialog",
  "DefaultAddressedSpeakers": {
    "0": -1,
    "1": -1,
    "2": -1
  },
  "RootNodes": [
    "1cab2593-a71a-8fbc-70ff-bc09953017d5",
    "a6908a56-b938-e270-6984-d03d5f72a778",
    "c878a4ff-6c56-c9c5-f94c-0f0c332fc5e2",
    "96fc3a8d-55a2-3eea-433b-bd5aa16e6715"
  ],
  "Nodes": {
    "1cab2593-a71a-8fbc-70ff-bc09953017d5": {
      "UUID": "1cab2593-a71a-8fbc-70ff-bc09953017d5",
      "Constructor": "TagGreeting",
      "EndNode": false,
      "Root": true,
      "ShowOnce": false,
      "SpeakerNo": 1,
      "AddressedSpeaker": 0,
      "Children": [
        "90f5c23d-6701-dcba-a917-ebce583684fc"
      ],
      "CheckFlags": [
        {
          "Flags": [
            {
              "UUID": "b5ecd92d-44e8-4fd4-c0f2-8a3a1ca8ca7d",
              "value": true,
              "paramval": null,
              "Name": "2d631516-9d64-7ed3-a3da-c76e2f3faf82_C"
            }
          ],
          "Type": "Local"
        }
      ],
      "SetFlags": [
        {
          "Flags": [
            {
              "UUID": "51bbb16e-109b-5b29-ff11-49dc7ea8b044",
              "value": false,
              "paramval": null,
              "Name": "2d631516-9d64-7ed3-a3da-c76e2f3faf82_A"
            },
            {
              "UUID": "6bd430b5-09d4-faf5-d1b2-6e7fc4db300e",
              "value": false,
              "paramval": null,
              "Name": "2d631516-9d64-7ed3-a3da-c76e2f3faf82_B"
            },
            {
              "UUID": "b5ecd92d-44e8-4fd4-c0f2-8a3a1ca8ca7d",
              "value": false,
              "paramval": null,
              "Name": "2d631516-9d64-7ed3-a3da-c76e2f3faf82_C"
            }
          ],
          "Type": "Local"
        }
      ],
      "TaggedTextList": [
        {
          "HasTagRule": false,
          "RuleGroup": {
            "TagCombineOp": 0,
            "Rules": [],
            "RuleString": ""
          },
          "TagTexts": [
            {
              "LineId": "37b14cb3-f880-9192-3ad7-f30b7a76d8a0",
              "Text": {
                "Handle": "h0cb95f06gf95cg456egb73cg70617420a621",
                "Value": "I do need some armour, you know."
              }
            }
          ]
        }
      ],
      "EditorData": {
        "AnimationTags": "",
        "Attitude": "Default",
        "CinematicNodeContext": "",
        "CinematicObjects": "",
        "CustomCineArtKeysPresent": "False",
        "CustomLightingPresent": "False",
        "CustomSoundPresent": "False",
        "CustomVFXPresent": "False",
        "Emotion": "Default",
        "ForceDisableIsCustomNode": "False",
        "ID": "N1",
        "InternalNodeContext": "",
        "IsCustomNode": "False",
        "MusicTags": "",
        "NodeContext": "",
        "Quality": "Bronze",
        "SFXTags": "",
        "StateChangeTags": "",
        "TemplateNodeUUID": "00000000-0000-0000-0000-000000000000",
        "TemplateVersion": "0",
        "VFXTags": "",
        "collapsed": "False",
        "logicalname": "Greeting",
        "position": "15;15",
        "sourcetemplate": ""
      }
    },
    "21c475f5-3047-8e14-980f-420511836184": {
      "UUID": "21c475f5-3047-8e14-980f-420511836184",
      "Constructor": "TagAnswer",
      "EndNode": true,
      "Root": false,
      "ShowOnce": false,
      "SpeakerNo": 0,
      "AddressedSpeaker": 0,
      "Children": [],
      "CheckFlags": [],
      "SetFlags": [],
      "TaggedTextList": [
        {
          "HasTagRule": false,
          "RuleGroup": {
            "TagCombineOp": 0,
            "Rules": [],
            "RuleString": ""
          },
          "TagTexts": [
            {
              "LineId": "3c27f294-b3f1-4c10-7b91-263338009fd4",
              "Text": {
                "Handle": "h0e0cf383g9a56g4f1bg9889g0c057f04d3a6",
                "Value": "Lakrissa's right. Can only do what we can."
              }
            }
          ]
        }
      ],
      "EditorData": {
        "AnimationTags": "",
        "Attitude": "Default",
        "CinematicNodeContext": "",
        "CinematicObjects": "",
        "CustomCineArtKeysPresent": "False",
        "CustomLightingPresent": "False",
        "CustomSoundPresent": "False",
        "CustomVFXPresent": "False",
        "Emotion": "Default",
        "ForceDisableIsCustomNode": "False",
        "ID": "N12",
        "InternalNodeContext": "",
        "IsCustomNode": "False",
        "MusicTags": "",
        "NodeContext": "",
        "Quality": "Bronze",
        "SFXTags": "",
        "StateChangeTags": "",
        "TemplateNodeUUID": "00000000-0000-0000-0000-000000000000",
        "TemplateVersion": "0",
        "VFXTags": "",
        "collapsed": "False",
        "logicalname": "Answer",
        "position": "655;453",
        "sourcetemplate": ""
      }
    },
    "24e47a39-06bc-08d6-9ea6-915439ebb638": {
      "UUID": "24e47a39-06bc-08d6-9ea6-915439ebb638",
      "Constructor": "TagAnswer",
      "EndNode": false,
      "Root": false,
      "ShowOnce": false,
      "SpeakerNo": 2,
      "AddressedSpeaker": 0,
      "Children": [
        "21c475f5-3047-8e14-980f-420511836184"
      ],
      "CheckFlags": [],
      "SetFlags": [],
      "TaggedTextList": [
        {
          "HasTagRule": false,
          "RuleGroup": {
            "TagCombineOp": 0,
            "Rules": [],
            "RuleString": ""
          },
          "TagTexts": [
            {
              "LineId": "c6bcf655-a44e-d296-1376-ae7399f32697",
              "Text": {
                "Handle": "h824bf098gbceeg40bfg8942g2f48332ce520",
                "Value": "Ready as we'll ever be."
              }
            }
          ]
        }
      ],
      "EditorData": {
        "AnimationTags": "",
        "Attitude": "Default",
        "CinematicNodeContext": "",
        "CinematicObjects": "",
        "CustomCineArtKeysPresent": "False",
        "CustomLightingPresent": "False",
        "CustomSoundPresent": "False",
        "CustomVFXPresent": "False",
        "Emotion": "Default",
        "ForceDisableIsCustomNode": "False",
        "ID": "N8",
        "InternalNodeContext": "",
        "IsCustomNode": "False",
        "MusicTags": "",
        "NodeContext": "",
        "Quality": "Bronze",
        "SFXTags": "",
        "StateChangeTags": "",
        "TemplateNodeUUID": "00000000-0000-0000-0000-000000000000",
        "TemplateVersion": "0",
        "VFXTags": "",
        "collapsed": "False",
        "logicalname": "Answer",
        "position": "335;453",
        "sourcetemplate": ""
      }
    },
    "4e2b53df-27c5-c587-cd40-e746d0550781": {
      "UUID": "4e2b53df-27c5-c587-cd40-e746d0550781",
      "Constructor": "TagAnswer",
      "EndNode": true,
      "Root": false,
      "ShowOnce": false,
      "SpeakerNo": 0,
      "AddressedSpeaker": 0,
      "Children": [],
      "CheckFlags": [],
      "SetFlags": [],
      "TaggedTextList": [
        {
          "HasTagRule": false,
          "RuleGroup": {
            "TagCombineOp": 0,
            "Rules": [],
            "RuleString": ""
          },
          "TagTexts": [
            {
              "LineId": "8f57cf80-d5e8-d59d-bd08-aeae5a165acd",
              "Text": {
                "Handle": "h6b4c2fbcg07a5g4adfg8ca2g7a3a64e5b9f3",
                "Value": "Can't outfit all of you at once."
              }
            }
          ]
        }
      ],
      "EditorData": {
        "AnimationTags": "",
        "Attitude": "Default",
        "CinematicNodeContext": "",
        "CinematicObjects": "",
        "CustomCineArtKeysPresent": "False",
        "CustomLightingPresent": "False",
        "CustomSoundPresent": "False",
        "CustomVFXPresent": "False",
        "Emotion": "Default",
        "ForceDisableIsCustomNode": "False",
        "ID": "N10",
        "InternalNodeContext": "",
        "IsCustomNode": "False",
        "MusicTags": "",
        "NodeContext": "",
        "Quality": "Bronze",
        "SFXTags": "",
        "StateChangeTags": "",
        "TemplateNodeUUID": "00000000-0000-0000-0000-000000000000",
        "TemplateVersion": "0",
        "VFXTags": "",
        "collapsed": "False",
        "logicalname": "Answer",
        "position": "655;15",
        "sourcetemplate": ""
      }
    },
    "6ca66ed9-900b-2494-8935-1d2817c2dbf9": {
      "UUID": "6ca66ed9-900b-2494-8935-1d2817c2dbf9",
      "Constructor": "TagAnswer",
      "EndNode": false,
      "Root": false,
      "ShowOnce": false,
      "SpeakerNo": 2,
      "AddressedSpeaker": 0,
      "Children": [
        "eed7df09-ed7f-dde5-fd4c-432ca40eb431"
      ],
      "CheckFlags": [],
      "SetFlags": [],
      "TaggedTextList": [
        {
          "HasTagRule": false,
          "RuleGroup": {
            "TagCombineOp": 0,
            "Rules": [],
            "RuleString": ""
          },
          "TagTexts": [
            {
              "LineId": "5894942f-1e35-d675-75d7-ed51da7f45b3",
              "Text": {
                "Handle": "h09d73b15gb34bg488dga61bgc075370fe3c7",
                "Value": "Yes. A stiff drink."
              }
            }
          ]
        }
      ],
      "EditorData": {
        "AnimationTags": "",
        "Attitude": "Default",
        "CinematicNodeContext": "",
        "CinematicObjects": "",
        "CustomCineArtKeysPresent": "False",
        "CustomLightingPresent": "False",
        "CustomSoundPresent": "False",
        "CustomVFXPresent": "False",
        "Emotion": "Default",
        "ForceDisableIsCustomNode": "False",
        "ID": "N3",
        "InternalNodeContext": "",
        "IsCustomNode": "False",
        "MusicTags": "",
        "NodeContext": "",
        "Quality": "Bronze",
        "SFXTags": "",
        "StateChangeTags": "",
        "TemplateNodeUUID": "00000000-0000-0000-0000-000000000000",
        "TemplateVersion": "0",
        "VFXTags": "",
        "collapsed": "False",
        "logicalname": "Answer",
        "position": "335;672",
        "sourcetemplate": ""
      }
    },
    "8e49ccc4-ba0e-85ea-453f-98f0811a2096": {
      "UUID": "8e49ccc4-ba0e-85ea-453f-98f0811a2096",
      "Constructor": "TagAnswer",
      "EndNode": true,
      "Root": false,
      "ShowOnce": false,
      "SpeakerNo": 0,
      "AddressedSpeaker": 0,
      "Children": [],
      "CheckFlags": [],
      "SetFlags": [],
      "TaggedTextList": [
        {
          "HasTagRule": false,
          "RuleGroup": {
            "TagCombineOp": 0,
            "Rules": [],
            "RuleString": ""
          },
          "TagTexts": [
            {
              "LineId": "b34c6145-e0b7-7baf-37fb-7104c319762f",
              "Text": {
                "Handle": "ha12a071fgbf54g40d1g8991gea238a4e573a",
                "Value": "Served you against the druids, didn't it?"
              }
            }
          ]
        }
      ],
      "EditorData": {
        "AnimationTags": "",
        "Attitude": "Default",
        "CinematicNodeContext": "",
        "CinematicObjects": "",
        "CustomCineArtKeysPresent": "False",
        "CustomLightingPresent": "False",
        "CustomSoundPresent": "False",
        "CustomVFXPresent": "False",
        "Emotion": "Default",
        "ForceDisableIsCustomNode": "False",
        "ID": "N2",
        "InternalNodeContext": "",
        "IsCustomNode": "False",
        "MusicTags": "",
        "NodeContext": "",
        "Quality": "Bronze",
        "SFXTags": "",
        "StateChangeTags": "",
        "TemplateNodeUUID": "00000000-0000-0000-0000-000000000000",
        "TemplateVersion": "0",
        "VFXTags": "",
        "collapsed": "False",
        "logicalname": "Answer",
        "position": "335;234",
        "sourcetemplate": ""
      }
    },
    "90f5c23d-6701-dcba-a917-ebce583684fc": {
      "UUID": "90f5c23d-6701-dcba-a917-ebce583684fc",
      "Constructor": "TagAnswer",
      "EndNode": false,
      "Root": false,
      "ShowOnce": false,
      "SpeakerNo": 2,
      "AddressedSpeaker": 0,
      "Children": [
        "4e2b53df-27c5-c587-cd40-e746d0550781"
      ],
      "CheckFlags": [],
      "SetFlags": [],
      "TaggedTextList": [
        {
          "HasTagRule": false,
          "RuleGroup": {
            "TagCombineOp": 0,
            "Rules": [],
            "RuleString": ""
          },
          "TagTexts": [
            {
              "LineId": "2af5edea-313d-7a4f-58d2-e771abdcc6c1",
              "Text": {
                "Handle": "he87ee546g6c70g4de4ga1d8g6a58d176c9e2",
                "Value": "Me too."
              }
            }
          ]
        }
      ],
      "EditorData": {
        "AnimationTags": "",
        "Attitude": "Default",
        "CinematicNodeContext": "",
        "CinematicObjects": "",
        "CustomCineArtKeysPresent": "False",
        "CustomLightingPresent": "False",
        "CustomSoundPresent": "False",
        "CustomVFXPresent": "False",
        "Emotion": "Default",
        "ForceDisableIsCustomNode": "False",
        "ID": "N4",
        "InternalNodeContext": "",
        "IsCustomNode": "False",
        "MusicTags": "",
        "NodeContext": "",
        "Quality": "Bronze",
        "SFXTags": "",
        "StateChangeTags": "",
        "TemplateNodeUUID": "00000000-0000-0000-0000-000000000000",
        "TemplateVersion": "0",
        "VFXTags": "",
        "collapsed": "False",
        "logicalname": "Answer",
        "position": "335;15",
        "sourcetemplate": ""
      }
    },
    "96fc3a8d-55a2-3eea-433b-bd5aa16e6715": {
      "UUID": "96fc3a8d-55a2-3eea-433b-bd5aa16e6715",
      "Constructor": "TagGreeting",
      "EndNode": false,
      "Root": true,
      "ShowOnce": false,
      "SpeakerNo": 0,
      "AddressedSpeaker": 0,
      "Children": [
        "6ca66ed9-900b-2494-8935-1d2817c2dbf9"
      ],
      "CheckFlags": [],
      "SetFlags": [
        {
          "Flags": [
            {
              "UUID": "51bbb16e-109b-5b29-ff11-49dc7ea8b044",
              "value": true,
              "paramval": null,
              "Name": "2d631516-9d64-7ed3-a3da-c76e2f3faf82_A"
            }
          ],
          "Type": "Local"
        }
      ],
      "TaggedTextList": [
        {
          "HasTagRule": false,
          "RuleGroup": {
            "TagCombineOp": 0,
            "Rules": [],
            "RuleString": ""
          },
          "TagTexts": [
            {
              "LineId": "a98febbb-2a1f-5c0a-2bf6-b26291c08394",
              "Text": {
                "Handle": "h330aa7bcgbbdbg4d8dg89eag108b3eed9a04",
                "Value": "Anything else?"
              }
            }
          ]
        }
      ],
      "EditorData": {
        "AnimationTags": "",
        "Attitude": "Default",
        "CinematicNodeContext": "",
        "CinematicObjects": "",
        "CustomCineArtKeysPresent": "False",
        "CustomLightingPresent": "False",
        "CustomSoundPresent": "False",
        "CustomVFXPresent": "False",
        "Emotion": "Default",
        "ForceDisableIsCustomNode": "False",
        "ID": "N5",
        "InternalNodeContext": "",
        "IsCustomNode": "False",
        "MusicTags": "",
        "NodeContext": "",
        "Quality": "Bronze",
        "SFXTags": "",
        "StateChangeTags": "",
        "TemplateNodeUUID": "00000000-0000-0000-0000-000000000000",
        "TemplateVersion": "0",
        "VFXTags": "",
        "collapsed": "False",
        "logicalname": "Greeting",
        "position": "15;672",
        "sourcetemplate": ""
      }
    },
    "a6908a56-b938-e270-6984-d03d5f72a778": {
      "UUID": "a6908a56-b938-e270-6984-d03d5f72a778",
      "Constructor": "TagGreeting",
      "EndNode": false,
      "Root": true,
      "ShowOnce": false,
      "SpeakerNo": 1,
      "AddressedSpeaker": 0,
      "Children": [
        "8e49ccc4-ba0e-85ea-453f-98f0811a2096"
      ],
      "CheckFlags": [
        {
          "Flags": [
            {
              "UUID": "6bd430b5-09d4-faf5-d1b2-6e7fc4db300e",
              "value": true,
              "paramval": null,
              "Name": "2d631516-9d64-7ed3-a3da-c76e2f3faf82_B"
            }
          ],
          "Type": "Local"
        }
      ],
      "SetFlags": [
        {
          "Flags": [
            {
              "UUID": "b5ecd92d-44e8-4fd4-c0f2-8a3a1ca8ca7d",
              "value": true,
              "paramval": null,
              "Name": "2d631516-9d64-7ed3-a3da-c76e2f3faf82_C"
            }
          ],
          "Type": "Local"
        }
      ],
      "TaggedTextList": [
        {
          "HasTagRule": false,
          "RuleGroup": {
            "TagCombineOp": 0,
            "Rules": [],
            "RuleString": ""
          },
          "TagTexts": [
            {
              "LineId": "e5ba4c48-fd52-c92e-b6a1-30d6bb6abfca",
              "Text": {
                "Handle": "h739a2da8gb9e1g407eg9d70gca96bb6f48c6",
                "Value": "Is this gonna hold up if those goblins come back?"
              }
            }
          ]
        }
      ],
      "EditorData": {
        "AnimationTags": "",
        "Attitude": "Default",
        "CinematicNodeContext": "",
        "CinematicObjects": "",
        "CustomCineArtKeysPresent": "False",
        "CustomLightingPresent": "False",
        "CustomSoundPresent": "False",
        "CustomVFXPresent": "False",
        "Emotion": "Default",
        "ForceDisableIsCustomNode": "False",
        "ID": "N7",
        "InternalNodeContext": "",
        "IsCustomNode": "False",
        "MusicTags": "",
        "NodeContext": "",
        "Quality": "Bronze",
        "SFXTags": "",
        "StateChangeTags": "",
        "TemplateNodeUUID": "00000000-0000-0000-0000-000000000000",
        "TemplateVersion": "0",
        "VFXTags": "",
        "collapsed": "False",
        "logicalname": "Greeting",
        "position": "15;234",
        "sourcetemplate": ""
      }
    },
    "c878a4ff-6c56-c9c5-f94c-0f0c332fc5e2": {
      "UUID": "c878a4ff-6c56-c9c5-f94c-0f0c332fc5e2",
      "Constructor": "TagGreeting",
      "EndNode": false,
      "Root": true,
      "ShowOnce": false,
      "SpeakerNo": 1,
      "AddressedSpeaker": 0,
      "Children": [
        "24e47a39-06bc-08d6-9ea6-915439ebb638"
      ],
      "CheckFlags": [
        {
          "Flags": [
            {
              "UUID": "51bbb16e-109b-5b29-ff11-49dc7ea8b044",
              "value": true,
              "paramval": null,
              "Name": "2d631516-9d64-7ed3-a3da-c76e2f3faf82_A"
            }
          ],
          "Type": "Local"
        }
      ],
      "SetFlags": [
        {
          "Flags": [
            {
              "UUID": "6bd430b5-09d4-faf5-d1b2-6e7fc4db300e",
              "value": true,
              "paramval": null,
              "Name": "2d631516-9d64-7ed3-a3da-c76e2f3faf82_B"
            }
          ],
          "Type": "Local"
        }
      ],
      "TaggedTextList": [
        {
          "HasTagRule": false,
          "RuleGroup": {
            "TagCombineOp": 0,
            "Rules": [],
            "RuleString": ""
          },
          "TagTexts": [
            {
              "LineId": "26fe9b3b-b6c0-9b3a-dfa9-2cb9f47add81",
              "Text": {
                "Handle": "hd18857edgd2f4g4fbegb056g3fc67ca570ab",
                "Value": "I'm worried. I don't think we're ready."
              }
            }
          ]
        }
      ],
      "EditorData": {
        "AnimationTags": "",
        "Attitude": "Default",
        "CinematicNodeContext": "",
        "CinematicObjects": "",
        "CustomCineArtKeysPresent": "False",
        "CustomLightingPresent": "False",
        "CustomSoundPresent": "False",
        "CustomVFXPresent": "False",
        "Emotion": "Default",
        "ForceDisableIsCustomNode": "False",
        "ID": "N6",
        "InternalNodeContext": "",
        "IsCustomNode": "False",
        "MusicTags": "",
        "NodeContext": "",
        "Quality": "Bronze",
        "SFXTags": "",
        "StateChangeTags": "",
        "TemplateNodeUUID": "00000000-0000-0000-0000-000000000000",
        "TemplateVersion": "0",
        "VFXTags": "",
        "collapsed": "False",
        "logicalname": "Greeting",
        "position": "15;453",
        "sourcetemplate": ""
      }
    },
    "eed7df09-ed7f-dde5-fd4c-432ca40eb431": {
      "UUID": "eed7df09-ed7f-dde5-fd4c-432ca40eb431",
      "Constructor": "TagAnswer",
      "EndNode": true,
      "Root": false,
      "ShowOnce": false,
      "SpeakerNo": 1,
      "AddressedSpeaker": 0,
      "Children": [],
      "CheckFlags": [],
      "SetFlags": [],
      "TaggedTextList": [
        {
          "HasTagRule": false,
          "RuleGroup": {
            "TagCombineOp": 0,
            "Rules": [],
            "RuleString": ""
          },
          "TagTexts": [
            {
              "LineId": "30acd3e9-6502-aad7-2511-fe0f30bf9b44",
              "Text": {
                "Handle": "h4d54cedeg38a8g4a23gbe7bgfe49eee12b7d",
                "Value": "Make that two."
              }
            }
          ]
        }
      ],
      "EditorData": {
        "AnimationTags": "",
        "Attitude": "Default",
        "CinematicNodeContext": "",
        "CinematicObjects": "",
        "CustomCineArtKeysPresent": "False",
        "CustomLightingPresent": "False",
        "CustomSoundPresent": "False",
        "CustomVFXPresent": "False",
        "Emotion": "Default",
        "ForceDisableIsCustomNode": "False",
        "ID": "N11",
        "InternalNodeContext": "",
        "IsCustomNode": "False",
        "MusicTags": "",
        "NodeContext": "",
        "Quality": "Bronze",
        "SFXTags": "",
        "StateChangeTags": "",
        "TemplateNodeUUID": "00000000-0000-0000-0000-000000000000",
        "TemplateVersion": "0",
        "VFXTags": "",
        "collapsed": "False",
        "logicalname": "Answer",
        "position": "655;672",
        "sourcetemplate": ""
      }
    }
  },
  "SpeakerDict": {
    "0": {
      "IsPeanutSpeaker": false,
      "SpeakerMappingId": "2694e3aa-439f-74a9-16ad-413326d2e5e5",
      "Index": 0,
      "List": [
        "e2ad06ec-8034-479a-9f69-b86faea6dc79"
      ],
      "SpeakerCharacter": {
        "DisplayName": "Dammon",
        "Type": "character",
        "MapKey": "e2ad06ec-8034-479a-9f69-b86faea6dc79",
        "Name": "S_DEN_Weaponsmith",
        "ParentTemplateId": null,
        "TemplateName": "a5856190-08e3-4741-b697-8b1cbf03eaa1"
      },
      "SpeakerGroupName": null
    },
    "1": {
      "IsPeanutSpeaker": false,
      "SpeakerMappingId": "fd3a899d-4a6e-0052-264a-afb033763535",
      "Index": 1,
      "List": [
        "82f8662d-76da-4352-b37e-01ba433b5d43"
      ],
      "SpeakerCharacter": {
        "DisplayName": "Rikka",
        "Type": "character",
        "MapKey": "82f8662d-76da-4352-b37e-01ba433b5d43",
        "Name": "S_DEN_Tiefling_001",
        "ParentTemplateId": null,
        "TemplateName": "fc3ff4f7-eff0-4512-a82d-2bac0336f76a"
      },
      "SpeakerGroupName": null
    },
    "2": {
      "IsPeanutSpeaker": false,
      "SpeakerMappingId": "a8593d24-702f-9e6e-a753-8bc36009110c",
      "Index": 2,
      "List": [
        "23129d6c-8d39-4a4c-a4f6-cfc6637b597c"
      ],
      "SpeakerCharacter": {
        "DisplayName": "Lakrissa",
        "Type": "character",
        "MapKey": "23129d6c-8d39-4a4c-a4f6-cfc6637b597c",
        "Name": "S_DEN_Tiefling_010",
        "ParentTemplateId": null,
        "TemplateName": "9103fce3-6423-4f8a-af04-83ac1af2a1d7"
      },
      "SpeakerGroupName": null
    }
  },
  "Synopsis": "Dammon is working to supply weapons and armour for the raid while Lakrissa and Rikka bother him during his work."
}