{
  "Path": "Mods/Gustav/Story/Dialogs/Act1/DEN/DEN_AttackOnDen_Tiefling005.lsj",
  "UUID": "d1e2a7d1-fece-f776-e55b-eba6a9f8d647",
  "Category": "Generic NPC Dialog",
  "DefaultAddressedSpeakers": {
    "0": 1,
    "1": 0
  },
  "RootNodes": [
    "786e4a92-83cf-84b4-1213-481fa80bc592",
    "d3531130-e328-4e7b-808b-1b028abeebab",
    "cc5c5cb7-89ff-15d7-22d2-1b78f3fe4bf2",
    "d548e770-2b51-1044-fa59-ac2a18179db9",
    "040858d3-13c7-b7f8-425e-220251f0c25f",
    "3934abbf-a76a-923e-cdbb-bd8f8ba85d88",
    "7d5798e0-2049-4a1a-016a-212fa077e234",
    "db734f56-f713-81c2-8e9e-88672fa8d7a2",
    "bec7b595-fe8a-fdd3-6ccc-ffe9d6eec56e",
    "f6e219c3-2792-fdd8-fb3a-f2d62784f329",
    "00ab4900-549a-0e21-eb9a-4cc554efefdd"
  ],
  "Nodes": {
    "00ab4900-549a-0e21-eb9a-4cc554efefdd": {
      "UUID": "00ab4900-549a-0e21-eb9a-4cc554efefdd",
      "Constructor": "TagGreeting",
      "EndNode": false,
      "Root": true,
      "ShowOnce": false,
      "SpeakerNo": 0,
      "AddressedSpeaker": -1,
      "Children": [
        "abba9f0b-8b9a-69c4-0741-8f301dbf3b80",
        "1fd5a987-bb12-734d-4f89-efabd434c8e6",
        "584bc7a8-42a5-51f6-7754-7bcfd321e3df",
        "8495c6e2-6f25-9b89-fa30-941fa7a53269",
        "c7685713-9660-dd10-8fff-78e51f9092fa",
        "9e6a25d5-2010-5f67-abaf-7b87d4e930c0",
        "0f4588f8-1ab3-a7fd-b088-62bed11b6d60",
        "7ac83b47-46f0-7b75-0474-ebea7eecc366",
        "4ae07dfb-3786-8efe-88ca-9ad79e760944",
        "fc85c74f-e474-de70-e92b-5ee07b36e623",
        "91ed8104-5235-79ab-0138-da6a6afcecfd"
      ],
      "CheckFlags": [],
      "SetFlags": [
        {
          "Flags": [
            {
              "UUID": "aa6236c8-cd78-a494-3bf3-2d16e7d13672",
              "value": true,
              "paramval": 1,
              "Name": "DEN_AttackOnDen_HasMet_Tiefling005"
            }
          ],
          "Type": "Dialog"
        }
      ],
      "TaggedTextList": [
        {
          "HasTagRule": false,
          "RuleGroup": {
            "TagCombineOp": 0,
            "Rules": [],
            "RuleString": ""
          },
          "TagTexts": [
            {
              "LineId": "5381aff5-43f1-1ed4-8e4b-c48800e43eb0",
              "Text": {
                "Handle": "he1b6171dg3007g4fe1g9a9fga16f807f5964",
                "Value": "The goblins... do they fight well?<br>"
              }
            }
          ]
        }
      ],
      "EditorData": {
        "AnimationTags": "",
        "Attitude": "Default",
        "CinematicNodeContext": "",
        "CinematicObjects": "",
        "CustomCineArtKeysPresent": "False",
        "CustomLightingPresent": "False",
        "CustomSoundPresent": "False",
        "CustomVFXPresent": "False",
        "Emotion": "Default",
        "ForceDisableIsCustomNode": "False",
        "ID": "N142",
        "InternalNodeContext": "",
        "IsCustomNode": "False",
        "MusicTags": "",
        "NodeContext": "",
        "Quality": "Bronze",
        "SFXTags": "",
        "StateChangeTags": "",
        "TemplateNodeUUID": "00000000-0000-0000-0000-000000000000",
        "TemplateVersion": "0",
        "VFXTags": "",
        "collapsed": "False",
        "logicalname": "Not Angered. Not Met",
        "position": "15;453",
        "sourcetemplate": ""
      }
    },
    "040858d3-13c7-b7f8-425e-220251f0c25f": {
      "UUID": "040858d3-13c7-b7f8-425e-220251f0c25f",
      "Constructor": "TagGreeting",
      "EndNode": true,
      "Root": true,
      "ShowOnce": false,
      "SpeakerNo": 0,
      "AddressedSpeaker": -1,
      "Children": [],
      "CheckFlags": [
        {
          "Flags": [
            {
              "UUID": "55cb1d5b-4035-6241-5b1b-29ae7800944e",
              "value": true,
              "paramval": null,
              "Name": "DEN_AttackOnDen_State_AngeredPandirnaBefore"
            },
            {
              "UUID": "71c7f23e-3ff1-c9b8-3ef5-d75fa1b42c8d",
              "value": true,
              "paramval": null,
              "Name": "DEN_AttackOnDen_State_DenVictory"
            }
          ],
          "Type": "Global"
        }
      ],
      "SetFlags": [
        {
          "Flags": [
            {
              "UUID": "4f7503b7-fff0-0d49-102c-adce7c4c5e85",
              "value": true,
              "paramval": 1,
              "Name": "DEN_AttackOnDen_HasMet_Tiefling005Victory"
            }
          ],
          "Type": "Dialog"
        }
      ],
      "TaggedTextList": [
        {
          "HasTagRule": false,
          "RuleGroup": {
            "TagCombineOp": 0,
            "Rules": [],
            "RuleString": ""
          },
          "TagTexts": [
            {
              "LineId": "05595b50-a994-49cf-9c59-188690094ffd",
              "Text": {
                "Handle": "h80f9bae9gefc4g4b1aga7cdgb2ecdefbaa3d",
                "Value": "I had my doubts, but you came through. Thank you."
              }
            }
          ]
        }
      ],
      "EditorData": {
        "AnimationTags": "",
        "Attitude": "Default",
        "CinematicNodeContext": "",
        "CinematicObjects": "",
        "CustomCineArtKeysPresent": "False",
        "CustomLightingPresent": "False",
        "CustomSoundPresent": "False",
        "CustomVFXPresent": "False",
        "Emotion": "Default",
        "ForceDisableIsCustomNode": "False",
        "ID": "N207",
        "InternalNodeContext": "",
        "IsCustomNode": "False",
        "MusicTags": "",
        "NodeContext": "Sincere and heartfelt",
        "Quality": "Bronze",
        "SFXTags": "",
        "StateChangeTags": "",
        "TemplateNodeUUID": "00000000-0000-0000-0000-000000000000",
        "TemplateVersion": "0",
        "VFXTags": "",
        "collapsed": "False",
        "logicalname": "AoD Victory / Angered / Not Met",
        "position": "15;-1080",
        "sourcetemplate": ""
      }
    },
    "0f4588f8-1ab3-a7fd-b088-62bed11b6d60": {
      "UUID": "0f4588f8-1ab3-a7fd-b088-62bed11b6d60",
      "Constructor": "TagQuestion",
      "EndNode": false,
      "Root": false,
      "ShowOnce": true,
      "SpeakerNo": 1,
      "AddressedSpeaker": -1,
      "Children": [
        "4bd4b692-a573-7485-4f46-aea92ce0be66"
      ],
      "CheckFlags": [
        {
          "Flags": [
            {
              "UUID": "2b40a033-7a5c-47e9-92f0-7de9b5cd3a42",
              "value": true,
              "paramval": 1,
              "Name": "REALLY_HALFLING"
            }
          ],
          "Type": "Tag"
        }
      ],
      "SetFlags": [],
      "TaggedTextList": [
        {
          "HasTagRule": false,
          "RuleGroup": {
            "TagCombineOp": 0,
            "Rules": [],
            "RuleString": ""
          },
          "TagTexts": [
            {
              "LineId": "260c1cc3-5508-4d3e-76d9-92a2455cf8a3",
              "Text": {
                "Handle": "hb9ddea02g9981g4968g8c19gc9f66c5f0c59",
                "Value": "Never mind that - focus on the party we're going to have when all this is over."
              }
            }
          ]
        }
      ],
      "EditorData": {
        "AnimationTags": "",
        "Attitude": "Default",
        "CinematicNodeContext": "",
        "CinematicObjects": "",
        "CustomCineArtKeysPresent": "False",
        "CustomLightingPresent": "False",
        "CustomSoundPresent": "False",
        "CustomVFXPresent": "False",
        "Emotion": "Default",
        "ForceDisableIsCustomNode": "False",
        "ID": "N198",
        "InternalNodeContext": "",
        "IsCustomNode": "False",
        "MusicTags": "",
        "NodeContext": "",
        "Quality": "Bronze",
        "SFXTags": "",
        "StateChangeTags": "",
        "TemplateNodeUUID": "00000000-0000-0000-0000-000000000000",
        "TemplateVersion": "0",
        "VFXTags": "",
        "collapsed": "False",
        "logicalname": "Halfling",
        "position": "335;1767",
        "sourcetemplate": ""
      }
    },
    "1fd5a987-bb12-734d-4f89-efabd434c8e6": {
      "UUID": "1fd5a987-bb12-734d-4f89-efabd434c8e6",
      "Constructor": "TagQuestion",
      "EndNode": false,
      "Root": false,
      "ShowOnce": true,
      "SpeakerNo": 1,
      "AddressedSpeaker": -1,
      "Children": [
        "386797a9-cc27-9445-3c79-5f300cb2367f"
      ],
      "CheckFlags": [],
      "SetFlags": [],
      "TaggedTextList": [
        {
          "HasTagRule": false,
          "RuleGroup": {
            "TagCombineOp": 0,
            "Rules": [],
            "RuleString": ""
          },
          "TagTexts": [
            {
              "LineId": "d0c924cd-e630-cc55-cd48-23c5583230bc",
              "Text": {
                "Handle": "h64e0abe0gdf24g4f1bgab1dg7381bab947dd",
                "Value": "Well enough. But you have what they don't - something to fight <i>for.</i>"
              }
            }
          ]
        }
      ],
      "EditorData": {
        "AnimationTags": "",
        "Attitude": "Default",
        "CinematicNodeContext": "",
        "CinematicObjects": "",
        "CustomCineArtKeysPresent": "False",
        "CustomLightingPresent": "False",
        "CustomSoundPresent": "False",
        "CustomVFXPresent": "False",
        "Emotion": "Default",
        "ForceDisableIsCustomNode": "False",
        "ID": "N143",
        "InternalNodeContext": "",
        "IsCustomNode": "False",
        "MusicTags": "",
        "NodeContext": "",
        "Quality": "Bronze",
        "SFXTags": "",
        "StateChangeTags": "",
        "TemplateNodeUUID": "00000000-0000-0000-0000-000000000000",
        "TemplateVersion": "0",
        "VFXTags": "",
        "collapsed": "False",
        "logicalname": "Question",
        "position": "335;672",
        "sourcetemplate": ""
      }
    },
    "386797a9-cc27-9445-3c79-5f300cb2367f": {
      "UUID": "386797a9-cc27-9445-3c79-5f300cb2367f",
      "Constructor": "TagAnswer",
      "EndNode": true,
      "Root": false,
      "ShowOnce": false,
      "SpeakerNo": 0,
      "AddressedSpeaker": -1,
      "Children": [],
      "CheckFlags": [],
      "SetFlags": [],
      "TaggedTextList": [
        {
          "HasTagRule": false,
          "RuleGroup": {
            "TagCombineOp": 0,
            "Rules": [],
            "RuleString": ""
          },
          "TagTexts": [
            {
              "LineId": "4577ad6d-af70-4cbb-c96b-c3e7b632903e",
              "Text": {
                "Handle": "h2c31911fg27acg46eag84eag236f706ac4b8",
                "Value": "Some of us have more of that than others. I'll just be glad to live out the day."
              }
            }
          ]
        }
      ],
      "EditorData": {
        "AnimationTags": "",
        "Attitude": "Default",
        "CinematicNodeContext": "",
        "CinematicObjects": "",
        "CustomCineArtKeysPresent": "False",
        "CustomLightingPresent": "False",
        "CustomSoundPresent": "False",
        "CustomVFXPresent": "False",
        "Emotion": "Default",
        "ForceDisableIsCustomNode": "False",
        "ID": "N160",
        "InternalNodeContext": "",
        "IsCustomNode": "False",
        "MusicTags": "",
        "NodeContext": "",
        "Quality": "Bronze",
        "SFXTags": "",
        "StateChangeTags": "",
        "TemplateNodeUUID": "00000000-0000-0000-0000-000000000000",
        "TemplateVersion": "0",
        "VFXTags": "",
        "collapsed": "False",
        "logicalname": "Answer",
        "position": "655;672",
        "sourcetemplate": ""
      }
    },
    "3934abbf-a76a-923e-cdbb-bd8f8ba85d88": {
      "UUID": "3934abbf-a76a-923e-cdbb-bd8f8ba85d88",
      "Constructor": "TagGreeting",
      "EndNode": true,
      "Root": true,
      "ShowOnce": false,
      "SpeakerNo": 0,
      "AddressedSpeaker": -1,
      "Children": [],
      "CheckFlags": [
        {
          "Flags": [
            {
              "UUID": "71c7f23e-3ff1-c9b8-3ef5-d75fa1b42c8d",
              "value": true,
              "paramval": null,
              "Name": "DEN_AttackOnDen_State_DenVictory"
            }
          ],
          "Type": "Global"
        }
      ],
      "SetFlags": [
        {
          "Flags": [
            {
              "UUID": "4f7503b7-fff0-0d49-102c-adce7c4c5e85",
              "value": true,
              "paramval": 1,
              "Name": "DEN_AttackOnDen_HasMet_Tiefling005Victory"
            }
          ],
          "Type": "Dialog"
        }
      ],
      "TaggedTextList": [
        {
          "HasTagRule": false,
          "RuleGroup": {
            "TagCombineOp": 0,
            "Rules": [],
            "RuleString": ""
          },
          "TagTexts": [
            {
              "LineId": "8374edbe-0086-9af7-47e6-40f449d592c5",
              "Text": {
                "Handle": "hbf430c68g37a3g459bgb255g76c1d116b6b1",
                "Value": "The goblins... look so small. Hard to believe I was ever afraid of them.<br>"
              }
            }
          ]
        }
      ],
      "EditorData": {
        "AnimationTags": "",
        "Attitude": "Default",
        "CinematicNodeContext": "",
        "CinematicObjects": "",
        "CustomCineArtKeysPresent": "False",
        "CustomLightingPresent": "False",
        "CustomSoundPresent": "False",
        "CustomVFXPresent": "False",
        "Emotion": "Default",
        "ForceDisableIsCustomNode": "False",
        "ID": "N168",
        "InternalNodeContext": "",
        "IsCustomNode": "False",
        "MusicTags": "",
        "NodeContext": "",
        "Quality": "Bronze",
        "SFXTags": "",
        "StateChangeTags": "",
        "TemplateNodeUUID": "00000000-0000-0000-0000-000000000000",
        "TemplateVersion": "0",
        "VFXTags": "",
        "collapsed": "False",
        "logicalname": "AoD Victory / Not Met",
        "position": "15;-861",
        "sourcetemplate": ""
      }
    },
    "3a28893d-48cf-e093-5e48-a34d31c4252d": {
      "JumpTarget": "51cf9705-d08b-afba-de98-d66ee9ba0670",
      "JumpTargetPoint": 1,
      "UUID": "3a28893d-48cf-e093-5e48-a34d31c4252d",
      "Constructor": "Jump",
      "EndNode": false,
      "Root": false,
      "ShowOnce": false,
      "SpeakerNo": 0,
      "AddressedSpeaker": 0,
      "Children": [],
      "CheckFlags": [],
      "SetFlags": [],
      "TaggedTextList": [],
      "EditorData": {
        "ID": "N197",
        "TemplateNodeUUID": "00000000-0000-0000-0000-000000000000",
        "TemplateVersion": "0",
        "collapsed": "False",
        "logicalname": "Jump",
        "position": "655;891",
        "sourcetemplate": ""
      }
    },
    "4ae07dfb-3786-8efe-88ca-9ad79e760944": {
      "UUID": "4ae07dfb-3786-8efe-88ca-9ad79e760944",
      "Constructor": "TagQuestion",
      "EndNode": false,
      "Root": false,
      "ShowOnce": true,
      "SpeakerNo": 1,
      "AddressedSpeaker": -1,
      "Children": [
        "e5f1c922-8a7e-8347-bbe3-e8dd2b62e420"
      ],
      "CheckFlags": [
        {
          "Flags": [
            {
              "UUID": "1ae7017c-4884-4a43-bc4a-742fa0d201c0",
              "value": true,
              "paramval": 1,
              "Name": "FIGHTER"
            }
          ],
          "Type": "Tag"
        }
      ],
      "SetFlags": [],
      "TaggedTextList": [
        {
          "HasTagRule": false,
          "RuleGroup": {
            "TagCombineOp": 0,
            "Rules": [],
            "RuleString": ""
          },
          "TagTexts": [
            {
              "LineId": "5a0a1ca6-8c35-378c-0d3c-743eb20d4ff4",
              "Text": {
                "Handle": "hbd00051egde60g4063g9e9cgeb191fb5a3e4",
                "Value": "They don't have skill, but numbers and luck can matter more."
              }
            }
          ]
        }
      ],
      "EditorData": {
        "AnimationTags": "",
        "Attitude": "Default",
        "CinematicNodeContext": "",
        "CinematicObjects": "",
        "CustomCineArtKeysPresent": "False",
        "CustomLightingPresent": "False",
        "CustomSoundPresent": "False",
        "CustomVFXPresent": "False",
        "Emotion": "Default",
        "ForceDisableIsCustomNode": "False",
        "ID": "N173",
        "InternalNodeContext": "",
        "IsCustomNode": "False",
        "MusicTags": "",
        "NodeContext": "",
        "Quality": "Bronze",
        "SFXTags": "",
        "StateChangeTags": "",
        "TemplateNodeUUID": "00000000-0000-0000-0000-000000000000",
        "TemplateVersion": "0",
        "VFXTags": "",
        "collapsed": "False",
        "logicalname": "Fighter",
        "position": "335;2205",
        "sourcetemplate": ""
      }
    },
    "4bd4b692-a573-7485-4f46-aea92ce0be66": {
      "UUID": "4bd4b692-a573-7485-4f46-aea92ce0be66",
      "Constructor": "TagAnswer",
      "EndNode": true,
      "Root": false,
      "ShowOnce": false,
      "SpeakerNo": 0,
      "AddressedSpeaker": -1,
      "Children": [],
      "CheckFlags": [],
      "SetFlags": [],
      "TaggedTextList": [
        {
          "HasTagRule": false,
          "RuleGroup": {
            "TagCombineOp": 0,
            "Rules": [],
            "RuleString": ""
          },
          "TagTexts": [
            {
              "LineId": "b4fc2342-cb13-dd58-7acc-9fe794dc9d3b",
              "Text": {
                "Handle": "h797cbf8dgb71ag429egbbfcgfe7780b6d930",
                "Value": "Hah! I wish I had your confidence. But... thank you. "
              }
            }
          ]
        }
      ],
      "EditorData": {
        "AnimationTags": "",
        "Attitude": "Default",
        "CinematicNodeContext": "",
        "CinematicObjects": "",
        "CustomCineArtKeysPresent": "False",
        "CustomLightingPresent": "False",
        "CustomSoundPresent": "False",
        "CustomVFXPresent": "False",
        "Emotion": "Default",
        "ForceDisableIsCustomNode": "False",
        "ID": "N183",
        "InternalNodeContext": "",
        "IsCustomNode": "False",
        "MusicTags": "",
        "NodeContext": "",
        "Quality": "Bronze",
        "SFXTags": "",
        "StateChangeTags": "",
        "TemplateNodeUUID": "00000000-0000-0000-0000-000000000000",
        "TemplateVersion": "0",
        "VFXTags": "",
        "collapsed": "False",
        "logicalname": "Answer",
        "position": "655;1767",
        "sourcetemplate": ""
      }
    },
    "51cf9705-d08b-afba-de98-d66ee9ba0670": {
      "UUID": "51cf9705-d08b-afba-de98-d66ee9ba0670",
      "Constructor": "TagAnswer",
      "EndNode": true,
      "Root": false,
      "ShowOnce": false,
      "SpeakerNo": 0,
      "AddressedSpeaker": -1,
      "Children": [],
      "CheckFlags": [],
      "SetFlags": [],
      "TaggedTextList": [
        {
          "HasTagRule": false,
          "RuleGroup": {
            "TagCombineOp": 0,
            "Rules": [],
            "RuleString": ""
          },
          "TagTexts": [
            {
              "LineId": "a46fdce6-d490-f06d-7e3e-3ad123e6ab13",
              "Text": {
                "Handle": "h6903cda8g9426g420bgbd3dg0250d367fe91",
                "Value": "Why don't you find your own stretch of wall to die on?"
              }
            }
          ]
        }
      ],
      "EditorData": {
        "AnimationTags": "",
        "Attitude": "Default",
        "CinematicNodeContext": "",
        "CinematicObjects": "",
        "CustomCineArtKeysPresent": "False",
        "CustomLightingPresent": "False",
        "CustomSoundPresent": "False",
        "CustomVFXPresent": "False",
        "Emotion": "Default",
        "ForceDisableIsCustomNode": "False",
        "ID": "N158",
        "InternalNodeContext": "",
        "IsCustomNode": "False",
        "MusicTags": "",
        "NodeContext": "",
        "Quality": "Bronze",
        "SFXTags": "",
        "StateChangeTags": "",
        "TemplateNodeUUID": "00000000-0000-0000-0000-000000000000",
        "TemplateVersion": "0",
        "VFXTags": "",
        "collapsed": "False",
        "logicalname": "Answer",
        "position": "655;1110",
        "sourcetemplate": ""
      }
    },
    "584bc7a8-42a5-51f6-7754-7bcfd321e3df": {
      "UUID": "584bc7a8-42a5-51f6-7754-7bcfd321e3df",
      "Constructor": "TagQuestion",
      "EndNode": false,
      "Root": false,
      "ShowOnce": true,
      "SpeakerNo": 1,
      "AddressedSpeaker": -1,
      "Children": [
        "3a28893d-48cf-e093-5e48-a34d31c4252d"
      ],
      "CheckFlags": [],
      "SetFlags": [
        {
          "Flags": [
            {
              "UUID": "20eab865-fb71-f1bc-0d5f-ccb6cc148ac2",
              "value": true,
              "paramval": 1,
              "Name": "DEN_AttackOnDen_Event_AngeredTiefling005"
            }
          ],
          "Type": "Dialog"
        }
      ],
      "TaggedTextList": [
        {
          "HasTagRule": false,
          "RuleGroup": {
            "TagCombineOp": 0,
            "Rules": [],
            "RuleString": ""
          },
          "TagTexts": [
            {
              "LineId": "f9995081-c017-c4c3-3523-09b89aad6ab9",
              "Text": {
                "Handle": "h401a33b7g27f4g45bcg8ee6g62d83e86e33e",
                "Value": "I'm just here for the show. Make it a good one, won't you? "
              }
            }
          ]
        }
      ],
      "EditorData": {
        "AnimationTags": "",
        "Attitude": "Default",
        "CinematicNodeContext": "",
        "CinematicObjects": "",
        "CustomCineArtKeysPresent": "False",
        "CustomLightingPresent": "False",
        "CustomSoundPresent": "False",
        "CustomVFXPresent": "False",
        "Emotion": "Default",
        "ForceDisableIsCustomNode": "False",
        "ID": "N196",
        "InternalNodeContext": "",
        "IsCustomNode": "False",
        "MusicTags": "",
        "NodeContext": "",
        "Quality": "Bronze",
        "SFXTags": "",
        "StateChangeTags": "",
        "TemplateNodeUUID": "00000000-0000-0000-0000-000000000000",
        "TemplateVersion": "0",
        "VFXTags": "",
        "collapsed": "False",
        "logicalname": "",
        "position": "335;891",
        "sourcetemplate": ""
      }
    },
    "72eba453-2010-636d-18b9-c1aa0ca237ad": {
      "UUID": "72eba453-2010-636d-18b9-c1aa0ca237ad",
      "Constructor": "TagAnswer",
      "EndNode": true,
      "Root": false,
      "ShowOnce": false,
      "SpeakerNo": 0,
      "AddressedSpeaker": -1,
      "Children": [],
      "CheckFlags": [],
      "SetFlags": [],
      "TaggedTextList": [
        {
          "HasTagRule": false,
          "RuleGroup": {
            "TagCombineOp": 0,
            "Rules": [],
            "RuleString": ""
          },
          "TagTexts": [
            {
              "LineId": "a5b5e9f6-68ef-47de-2702-59b589088ddd",
              "Text": {
                "Handle": "hce4fc000gbea9g4c6agafaagc27949090b02",
                "Value": "Heh, that obvious? But you're right. Can't swing a sword if I'm shaking like a leaf. "
              }
            }
          ]
        }
      ],
      "EditorData": {
        "AnimationTags": "",
        "Attitude": "Default",
        "CinematicNodeContext": "",
        "CinematicObjects": "",
        "CustomCineArtKeysPresent": "False",
        "CustomLightingPresent": "False",
        "CustomSoundPresent": "False",
        "CustomVFXPresent": "False",
        "Emotion": "Default",
        "ForceDisableIsCustomNode": "False",
        "ID": "N181",
        "InternalNodeContext": "",
        "IsCustomNode": "False",
        "MusicTags": "",
        "NodeContext": "",
        "Quality": "Bronze",
        "SFXTags": "",
        "StateChangeTags": "",
        "TemplateNodeUUID": "00000000-0000-0000-0000-000000000000",
        "TemplateVersion": "0",
        "VFXTags": "",
        "collapsed": "False",
        "logicalname": "Answer",
        "position": "655;2424",
        "sourcetemplate": ""
      }
    },
    "786e4a92-83cf-84b4-1213-481fa80bc592": {
      "UUID": "786e4a92-83cf-84b4-1213-481fa80bc592",
      "Constructor": "TagGreeting",
      "EndNode": true,
      "Root": true,
      "ShowOnce": false,
      "SpeakerNo": 0,
      "AddressedSpeaker": -1,
      "Children": [],
      "CheckFlags": [
        {
          "Flags": [
            {
              "UUID": "4f7503b7-fff0-0d49-102c-adce7c4c5e85",
              "value": true,
              "paramval": 1,
              "Name": "DEN_AttackOnDen_HasMet_Tiefling005Victory"
            }
          ],
          "Type": "Dialog"
        },
        {
          "Flags": [
            {
              "UUID": "1e6a42ed-8313-4f46-57e2-20dbdb2df923",
              "value": true,
              "paramval": null,
              "Name": "DEN_Refugees_State_LeadersAreDead"
            }
          ],
          "Type": "Global"
        }
      ],
      "SetFlags": [],
      "TaggedTextList": [
        {
          "HasTagRule": false,
          "RuleGroup": {
            "TagCombineOp": 0,
            "Rules": [],
            "RuleString": ""
          },
          "TagTexts": [
            {
              "LineId": "a880a95a-d66a-c9a0-d9d5-c6e670a7876a",
              "Text": {
                "Handle": "hae931ddegfd6ag4df1g9406g033f7928c018",
                "Value": "Take care. I'll feel better on the roads knowing you're out there somewhere."
              }
            }
          ]
        }
      ],
      "EditorData": {
        "AnimationTags": "",
        "Attitude": "Default",
        "CinematicNodeContext": "",
        "CinematicObjects": "",
        "CustomCineArtKeysPresent": "False",
        "CustomLightingPresent": "False",
        "CustomSoundPresent": "False",
        "CustomVFXPresent": "False",
        "Emotion": "Default",
        "ForceDisableIsCustomNode": "False",
        "ID": "N191",
        "InternalNodeContext": "",
        "IsCustomNode": "False",
        "MusicTags": "",
        "NodeContext": "",
        "Quality": "Bronze",
        "SFXTags": "",
        "StateChangeTags": "",
        "TemplateNodeUUID": "00000000-0000-0000-0000-000000000000",
        "TemplateVersion": "0",
        "VFXTags": "",
        "collapsed": "False",
        "logicalname": "Leaders Dead / Has Met",
        "position": "15;-2175",
        "sourcetemplate": ""
      }
    },
    "7ac83b47-46f0-7b75-0474-ebea7eecc366": {
      "UUID": "7ac83b47-46f0-7b75-0474-ebea7eecc366",
      "Constructor": "TagQuestion",
      "EndNode": false,
      "Root": false,
      "ShowOnce": true,
      "SpeakerNo": 1,
      "AddressedSpeaker": -1,
      "Children": [
        "ff83efb3-1837-9f93-040a-ab64ec5cd568"
      ],
      "CheckFlags": [
        {
          "Flags": [
            {
              "UUID": "02913f9a-f696-40cf-acdf-32032afab32c",
              "value": true,
              "paramval": 1,
              "Name": "BARBARIAN"
            }
          ],
          "Type": "Tag"
        }
      ],
      "SetFlags": [],
      "TaggedTextList": [
        {
          "HasTagRule": false,
          "RuleGroup": {
            "TagCombineOp": 0,
            "Rules": [],
            "RuleString": ""
          },
          "TagTexts": [
            {
              "LineId": "1f09cdae-404d-1417-b76b-65bc5a914190",
              "Text": {
                "Handle": "h77b7c804g8128g420agb94cg19dbe57bacb0",
                "Value": "Wrong question. You don't need to fight better than them - you just need to fight <i>harder.</i>"
              }
            }
          ]
        }
      ],
      "EditorData": {
        "AnimationTags": "",
        "Attitude": "Default",
        "CinematicNodeContext": "",
        "CinematicObjects": "",
        "CustomCineArtKeysPresent": "False",
        "CustomLightingPresent": "False",
        "CustomSoundPresent": "False",
        "CustomVFXPresent": "False",
        "Emotion": "Default",
        "ForceDisableIsCustomNode": "False",
        "ID": "N174",
        "InternalNodeContext": "",
        "IsCustomNode": "False",
        "MusicTags": "",
        "NodeContext": "",
        "Quality": "Bronze",
        "SFXTags": "",
        "StateChangeTags": "",
        "TemplateNodeUUID": "00000000-0000-0000-0000-000000000000",
        "TemplateVersion": "0",
        "VFXTags": "",
        "collapsed": "False",
        "logicalname": "Barbarian",
        "position": "335;1986",
        "sourcetemplate": ""
      }
    },
    "7d5798e0-2049-4a1a-016a-212fa077e234": {
      "UUID": "7d5798e0-2049-4a1a-016a-212fa077e234",
      "Constructor": "TagGreeting",
      "EndNode": true,
      "Root": true,
      "ShowOnce": false,
      "SpeakerNo": 0,
      "AddressedSpeaker": -1,
      "Children": [],
      "CheckFlags": [
        {
          "Flags": [
            {
              "UUID": "aa6236c8-cd78-a494-3bf3-2d16e7d13672",
              "value": true,
              "paramval": 1,
              "Name": "DEN_AttackOnDen_HasMet_Tiefling005"
            }
          ],
          "Type": "Dialog"
        },
        {
          "Flags": [
            {
              "UUID": "55cb1d5b-4035-6241-5b1b-29ae7800944e",
              "value": true,
              "paramval": null,
              "Name": "DEN_AttackOnDen_State_AngeredPandirnaBefore"
            }
          ],
          "Type": "Global"
        }
      ],
      "SetFlags": [],
      "TaggedTextList": [
        {
          "HasTagRule": false,
          "RuleGroup": {
            "TagCombineOp": 0,
            "Rules": [],
            "RuleString": ""
          },
          "TagTexts": [
            {
              "LineId": "b6fddc22-e35c-44d4-85a3-f13126878ba9",
              "Text": {
                "Handle": "h0b15a819g83c5g4fb0gbf5bg21650382f260",
                "Value": "Leave me alone. I don't want company."
              }
            }
          ]
        }
      ],
      "EditorData": {
        "AnimationTags": "",
        "Attitude": "Default",
        "CinematicNodeContext": "",
        "CinematicObjects": "",
        "CustomCineArtKeysPresent": "False",
        "CustomLightingPresent": "False",
        "CustomSoundPresent": "False",
        "CustomVFXPresent": "False",
        "Emotion": "Default",
        "ForceDisableIsCustomNode": "False",
        "ID": "N202",
        "InternalNodeContext": "",
        "IsCustomNode": "False",
        "MusicTags": "",
        "NodeContext": "",
        "Quality": "Bronze",
        "SFXTags": "",
        "StateChangeTags": "",
        "TemplateNodeUUID": "00000000-0000-0000-0000-000000000000",
        "TemplateVersion": "0",
        "VFXTags": "",
        "collapsed": "False",
        "logicalname": "Angered Before AoD / Has met",
        "position": "15;-423",
        "sourcetemplate": ""
      }
    },
    "8495c6e2-6f25-9b89-fa30-941fa7a53269": {
      "UUID": "8495c6e2-6f25-9b89-fa30-941fa7a53269",
      "Constructor": "TagQuestion",
      "EndNode": false,
      "Root": false,
      "ShowOnce": true,
      "SpeakerNo": 1,
      "AddressedSpeaker": -1,
      "Children": [
        "51cf9705-d08b-afba-de98-d66ee9ba0670"
      ],
      "CheckFlags": [
        {
          "Flags": [
            {
              "UUID": "7bf7207f-7406-49c0-b501-eaaa2bb4efd7",
              "value": false,
              "paramval": 1,
              "Name": "REALLY_TIEFLING"
            }
          ],
          "Type": "Tag"
        }
      ],
      "SetFlags": [
        {
          "Flags": [
            {
              "UUID": "20eab865-fb71-f1bc-0d5f-ccb6cc148ac2",
              "value": true,
              "paramval": 1,
              "Name": "DEN_AttackOnDen_Event_AngeredTiefling005"
            }
          ],
          "Type": "Dialog"
        }
      ],
      "TaggedTextList": [
        {
          "HasTagRule": false,
          "RuleGroup": {
            "TagCombineOp": 0,
            "Rules": [],
            "RuleString": ""
          },
          "TagTexts": [
            {
              "LineId": "62411410-77cd-d073-a56c-a9178cc409fb",
              "Text": {
                "Handle": "h3cfaa325g9336g4917g9c14gd5bc7c625247",
                "Value": "Better than a mob of undisciplined tieflings."
              }
            }
          ]
        }
      ],
      "EditorData": {
        "AnimationTags": "",
        "Attitude": "Default",
        "CinematicNodeContext": "",
        "CinematicObjects": "",
        "CustomCineArtKeysPresent": "False",
        "CustomLightingPresent": "False",
        "CustomSoundPresent": "False",
        "CustomVFXPresent": "False",
        "Emotion": "Default",
        "ForceDisableIsCustomNode": "False",
        "ID": "N147",
        "InternalNodeContext": "",
        "IsCustomNode": "False",
        "MusicTags": "",
        "NodeContext": "",
        "Quality": "Bronze",
        "SFXTags": "",
        "StateChangeTags": "",
        "TemplateNodeUUID": "00000000-0000-0000-0000-000000000000",
        "TemplateVersion": "0",
        "VFXTags": "",
        "collapsed": "False",
        "logicalname": "not tiefling",
        "position": "335;1110",
        "sourcetemplate": ""
      }
    },
    "8da5055f-d195-2761-af49-70225cfcdb55": {
      "UUID": "8da5055f-d195-2761-af49-70225cfcdb55",
      "Constructor": "TagAnswer",
      "EndNode": true,
      "Root": false,
      "ShowOnce": false,
      "SpeakerNo": 0,
      "AddressedSpeaker": -1,
      "Children": [],
      "CheckFlags": [],
      "SetFlags": [],
      "TaggedTextList": [
        {
          "HasTagRule": false,
          "RuleGroup": {
            "TagCombineOp": 0,
            "Rules": [],
            "RuleString": ""
          },
          "TagTexts": [
            {
              "LineId": "3dd2b970-efdb-292a-115e-0a14be1ce3ef",
              "Text": {
                "Handle": "h49a07085gea95g4f6egbf86g0a17373c40f7",
                "Value": "You're right. Blood or not, the people here are family. And I won't let goblins take that away - not again. "
              }
            }
          ]
        }
      ],
      "EditorData": {
        "AnimationTags": "",
        "Attitude": "Default",
        "CinematicNodeContext": "",
        "CinematicObjects": "",
        "CustomCineArtKeysPresent": "False",
        "CustomLightingPresent": "False",
        "CustomSoundPresent": "False",
        "CustomVFXPresent": "False",
        "Emotion": "Default",
        "ForceDisableIsCustomNode": "False",
        "ID": "N186",
        "InternalNodeContext": "",
        "IsCustomNode": "False",
        "MusicTags": "",
        "NodeContext": "",
        "Quality": "Bronze",
        "SFXTags": "",
        "StateChangeTags": "",
        "TemplateNodeUUID": "00000000-0000-0000-0000-000000000000",
        "TemplateVersion": "0",
        "VFXTags": "",
        "collapsed": "False",
        "logicalname": "Answer",
        "position": "655;1548",
        "sourcetemplate": ""
      }
    },
    "91ed8104-5235-79ab-0138-da6a6afcecfd": {
      "UUID": "91ed8104-5235-79ab-0138-da6a6afcecfd",
      "Constructor": "TagQuestion",
      "EndNode": true,
      "Root": false,
      "ShowOnce": true,
      "SpeakerNo": 1,
      "AddressedSpeaker": -1,
      "Children": [],
      "CheckFlags": [],
      "SetFlags": [],
      "TaggedTextList": [
        {
          "HasTagRule": false,
          "RuleGroup": {
            "TagCombineOp": 0,
            "Rules": [],
            "RuleString": ""
          },
          "TagTexts": [
            {
              "LineId": "79cb4d9c-80a1-b66e-b5b6-161215e5efa9",
              "Text": {
                "Handle": "h5a3b6290gf816g481cg90a8g29c28dd0e00f",
                "Value": "<i>Leave.</i>"
              }
            }
          ]
        }
      ],
      "EditorData": {
        "AnimationTags": "",
        "Attitude": "Default",
        "CinematicNodeContext": "",
        "CinematicObjects": "",
        "CustomCineArtKeysPresent": "False",
        "CustomLightingPresent": "False",
        "CustomSoundPresent": "False",
        "CustomVFXPresent": "False",
        "Emotion": "Default",
        "ForceDisableIsCustomNode": "False",
        "ID": "N155",
        "InternalNodeContext": "",
        "IsCustomNode": "False",
        "MusicTags": "",
        "NodeContext": "",
        "Quality": "Bronze",
        "SFXTags": "",
        "StateChangeTags": "",
        "TemplateNodeUUID": "00000000-0000-0000-0000-000000000000",
        "TemplateVersion": "0",
        "VFXTags": "",
        "collapsed": "False",
        "logicalname": "Question",
        "position": "335;2643",
        "sourcetemplate": ""
      }
    },
    "9e6a25d5-2010-5f67-abaf-7b87d4e930c0": {
      "UUID": "9e6a25d5-2010-5f67-abaf-7b87d4e930c0",
      "Constructor": "TagQuestion",
      "EndNode": false,
      "Root": false,
      "ShowOnce": true,
      "SpeakerNo": 1,
      "AddressedSpeaker": -1,
      "Children": [
        "8da5055f-d195-2761-af49-70225cfcdb55"
      ],
      "CheckFlags": [
        {
          "Flags": [
            {
              "UUID": "39783f17-8484-46a6-aa3b-f3d51122e5f3",
              "value": true,
              "paramval": 1,
              "Name": "REALLY_DRAGONBORN"
            }
          ],
          "Type": "Tag"
        }
      ],
      "SetFlags": [],
      "TaggedTextList": [
        {
          "HasTagRule": false,
          "RuleGroup": {
            "TagCombineOp": 0,
            "Rules": [],
            "RuleString": ""
          },
          "TagTexts": [
            {
              "LineId": "0b21cfe4-088f-2a57-942a-64880eedfdd5",
              "Text": {
                "Handle": "ha1d27170g5c91g42c2g908ag8fb5f2d01055",
                "Value": "They're a mob. Take heart - you fight with clan beside you."
              }
            }
          ]
        }
      ],
      "EditorData": {
        "AnimationTags": "",
        "Attitude": "Default",
        "CinematicNodeContext": "",
        "CinematicObjects": "",
        "CustomCineArtKeysPresent": "False",
        "CustomLightingPresent": "False",
        "CustomSoundPresent": "False",
        "CustomVFXPresent": "False",
        "Emotion": "Default",
        "ForceDisableIsCustomNode": "False",
        "ID": "N178",
        "InternalNodeContext": "",
        "IsCustomNode": "False",
        "MusicTags": "",
        "NodeContext": "",
        "Quality": "Bronze",
        "SFXTags": "",
        "StateChangeTags": "",
        "TemplateNodeUUID": "00000000-0000-0000-0000-000000000000",
        "TemplateVersion": "0",
        "VFXTags": "",
        "collapsed": "False",
        "logicalname": "Dragonborn",
        "position": "335;1548",
        "sourcetemplate": ""
      }
    },
    "abba9f0b-8b9a-69c4-0741-8f301dbf3b80": {
      "UUID": "abba9f0b-8b9a-69c4-0741-8f301dbf3b80",
      "Constructor": "TagQuestion",
      "EndNode": false,
      "Root": false,
      "ShowOnce": true,
      "SpeakerNo": 1,
      "AddressedSpeaker": -1,
      "Children": [
        "df19d72a-2028-86e3-918d-6fe44e50aa9b"
      ],
      "CheckFlags": [],
      "SetFlags": [],
      "TaggedTextList": [
        {
          "HasTagRule": false,
          "RuleGroup": {
            "TagCombineOp": 0,
            "Rules": [],
            "RuleString": ""
          },
          "TagTexts": [
            {
              "LineId": "3f0638b9-5456-8b04-b598-e1576bae5592",
              "Text": {
                "Handle": "h7f474766gb044g4756gb541gf75bec69fbae",
                "Value": "They're not well-trained, just vicious."
              }
            }
          ]
        }
      ],
      "EditorData": {
        "AnimationTags": "",
        "Attitude": "Default",
        "CinematicNodeContext": "",
        "CinematicObjects": "",
        "CustomCineArtKeysPresent": "False",
        "CustomLightingPresent": "False",
        "CustomSoundPresent": "False",
        "CustomVFXPresent": "False",
        "Emotion": "Default",
        "ForceDisableIsCustomNode": "False",
        "ID": "N159",
        "InternalNodeContext": "",
        "IsCustomNode": "False",
        "MusicTags": "",
        "NodeContext": "",
        "Quality": "Bronze",
        "SFXTags": "",
        "StateChangeTags": "",
        "TemplateNodeUUID": "00000000-0000-0000-0000-000000000000",
        "TemplateVersion": "0",
        "VFXTags": "",
        "collapsed": "False",
        "logicalname": "Question",
        "position": "335;453",
        "sourcetemplate": ""
      }
    },
    "bec7b595-fe8a-fdd3-6ccc-ffe9d6eec56e": {
      "UUID": "bec7b595-fe8a-fdd3-6ccc-ffe9d6eec56e",
      "Constructor": "TagGreeting",
      "EndNode": true,
      "Root": true,
      "ShowOnce": false,
      "SpeakerNo": 0,
      "AddressedSpeaker": -1,
      "Children": [],
      "CheckFlags": [
        {
          "Flags": [
            {
              "UUID": "20eab865-fb71-f1bc-0d5f-ccb6cc148ac2",
              "value": true,
              "paramval": 1,
              "Name": "DEN_AttackOnDen_Event_AngeredTiefling005"
            },
            {
              "UUID": "aa6236c8-cd78-a494-3bf3-2d16e7d13672",
              "value": true,
              "paramval": 1,
              "Name": "DEN_AttackOnDen_HasMet_Tiefling005"
            }
          ],
          "Type": "Dialog"
        }
      ],
      "SetFlags": [],
      "TaggedTextList": [
        {
          "HasTagRule": false,
          "RuleGroup": {
            "TagCombineOp": 0,
            "Rules": [],
            "RuleString": ""
          },
          "TagTexts": [
            {
              "LineId": "ab9731d9-f39d-fe2a-f600-8d882871d51f",
              "Text": {
                "Handle": "hf201204ag2353g4225g841ag4c9d748f3140",
                "Value": "Go charm someone else."
              }
            }
          ]
        }
      ],
      "EditorData": {
        "AnimationTags": "",
        "Attitude": "Default",
        "CinematicNodeContext": "",
        "CinematicObjects": "",
        "CustomCineArtKeysPresent": "False",
        "CustomLightingPresent": "False",
        "CustomSoundPresent": "False",
        "CustomVFXPresent": "False",
        "Emotion": "Default",
        "ForceDisableIsCustomNode": "False",
        "ID": "N163",
        "InternalNodeContext": "",
        "IsCustomNode": "False",
        "MusicTags": "",
        "NodeContext": "",
        "Quality": "Bronze",
        "SFXTags": "",
        "StateChangeTags": "",
        "TemplateNodeUUID": "00000000-0000-0000-0000-000000000000",
        "TemplateVersion": "0",
        "VFXTags": "",
        "collapsed": "False",
        "logicalname": "Angered After AoD. HasMet",
        "position": "15;15",
        "sourcetemplate": ""
      }
    },
    "c7685713-9660-dd10-8fff-78e51f9092fa": {
      "UUID": "c7685713-9660-dd10-8fff-78e51f9092fa",
      "Constructor": "TagQuestion",
      "EndNode": false,
      "Root": false,
      "ShowOnce": true,
      "SpeakerNo": 1,
      "AddressedSpeaker": -1,
      "Children": [
        "4bd4b692-a573-7485-4f46-aea92ce0be66"
      ],
      "CheckFlags": [
        {
          "Flags": [
            {
              "UUID": "ad129444-0f41-4114-9ee5-2b9902d7ca8d",
              "value": true,
              "paramval": 1,
              "Name": "REALLY_DWARF"
            }
          ],
          "Type": "Tag"
        }
      ],
      "SetFlags": [],
      "TaggedTextList": [
        {
          "HasTagRule": false,
          "RuleGroup": {
            "TagCombineOp": 0,
            "Rules": [],
            "RuleString": ""
          },
          "TagTexts": [
            {
              "LineId": "6f9dad95-af1a-361a-120c-6be4504a00a7",
              "Text": {
                "Handle": "hb1886ddeg7e32g4a68gb029gbae9192ec48c",
                "Value": "Like drunk children. <i>Worse</i> than drunk children - you'll be fine."
              }
            }
          ]
        }
      ],
      "EditorData": {
        "AnimationTags": "",
        "Attitude": "Default",
        "CinematicNodeContext": "",
        "CinematicObjects": "",
        "CustomCineArtKeysPresent": "False",
        "CustomLightingPresent": "False",
        "CustomSoundPresent": "False",
        "CustomVFXPresent": "False",
        "Emotion": "Default",
        "ForceDisableIsCustomNode": "False",
        "ID": "N177",
        "InternalNodeContext": "",
        "IsCustomNode": "False",
        "MusicTags": "",
        "NodeContext": "",
        "Quality": "Bronze",
        "SFXTags": "",
        "StateChangeTags": "",
        "TemplateNodeUUID": "00000000-0000-0000-0000-000000000000",
        "TemplateVersion": "0",
        "VFXTags": "",
        "collapsed": "False",
        "logicalname": "Dwarf",
        "position": "335;1329",
        "sourcetemplate": ""
      }
    },
    "cc5c5cb7-89ff-15d7-22d2-1b78f3fe4bf2": {
      "UUID": "cc5c5cb7-89ff-15d7-22d2-1b78f3fe4bf2",
      "Constructor": "TagGreeting",
      "EndNode": true,
      "Root": true,
      "ShowOnce": false,
      "SpeakerNo": 0,
      "AddressedSpeaker": -1,
      "Children": [],
      "CheckFlags": [
        {
          "Flags": [
            {
              "UUID": "1e6a42ed-8313-4f46-57e2-20dbdb2df923",
              "value": true,
              "paramval": null,
              "Name": "DEN_Refugees_State_LeadersAreDead"
            }
          ],
          "Type": "Global"
        }
      ],
      "SetFlags": [
        {
          "Flags": [
            {
              "UUID": "4f7503b7-fff0-0d49-102c-adce7c4c5e85",
              "value": true,
              "paramval": 1,
              "Name": "DEN_AttackOnDen_HasMet_Tiefling005Victory"
            }
          ],
          "Type": "Dialog"
        }
      ],
      "TaggedTextList": [
        {
          "HasTagRule": false,
          "RuleGroup": {
            "TagCombineOp": 0,
            "Rules": [],
            "RuleString": ""
          },
          "TagTexts": [
            {
              "LineId": "5ec279c6-decd-cf6d-a4ef-00a70d763526",
              "Text": {
                "Handle": "h33e54300g09e9g475eg9096g04265d800135",
                "Value": "All that talk of fighting... you spared us that. Thank you.<br>"
              }
            }
          ]
        }
      ],
      "EditorData": {
        "AnimationTags": "",
        "Attitude": "Default",
        "CinematicNodeContext": "",
        "CinematicObjects": "",
        "CustomCineArtKeysPresent": "False",
        "CustomLightingPresent": "False",
        "CustomSoundPresent": "False",
        "CustomVFXPresent": "False",
        "Emotion": "Default",
        "ForceDisableIsCustomNode": "False",
        "ID": "N195",
        "InternalNodeContext": "",
        "IsCustomNode": "False",
        "MusicTags": "",
        "NodeContext": "",
        "Quality": "Bronze",
        "SFXTags": "",
        "StateChangeTags": "",
        "TemplateNodeUUID": "00000000-0000-0000-0000-000000000000",
        "TemplateVersion": "0",
        "VFXTags": "",
        "collapsed": "False",
        "logicalname": "Leaders Dead / Not Met",
        "position": "15;-1737",
        "sourcetemplate": ""
      }
    },
    "d3531130-e328-4e7b-808b-1b028abeebab": {
      "UUID": "d3531130-e328-4e7b-808b-1b028abeebab",
      "Constructor": "TagGreeting",
      "EndNode": true,
      "Root": true,
      "ShowOnce": false,
      "SpeakerNo": 0,
      "AddressedSpeaker": -1,
      "Children": [],
      "CheckFlags": [
        {
          "Flags": [
            {
              "UUID": "1e6a42ed-8313-4f46-57e2-20dbdb2df923",
              "value": true,
              "paramval": null,
              "Name": "DEN_Refugees_State_LeadersAreDead"
            }
          ],
          "Type": "Global"
        }
      ],
      "SetFlags": [
        {
          "Flags": [
            {
              "UUID": "4f7503b7-fff0-0d49-102c-adce7c4c5e85",
              "value": true,
              "paramval": 1,
              "Name": "DEN_AttackOnDen_HasMet_Tiefling005Victory"
            }
          ],
          "Type": "Dialog"
        }
      ],
      "TaggedTextList": [
        {
          "HasTagRule": false,
          "RuleGroup": {
            "TagCombineOp": 0,
            "Rules": [],
            "RuleString": ""
          },
          "TagTexts": [
            {
              "LineId": "bd383b1f-8e5d-4c4d-bf29-82c561d03ae9",
              "Text": {
                "Handle": "h2e3e770eg7c95g47aag98eag6c73818ce47c",
                "Value": "I'd have put good coin on you running off into the sunset, but you did it. You stopped the goblins. Thank you. "
              }
            }
          ]
        }
      ],
      "EditorData": {
        "AnimationTags": "",
        "Attitude": "Default",
        "CinematicNodeContext": "",
        "CinematicObjects": "",
        "CustomCineArtKeysPresent": "False",
        "CustomLightingPresent": "False",
        "CustomSoundPresent": "False",
        "CustomVFXPresent": "False",
        "Emotion": "Default",
        "ForceDisableIsCustomNode": "False",
        "ID": "N211",
        "InternalNodeContext": "",
        "IsCustomNode": "False",
        "MusicTags": "",
        "NodeContext": "",
        "Quality": "Bronze",
        "SFXTags": "",
        "StateChangeTags": "",
        "TemplateNodeUUID": "00000000-0000-0000-0000-000000000000",
        "TemplateVersion": "0",
        "VFXTags": "",
        "collapsed": "False",
        "logicalname": "Leaders Dead / Not Met / Angered",
        "position": "15;-1956",
        "sourcetemplate": ""
      }
    },
    "d548e770-2b51-1044-fa59-ac2a18179db9": {
      "UUID": "d548e770-2b51-1044-fa59-ac2a18179db9",
      "Constructor": "TagGreeting",
      "EndNode": true,
      "Root": true,
      "ShowOnce": false,
      "SpeakerNo": 0,
      "AddressedSpeaker": -1,
      "Children": [],
      "CheckFlags": [
        {
          "Flags": [
            {
              "UUID": "4f7503b7-fff0-0d49-102c-adce7c4c5e85",
              "value": true,
              "paramval": 1,
              "Name": "DEN_AttackOnDen_HasMet_Tiefling005Victory"
            }
          ],
          "Type": "Dialog"
        },
        {
          "Flags": [
            {
              "UUID": "71c7f23e-3ff1-c9b8-3ef5-d75fa1b42c8d",
              "value": true,
              "paramval": null,
              "Name": "DEN_AttackOnDen_State_DenVictory"
            }
          ],
          "Type": "Global"
        }
      ],
      "SetFlags": [],
      "TaggedTextList": [
        {
          "HasTagRule": false,
          "RuleGroup": {
            "TagCombineOp": 0,
            "Rules": [],
            "RuleString": ""
          },
          "TagTexts": [
            {
              "LineId": "7dd63a94-821d-cfd1-cb64-f24767c013bb",
              "Text": {
                "Handle": "hba7e4759gdec5g44e5g9d24gaa9761ee76ab",
                "Value": "After that... well, I pity whatever tries us on the road to Baldur's Gate.<br>"
              }
            }
          ]
        }
      ],
      "EditorData": {
        "AnimationTags": "",
        "Attitude": "Default",
        "CinematicNodeContext": "",
        "CinematicObjects": "",
        "CustomCineArtKeysPresent": "False",
        "CustomLightingPresent": "False",
        "CustomSoundPresent": "False",
        "CustomVFXPresent": "False",
        "Emotion": "Default",
        "ForceDisableIsCustomNode": "False",
        "ID": "N172",
        "InternalNodeContext": "",
        "IsCustomNode": "False",
        "MusicTags": "",
        "NodeContext": "",
        "Quality": "Bronze",
        "SFXTags": "",
        "StateChangeTags": "",
        "TemplateNodeUUID": "00000000-0000-0000-0000-000000000000",
        "TemplateVersion": "0",
        "VFXTags": "",
        "collapsed": "False",
        "logicalname": "AoD Victory / Has Met",
        "position": "15;-1299",
        "sourcetemplate": ""
      }
    },
    "db734f56-f713-81c2-8e9e-88672fa8d7a2": {
      "UUID": "db734f56-f713-81c2-8e9e-88672fa8d7a2",
      "Constructor": "TagGreeting",
      "EndNode": true,
      "Root": true,
      "ShowOnce": false,
      "SpeakerNo": 0,
      "AddressedSpeaker": -1,
      "Children": [],
      "CheckFlags": [
        {
          "Flags": [
            {
              "UUID": "20eab865-fb71-f1bc-0d5f-ccb6cc148ac2",
              "value": false,
              "paramval": 1,
              "Name": "DEN_AttackOnDen_Event_AngeredTiefling005"
            },
            {
              "UUID": "aa6236c8-cd78-a494-3bf3-2d16e7d13672",
              "value": true,
              "paramval": 1,
              "Name": "DEN_AttackOnDen_HasMet_Tiefling005"
            }
          ],
          "Type": "Dialog"
        }
      ],
      "SetFlags": [],
      "TaggedTextList": [
        {
          "HasTagRule": false,
          "RuleGroup": {
            "TagCombineOp": 0,
            "Rules": [],
            "RuleString": ""
          },
          "TagTexts": [
            {
              "LineId": "18bb9698-b0a9-7acd-e4b7-53ef9091f9e1",
              "Text": {
                "Handle": "ha680941ag4be1g4e99g8e05g8f4180e3a8f3",
                "Value": "Gods, I almost wish they were here. I just want this done.<br>"
              }
            }
          ]
        }
      ],
      "EditorData": {
        "AnimationTags": "",
        "Attitude": "Default",
        "CinematicNodeContext": "",
        "CinematicObjects": "",
        "CustomCineArtKeysPresent": "False",
        "CustomLightingPresent": "False",
        "CustomSoundPresent": "False",
        "CustomVFXPresent": "False",
        "Emotion": "Default",
        "ForceDisableIsCustomNode": "False",
        "ID": "N164",
        "InternalNodeContext": "",
        "IsCustomNode": "False",
        "MusicTags": "",
        "NodeContext": "",
        "Quality": "Bronze",
        "SFXTags": "",
        "StateChangeTags": "",
        "TemplateNodeUUID": "00000000-0000-0000-0000-000000000000",
        "TemplateVersion": "0",
        "VFXTags": "",
        "collapsed": "False",
        "logicalname": "Not Angered Before AoD. HasMet",
        "position": "15;-204",
        "sourcetemplate": ""
      }
    },
    "df19d72a-2028-86e3-918d-6fe44e50aa9b": {
      "UUID": "df19d72a-2028-86e3-918d-6fe44e50aa9b",
      "Constructor": "TagAnswer",
      "EndNode": true,
      "Root": false,
      "ShowOnce": false,
      "SpeakerNo": 0,
      "AddressedSpeaker": -1,
      "Children": [],
      "CheckFlags": [],
      "SetFlags": [],
      "TaggedTextList": [
        {
          "HasTagRule": false,
          "RuleGroup": {
            "TagCombineOp": 0,
            "Rules": [],
            "RuleString": ""
          },
          "TagTexts": [
            {
              "LineId": "a29419d3-c523-cc30-2578-85cee0655f2d",
              "Text": {
                "Handle": "h058431c9gf1ecg4742ga505g5cbda830e444",
                "Value": "You... mean that to be comforting, I'm sure. <br>"
              }
            }
          ]
        }
      ],
      "EditorData": {
        "AnimationTags": "",
        "Attitude": "Default",
        "CinematicNodeContext": "",
        "CinematicObjects": "",
        "CustomCineArtKeysPresent": "False",
        "CustomLightingPresent": "False",
        "CustomSoundPresent": "False",
        "CustomVFXPresent": "False",
        "Emotion": "Default",
        "ForceDisableIsCustomNode": "False",
        "ID": "N162",
        "InternalNodeContext": "",
        "IsCustomNode": "False",
        "MusicTags": "",
        "NodeContext": "",
        "Quality": "Bronze",
        "SFXTags": "",
        "StateChangeTags": "",
        "TemplateNodeUUID": "00000000-0000-0000-0000-000000000000",
        "TemplateVersion": "0",
        "VFXTags": "",
        "collapsed": "False",
        "logicalname": "Answer",
        "position": "655;453",
        "sourcetemplate": ""
      }
    },
    "e5f1c922-8a7e-8347-bbe3-e8dd2b62e420": {
      "UUID": "e5f1c922-8a7e-8347-bbe3-e8dd2b62e420",
      "Constructor": "TagAnswer",
      "EndNode": true,
      "Root": false,
      "ShowOnce": false,
      "SpeakerNo": 0,
      "AddressedSpeaker": -1,
      "Children": [],
      "CheckFlags": [],
      "SetFlags": [],
      "TaggedTextList": [
        {
          "HasTagRule": false,
          "RuleGroup": {
            "TagCombineOp": 0,
            "Rules": [],
            "RuleString": ""
          },
          "TagTexts": [
            {
              "LineId": "42001a84-013e-a9b3-3e50-a640d4e8c981",
              "Text": {
                "Handle": "h5ca558d2gb2c5g4d1dg83c7g93163cdbab91",
                "Value": "Wonderful. I hope you brought both in equal measure."
              }
            }
          ]
        }
      ],
      "EditorData": {
        "AnimationTags": "",
        "Attitude": "Default",
        "CinematicNodeContext": "",
        "CinematicObjects": "",
        "CustomCineArtKeysPresent": "False",
        "CustomLightingPresent": "False",
        "CustomSoundPresent": "False",
        "CustomVFXPresent": "False",
        "Emotion": "Default",
        "ForceDisableIsCustomNode": "False",
        "ID": "N185",
        "InternalNodeContext": "",
        "IsCustomNode": "False",
        "MusicTags": "",
        "NodeContext": "",
        "Quality": "Bronze",
        "SFXTags": "",
        "StateChangeTags": "",
        "TemplateNodeUUID": "00000000-0000-0000-0000-000000000000",
        "TemplateVersion": "0",
        "VFXTags": "",
        "collapsed": "False",
        "logicalname": "Answer",
        "position": "655;2205",
        "sourcetemplate": ""
      }
    },
    "f6e219c3-2792-fdd8-fb3a-f2d62784f329": {
      "UUID": "f6e219c3-2792-fdd8-fb3a-f2d62784f329",
      "Constructor": "TagGreeting",
      "EndNode": true,
      "Root": true,
      "ShowOnce": false,
      "SpeakerNo": 0,
      "AddressedSpeaker": -1,
      "Children": [],
      "CheckFlags": [
        {
          "Flags": [
            {
              "UUID": "55cb1d5b-4035-6241-5b1b-29ae7800944e",
              "value": true,
              "paramval": null,
              "Name": "DEN_AttackOnDen_State_AngeredPandirnaBefore"
            }
          ],
          "Type": "Global"
        }
      ],
      "SetFlags": [
        {
          "Flags": [
            {
              "UUID": "aa6236c8-cd78-a494-3bf3-2d16e7d13672",
              "value": true,
              "paramval": 1,
              "Name": "DEN_AttackOnDen_HasMet_Tiefling005"
            }
          ],
          "Type": "Dialog"
        }
      ],
      "TaggedTextList": [
        {
          "HasTagRule": false,
          "RuleGroup": {
            "TagCombineOp": 0,
            "Rules": [],
            "RuleString": ""
          },
          "TagTexts": [
            {
              "LineId": "fd308919-6776-4217-9206-2172d4c319ae",
              "Text": {
                "Handle": "h49f3a991g0bd8g4607g9b4bgbec85a6d46d3",
                "Value": "You again. Just when I thought today couldn't get any worse."
              }
            }
          ]
        }
      ],
      "EditorData": {
        "AnimationTags": "",
        "Attitude": "Default",
        "CinematicNodeContext": "",
        "CinematicObjects": "",
        "CustomCineArtKeysPresent": "False",
        "CustomLightingPresent": "False",
        "CustomSoundPresent": "False",
        "CustomVFXPresent": "False",
        "Emotion": "Default",
        "ForceDisableIsCustomNode": "False",
        "ID": "N199",
        "InternalNodeContext": "",
        "IsCustomNode": "False",
        "MusicTags": "",
        "NodeContext": "",
        "Quality": "Bronze",
        "SFXTags": "",
        "StateChangeTags": "",
        "TemplateNodeUUID": "00000000-0000-0000-0000-000000000000",
        "TemplateVersion": "0",
        "VFXTags": "",
        "collapsed": "False",
        "logicalname": "Angered before AoD. Not Met",
        "position": "15;234",
        "sourcetemplate": ""
      }
    },
    "fc85c74f-e474-de70-e92b-5ee07b36e623": {
      "UUID": "fc85c74f-e474-de70-e92b-5ee07b36e623",
      "Constructor": "TagQuestion",
      "EndNode": false,
      "Root": false,
      "ShowOnce": true,
      "SpeakerNo": 1,
      "AddressedSpeaker": -1,
      "Children": [
        "72eba453-2010-636d-18b9-c1aa0ca237ad"
      ],
      "CheckFlags": [
        {
          "Flags": [
            {
              "UUID": "e1e460bb-d0ae-4452-8529-c9e176558731",
              "value": true,
              "paramval": 1,
              "Name": "MONK"
            }
          ],
          "Type": "Tag"
        }
      ],
      "SetFlags": [],
      "TaggedTextList": [
        {
          "HasTagRule": false,
          "RuleGroup": {
            "TagCombineOp": 0,
            "Rules": [],
            "RuleString": ""
          },
          "TagTexts": [
            {
              "LineId": "56c407bb-1048-7297-6f00-cff01df7e44f",
              "Text": {
                "Handle": "h3bd832d7ga8f9g4f51g808cgd4e34c1b9678",
                "Value": "It doesn't matter. The true opponent is fear - and you've faced it before. Everyone has."
              }
            }
          ]
        }
      ],
      "EditorData": {
        "AnimationTags": "",
        "Attitude": "Default",
        "CinematicNodeContext": "",
        "CinematicObjects": "",
        "CustomCineArtKeysPresent": "False",
        "CustomLightingPresent": "False",
        "CustomSoundPresent": "False",
        "CustomVFXPresent": "False",
        "Emotion": "Default",
        "ForceDisableIsCustomNode": "False",
        "ID": "N180",
        "InternalNodeContext": "",
        "IsCustomNode": "False",
        "MusicTags": "",
        "NodeContext": "",
        "Quality": "Bronze",
        "SFXTags": "",
        "StateChangeTags": "",
        "TemplateNodeUUID": "00000000-0000-0000-0000-000000000000",
        "TemplateVersion": "0",
        "VFXTags": "",
        "collapsed": "False",
        "logicalname": "Monk",
        "position": "335;2424",
        "sourcetemplate": ""
      }
    },
    "ff83efb3-1837-9f93-040a-ab64ec5cd568": {
      "UUID": "ff83efb3-1837-9f93-040a-ab64ec5cd568",
      "Constructor": "TagAnswer",
      "EndNode": true,
      "Root": false,
      "ShowOnce": false,
      "SpeakerNo": 0,
      "AddressedSpeaker": -1,
      "Children": [],
      "CheckFlags": [],
      "SetFlags": [],
      "TaggedTextList": [
        {
          "HasTagRule": false,
          "RuleGroup": {
            "TagCombineOp": 0,
            "Rules": [],
            "RuleString": ""
          },
          "TagTexts": [
            {
              "LineId": "a4ace10a-862c-6181-1436-5c5027920b0f",
              "Text": {
                "Handle": "h52675491g3d9bg4bf2g9791gea62dda1fb18",
                "Value": "Heh. Damn straight - to the Nine Hells with them. We won't go down without a fight. "
              }
            }
          ]
        }
      ],
      "EditorData": {
        "AnimationTags": "",
        "Attitude": "Default",
        "CinematicNodeContext": "",
        "CinematicObjects": "",
        "CustomCineArtKeysPresent": "False",
        "CustomLightingPresent": "False",
        "CustomSoundPresent": "False",
        "CustomVFXPresent": "False",
        "Emotion": "Default",
        "ForceDisableIsCustomNode": "False",
        "ID": "N187",
        "InternalNodeContext": "",
        "IsCustomNode": "False",
        "MusicTags": "",
        "NodeContext": "",
        "Quality": "Bronze",
        "SFXTags": "",
        "StateChangeTags": "",
        "TemplateNodeUUID": "00000000-0000-0000-0000-000000000000",
        "TemplateVersion": "0",
        "VFXTags": "",
        "collapsed": "False",
        "logicalname": "Answer",
        "position": "655;1986",
        "sourcetemplate": ""
      }
    }
  },
  "SpeakerDict": {
    "0": {
      "IsPeanutSpeaker": false,
      "SpeakerMappingId": "756f68be-9a33-6439-b9c5-57aac0ea14ee",
      "Index": 0,
      "List": [
        "e5319db6-ea86-43cc-9fd0-5ec1e0eab492"
      ],
      "SpeakerCharacter": {
        "DisplayName": "Pandirna",
        "Type": "character",
        "MapKey": "e5319db6-ea86-43cc-9fd0-5ec1e0eab492",
        "Name": "S_DEN_Tiefling_005",
        "ParentTemplateId": null,
        "TemplateName": "9103fce3-6423-4f8a-af04-83ac1af2a1d7"
      },
      "SpeakerGroupName": null
    },
    "1": {
      "IsPeanutSpeaker": false,
      "SpeakerMappingId": "e5e6a428-d0b4-799e-8ab6-38ede6381313",
      "Index": 1,
      "List": [
        "e0d1ff71-04a8-4340-ae64-9684d846eb83"
      ],
      "SpeakerCharacter": {
        "DisplayName": "Player",
        "Type": "character",
        "MapKey": "e2badbf0-159a-4ef5-9e73-7bbeb3d1015a",
        "Name": "S_GLO_CharacterCreationDummy_001",
        "ParentTemplateId": null,
        "TemplateName": "fd7f2707-8f86-4836-bda8-e0db99c389cc"
      },
      "SpeakerGroupName": "GROUP_Players"
    }
  },
  "Synopsis": "Guard nervously awaiting the start of a battle. Player may have met previously, when her legs were immobilised by a potion."
}