{
  "Path": "Mods/Gustav/Story/Dialogs/Act1/DEN/DEN_AdventurersQuest_AD_RemiraBarthAtCorpses.lsj",
  "UUID": "10b01636-f73f-e7be-5f2e-5be653ae67a8",
  "Category": "Repeated automated NPC Dialog",
  "DefaultAddressedSpeakers": {
    "0": -1,
    "1": -1
  },
  "RootNodes": [
    "a9592b12-c469-300d-4814-70b96eea9aa6",
    "30610424-e82f-fa58-0a11-fdb26d776cd8",
    "d9f4def2-10e2-27cd-c66b-416c65cad0d6"
  ],
  "Nodes": {
    "14d6a7c4-6ab0-3fb6-a764-a969229e061e": {
      "UUID": "14d6a7c4-6ab0-3fb6-a764-a969229e061e",
      "Constructor": "TagAnswer",
      "EndNode": false,
      "Root": false,
      "ShowOnce": false,
      "SpeakerNo": 1,
      "AddressedSpeaker": 0,
      "Children": [
        "33ef6b86-7a1c-c2a0-a35b-b311c50c867f"
      ],
      "CheckFlags": [],
      "SetFlags": [],
      "TaggedTextList": [
        {
          "HasTagRule": false,
          "RuleGroup": {
            "TagCombineOp": 0,
            "Rules": [],
            "RuleString": ""
          },
          "TagTexts": [
            {
              "LineId": "5ded9793-560e-31da-2ea4-6cff8575cf40",
              "Text": {
                "Handle": "h9b00d03egc224g490fg950ege8c189324ec9",
                "Value": "Give it a rest. We have time."
              }
            }
          ]
        }
      ],
      "EditorData": {
        "AnimationTags": "",
        "Attitude": "Default",
        "CinematicNodeContext": "",
        "CinematicObjects": "",
        "CustomCineArtKeysPresent": "False",
        "CustomLightingPresent": "False",
        "CustomSoundPresent": "False",
        "CustomVFXPresent": "False",
        "Emotion": "Default",
        "ForceDisableIsCustomNode": "False",
        "ID": "N5",
        "InternalNodeContext": "",
        "IsCustomNode": "False",
        "MusicTags": "",
        "NodeContext": "",
        "Quality": "Bronze",
        "SFXTags": "",
        "StateChangeTags": "",
        "TemplateNodeUUID": "00000000-0000-0000-0000-000000000000",
        "TemplateVersion": "0",
        "VFXTags": "",
        "collapsed": "False",
        "logicalname": "Answer",
        "position": "335;15",
        "sourcetemplate": ""
      }
    },
    "30610424-e82f-fa58-0a11-fdb26d776cd8": {
      "UUID": "30610424-e82f-fa58-0a11-fdb26d776cd8",
      "Constructor": "TagGreeting",
      "EndNode": false,
      "Root": true,
      "ShowOnce": false,
      "SpeakerNo": 0,
      "AddressedSpeaker": 0,
      "Children": [
        "8d8f57c9-967e-736c-b492-e74950cf8f94"
      ],
      "CheckFlags": [
        {
          "Flags": [
            {
              "UUID": "d3d13dc5-38d4-9503-4de1-f8d65e357919",
              "value": true,
              "paramval": null,
              "Name": "10b01636-f73f-e7be-5f2e-5be653ae67a8_A"
            }
          ],
          "Type": "Local"
        }
      ],
      "SetFlags": [
        {
          "Flags": [
            {
              "UUID": "ffe33277-8df1-e87f-48fe-07911eaa5af7",
              "value": true,
              "paramval": null,
              "Name": "10b01636-f73f-e7be-5f2e-5be653ae67a8_B"
            }
          ],
          "Type": "Local"
        }
      ],
      "TaggedTextList": [
        {
          "HasTagRule": false,
          "RuleGroup": {
            "TagCombineOp": 0,
            "Rules": [],
            "RuleString": ""
          },
          "TagTexts": [
            {
              "LineId": "77d04389-0d3e-afda-3573-d504480a2a8c",
              "Text": {
                "Handle": "h268c01a1g6bd1g4bc8gaaa1gcc1bb25a811d",
                "Value": "Liam isn't here..."
              }
            }
          ]
        }
      ],
      "EditorData": {
        "AnimationTags": "",
        "Attitude": "Default",
        "CinematicNodeContext": "",
        "CinematicObjects": "",
        "CustomCineArtKeysPresent": "False",
        "CustomLightingPresent": "False",
        "CustomSoundPresent": "False",
        "CustomVFXPresent": "False",
        "Emotion": "Default",
        "ForceDisableIsCustomNode": "False",
        "ID": "N1",
        "InternalNodeContext": "",
        "IsCustomNode": "False",
        "MusicTags": "",
        "NodeContext": "",
        "Quality": "Bronze",
        "SFXTags": "",
        "StateChangeTags": "",
        "TemplateNodeUUID": "00000000-0000-0000-0000-000000000000",
        "TemplateVersion": "0",
        "VFXTags": "",
        "collapsed": "False",
        "logicalname": "Greeting",
        "position": "15;234",
        "sourcetemplate": ""
      }
    },
    "33ef6b86-7a1c-c2a0-a35b-b311c50c867f": {
      "UUID": "33ef6b86-7a1c-c2a0-a35b-b311c50c867f",
      "Constructor": "TagAnswer",
      "EndNode": true,
      "Root": false,
      "ShowOnce": false,
      "SpeakerNo": 0,
      "AddressedSpeaker": 0,
      "Children": [],
      "CheckFlags": [],
      "SetFlags": [],
      "TaggedTextList": [
        {
          "HasTagRule": false,
          "RuleGroup": {
            "TagCombineOp": 0,
            "Rules": [],
            "RuleString": ""
          },
          "TagTexts": [
            {
              "LineId": "d09bce15-76be-38df-329d-3e27c7f6ddf1",
              "Text": {
                "Handle": "ha25e162bgb245g4457gb82bg8e3a1297661d",
                "Value": "Maybe <i>you </i>do."
              }
            }
          ]
        }
      ],
      "EditorData": {
        "AnimationTags": "",
        "Attitude": "Default",
        "CinematicNodeContext": "",
        "CinematicObjects": "",
        "CustomCineArtKeysPresent": "False",
        "CustomLightingPresent": "False",
        "CustomSoundPresent": "False",
        "CustomVFXPresent": "False",
        "Emotion": "Default",
        "ForceDisableIsCustomNode": "False",
        "ID": "N6",
        "InternalNodeContext": "",
        "IsCustomNode": "False",
        "MusicTags": "",
        "NodeContext": "",
        "Quality": "Bronze",
        "SFXTags": "",
        "StateChangeTags": "",
        "TemplateNodeUUID": "00000000-0000-0000-0000-000000000000",
        "TemplateVersion": "0",
        "VFXTags": "",
        "collapsed": "False",
        "logicalname": "Answer",
        "position": "655;15",
        "sourcetemplate": ""
      }
    },
    "5d441d7f-e012-1508-13c4-d8f432592838": {
      "UUID": "5d441d7f-e012-1508-13c4-d8f432592838",
      "Constructor": "TagAnswer",
      "EndNode": true,
      "Root": false,
      "ShowOnce": false,
      "SpeakerNo": 0,
      "AddressedSpeaker": 0,
      "Children": [],
      "CheckFlags": [],
      "SetFlags": [],
      "TaggedTextList": [
        {
          "HasTagRule": false,
          "RuleGroup": {
            "TagCombineOp": 0,
            "Rules": [],
            "RuleString": ""
          },
          "TagTexts": [
            {
              "LineId": "5ddc3143-de85-35a4-659a-bcf58ea4511b",
              "Text": {
                "Handle": "hcb6e8054geb49g45c1ga12bge4bd51774049",
                "Value": "You don't gotta remind me."
              }
            }
          ]
        }
      ],
      "EditorData": {
        "AnimationTags": "",
        "Attitude": "Default",
        "CinematicNodeContext": "",
        "CinematicObjects": "",
        "CustomCineArtKeysPresent": "False",
        "CustomLightingPresent": "False",
        "CustomSoundPresent": "False",
        "CustomVFXPresent": "False",
        "Emotion": "Default",
        "ForceDisableIsCustomNode": "False",
        "ID": "N3",
        "InternalNodeContext": "",
        "IsCustomNode": "False",
        "MusicTags": "",
        "NodeContext": "",
        "Quality": "Bronze",
        "SFXTags": "",
        "StateChangeTags": "",
        "TemplateNodeUUID": "00000000-0000-0000-0000-000000000000",
        "TemplateVersion": "0",
        "VFXTags": "",
        "collapsed": "False",
        "logicalname": "Answer",
        "position": "655;234",
        "sourcetemplate": ""
      }
    },
    "8d8f57c9-967e-736c-b492-e74950cf8f94": {
      "UUID": "8d8f57c9-967e-736c-b492-e74950cf8f94",
      "Constructor": "TagAnswer",
      "EndNode": false,
      "Root": false,
      "ShowOnce": false,
      "SpeakerNo": 1,
      "AddressedSpeaker": 0,
      "Children": [
        "5d441d7f-e012-1508-13c4-d8f432592838"
      ],
      "CheckFlags": [],
      "SetFlags": [],
      "TaggedTextList": [
        {
          "HasTagRule": false,
          "RuleGroup": {
            "TagCombineOp": 0,
            "Rules": [],
            "RuleString": ""
          },
          "TagTexts": [
            {
              "LineId": "8540da2f-9efe-54f2-c500-91f76b9f2653",
              "Text": {
                "Handle": "hc27c3bcfgd295g452ag8910g36f0b25c5d47",
                "Value": "He didn't make it this far. You <i>saw </i>them grab him."
              }
            }
          ]
        }
      ],
      "EditorData": {
        "AnimationTags": "",
        "Attitude": "Default",
        "CinematicNodeContext": "",
        "CinematicObjects": "",
        "CustomCineArtKeysPresent": "False",
        "CustomLightingPresent": "False",
        "CustomSoundPresent": "False",
        "CustomVFXPresent": "False",
        "Emotion": "Default",
        "ForceDisableIsCustomNode": "False",
        "ID": "N2",
        "InternalNodeContext": "",
        "IsCustomNode": "False",
        "MusicTags": "",
        "NodeContext": "",
        "Quality": "Bronze",
        "SFXTags": "",
        "StateChangeTags": "",
        "TemplateNodeUUID": "00000000-0000-0000-0000-000000000000",
        "TemplateVersion": "0",
        "VFXTags": "",
        "collapsed": "False",
        "logicalname": "Answer",
        "position": "335;234",
        "sourcetemplate": ""
      }
    },
    "a9592b12-c469-300d-4814-70b96eea9aa6": {
      "UUID": "a9592b12-c469-300d-4814-70b96eea9aa6",
      "Constructor": "TagGreeting",
      "EndNode": false,
      "Root": true,
      "ShowOnce": false,
      "SpeakerNo": 0,
      "AddressedSpeaker": 0,
      "Children": [
        "14d6a7c4-6ab0-3fb6-a764-a969229e061e"
      ],
      "CheckFlags": [
        {
          "Flags": [
            {
              "UUID": "ffe33277-8df1-e87f-48fe-07911eaa5af7",
              "value": true,
              "paramval": null,
              "Name": "10b01636-f73f-e7be-5f2e-5be653ae67a8_B"
            }
          ],
          "Type": "Local"
        }
      ],
      "SetFlags": [
        {
          "Flags": [
            {
              "UUID": "d3d13dc5-38d4-9503-4de1-f8d65e357919",
              "value": false,
              "paramval": null,
              "Name": "10b01636-f73f-e7be-5f2e-5be653ae67a8_A"
            },
            {
              "UUID": "ffe33277-8df1-e87f-48fe-07911eaa5af7",
              "value": false,
              "paramval": null,
              "Name": "10b01636-f73f-e7be-5f2e-5be653ae67a8_B"
            }
          ],
          "Type": "Local"
        }
      ],
      "TaggedTextList": [
        {
          "HasTagRule": false,
          "RuleGroup": {
            "TagCombineOp": 0,
            "Rules": [],
            "RuleString": ""
          },
          "TagTexts": [
            {
              "LineId": "297b4a02-54d1-51e5-b231-d2737c6c7dfb",
              "Text": {
                "Handle": "h8fe2d0afgfd47g4eccgb54cg25c906eb158e",
                "Value": "We shouldn't be hanging around."
              }
            }
          ]
        }
      ],
      "EditorData": {
        "AnimationTags": "",
        "Attitude": "Default",
        "CinematicNodeContext": "",
        "CinematicObjects": "",
        "CustomCineArtKeysPresent": "False",
        "CustomLightingPresent": "False",
        "CustomSoundPresent": "False",
        "CustomVFXPresent": "False",
        "Emotion": "Default",
        "ForceDisableIsCustomNode": "False",
        "ID": "N4",
        "InternalNodeContext": "",
        "IsCustomNode": "False",
        "MusicTags": "",
        "NodeContext": "",
        "Quality": "Bronze",
        "SFXTags": "",
        "StateChangeTags": "",
        "TemplateNodeUUID": "00000000-0000-0000-0000-000000000000",
        "TemplateVersion": "0",
        "VFXTags": "",
        "collapsed": "False",
        "logicalname": "Greeting",
        "position": "15;15",
        "sourcetemplate": ""
      }
    },
    "bc26ee2b-079a-47b3-7103-748ca10f0c9a": {
      "UUID": "bc26ee2b-079a-47b3-7103-748ca10f0c9a",
      "Constructor": "TagAnswer",
      "EndNode": true,
      "Root": false,
      "ShowOnce": false,
      "SpeakerNo": 1,
      "AddressedSpeaker": 0,
      "Children": [],
      "CheckFlags": [],
      "SetFlags": [],
      "TaggedTextList": [
        {
          "HasTagRule": false,
          "RuleGroup": {
            "TagCombineOp": 0,
            "Rules": [],
            "RuleString": ""
          },
          "TagTexts": [
            {
              "LineId": "82f8a530-e969-2c66-e422-d4975c534fd1",
              "Text": {
                "Handle": "hebd2d8d9g81a3g4423gaa5bg60db2c306000",
                "Value": "They got their fill."
              }
            }
          ]
        }
      ],
      "EditorData": {
        "AnimationTags": "",
        "Attitude": "Default",
        "CinematicNodeContext": "",
        "CinematicObjects": "",
        "CustomCineArtKeysPresent": "False",
        "CustomLightingPresent": "False",
        "CustomSoundPresent": "False",
        "CustomVFXPresent": "False",
        "Emotion": "Default",
        "ForceDisableIsCustomNode": "False",
        "ID": "N8",
        "InternalNodeContext": "",
        "IsCustomNode": "False",
        "MusicTags": "",
        "NodeContext": "",
        "Quality": "Bronze",
        "SFXTags": "",
        "StateChangeTags": "",
        "TemplateNodeUUID": "00000000-0000-0000-0000-000000000000",
        "TemplateVersion": "0",
        "VFXTags": "",
        "collapsed": "False",
        "logicalname": "Answer",
        "position": "335;453",
        "sourcetemplate": ""
      }
    },
    "d9f4def2-10e2-27cd-c66b-416c65cad0d6": {
      "UUID": "d9f4def2-10e2-27cd-c66b-416c65cad0d6",
      "Constructor": "TagGreeting",
      "EndNode": false,
      "Root": true,
      "ShowOnce": false,
      "SpeakerNo": 0,
      "AddressedSpeaker": 0,
      "Children": [
        "bc26ee2b-079a-47b3-7103-748ca10f0c9a"
      ],
      "CheckFlags": [],
      "SetFlags": [
        {
          "Flags": [
            {
              "UUID": "d3d13dc5-38d4-9503-4de1-f8d65e357919",
              "value": true,
              "paramval": null,
              "Name": "10b01636-f73f-e7be-5f2e-5be653ae67a8_A"
            }
          ],
          "Type": "Local"
        }
      ],
      "TaggedTextList": [
        {
          "HasTagRule": false,
          "RuleGroup": {
            "TagCombineOp": 0,
            "Rules": [],
            "RuleString": ""
          },
          "TagTexts": [
            {
              "LineId": "e38da821-e1a1-60da-9027-5c1d598360af",
              "Text": {
                "Handle": "hd214cb50gfb9eg481fgabd4gec42d055a463",
                "Value": "Think more are coming?"
              }
            }
          ]
        }
      ],
      "EditorData": {
        "AnimationTags": "",
        "Attitude": "Default",
        "CinematicNodeContext": "",
        "CinematicObjects": "",
        "CustomCineArtKeysPresent": "False",
        "CustomLightingPresent": "False",
        "CustomSoundPresent": "False",
        "CustomVFXPresent": "False",
        "Emotion": "Default",
        "ForceDisableIsCustomNode": "False",
        "ID": "N7",
        "InternalNodeContext": "",
        "IsCustomNode": "False",
        "MusicTags": "",
        "NodeContext": "",
        "Quality": "Bronze",
        "SFXTags": "",
        "StateChangeTags": "",
        "TemplateNodeUUID": "00000000-0000-0000-0000-000000000000",
        "TemplateVersion": "0",
        "VFXTags": "",
        "collapsed": "False",
        "logicalname": "Greeting",
        "position": "15;453",
        "sourcetemplate": ""
      }
    }
  },
  "SpeakerDict": {
    "0": {
      "IsPeanutSpeaker": false,
      "SpeakerMappingId": "051a263a-2bbc-8136-d7c6-d25dff227152",
      "Index": 0,
      "List": [
        "4faf77a0-b883-4f7b-acbf-4500973f446d"
      ],
      "SpeakerCharacter": {
        "DisplayName": "Remira",
        "Type": "character",
        "MapKey": "4faf77a0-b883-4f7b-acbf-4500973f446d",
        "Name": "S_DEN_RaidAdventurer",
        "ParentTemplateId": null,
        "TemplateName": "19dc6cab-aa38-4f09-b9cf-546e1c0ecb8a"
      },
      "SpeakerGroupName": null
    },
    "1": {
      "IsPeanutSpeaker": false,
      "SpeakerMappingId": "6254f1a8-7a25-3828-ae1d-cc80f8719bf6",
      "Index": 1,
      "List": [
        "534bceaf-678c-40a0-8ca9-e1134f95ba0d"
      ],
      "SpeakerCharacter": {
        "DisplayName": "Barth",
        "Type": "character",
        "MapKey": "534bceaf-678c-40a0-8ca9-e1134f95ba0d",
        "Name": "S_DEN_RobbedAdventurer",
        "ParentTemplateId": null,
        "TemplateName": "09355aa0-4e04-4ea7-86dc-928dae84ef12"
      },
      "SpeakerGroupName": null
    }
  },
  "Synopsis": "Remira and Aradin are discussing the fate of their fallen comrades at the hands of goblins"
}