{
  "Path": "Mods/Gustav/Story/Dialogs/Act1/DEN/DEN_AttackOnDen_PickpocketTrader.lsj",
  "UUID": "e9b976fd-74e2-5afa-bb81-132c484da085",
  "Category": "Generic NPC Dialog",
  "DefaultAddressedSpeakers": {
    "0": 1,
    "1": 0
  },
  "RootNodes": [
    "8a07e476-0ab6-a609-2c2c-a78f855a12d8",
    "9c445b3f-cd85-1f38-a36c-39baef8ec115",
    "3e8f2be7-a6f0-b666-ef29-22d94c84db35",
    "b11e45f2-0fdc-8339-dbfa-bb66c988c771",
    "43138a9c-2680-5076-cb55-adb07fdc39fe"
  ],
  "Nodes": {
    "0ba61735-18aa-8697-cbcd-7c62f81e3b48": {
      "UUID": "0ba61735-18aa-8697-cbcd-7c62f81e3b48",
      "Constructor": "TagQuestion",
      "EndNode": false,
      "Root": false,
      "ShowOnce": true,
      "SpeakerNo": 1,
      "AddressedSpeaker": -1,
      "Children": [
        "e378b307-b9ab-36ce-f760-915c5d6615cb"
      ],
      "CheckFlags": [],
      "SetFlags": [],
      "TaggedTextList": [
        {
          "HasTagRule": false,
          "RuleGroup": {
            "TagCombineOp": 0,
            "Rules": [],
            "RuleString": ""
          },
          "TagTexts": [
            {
              "LineId": "2273ce56-6b08-284d-3c90-4ad68ea9939b",
              "Text": {
                "Handle": "hed4b83aeg7bccg4d56ga0a8g659bd97c39bd",
                "Value": "Let's see what you have."
              }
            }
          ]
        }
      ],
      "EditorData": {
        "AnimationTags": "",
        "Attitude": "Default",
        "CinematicNodeContext": "",
        "CinematicObjects": "",
        "CustomCineArtKeysPresent": "False",
        "CustomLightingPresent": "False",
        "CustomSoundPresent": "False",
        "CustomVFXPresent": "False",
        "Emotion": "Default",
        "ForceDisableIsCustomNode": "False",
        "ID": "N60",
        "InternalNodeContext": "",
        "IsCustomNode": "False",
        "MusicTags": "",
        "NodeContext": "",
        "Quality": "Bronze",
        "SFXTags": "",
        "StateChangeTags": "",
        "TemplateNodeUUID": "00000000-0000-0000-0000-000000000000",
        "TemplateVersion": "0",
        "VFXTags": "",
        "collapsed": "False",
        "logicalname": "Question",
        "position": "335;-423",
        "sourcetemplate": ""
      }
    },
    "0bcf1a74-7233-2a88-bca2-e0822a341476": {
      "UUID": "0bcf1a74-7233-2a88-bca2-e0822a341476",
      "Constructor": "TagQuestion",
      "EndNode": true,
      "Root": false,
      "ShowOnce": true,
      "SpeakerNo": 1,
      "AddressedSpeaker": -1,
      "Children": [],
      "CheckFlags": [],
      "SetFlags": [],
      "TaggedTextList": [
        {
          "HasTagRule": false,
          "RuleGroup": {
            "TagCombineOp": 0,
            "Rules": [],
            "RuleString": ""
          },
          "TagTexts": [
            {
              "LineId": "7565e415-a96e-0481-6f8d-94043d1d004c",
              "Text": {
                "Handle": "h39e2262bg26bfg4363g9bc3g79177443e553",
                "Value": "<i>Leave.</i>"
              }
            }
          ]
        }
      ],
      "EditorData": {
        "AnimationTags": "",
        "Attitude": "Default",
        "CinematicNodeContext": "",
        "CinematicObjects": "",
        "CustomCineArtKeysPresent": "False",
        "CustomLightingPresent": "False",
        "CustomSoundPresent": "False",
        "CustomVFXPresent": "False",
        "Emotion": "Default",
        "ForceDisableIsCustomNode": "False",
        "ID": "N68",
        "InternalNodeContext": "",
        "IsCustomNode": "False",
        "MusicTags": "",
        "NodeContext": "",
        "Quality": "Bronze",
        "SFXTags": "",
        "StateChangeTags": "",
        "TemplateNodeUUID": "00000000-0000-0000-0000-000000000000",
        "TemplateVersion": "0",
        "VFXTags": "",
        "collapsed": "False",
        "logicalname": "Question",
        "position": "1295;-423",
        "sourcetemplate": ""
      }
    },
    "21478c5e-5066-29a2-983a-e25d935481f3": {
      "UUID": "21478c5e-5066-29a2-983a-e25d935481f3",
      "Constructor": "Trade",
      "EndNode": false,
      "Root": false,
      "ShowOnce": false,
      "SpeakerNo": 0,
      "AddressedSpeaker": -1,
      "Children": [
        "f9f5c3bc-e0e4-f360-e05e-33ff4dde9007"
      ],
      "CheckFlags": [],
      "SetFlags": [],
      "TaggedTextList": [],
      "EditorData": {
        "ID": "N111",
        "TemplateNodeUUID": "00000000-0000-0000-0000-000000000000",
        "TemplateVersion": "0",
        "collapsed": "False",
        "logicalname": "Trade",
        "position": "1295;-1080",
        "sourcetemplate": ""
      }
    },
    "26b29902-5dcc-c4ad-b4c5-640d96453e08": {
      "UUID": "26b29902-5dcc-c4ad-b4c5-640d96453e08",
      "Constructor": "TagAnswer",
      "EndNode": false,
      "Root": false,
      "ShowOnce": false,
      "SpeakerNo": 0,
      "AddressedSpeaker": -1,
      "Children": [
        "e8f50d11-7c57-8215-2d5f-37aebbb6a2db"
      ],
      "CheckFlags": [],
      "SetFlags": [],
      "TaggedTextList": [
        {
          "HasTagRule": false,
          "RuleGroup": {
            "TagCombineOp": 0,
            "Rules": [],
            "RuleString": ""
          },
          "TagTexts": [
            {
              "LineId": "00e86b8d-7071-8030-a51a-eab7fd3613c8",
              "Text": {
                "Handle": "hda61c535gc70ag4846ga647gcac29ac729cd",
                "Value": "You think my sister and I will last long in the city with no money?"
              }
            }
          ]
        }
      ],
      "EditorData": {
        "AnimationTags": "",
        "Attitude": "Neutral",
        "CinematicNodeContext": "",
        "CinematicObjects": "",
        "CustomCineArtKeysPresent": "False",
        "CustomLightingPresent": "False",
        "CustomSoundPresent": "False",
        "CustomVFXPresent": "False",
        "Emotion": "Arrogance",
        "ForceDisableIsCustomNode": "False",
        "ID": "N65",
        "InternalNodeContext": "",
        "IsCustomNode": "False",
        "MusicTags": "",
        "NodeContext": "Incredulous - as if the player's stupid.",
        "Quality": "Bronze",
        "SFXTags": "",
        "StateChangeTags": "",
        "TemplateNodeUUID": "00000000-0000-0000-0000-000000000000",
        "TemplateVersion": "0",
        "VFXTags": "",
        "collapsed": "False",
        "logicalname": "Answer",
        "position": "655;-642",
        "sourcetemplate": ""
      }
    },
    "2feba70f-1a8d-998c-5c78-b149b3514d32": {
      "UUID": "2feba70f-1a8d-998c-5c78-b149b3514d32",
      "Constructor": "TagQuestion",
      "EndNode": true,
      "Root": false,
      "ShowOnce": true,
      "SpeakerNo": 1,
      "AddressedSpeaker": -1,
      "Children": [],
      "CheckFlags": [],
      "SetFlags": [],
      "TaggedTextList": [
        {
          "HasTagRule": false,
          "RuleGroup": {
            "TagCombineOp": 0,
            "Rules": [],
            "RuleString": ""
          },
          "TagTexts": [
            {
              "LineId": "9cbc400e-cc21-184a-444c-3d1a77eafbe9",
              "Text": {
                "Handle": "ha2f49433g00d0g4788gb86fga0be85c8bc32",
                "Value": "<i>Leave.</i>"
              }
            }
          ]
        }
      ],
      "EditorData": {
        "AnimationTags": "",
        "Attitude": "Default",
        "CinematicNodeContext": "",
        "CinematicObjects": "",
        "CustomCineArtKeysPresent": "False",
        "CustomLightingPresent": "False",
        "CustomSoundPresent": "False",
        "CustomVFXPresent": "False",
        "Emotion": "Default",
        "ForceDisableIsCustomNode": "False",
        "ID": "N64",
        "InternalNodeContext": "",
        "IsCustomNode": "False",
        "MusicTags": "",
        "NodeContext": "",
        "Quality": "Bronze",
        "SFXTags": "",
        "StateChangeTags": "",
        "TemplateNodeUUID": "00000000-0000-0000-0000-000000000000",
        "TemplateVersion": "0",
        "VFXTags": "",
        "collapsed": "False",
        "logicalname": "Question",
        "position": "335;-204",
        "sourcetemplate": ""
      }
    },
    "3b900b86-ff6b-7e4b-9ac5-3b04843343dd": {
      "UUID": "3b900b86-ff6b-7e4b-9ac5-3b04843343dd",
      "Constructor": "Trade",
      "EndNode": false,
      "Root": false,
      "ShowOnce": false,
      "SpeakerNo": 0,
      "AddressedSpeaker": -1,
      "Children": [
        "616bfeb0-73ab-354d-3ae3-9a939b1f798f"
      ],
      "CheckFlags": [],
      "SetFlags": [],
      "TaggedTextList": [],
      "EditorData": {
        "ID": "N113",
        "TemplateNodeUUID": "00000000-0000-0000-0000-000000000000",
        "TemplateVersion": "0",
        "collapsed": "False",
        "logicalname": "Trade",
        "position": "1615;-642",
        "sourcetemplate": ""
      }
    },
    "3e8f2be7-a6f0-b666-ef29-22d94c84db35": {
      "UUID": "3e8f2be7-a6f0-b666-ef29-22d94c84db35",
      "Constructor": "TagGreeting",
      "EndNode": false,
      "Root": true,
      "ShowOnce": false,
      "SpeakerNo": 0,
      "AddressedSpeaker": -1,
      "Children": [
        "47522b2b-d670-b0c4-9679-fec0bc1abe21",
        "6e12b043-c9ae-b805-c26c-164513ba3e63"
      ],
      "CheckFlags": [
        {
          "Flags": [
            {
              "UUID": "8af00b7c-d738-f1e8-d121-e4cb7a5a2ab6",
              "value": true,
              "paramval": 1,
              "Name": "DEN_AttackOnDen_HasMet_PickpocketTrader"
            }
          ],
          "Type": "Dialog"
        }
      ],
      "SetFlags": [],
      "TaggedTextList": [
        {
          "HasTagRule": false,
          "RuleGroup": {
            "TagCombineOp": 0,
            "Rules": [],
            "RuleString": ""
          },
          "TagTexts": [
            {
              "LineId": "a769423e-32c7-deee-d1f8-62d318271ba3",
              "Text": {
                "Handle": "h7c4528c7g4c6bg4c46gb825gd9e8b7744614",
                "Value": "Need something else?"
              }
            }
          ]
        }
      ],
      "EditorData": {
        "AnimationTags": "",
        "Attitude": "Default",
        "CinematicNodeContext": "",
        "CinematicObjects": "",
        "CustomCineArtKeysPresent": "False",
        "CustomLightingPresent": "False",
        "CustomSoundPresent": "False",
        "CustomVFXPresent": "False",
        "Emotion": "Default",
        "ForceDisableIsCustomNode": "False",
        "ID": "N71",
        "InternalNodeContext": "",
        "IsCustomNode": "False",
        "MusicTags": "",
        "NodeContext": "hasty",
        "Quality": "Bronze",
        "SFXTags": "",
        "StateChangeTags": "",
        "TemplateNodeUUID": "00000000-0000-0000-0000-000000000000",
        "TemplateVersion": "0",
        "VFXTags": "",
        "collapsed": "False",
        "logicalname": "Greeting",
        "position": "15;-1737",
        "sourcetemplate": ""
      }
    },
    "43138a9c-2680-5076-cb55-adb07fdc39fe": {
      "UUID": "43138a9c-2680-5076-cb55-adb07fdc39fe",
      "Constructor": "TagGreeting",
      "EndNode": false,
      "Root": true,
      "ShowOnce": false,
      "SpeakerNo": 0,
      "AddressedSpeaker": -1,
      "Children": [
        "5fb3ddd9-f380-9035-9432-bdd6d8cf0c63",
        "aeaa5222-642c-fdce-0998-aa90f6024d6f",
        "0ba61735-18aa-8697-cbcd-7c62f81e3b48",
        "2feba70f-1a8d-998c-5c78-b149b3514d32"
      ],
      "CheckFlags": [],
      "SetFlags": [
        {
          "Flags": [
            {
              "UUID": "8af00b7c-d738-f1e8-d121-e4cb7a5a2ab6",
              "value": true,
              "paramval": 1,
              "Name": "DEN_AttackOnDen_HasMet_PickpocketTrader"
            }
          ],
          "Type": "Dialog"
        }
      ],
      "TaggedTextList": [
        {
          "HasTagRule": false,
          "RuleGroup": {
            "TagCombineOp": 0,
            "Rules": [],
            "RuleString": ""
          },
          "TagTexts": [
            {
              "LineId": "6da718fd-30fd-a7cd-e4d2-d40b9202ef9a",
              "Text": {
                "Handle": "h0f88fc50gb247g4c91g8da2gf1e07bd42a02",
                "Value": "Need anything before the fighting starts? All that coin will just slow you down."
              }
            }
          ]
        }
      ],
      "EditorData": {
        "AnimationTags": "",
        "Attitude": "Default",
        "CinematicNodeContext": "",
        "CinematicObjects": "",
        "CustomCineArtKeysPresent": "False",
        "CustomLightingPresent": "False",
        "CustomSoundPresent": "False",
        "CustomVFXPresent": "False",
        "Emotion": "Default",
        "ForceDisableIsCustomNode": "False",
        "ID": "N76",
        "InternalNodeContext": "",
        "IsCustomNode": "False",
        "MusicTags": "",
        "NodeContext": "untrustworthy scammer",
        "Quality": "Bronze",
        "SFXTags": "",
        "StateChangeTags": "",
        "TemplateNodeUUID": "00000000-0000-0000-0000-000000000000",
        "TemplateVersion": "0",
        "VFXTags": "",
        "collapsed": "False",
        "logicalname": "Greeting",
        "position": "15;-642",
        "sourcetemplate": ""
      }
    },
    "43f630f3-6f91-5f7a-870d-c89bfbb94d42": {
      "RollSuccess": false,
      "UUID": "43f630f3-6f91-5f7a-870d-c89bfbb94d42",
      "Constructor": "RollResult",
      "EndNode": false,
      "Root": false,
      "ShowOnce": false,
      "SpeakerNo": 0,
      "AddressedSpeaker": 0,
      "Children": [
        "bb17cff6-af0a-e84a-c8fc-9a838152f0eb"
      ],
      "CheckFlags": [],
      "SetFlags": [],
      "TaggedTextList": [],
      "EditorData": {
        "ID": "N92",
        "TemplateNodeUUID": "00000000-0000-0000-0000-000000000000",
        "TemplateVersion": "0",
        "collapsed": "False",
        "logicalname": "Roll Result",
        "position": "655;-861",
        "sourcetemplate": ""
      }
    },
    "47522b2b-d670-b0c4-9679-fec0bc1abe21": {
      "UUID": "47522b2b-d670-b0c4-9679-fec0bc1abe21",
      "Constructor": "TagQuestion",
      "EndNode": false,
      "Root": false,
      "ShowOnce": true,
      "SpeakerNo": 1,
      "AddressedSpeaker": -1,
      "Children": [
        "d9917eac-330a-5955-dc61-13b1b4d1fce6"
      ],
      "CheckFlags": [],
      "SetFlags": [],
      "TaggedTextList": [
        {
          "HasTagRule": false,
          "RuleGroup": {
            "TagCombineOp": 0,
            "Rules": [],
            "RuleString": ""
          },
          "TagTexts": [
            {
              "LineId": "0545e51d-8b19-e9dd-4831-25a9f5cf52f0",
              "Text": {
                "Handle": "hcb5d951bg0a41g4efbg987fg1d4d72c40cb7",
                "Value": "Let's see what you have."
              }
            }
          ]
        }
      ],
      "EditorData": {
        "AnimationTags": "",
        "Attitude": "Default",
        "CinematicNodeContext": "",
        "CinematicObjects": "",
        "CustomCineArtKeysPresent": "False",
        "CustomLightingPresent": "False",
        "CustomSoundPresent": "False",
        "CustomVFXPresent": "False",
        "Emotion": "Default",
        "ForceDisableIsCustomNode": "False",
        "ID": "N74",
        "InternalNodeContext": "",
        "IsCustomNode": "False",
        "MusicTags": "",
        "NodeContext": "",
        "Quality": "Bronze",
        "SFXTags": "",
        "StateChangeTags": "",
        "TemplateNodeUUID": "00000000-0000-0000-0000-000000000000",
        "TemplateVersion": "0",
        "VFXTags": "",
        "collapsed": "False",
        "logicalname": "Question",
        "position": "335;-1737",
        "sourcetemplate": ""
      }
    },
    "5813d113-1e09-d36f-c89c-fefb27a069d7": {
      "UUID": "5813d113-1e09-d36f-c89c-fefb27a069d7",
      "Constructor": "TagAnswer",
      "EndNode": false,
      "Root": false,
      "ShowOnce": false,
      "SpeakerNo": 0,
      "AddressedSpeaker": -1,
      "Children": [
        "21478c5e-5066-29a2-983a-e25d935481f3"
      ],
      "CheckFlags": [],
      "SetFlags": [],
      "TaggedTextList": [
        {
          "HasTagRule": false,
          "RuleGroup": {
            "TagCombineOp": 0,
            "Rules": [],
            "RuleString": ""
          },
          "TagTexts": [
            {
              "LineId": "f89fac6c-a158-9f7a-d84e-0c8426197f69",
              "Text": {
                "Handle": "ha21ac989g5ac7g4872g98f3ge4da74896918",
                "Value": "Huh. Fair enough. Can always get my money back when you're dead."
              }
            }
          ]
        }
      ],
      "EditorData": {
        "AnimationTags": "",
        "Attitude": "Default",
        "CinematicNodeContext": "",
        "CinematicObjects": "",
        "CustomCineArtKeysPresent": "False",
        "CustomLightingPresent": "False",
        "CustomSoundPresent": "False",
        "CustomVFXPresent": "False",
        "Emotion": "Default",
        "ForceDisableIsCustomNode": "False",
        "ID": "N94",
        "InternalNodeContext": "",
        "IsCustomNode": "False",
        "MusicTags": "",
        "NodeContext": "",
        "Quality": "Bronze",
        "SFXTags": "",
        "StateChangeTags": "",
        "TemplateNodeUUID": "00000000-0000-0000-0000-000000000000",
        "TemplateVersion": "0",
        "VFXTags": "",
        "collapsed": "False",
        "logicalname": "Answer",
        "position": "975;-1080",
        "sourcetemplate": ""
      }
    },
    "5fb3ddd9-f380-9035-9432-bdd6d8cf0c63": {
      "RollAdvantageReason": null,
      "RollAbility": "Charisma",
      "RollAdvantage": 1,
      "RollType": "SkillCheck",
      "DifficultyClassID": "831e1fbe-428d-4f4d-bd17-4206d6efea35",
      "DifficultyClassValue": 15,
      "UUID": "5fb3ddd9-f380-9035-9432-bdd6d8cf0c63",
      "Constructor": "ActiveRoll",
      "EndNode": false,
      "Root": false,
      "ShowOnce": true,
      "SpeakerNo": 1,
      "AddressedSpeaker": -1,
      "Children": [
        "973985a5-c912-a302-6cf0-e1e4d8f9b010",
        "43f630f3-6f91-5f7a-870d-c89bfbb94d42"
      ],
      "CheckFlags": [],
      "SetFlags": [],
      "TaggedTextList": [
        {
          "HasTagRule": true,
          "RuleGroup": {
            "TagCombineOp": 0,
            "Rules": [
              {
                "HasChildRules": false,
                "TagCombineOp": 1,
                "Tags": [
                  "f8a0608b-666c-4be6-a49c-03b369c10bd2"
                ],
                "TagNames": [
                  "ROGUE"
                ]
              }
            ],
            "RuleString": "ROGUE"
          },
          "TagTexts": [
            {
              "LineId": "980be1b1-ff4c-e8d6-4715-51a4c636177c",
              "Text": {
                "Handle": "h01ee7b89gdbc6g483eg8c71g055f6faebbef",
                "Value": "What about a discount? I'm about to risk my life."
              }
            }
          ]
        }
      ],
      "EditorData": {
        "AnimationTags": "",
        "Attitude": "Default",
        "CinematicNodeContext": "",
        "CinematicObjects": "",
        "CustomCineArtKeysPresent": "False",
        "CustomLightingPresent": "False",
        "CustomSoundPresent": "False",
        "CustomVFXPresent": "False",
        "Emotion": "Default",
        "ForceDisableIsCustomNode": "False",
        "ID": "N86",
        "InternalNodeContext": "",
        "IsCustomNode": "False",
        "MusicTags": "",
        "NodeContext": "",
        "Quality": "Bronze",
        "SFXTags": "",
        "StateChangeTags": "",
        "TemplateNodeUUID": "00000000-0000-0000-0000-000000000000",
        "TemplateVersion": "0",
        "VFXTags": "",
        "collapsed": "False",
        "logicalname": "ROGUE PERSUADE",
        "position": "335;-1080",
        "sourcetemplate": ""
      }
    },
    "616bfeb0-73ab-354d-3ae3-9a939b1f798f": {
      "UUID": "616bfeb0-73ab-354d-3ae3-9a939b1f798f",
      "Constructor": "TagAnswer",
      "EndNode": true,
      "Root": false,
      "ShowOnce": false,
      "SpeakerNo": 0,
      "AddressedSpeaker": -1,
      "Children": [],
      "CheckFlags": [],
      "SetFlags": [],
      "TaggedTextList": [
        {
          "HasTagRule": false,
          "RuleGroup": {
            "TagCombineOp": 0,
            "Rules": [],
            "RuleString": ""
          },
          "TagTexts": [
            {
              "LineId": "be3cfb58-633e-5871-b43c-fdc96972e1be",
              "Text": {
                "Handle": "h67840964g03cag4c85g9e3fgbbe477bf93b9",
                "Value": "Good luck out there."
              }
            }
          ]
        }
      ],
      "EditorData": {
        "AnimationTags": "",
        "Attitude": "Default",
        "CinematicNodeContext": "",
        "CinematicObjects": "",
        "CustomCineArtKeysPresent": "False",
        "CustomLightingPresent": "False",
        "CustomSoundPresent": "False",
        "CustomVFXPresent": "False",
        "Emotion": "Default",
        "ForceDisableIsCustomNode": "False",
        "ID": "N69",
        "InternalNodeContext": "",
        "IsCustomNode": "False",
        "MusicTags": "",
        "NodeContext": "sincere, but not very optimistic",
        "Quality": "Bronze",
        "SFXTags": "",
        "StateChangeTags": "",
        "TemplateNodeUUID": "00000000-0000-0000-0000-000000000000",
        "TemplateVersion": "0",
        "VFXTags": "",
        "collapsed": "False",
        "logicalname": "Answer",
        "position": "1935;-642",
        "sourcetemplate": ""
      }
    },
    "6e12b043-c9ae-b805-c26c-164513ba3e63": {
      "UUID": "6e12b043-c9ae-b805-c26c-164513ba3e63",
      "Constructor": "TagQuestion",
      "EndNode": true,
      "Root": false,
      "ShowOnce": true,
      "SpeakerNo": 1,
      "AddressedSpeaker": -1,
      "Children": [],
      "CheckFlags": [],
      "SetFlags": [],
      "TaggedTextList": [
        {
          "HasTagRule": false,
          "RuleGroup": {
            "TagCombineOp": 0,
            "Rules": [],
            "RuleString": ""
          },
          "TagTexts": [
            {
              "LineId": "61a63bdf-6034-a59f-a758-3a49d50326ac",
              "Text": {
                "Handle": "h0f03ed66g22d6g42f8gaa3agd95546375862",
                "Value": "<i>Leave.</i>"
              }
            }
          ]
        }
      ],
      "EditorData": {
        "AnimationTags": "",
        "Attitude": "Default",
        "CinematicNodeContext": "",
        "CinematicObjects": "",
        "CustomCineArtKeysPresent": "False",
        "CustomLightingPresent": "False",
        "CustomSoundPresent": "False",
        "CustomVFXPresent": "False",
        "Emotion": "Default",
        "ForceDisableIsCustomNode": "False",
        "ID": "N75",
        "InternalNodeContext": "",
        "IsCustomNode": "False",
        "MusicTags": "",
        "NodeContext": "",
        "Quality": "Bronze",
        "SFXTags": "",
        "StateChangeTags": "",
        "TemplateNodeUUID": "00000000-0000-0000-0000-000000000000",
        "TemplateVersion": "0",
        "VFXTags": "",
        "collapsed": "False",
        "logicalname": "Question",
        "position": "335;-1518",
        "sourcetemplate": ""
      }
    },
    "8a07e476-0ab6-a609-2c2c-a78f855a12d8": {
      "UUID": "8a07e476-0ab6-a609-2c2c-a78f855a12d8",
      "Constructor": "TagGreeting",
      "EndNode": true,
      "Root": true,
      "ShowOnce": false,
      "SpeakerNo": 0,
      "AddressedSpeaker": -1,
      "Children": [],
      "CheckFlags": [
        {
          "Flags": [
            {
              "UUID": "d6238a47-4572-6538-e2c3-6101c75b0e2b",
              "value": true,
              "paramval": 1,
              "Name": "DEN_AttackOnDen_HasMet_PickpocketTraderVictory"
            }
          ],
          "Type": "Dialog"
        },
        {
          "Flags": [
            {
              "UUID": "71c7f23e-3ff1-c9b8-3ef5-d75fa1b42c8d",
              "value": true,
              "paramval": null,
              "Name": "DEN_AttackOnDen_State_DenVictory"
            }
          ],
          "Type": "Global"
        }
      ],
      "SetFlags": [],
      "TaggedTextList": [
        {
          "HasTagRule": false,
          "RuleGroup": {
            "TagCombineOp": 0,
            "Rules": [],
            "RuleString": ""
          },
          "TagTexts": [
            {
              "LineId": "2d746c95-2fc4-0104-733d-0a8f953c19ac",
              "Text": {
                "Handle": "h6249bc58ga2d2g4fd2gb6e7g3919121397d6",
                "Value": "Finally. A city full of <i>real</i> coin."
              }
            }
          ]
        }
      ],
      "EditorData": {
        "AnimationTags": "",
        "Attitude": "Friendly",
        "CinematicNodeContext": "",
        "CinematicObjects": "",
        "CustomCineArtKeysPresent": "False",
        "CustomLightingPresent": "False",
        "CustomSoundPresent": "False",
        "CustomVFXPresent": "False",
        "Emotion": "Happiness",
        "ForceDisableIsCustomNode": "False",
        "ID": "N80",
        "InternalNodeContext": "",
        "IsCustomNode": "False",
        "MusicTags": "",
        "NodeContext": "",
        "Quality": "Bronze",
        "SFXTags": "",
        "StateChangeTags": "",
        "TemplateNodeUUID": "00000000-0000-0000-0000-000000000000",
        "TemplateVersion": "0",
        "VFXTags": "",
        "collapsed": "False",
        "logicalname": "Den was defended successfully",
        "position": "15;-2394",
        "sourcetemplate": ""
      }
    },
    "8cdd5cdc-11a1-fb4a-b84a-6c08a03bab58": {
      "UUID": "8cdd5cdc-11a1-fb4a-b84a-6c08a03bab58",
      "Constructor": "TagAnswer",
      "EndNode": true,
      "Root": false,
      "ShowOnce": false,
      "SpeakerNo": 0,
      "AddressedSpeaker": -1,
      "Children": [],
      "CheckFlags": [],
      "SetFlags": [],
      "TaggedTextList": [
        {
          "HasTagRule": false,
          "RuleGroup": {
            "TagCombineOp": 0,
            "Rules": [],
            "RuleString": ""
          },
          "TagTexts": [
            {
              "LineId": "bbe68009-0538-381a-36da-a90e3c0224ff",
              "Text": {
                "Handle": "h122581beg1573g4452gbd36gb351af0fd78b",
                "Value": "Thanks. Don't die."
              }
            }
          ]
        }
      ],
      "EditorData": {
        "AnimationTags": "",
        "Attitude": "Default",
        "CinematicNodeContext": "",
        "CinematicObjects": "",
        "CustomCineArtKeysPresent": "False",
        "CustomLightingPresent": "False",
        "CustomSoundPresent": "False",
        "CustomVFXPresent": "False",
        "Emotion": "Default",
        "ForceDisableIsCustomNode": "False",
        "ID": "N72",
        "InternalNodeContext": "",
        "IsCustomNode": "False",
        "MusicTags": "",
        "NodeContext": "Casual, not bothered",
        "Quality": "Bronze",
        "SFXTags": "",
        "StateChangeTags": "",
        "TemplateNodeUUID": "00000000-0000-0000-0000-000000000000",
        "TemplateVersion": "0",
        "VFXTags": "",
        "collapsed": "False",
        "logicalname": "Answer",
        "position": "975;-1737",
        "sourcetemplate": ""
      }
    },
    "973985a5-c912-a302-6cf0-e1e4d8f9b010": {
      "RollSuccess": true,
      "UUID": "973985a5-c912-a302-6cf0-e1e4d8f9b010",
      "Constructor": "RollResult",
      "EndNode": false,
      "Root": false,
      "ShowOnce": false,
      "SpeakerNo": 0,
      "AddressedSpeaker": 0,
      "Children": [
        "5813d113-1e09-d36f-c89c-fefb27a069d7"
      ],
      "CheckFlags": [],
      "SetFlags": [],
      "TaggedTextList": [],
      "EditorData": {
        "ID": "N88",
        "TemplateNodeUUID": "00000000-0000-0000-0000-000000000000",
        "TemplateVersion": "0",
        "collapsed": "False",
        "logicalname": "Roll Result",
        "position": "655;-1080",
        "sourcetemplate": ""
      }
    },
    "9c445b3f-cd85-1f38-a36c-39baef8ec115": {
      "UUID": "9c445b3f-cd85-1f38-a36c-39baef8ec115",
      "Constructor": "TagGreeting",
      "EndNode": true,
      "Root": true,
      "ShowOnce": false,
      "SpeakerNo": 0,
      "AddressedSpeaker": -1,
      "Children": [],
      "CheckFlags": [
        {
          "Flags": [
            {
              "UUID": "71c7f23e-3ff1-c9b8-3ef5-d75fa1b42c8d",
              "value": true,
              "paramval": null,
              "Name": "DEN_AttackOnDen_State_DenVictory"
            }
          ],
          "Type": "Global"
        }
      ],
      "SetFlags": [
        {
          "Flags": [
            {
              "UUID": "d6238a47-4572-6538-e2c3-6101c75b0e2b",
              "value": true,
              "paramval": 1,
              "Name": "DEN_AttackOnDen_HasMet_PickpocketTraderVictory"
            }
          ],
          "Type": "Dialog"
        }
      ],
      "TaggedTextList": [
        {
          "HasTagRule": false,
          "RuleGroup": {
            "TagCombineOp": 0,
            "Rules": [],
            "RuleString": ""
          },
          "TagTexts": [
            {
              "LineId": "9fe2fbb6-e7a7-023a-aa09-edfbf5ef8cb6",
              "Text": {
                "Handle": "h50af338bg15bdg4492gbab5g78ddab81b448",
                "Value": "I'm... glad you didn't die. No discounts once I'm running the Wide in Baldur's Gate, mind."
              }
            }
          ]
        }
      ],
      "EditorData": {
        "AnimationTags": "",
        "Attitude": "Friendly",
        "CinematicNodeContext": "",
        "CinematicObjects": "",
        "CustomCineArtKeysPresent": "False",
        "CustomLightingPresent": "False",
        "CustomSoundPresent": "False",
        "CustomVFXPresent": "False",
        "Emotion": "Happiness",
        "ForceDisableIsCustomNode": "False",
        "ID": "N84",
        "InternalNodeContext": "",
        "IsCustomNode": "False",
        "MusicTags": "",
        "NodeContext": "",
        "Quality": "Bronze",
        "SFXTags": "",
        "StateChangeTags": "",
        "TemplateNodeUUID": "00000000-0000-0000-0000-000000000000",
        "TemplateVersion": "0",
        "VFXTags": "",
        "collapsed": "False",
        "logicalname": "Den was defended successfully",
        "position": "15;-2175",
        "sourcetemplate": ""
      }
    },
    "aeaa5222-642c-fdce-0998-aa90f6024d6f": {
      "UUID": "aeaa5222-642c-fdce-0998-aa90f6024d6f",
      "Constructor": "TagQuestion",
      "EndNode": false,
      "Root": false,
      "ShowOnce": true,
      "SpeakerNo": 1,
      "AddressedSpeaker": -1,
      "Children": [
        "26b29902-5dcc-c4ad-b4c5-640d96453e08"
      ],
      "CheckFlags": [],
      "SetFlags": [],
      "TaggedTextList": [
        {
          "HasTagRule": false,
          "RuleGroup": {
            "TagCombineOp": 0,
            "Rules": [],
            "RuleString": ""
          },
          "TagTexts": [
            {
              "LineId": "40df6d1c-7f28-bb06-93b4-16f2fb64b292",
              "Text": {
                "Handle": "h789da0a8g2647g40c2gbdafga4db01684b16",
                "Value": "Is this really the time to worry about coin?"
              }
            }
          ]
        }
      ],
      "EditorData": {
        "AnimationTags": "",
        "Attitude": "Default",
        "CinematicNodeContext": "",
        "CinematicObjects": "",
        "CustomCineArtKeysPresent": "False",
        "CustomLightingPresent": "False",
        "CustomSoundPresent": "False",
        "CustomVFXPresent": "False",
        "Emotion": "Default",
        "ForceDisableIsCustomNode": "False",
        "ID": "N56",
        "InternalNodeContext": "",
        "IsCustomNode": "False",
        "MusicTags": "",
        "NodeContext": "",
        "Quality": "Bronze",
        "SFXTags": "",
        "StateChangeTags": "",
        "TemplateNodeUUID": "00000000-0000-0000-0000-000000000000",
        "TemplateVersion": "0",
        "VFXTags": "",
        "collapsed": "False",
        "logicalname": "Question",
        "position": "335;-642",
        "sourcetemplate": ""
      }
    },
    "b11e45f2-0fdc-8339-dbfa-bb66c988c771": {
      "UUID": "b11e45f2-0fdc-8339-dbfa-bb66c988c771",
      "Constructor": "TagGreeting",
      "EndNode": false,
      "Root": true,
      "ShowOnce": false,
      "SpeakerNo": 0,
      "AddressedSpeaker": -1,
      "Children": [
        "5fb3ddd9-f380-9035-9432-bdd6d8cf0c63",
        "aeaa5222-642c-fdce-0998-aa90f6024d6f",
        "0ba61735-18aa-8697-cbcd-7c62f81e3b48",
        "2feba70f-1a8d-998c-5c78-b149b3514d32"
      ],
      "CheckFlags": [
        {
          "Flags": [
            {
              "UUID": "662ffaff-e8dd-5738-e8db-af4cd10a3d2b",
              "value": true,
              "paramval": 1,
              "Name": "DEN_Thieflings_Pickpocket1_CoinGame1"
            }
          ],
          "Type": "Dialog"
        }
      ],
      "SetFlags": [
        {
          "Flags": [
            {
              "UUID": "8af00b7c-d738-f1e8-d121-e4cb7a5a2ab6",
              "value": true,
              "paramval": 1,
              "Name": "DEN_AttackOnDen_HasMet_PickpocketTrader"
            }
          ],
          "Type": "Dialog"
        }
      ],
      "TaggedTextList": [
        {
          "HasTagRule": false,
          "RuleGroup": {
            "TagCombineOp": 0,
            "Rules": [],
            "RuleString": ""
          },
          "TagTexts": [
            {
              "LineId": "7cda7088-dd4f-8571-d545-5cce3e6b1179",
              "Text": {
                "Handle": "h4346da06gf873g4795g9786gf906327df361",
                "Value": "Need anything before the fighting starts? No tricks this time, promise."
              }
            }
          ]
        }
      ],
      "EditorData": {
        "AnimationTags": "",
        "Attitude": "Default",
        "CinematicNodeContext": "",
        "CinematicObjects": "",
        "CustomCineArtKeysPresent": "False",
        "CustomLightingPresent": "False",
        "CustomSoundPresent": "False",
        "CustomVFXPresent": "False",
        "Emotion": "Default",
        "ForceDisableIsCustomNode": "False",
        "ID": "N1",
        "InternalNodeContext": "",
        "IsCustomNode": "False",
        "MusicTags": "",
        "NodeContext": "untrustworthy scammer",
        "Quality": "Bronze",
        "SFXTags": "",
        "StateChangeTags": "",
        "TemplateNodeUUID": "00000000-0000-0000-0000-000000000000",
        "TemplateVersion": "0",
        "VFXTags": "",
        "collapsed": "False",
        "logicalname": "Greeting",
        "position": "15;-861",
        "sourcetemplate": ""
      }
    },
    "bb17cff6-af0a-e84a-c8fc-9a838152f0eb": {
      "UUID": "bb17cff6-af0a-e84a-c8fc-9a838152f0eb",
      "Constructor": "TagAnswer",
      "EndNode": false,
      "Root": false,
      "ShowOnce": false,
      "SpeakerNo": 0,
      "AddressedSpeaker": -1,
      "Children": [
        "d4626637-9400-0e5b-5df6-57796807d882",
        "0bcf1a74-7233-2a88-bca2-e0822a341476"
      ],
      "CheckFlags": [],
      "SetFlags": [],
      "TaggedTextList": [
        {
          "HasTagRule": false,
          "RuleGroup": {
            "TagCombineOp": 0,
            "Rules": [],
            "RuleString": ""
          },
          "TagTexts": [
            {
              "LineId": "1f4d36c9-ed0e-fdfd-eab9-12dece470080",
              "Text": {
                "Handle": "h3f1656e0g73c4g4a22g838cga152068fc90e",
                "Value": "A big hero like you, with no gold? Best go pluck some from a goblin, then."
              }
            }
          ]
        }
      ],
      "EditorData": {
        "AnimationTags": "",
        "Attitude": "Default",
        "CinematicNodeContext": "",
        "CinematicObjects": "",
        "CustomCineArtKeysPresent": "False",
        "CustomLightingPresent": "False",
        "CustomSoundPresent": "False",
        "CustomVFXPresent": "False",
        "Emotion": "Default",
        "ForceDisableIsCustomNode": "False",
        "ID": "N93",
        "InternalNodeContext": "",
        "IsCustomNode": "False",
        "MusicTags": "",
        "NodeContext": "",
        "Quality": "Bronze",
        "SFXTags": "",
        "StateChangeTags": "",
        "TemplateNodeUUID": "00000000-0000-0000-0000-000000000000",
        "TemplateVersion": "0",
        "VFXTags": "",
        "collapsed": "False",
        "logicalname": "Answer",
        "position": "975;-861",
        "sourcetemplate": ""
      }
    },
    "cf1a7827-5eb4-4f24-917c-fa4d8daa424b": {
      "UUID": "cf1a7827-5eb4-4f24-917c-fa4d8daa424b",
      "Constructor": "TagAnswer",
      "EndNode": true,
      "Root": false,
      "ShowOnce": false,
      "SpeakerNo": 0,
      "AddressedSpeaker": -1,
      "Children": [],
      "CheckFlags": [],
      "SetFlags": [],
      "TaggedTextList": [
        {
          "HasTagRule": false,
          "RuleGroup": {
            "TagCombineOp": 0,
            "Rules": [],
            "RuleString": ""
          },
          "TagTexts": [
            {
              "LineId": "1ac74de7-bbe7-5975-e189-40db8666b00f",
              "Text": {
                "Handle": "had5fc6acg4fb3g4c9cg9f27gfed3fdccd551",
                "Value": "Good luck out there."
              }
            }
          ]
        }
      ],
      "EditorData": {
        "AnimationTags": "",
        "Attitude": "Default",
        "CinematicNodeContext": "",
        "CinematicObjects": "",
        "CustomCineArtKeysPresent": "False",
        "CustomLightingPresent": "False",
        "CustomSoundPresent": "False",
        "CustomVFXPresent": "False",
        "Emotion": "Default",
        "ForceDisableIsCustomNode": "False",
        "ID": "N70",
        "InternalNodeContext": "",
        "IsCustomNode": "False",
        "MusicTags": "",
        "NodeContext": "Not entirely optimistic about player's chances.",
        "Quality": "Bronze",
        "SFXTags": "",
        "StateChangeTags": "",
        "TemplateNodeUUID": "00000000-0000-0000-0000-000000000000",
        "TemplateVersion": "0",
        "VFXTags": "",
        "collapsed": "False",
        "logicalname": "Answer",
        "position": "975;-423",
        "sourcetemplate": ""
      }
    },
    "d4626637-9400-0e5b-5df6-57796807d882": {
      "UUID": "d4626637-9400-0e5b-5df6-57796807d882",
      "Constructor": "TagQuestion",
      "EndNode": false,
      "Root": false,
      "ShowOnce": true,
      "SpeakerNo": 1,
      "AddressedSpeaker": -1,
      "Children": [
        "3b900b86-ff6b-7e4b-9ac5-3b04843343dd"
      ],
      "CheckFlags": [],
      "SetFlags": [],
      "TaggedTextList": [
        {
          "HasTagRule": false,
          "RuleGroup": {
            "TagCombineOp": 0,
            "Rules": [],
            "RuleString": ""
          },
          "TagTexts": [
            {
              "LineId": "05b95ee4-a95b-481f-55fe-49586506e890",
              "Text": {
                "Handle": "h27243671g6038g486dg84aag0ef03398c6e4",
                "Value": "Fair enough. Let's see what you're selling."
              }
            }
          ]
        }
      ],
      "EditorData": {
        "AnimationTags": "",
        "Attitude": "Default",
        "CinematicNodeContext": "",
        "CinematicObjects": "",
        "CustomCineArtKeysPresent": "False",
        "CustomLightingPresent": "False",
        "CustomSoundPresent": "False",
        "CustomVFXPresent": "False",
        "Emotion": "Default",
        "ForceDisableIsCustomNode": "False",
        "ID": "N67",
        "InternalNodeContext": "",
        "IsCustomNode": "False",
        "MusicTags": "",
        "NodeContext": "",
        "Quality": "Bronze",
        "SFXTags": "",
        "StateChangeTags": "",
        "TemplateNodeUUID": "00000000-0000-0000-0000-000000000000",
        "TemplateVersion": "0",
        "VFXTags": "",
        "collapsed": "False",
        "logicalname": "Question",
        "position": "1295;-642",
        "sourcetemplate": ""
      }
    },
    "d9917eac-330a-5955-dc61-13b1b4d1fce6": {
      "UUID": "d9917eac-330a-5955-dc61-13b1b4d1fce6",
      "Constructor": "Trade",
      "EndNode": false,
      "Root": false,
      "ShowOnce": false,
      "SpeakerNo": 0,
      "AddressedSpeaker": -1,
      "Children": [
        "8cdd5cdc-11a1-fb4a-b84a-6c08a03bab58"
      ],
      "CheckFlags": [],
      "SetFlags": [],
      "TaggedTextList": [],
      "EditorData": {
        "ID": "N109",
        "TemplateNodeUUID": "00000000-0000-0000-0000-000000000000",
        "TemplateVersion": "0",
        "collapsed": "False",
        "logicalname": "Trade",
        "position": "655;-1737",
        "sourcetemplate": ""
      }
    },
    "e378b307-b9ab-36ce-f760-915c5d6615cb": {
      "UUID": "e378b307-b9ab-36ce-f760-915c5d6615cb",
      "Constructor": "Trade",
      "EndNode": false,
      "Root": false,
      "ShowOnce": false,
      "SpeakerNo": 0,
      "AddressedSpeaker": -1,
      "Children": [
        "cf1a7827-5eb4-4f24-917c-fa4d8daa424b"
      ],
      "CheckFlags": [],
      "SetFlags": [],
      "TaggedTextList": [],
      "EditorData": {
        "ID": "N107",
        "TemplateNodeUUID": "00000000-0000-0000-0000-000000000000",
        "TemplateVersion": "0",
        "collapsed": "False",
        "logicalname": "Trade",
        "position": "655;-423",
        "sourcetemplate": ""
      }
    },
    "e8f50d11-7c57-8215-2d5f-37aebbb6a2db": {
      "UUID": "e8f50d11-7c57-8215-2d5f-37aebbb6a2db",
      "Constructor": "TagAnswer",
      "EndNode": false,
      "Root": false,
      "ShowOnce": false,
      "SpeakerNo": 0,
      "AddressedSpeaker": -1,
      "Children": [
        "d4626637-9400-0e5b-5df6-57796807d882",
        "0bcf1a74-7233-2a88-bca2-e0822a341476"
      ],
      "CheckFlags": [],
      "SetFlags": [],
      "TaggedTextList": [
        {
          "HasTagRule": false,
          "RuleGroup": {
            "TagCombineOp": 0,
            "Rules": [],
            "RuleString": ""
          },
          "TagTexts": [
            {
              "LineId": "69715f81-a6f7-dddc-e09d-7700707ecbd6",
              "Text": {
                "Handle": "ha069e87ag79d4g4244g98aaga541f4e5058d",
                "Value": "It's your job to make sure we get that far. So why don't <i>you</i> go take care of <i>that?</i>"
              }
            }
          ]
        }
      ],
      "EditorData": {
        "AnimationTags": "",
        "Attitude": "Default",
        "CinematicNodeContext": "",
        "CinematicObjects": "",
        "CustomCineArtKeysPresent": "False",
        "CustomLightingPresent": "False",
        "CustomSoundPresent": "False",
        "CustomVFXPresent": "False",
        "Emotion": "Default",
        "ForceDisableIsCustomNode": "False",
        "ID": "N66",
        "InternalNodeContext": "",
        "IsCustomNode": "False",
        "MusicTags": "",
        "NodeContext": "Putting player in their place.",
        "Quality": "Bronze",
        "SFXTags": "",
        "StateChangeTags": "",
        "TemplateNodeUUID": "00000000-0000-0000-0000-000000000000",
        "TemplateVersion": "0",
        "VFXTags": "",
        "collapsed": "False",
        "logicalname": "Answer",
        "position": "975;-642",
        "sourcetemplate": ""
      }
    },
    "f9f5c3bc-e0e4-f360-e05e-33ff4dde9007": {
      "JumpTarget": "616bfeb0-73ab-354d-3ae3-9a939b1f798f",
      "JumpTargetPoint": 1,
      "UUID": "f9f5c3bc-e0e4-f360-e05e-33ff4dde9007",
      "Constructor": "Jump",
      "EndNode": false,
      "Root": false,
      "ShowOnce": false,
      "SpeakerNo": 0,
      "AddressedSpeaker": 0,
      "Children": [],
      "CheckFlags": [],
      "SetFlags": [],
      "TaggedTextList": [],
      "EditorData": {
        "ID": "N96",
        "TemplateNodeUUID": "00000000-0000-0000-0000-000000000000",
        "TemplateVersion": "0",
        "collapsed": "False",
        "logicalname": "Jump",
        "position": "1615;-1080",
        "sourcetemplate": ""
      }
    }
  },
  "SpeakerDict": {
    "0": {
      "IsPeanutSpeaker": false,
      "SpeakerMappingId": "d6c006f0-14f6-10cf-56e0-ba0b3148541f",
      "Index": 0,
      "List": [
        "e1fda08b-45d4-41db-84b5-20e9931ba5af"
      ],
      "SpeakerCharacter": {
        "DisplayName": "Mattis",
        "Type": "character",
        "MapKey": "e1fda08b-45d4-41db-84b5-20e9931ba5af",
        "Name": "S_DEN_PickpocketTrader",
        "ParentTemplateId": null,
        "TemplateName": "80ca9a84-00c2-45c6-892e-bf6f07a5af3e"
      },
      "SpeakerGroupName": null
    },
    "1": {
      "IsPeanutSpeaker": false,
      "SpeakerMappingId": "7655d8b6-6063-6456-58ab-1dd589925f0f",
      "Index": 1,
      "List": [
        "e0d1ff71-04a8-4340-ae64-9684d846eb83"
      ],
      "SpeakerCharacter": {
        "DisplayName": "Player",
        "Type": "character",
        "MapKey": "e2badbf0-159a-4ef5-9e73-7bbeb3d1015a",
        "Name": "S_GLO_CharacterCreationDummy_001",
        "ParentTemplateId": null,
        "TemplateName": "fd7f2707-8f86-4836-bda8-e0db99c389cc"
      },
      "SpeakerGroupName": "GROUP_Players"
    }
  },
  "Synopsis": "Young child is hustling and trying to trade with player on the eve of a battle."
}