{
  "Path": "Mods/Gustav/Story/Dialogs/Act1/DEN/DEN_AdventurersQuest_AD_AtCorpses.lsj",
  "UUID": "1dd5abbf-ee87-b83a-d553-39e2707865ca",
  "Category": "Repeated automated NPC Dialog",
  "DefaultAddressedSpeakers": {
    "0": -1
  },
  "RootNodes": [
    "97ae6a08-f288-c6ec-69aa-9dec88e69b0a"
  ],
  "Nodes": {
    "97ae6a08-f288-c6ec-69aa-9dec88e69b0a": {
      "UUID": "97ae6a08-f288-c6ec-69aa-9dec88e69b0a",
      "Constructor": "TagGreeting",
      "EndNode": true,
      "Root": true,
      "ShowOnce": false,
      "SpeakerNo": 0,
      "AddressedSpeaker": 0,
      "Children": [],
      "CheckFlags": [],
      "SetFlags": [],
      "TaggedTextList": [
        {
          "HasTagRule": false,
          "RuleGroup": {
            "TagCombineOp": 0,
            "Rules": [],
            "RuleString": ""
          },
          "TagTexts": [
            {
              "LineId": "de4e57b2-967b-294a-bff6-caa8d76d4e8c",
              "Text": {
                "Handle": "h4a6ebbc0gaa37g47a5gb5dfgd81145d5d8e5",
                "Value": "Lucky you. Done with this shite. "
              }
            }
          ]
        }
      ],
      "EditorData": {
        "AnimationTags": "",
        "Attitude": "Default",
        "CinematicNodeContext": "",
        "CinematicObjects": "",
        "CustomCineArtKeysPresent": "False",
        "CustomLightingPresent": "False",
        "CustomSoundPresent": "False",
        "CustomVFXPresent": "False",
        "Emotion": "Default",
        "ForceDisableIsCustomNode": "False",
        "ID": "N9",
        "InternalNodeContext": "",
        "IsCustomNode": "False",
        "MusicTags": "",
        "NodeContext": "gallows humour, grimly delivered",
        "Quality": "Bronze",
        "SFXTags": "",
        "StateChangeTags": "",
        "TemplateNodeUUID": "00000000-0000-0000-0000-000000000000",
        "TemplateVersion": "0",
        "VFXTags": "",
        "collapsed": "False",
        "logicalname": "Greeting",
        "position": "15;15",
        "sourcetemplate": ""
      }
    }
  },
  "SpeakerDict": {
    "0": {
      "IsPeanutSpeaker": false,
      "SpeakerMappingId": "af5f01b2-fa02-b952-2d13-647eabe87847",
      "Index": 0,
      "List": [
        "82d1b843-9e8c-48a5-9d87-caddea5c193c"
      ],
      "SpeakerCharacter": {
        "DisplayName": "Aradin",
        "Type": "character",
        "MapKey": "82d1b843-9e8c-48a5-9d87-caddea5c193c",
        "Name": "S_DEN_AdventurerLeader",
        "ParentTemplateId": null,
        "TemplateName": "3278f064-5353-4c08-ab96-c2f432d0fda0"
      },
      "SpeakerGroupName": null
    }
  },
  "Synopsis": "Gallows humour, grimly delivered - the 'you' are the corpses of his fallen comrades, who he finds in a forest. But  he's effectively talking to himself."
}