{
  "Path": "Mods/Gustav/Story/Dialogs/Act1/DEN/DEN_DruidAttack_AD_ChefAndSonAfterAttack.lsj",
  "UUID": "bde7a4f1-933f-f6ce-4a3e-4b1f29f83704",
  "Category": "Repeated automated NPC Dialog",
  "DefaultAddressedSpeakers": {
    "0": -1,
    "1": -1
  },
  "RootNodes": [
    "f11bff29-c2c0-0637-3a3e-fcb7bcf1a3aa",
    "5aabeea5-69ed-b8a0-0630-992b9897e72c",
    "b5f399af-a167-4bfc-13a0-b56cc4b684d3",
    "67da894e-3f96-322e-38f8-9f8fafde2b49"
  ],
  "Nodes": {
    "49b4400f-6f0b-eb05-5758-2465ae5af8ed": {
      "UUID": "49b4400f-6f0b-eb05-5758-2465ae5af8ed",
      "Constructor": "TagAnswer",
      "EndNode": true,
      "Root": false,
      "ShowOnce": false,
      "SpeakerNo": 0,
      "AddressedSpeaker": 0,
      "Children": [],
      "CheckFlags": [],
      "SetFlags": [],
      "TaggedTextList": [
        {
          "HasTagRule": false,
          "RuleGroup": {
            "TagCombineOp": 0,
            "Rules": [],
            "RuleString": ""
          },
          "TagTexts": [
            {
              "LineId": "d85e9129-af53-0ef9-2a94-b5a33a444477",
              "Text": {
                "Handle": "hde236329g4555g45d0gb470g7d64b3fa1b18",
                "Value": "Come on. You can't tell me you're not curious."
              }
            }
          ]
        }
      ],
      "EditorData": {
        "AnimationTags": "",
        "Attitude": "Default",
        "CinematicNodeContext": "",
        "CinematicObjects": "",
        "CustomCineArtKeysPresent": "False",
        "CustomLightingPresent": "False",
        "CustomSoundPresent": "False",
        "CustomVFXPresent": "False",
        "Emotion": "Default",
        "ForceDisableIsCustomNode": "False",
        "ID": "N3",
        "InternalNodeContext": "",
        "IsCustomNode": "False",
        "MusicTags": "",
        "NodeContext": "",
        "Quality": "Bronze",
        "SFXTags": "",
        "StateChangeTags": "",
        "TemplateNodeUUID": "00000000-0000-0000-0000-000000000000",
        "TemplateVersion": "0",
        "VFXTags": "",
        "collapsed": "False",
        "logicalname": "Answer",
        "position": "335;-204",
        "sourcetemplate": ""
      }
    },
    "5aabeea5-69ed-b8a0-0630-992b9897e72c": {
      "UUID": "5aabeea5-69ed-b8a0-0630-992b9897e72c",
      "Constructor": "TagGreeting",
      "EndNode": false,
      "Root": true,
      "ShowOnce": false,
      "SpeakerNo": 0,
      "AddressedSpeaker": 0,
      "Children": [
        "a384059c-083b-722b-f3ab-8ca04c50733a"
      ],
      "CheckFlags": [
        {
          "Flags": [
            {
              "UUID": "ca282fae-669e-d232-c878-d0b96fd45511",
              "value": true,
              "paramval": null,
              "Name": "bde7a4f1-933f-f6ce-4a3e-4b1f29f83704_A"
            }
          ],
          "Type": "Local"
        }
      ],
      "SetFlags": [
        {
          "Flags": [
            {
              "UUID": "7193925d-1de2-b3c8-13fb-2640fc3f2d92",
              "value": true,
              "paramval": null,
              "Name": "bde7a4f1-933f-f6ce-4a3e-4b1f29f83704_B"
            }
          ],
          "Type": "Local"
        }
      ],
      "TaggedTextList": [
        {
          "HasTagRule": false,
          "RuleGroup": {
            "TagCombineOp": 0,
            "Rules": [],
            "RuleString": ""
          },
          "TagTexts": [
            {
              "LineId": "3c54d639-e578-8a00-dfe6-88946d130e9d",
              "Text": {
                "Handle": "h36e5af36g2a6fg4173g847bg1834c82daae7",
                "Value": "Eerie little black rock. Wonder what it does?"
              }
            }
          ]
        }
      ],
      "EditorData": {
        "AnimationTags": "",
        "Attitude": "Default",
        "CinematicNodeContext": "",
        "CinematicObjects": "",
        "CustomCineArtKeysPresent": "False",
        "CustomLightingPresent": "False",
        "CustomSoundPresent": "False",
        "CustomVFXPresent": "False",
        "Emotion": "Default",
        "ForceDisableIsCustomNode": "False",
        "ID": "N6",
        "InternalNodeContext": "",
        "IsCustomNode": "False",
        "MusicTags": "",
        "NodeContext": "",
        "Quality": "Bronze",
        "SFXTags": "",
        "StateChangeTags": "",
        "TemplateNodeUUID": "00000000-0000-0000-0000-000000000000",
        "TemplateVersion": "0",
        "VFXTags": "",
        "collapsed": "False",
        "logicalname": "Greeting",
        "position": "15;15",
        "sourcetemplate": ""
      }
    },
    "67da894e-3f96-322e-38f8-9f8fafde2b49": {
      "UUID": "67da894e-3f96-322e-38f8-9f8fafde2b49",
      "Constructor": "TagGreeting",
      "EndNode": false,
      "Root": true,
      "ShowOnce": false,
      "SpeakerNo": 1,
      "AddressedSpeaker": 0,
      "Children": [
        "6e744995-50c5-9f78-3447-7539051a6c41"
      ],
      "CheckFlags": [
        {
          "Flags": [
            {
              "UUID": "3c432717-2c4d-a546-90ad-461405df2418",
              "value": true,
              "paramval": null,
              "Name": "bde7a4f1-933f-f6ce-4a3e-4b1f29f83704_C"
            }
          ],
          "Type": "Local"
        }
      ],
      "SetFlags": [
        {
          "Flags": [
            {
              "UUID": "3c432717-2c4d-a546-90ad-461405df2418",
              "value": false,
              "paramval": null,
              "Name": "bde7a4f1-933f-f6ce-4a3e-4b1f29f83704_C"
            },
            {
              "UUID": "7193925d-1de2-b3c8-13fb-2640fc3f2d92",
              "value": false,
              "paramval": null,
              "Name": "bde7a4f1-933f-f6ce-4a3e-4b1f29f83704_B"
            },
            {
              "UUID": "ca282fae-669e-d232-c878-d0b96fd45511",
              "value": false,
              "paramval": null,
              "Name": "bde7a4f1-933f-f6ce-4a3e-4b1f29f83704_A"
            }
          ],
          "Type": "Local"
        }
      ],
      "TaggedTextList": [
        {
          "HasTagRule": false,
          "RuleGroup": {
            "TagCombineOp": 0,
            "Rules": [],
            "RuleString": ""
          },
          "TagTexts": [
            {
              "LineId": "0985be7f-0413-15c0-480e-b5c8c46a406a",
              "Text": {
                "Handle": "h0b94429fg6ba4g4663g892eg19b312910562",
                "Value": "Anything of value?"
              }
            }
          ]
        }
      ],
      "EditorData": {
        "AnimationTags": "",
        "Attitude": "Default",
        "CinematicNodeContext": "",
        "CinematicObjects": "",
        "CustomCineArtKeysPresent": "False",
        "CustomLightingPresent": "False",
        "CustomSoundPresent": "False",
        "CustomVFXPresent": "False",
        "Emotion": "Default",
        "ForceDisableIsCustomNode": "False",
        "ID": "N1",
        "InternalNodeContext": "",
        "IsCustomNode": "False",
        "MusicTags": "",
        "NodeContext": "",
        "Quality": "Bronze",
        "SFXTags": "",
        "StateChangeTags": "",
        "TemplateNodeUUID": "00000000-0000-0000-0000-000000000000",
        "TemplateVersion": "0",
        "VFXTags": "",
        "collapsed": "False",
        "logicalname": "Greeting",
        "position": "15;453",
        "sourcetemplate": ""
      }
    },
    "6e744995-50c5-9f78-3447-7539051a6c41": {
      "UUID": "6e744995-50c5-9f78-3447-7539051a6c41",
      "Constructor": "TagAnswer",
      "EndNode": true,
      "Root": false,
      "ShowOnce": false,
      "SpeakerNo": 0,
      "AddressedSpeaker": 0,
      "Children": [],
      "CheckFlags": [],
      "SetFlags": [],
      "TaggedTextList": [
        {
          "HasTagRule": false,
          "RuleGroup": {
            "TagCombineOp": 0,
            "Rules": [],
            "RuleString": ""
          },
          "TagTexts": [
            {
              "LineId": "a8233e35-c727-7c54-4ddb-9e761484c9d9",
              "Text": {
                "Handle": "h9b88c728g1a09g4098g9201g8b211c50df9b",
                "Value": "No... it's all junk."
              }
            }
          ]
        }
      ],
      "EditorData": {
        "AnimationTags": "",
        "Attitude": "Default",
        "CinematicNodeContext": "",
        "CinematicObjects": "",
        "CustomCineArtKeysPresent": "False",
        "CustomLightingPresent": "False",
        "CustomSoundPresent": "False",
        "CustomVFXPresent": "False",
        "Emotion": "Default",
        "ForceDisableIsCustomNode": "False",
        "ID": "N4",
        "InternalNodeContext": "",
        "IsCustomNode": "False",
        "MusicTags": "",
        "NodeContext": "",
        "Quality": "Bronze",
        "SFXTags": "",
        "StateChangeTags": "",
        "TemplateNodeUUID": "00000000-0000-0000-0000-000000000000",
        "TemplateVersion": "0",
        "VFXTags": "",
        "collapsed": "False",
        "logicalname": "Answer",
        "position": "335;453",
        "sourcetemplate": ""
      }
    },
    "a384059c-083b-722b-f3ab-8ca04c50733a": {
      "UUID": "a384059c-083b-722b-f3ab-8ca04c50733a",
      "Constructor": "TagAnswer",
      "EndNode": true,
      "Root": false,
      "ShowOnce": false,
      "SpeakerNo": 1,
      "AddressedSpeaker": 0,
      "Children": [],
      "CheckFlags": [],
      "SetFlags": [],
      "TaggedTextList": [
        {
          "HasTagRule": false,
          "RuleGroup": {
            "TagCombineOp": 0,
            "Rules": [],
            "RuleString": ""
          },
          "TagTexts": [
            {
              "LineId": "668862c9-074e-0e10-9073-60b8ff65aece",
              "Text": {
                "Handle": "haf9188a5g663eg4192g8453g8a570c175b6e",
                "Value": "Probably rots your fingers off. Leave it be!"
              }
            }
          ]
        }
      ],
      "EditorData": {
        "AnimationTags": "",
        "Attitude": "Default",
        "CinematicNodeContext": "",
        "CinematicObjects": "",
        "CustomCineArtKeysPresent": "False",
        "CustomLightingPresent": "False",
        "CustomSoundPresent": "False",
        "CustomVFXPresent": "False",
        "Emotion": "Default",
        "ForceDisableIsCustomNode": "False",
        "ID": "N8",
        "InternalNodeContext": "",
        "IsCustomNode": "False",
        "MusicTags": "",
        "NodeContext": "",
        "Quality": "Bronze",
        "SFXTags": "",
        "StateChangeTags": "",
        "TemplateNodeUUID": "00000000-0000-0000-0000-000000000000",
        "TemplateVersion": "0",
        "VFXTags": "",
        "collapsed": "False",
        "logicalname": "Answer",
        "position": "335;15",
        "sourcetemplate": ""
      }
    },
    "b5f399af-a167-4bfc-13a0-b56cc4b684d3": {
      "UUID": "b5f399af-a167-4bfc-13a0-b56cc4b684d3",
      "Constructor": "TagGreeting",
      "EndNode": false,
      "Root": true,
      "ShowOnce": false,
      "SpeakerNo": 1,
      "AddressedSpeaker": 0,
      "Children": [
        "c9426f3f-b04d-ad74-4098-36f3ff8c1c26"
      ],
      "CheckFlags": [
        {
          "Flags": [
            {
              "UUID": "7193925d-1de2-b3c8-13fb-2640fc3f2d92",
              "value": true,
              "paramval": null,
              "Name": "bde7a4f1-933f-f6ce-4a3e-4b1f29f83704_B"
            }
          ],
          "Type": "Local"
        }
      ],
      "SetFlags": [
        {
          "Flags": [
            {
              "UUID": "3c432717-2c4d-a546-90ad-461405df2418",
              "value": true,
              "paramval": null,
              "Name": "bde7a4f1-933f-f6ce-4a3e-4b1f29f83704_C"
            }
          ],
          "Type": "Local"
        }
      ],
      "TaggedTextList": [
        {
          "HasTagRule": false,
          "RuleGroup": {
            "TagCombineOp": 0,
            "Rules": [],
            "RuleString": ""
          },
          "TagTexts": [
            {
              "LineId": "31997c10-5bc9-08ea-f672-21f6ede4621c",
              "Text": {
                "Handle": "h673eb17fg0fc4g42e6g92b7g781369c118b9",
                "Value": "Do I have to drag you out of there by the horns?"
              }
            }
          ]
        }
      ],
      "EditorData": {
        "AnimationTags": "",
        "Attitude": "Default",
        "CinematicNodeContext": "",
        "CinematicObjects": "",
        "CustomCineArtKeysPresent": "False",
        "CustomLightingPresent": "False",
        "CustomSoundPresent": "False",
        "CustomVFXPresent": "False",
        "Emotion": "Default",
        "ForceDisableIsCustomNode": "False",
        "ID": "N7",
        "InternalNodeContext": "",
        "IsCustomNode": "False",
        "MusicTags": "",
        "NodeContext": "",
        "Quality": "Bronze",
        "SFXTags": "",
        "StateChangeTags": "",
        "TemplateNodeUUID": "00000000-0000-0000-0000-000000000000",
        "TemplateVersion": "0",
        "VFXTags": "",
        "collapsed": "False",
        "logicalname": "Greeting",
        "position": "15;234",
        "sourcetemplate": ""
      }
    },
    "c9426f3f-b04d-ad74-4098-36f3ff8c1c26": {
      "UUID": "c9426f3f-b04d-ad74-4098-36f3ff8c1c26",
      "Constructor": "TagAnswer",
      "EndNode": true,
      "Root": false,
      "ShowOnce": false,
      "SpeakerNo": 0,
      "AddressedSpeaker": 0,
      "Children": [],
      "CheckFlags": [],
      "SetFlags": [],
      "TaggedTextList": [
        {
          "HasTagRule": false,
          "RuleGroup": {
            "TagCombineOp": 0,
            "Rules": [],
            "RuleString": ""
          },
          "TagTexts": [
            {
              "LineId": "3dc8391d-aee3-f78b-c717-c759432e2227",
              "Text": {
                "Handle": "h24f10167g831bg409eg96d0g4e02ba3d2f41",
                "Value": "I'm just curious! Her knick-knacks could be worth something."
              }
            }
          ]
        }
      ],
      "EditorData": {
        "AnimationTags": "",
        "Attitude": "Default",
        "CinematicNodeContext": "",
        "CinematicObjects": "",
        "CustomCineArtKeysPresent": "False",
        "CustomLightingPresent": "False",
        "CustomSoundPresent": "False",
        "CustomVFXPresent": "False",
        "Emotion": "Default",
        "ForceDisableIsCustomNode": "False",
        "ID": "N2",
        "InternalNodeContext": "",
        "IsCustomNode": "False",
        "MusicTags": "",
        "NodeContext": "",
        "Quality": "Bronze",
        "SFXTags": "",
        "StateChangeTags": "",
        "TemplateNodeUUID": "00000000-0000-0000-0000-000000000000",
        "TemplateVersion": "0",
        "VFXTags": "",
        "collapsed": "False",
        "logicalname": "Answer",
        "position": "335;234",
        "sourcetemplate": ""
      }
    },
    "f11bff29-c2c0-0637-3a3e-fcb7bcf1a3aa": {
      "UUID": "f11bff29-c2c0-0637-3a3e-fcb7bcf1a3aa",
      "Constructor": "TagGreeting",
      "EndNode": false,
      "Root": true,
      "ShowOnce": false,
      "SpeakerNo": 1,
      "AddressedSpeaker": 0,
      "Children": [
        "49b4400f-6f0b-eb05-5758-2465ae5af8ed"
      ],
      "CheckFlags": [],
      "SetFlags": [
        {
          "Flags": [
            {
              "UUID": "ca282fae-669e-d232-c878-d0b96fd45511",
              "value": true,
              "paramval": null,
              "Name": "bde7a4f1-933f-f6ce-4a3e-4b1f29f83704_A"
            }
          ],
          "Type": "Local"
        }
      ],
      "TaggedTextList": [
        {
          "HasTagRule": false,
          "RuleGroup": {
            "TagCombineOp": 0,
            "Rules": [],
            "RuleString": ""
          },
          "TagTexts": [
            {
              "LineId": "790cee06-44ff-482e-74f5-fb5d3afca97b",
              "Text": {
                "Handle": "h12b9d600gec75g4161ga48fga4b7f9307479",
                "Value": "Son, stay out of that old woman's things."
              }
            }
          ]
        }
      ],
      "EditorData": {
        "AnimationTags": "",
        "Attitude": "Default",
        "CinematicNodeContext": "",
        "CinematicObjects": "",
        "CustomCineArtKeysPresent": "False",
        "CustomLightingPresent": "False",
        "CustomSoundPresent": "False",
        "CustomVFXPresent": "False",
        "Emotion": "Default",
        "ForceDisableIsCustomNode": "False",
        "ID": "N5",
        "InternalNodeContext": "",
        "IsCustomNode": "False",
        "MusicTags": "",
        "NodeContext": "",
        "Quality": "Bronze",
        "SFXTags": "",
        "StateChangeTags": "",
        "TemplateNodeUUID": "00000000-0000-0000-0000-000000000000",
        "TemplateVersion": "0",
        "VFXTags": "",
        "collapsed": "False",
        "logicalname": "Greeting",
        "position": "15;-204",
        "sourcetemplate": ""
      }
    }
  },
  "SpeakerDict": {
    "0": {
      "IsPeanutSpeaker": false,
      "SpeakerMappingId": "ef4b5323-e6d9-0205-3042-c83fb51446a4",
      "Index": 0,
      "List": [
        "03b6fae4-d250-4ce9-9a01-19cb427deb17"
      ],
      "SpeakerCharacter": {
        "DisplayName": "Ikaron",
        "Type": "character",
        "MapKey": "03b6fae4-d250-4ce9-9a01-19cb427deb17",
        "Name": "S_DEN_Tiefling_008",
        "ParentTemplateId": null,
        "TemplateName": "80fa035d-5248-45c3-a9c2-1c74749833dc"
      },
      "SpeakerGroupName": null
    },
    "1": {
      "IsPeanutSpeaker": false,
      "SpeakerMappingId": "0083c61f-24fd-1c1b-02ba-506782907d0f",
      "Index": 1,
      "List": [
        "1b35671b-e5d7-4943-bbd0-4c816b69b7cb"
      ],
      "SpeakerCharacter": {
        "DisplayName": "Okta",
        "Type": "character",
        "MapKey": "1b35671b-e5d7-4943-bbd0-4c816b69b7cb",
        "Name": "S_DEN_Tiefling_FoodTrader_001",
        "ParentTemplateId": null,
        "TemplateName": "9103fce3-6423-4f8a-af04-83ac1af2a1d7"
      },
      "SpeakerGroupName": null
    }
  },
  "Synopsis": "Okta is preparing meals for the road and Ikaron is snooping around the hag's corner, against his mother's pleas."
}