{
  "Path": "Mods/Gustav/Story/Dialogs/Act1/DEN/DEN_DruidAttack_AD_LeadersPrepareAfterAttack.lsj",
  "UUID": "5246d527-6613-1c27-b5d2-2fd24ce57f0f",
  "Category": "Repeated automated NPC Dialog",
  "DefaultAddressedSpeakers": {
    "0": -1,
    "1": -1
  },
  "RootNodes": [
    "0f2e237e-9a07-d2b5-0e6f-57ce06647aa8",
    "94f16e63-5dd8-0db7-d1c2-67e9972f57ca",
    "e098086d-96e8-96c9-34d3-5d501481dd92",
    "f3b82007-6b9e-596e-7036-4a0d7efd2178"
  ],
  "Nodes": {
    "0f2e237e-9a07-d2b5-0e6f-57ce06647aa8": {
      "UUID": "0f2e237e-9a07-d2b5-0e6f-57ce06647aa8",
      "Constructor": "TagGreeting",
      "EndNode": false,
      "Root": true,
      "ShowOnce": false,
      "SpeakerNo": 1,
      "AddressedSpeaker": 0,
      "Children": [
        "4bba43d9-25d3-1170-22a0-e6107968896f"
      ],
      "CheckFlags": [
        {
          "Flags": [
            {
              "UUID": "7f071eb0-2817-1728-16bb-007e489d8a41",
              "value": true,
              "paramval": 0,
              "Name": "DEN_DruidAttack_State_PostAttackAtBooks"
            }
          ],
          "Type": "Object"
        }
      ],
      "SetFlags": [],
      "TaggedTextList": [
        {
          "HasTagRule": false,
          "RuleGroup": {
            "TagCombineOp": 0,
            "Rules": [],
            "RuleString": ""
          },
          "TagTexts": [
            {
              "LineId": "af307da3-0955-c881-0a8c-69cb9a8dd3ac",
              "Text": {
                "Handle": "h2be20871gb1a0g4afagad91gf39ce44adec3",
                "Value": "Are we really doing this?"
              }
            }
          ]
        }
      ],
      "EditorData": {
        "AnimationTags": "",
        "Attitude": "Default",
        "CinematicNodeContext": "",
        "CinematicObjects": "",
        "CustomCineArtKeysPresent": "False",
        "CustomLightingPresent": "False",
        "CustomSoundPresent": "False",
        "CustomVFXPresent": "False",
        "Emotion": "Default",
        "ForceDisableIsCustomNode": "False",
        "ID": "N4",
        "InternalNodeContext": "",
        "IsCustomNode": "False",
        "MusicTags": "",
        "NodeContext": "",
        "Quality": "Bronze",
        "SFXTags": "",
        "StateChangeTags": "",
        "TemplateNodeUUID": "00000000-0000-0000-0000-000000000000",
        "TemplateVersion": "0",
        "VFXTags": "",
        "collapsed": "False",
        "logicalname": "Greeting",
        "position": "15;15",
        "sourcetemplate": ""
      }
    },
    "4bba43d9-25d3-1170-22a0-e6107968896f": {
      "UUID": "4bba43d9-25d3-1170-22a0-e6107968896f",
      "Constructor": "TagAnswer",
      "EndNode": true,
      "Root": false,
      "ShowOnce": false,
      "SpeakerNo": 0,
      "AddressedSpeaker": 0,
      "Children": [],
      "CheckFlags": [],
      "SetFlags": [],
      "TaggedTextList": [
        {
          "HasTagRule": false,
          "RuleGroup": {
            "TagCombineOp": 0,
            "Rules": [],
            "RuleString": ""
          },
          "TagTexts": [
            {
              "LineId": "ef7ac6c3-6b1d-ba26-2438-a024f23fc94a",
              "Text": {
                "Handle": "h00e6ce9bg1074g45e1g9280g3efe721038c7",
                "Value": "We had the druids to worry us before. Not anymore. We can <i>defend </i>this place."
              }
            }
          ]
        }
      ],
      "EditorData": {
        "AnimationTags": "",
        "Attitude": "Default",
        "CinematicNodeContext": "",
        "CinematicObjects": "",
        "CustomCineArtKeysPresent": "False",
        "CustomLightingPresent": "False",
        "CustomSoundPresent": "False",
        "CustomVFXPresent": "False",
        "Emotion": "Default",
        "ForceDisableIsCustomNode": "False",
        "ID": "N5",
        "InternalNodeContext": "",
        "IsCustomNode": "False",
        "MusicTags": "",
        "NodeContext": "",
        "Quality": "Bronze",
        "SFXTags": "",
        "StateChangeTags": "",
        "TemplateNodeUUID": "00000000-0000-0000-0000-000000000000",
        "TemplateVersion": "0",
        "VFXTags": "",
        "collapsed": "False",
        "logicalname": "Answer",
        "position": "335;15",
        "sourcetemplate": ""
      }
    },
    "6bdf969f-dd42-0a2e-a332-8f1e7f55caa3": {
      "UUID": "6bdf969f-dd42-0a2e-a332-8f1e7f55caa3",
      "Constructor": "TagAnswer",
      "EndNode": true,
      "Root": false,
      "ShowOnce": false,
      "SpeakerNo": 1,
      "AddressedSpeaker": 0,
      "Children": [],
      "CheckFlags": [],
      "SetFlags": [],
      "TaggedTextList": [
        {
          "HasTagRule": false,
          "RuleGroup": {
            "TagCombineOp": 0,
            "Rules": [],
            "RuleString": ""
          },
          "TagTexts": [
            {
              "LineId": "6d66f0d8-2b76-ae97-8719-7f909f348a1f",
              "Text": {
                "Handle": "h01b958c9g503eg4102ga316g4d53bacc422c",
                "Value": "Aye."
              }
            }
          ]
        }
      ],
      "EditorData": {
        "AnimationTags": "",
        "Attitude": "Default",
        "CinematicNodeContext": "",
        "CinematicObjects": "",
        "CustomCineArtKeysPresent": "False",
        "CustomLightingPresent": "False",
        "CustomSoundPresent": "False",
        "CustomVFXPresent": "False",
        "Emotion": "Default",
        "ForceDisableIsCustomNode": "False",
        "ID": "N8",
        "InternalNodeContext": "",
        "IsCustomNode": "False",
        "MusicTags": "",
        "NodeContext": "",
        "Quality": "Bronze",
        "SFXTags": "",
        "StateChangeTags": "",
        "TemplateNodeUUID": "00000000-0000-0000-0000-000000000000",
        "TemplateVersion": "0",
        "VFXTags": "",
        "collapsed": "False",
        "logicalname": "Answer",
        "position": "335;672",
        "sourcetemplate": ""
      }
    },
    "94f16e63-5dd8-0db7-d1c2-67e9972f57ca": {
      "UUID": "94f16e63-5dd8-0db7-d1c2-67e9972f57ca",
      "Constructor": "TagGreeting",
      "EndNode": false,
      "Root": true,
      "ShowOnce": false,
      "SpeakerNo": 0,
      "AddressedSpeaker": 0,
      "Children": [
        "d9d3266b-c458-1cc1-059a-35ed07f66390"
      ],
      "CheckFlags": [
        {
          "Flags": [
            {
              "UUID": "4aab82bd-9f46-24cf-e986-eb7396592c44",
              "value": true,
              "paramval": null,
              "Name": "5246d527-6613-1c27-b5d2-2fd24ce57f0f_B"
            }
          ],
          "Type": "Local"
        }
      ],
      "SetFlags": [
        {
          "Flags": [
            {
              "UUID": "4aab82bd-9f46-24cf-e986-eb7396592c44",
              "value": false,
              "paramval": null,
              "Name": "5246d527-6613-1c27-b5d2-2fd24ce57f0f_B"
            },
            {
              "UUID": "6be5a711-7b92-a23b-45a7-74d8e288a89e",
              "value": false,
              "paramval": null,
              "Name": "5246d527-6613-1c27-b5d2-2fd24ce57f0f_A"
            }
          ],
          "Type": "Local"
        }
      ],
      "TaggedTextList": [
        {
          "HasTagRule": false,
          "RuleGroup": {
            "TagCombineOp": 0,
            "Rules": [],
            "RuleString": ""
          },
          "TagTexts": [
            {
              "LineId": "d4206ca0-4f66-f6d5-580e-ee7836289ba8",
              "Text": {
                "Handle": "hf0354e74g93bfg4006gb904gadab9576d87f",
                "Value": "Look down there. Plenty of space for traps."
              }
            }
          ]
        }
      ],
      "EditorData": {
        "AnimationTags": "",
        "Attitude": "Default",
        "CinematicNodeContext": "",
        "CinematicObjects": "",
        "CustomCineArtKeysPresent": "False",
        "CustomLightingPresent": "False",
        "CustomSoundPresent": "False",
        "CustomVFXPresent": "False",
        "Emotion": "Default",
        "ForceDisableIsCustomNode": "False",
        "ID": "N1",
        "InternalNodeContext": "",
        "IsCustomNode": "False",
        "MusicTags": "",
        "NodeContext": "",
        "Quality": "Bronze",
        "SFXTags": "",
        "StateChangeTags": "",
        "TemplateNodeUUID": "00000000-0000-0000-0000-000000000000",
        "TemplateVersion": "0",
        "VFXTags": "",
        "collapsed": "False",
        "logicalname": "Greeting",
        "position": "15;234",
        "sourcetemplate": ""
      }
    },
    "d9d3266b-c458-1cc1-059a-35ed07f66390": {
      "UUID": "d9d3266b-c458-1cc1-059a-35ed07f66390",
      "Constructor": "TagAnswer",
      "EndNode": true,
      "Root": false,
      "ShowOnce": false,
      "SpeakerNo": 1,
      "AddressedSpeaker": 0,
      "Children": [],
      "CheckFlags": [],
      "SetFlags": [],
      "TaggedTextList": [
        {
          "HasTagRule": false,
          "RuleGroup": {
            "TagCombineOp": 0,
            "Rules": [],
            "RuleString": ""
          },
          "TagTexts": [
            {
              "LineId": "223128fb-ae1b-f830-7810-1014e9c77811",
              "Text": {
                "Handle": "h7b274db1g8963g4d1eg8edagca40253de8c2",
                "Value": "That'd sort them right out. I'll put someone on it."
              }
            }
          ]
        }
      ],
      "EditorData": {
        "AnimationTags": "",
        "Attitude": "Default",
        "CinematicNodeContext": "",
        "CinematicObjects": "",
        "CustomCineArtKeysPresent": "False",
        "CustomLightingPresent": "False",
        "CustomSoundPresent": "False",
        "CustomVFXPresent": "False",
        "Emotion": "Default",
        "ForceDisableIsCustomNode": "False",
        "ID": "N6",
        "InternalNodeContext": "",
        "IsCustomNode": "False",
        "MusicTags": "",
        "NodeContext": "",
        "Quality": "Bronze",
        "SFXTags": "",
        "StateChangeTags": "",
        "TemplateNodeUUID": "00000000-0000-0000-0000-000000000000",
        "TemplateVersion": "0",
        "VFXTags": "",
        "collapsed": "False",
        "logicalname": "Answer",
        "position": "335;234",
        "sourcetemplate": ""
      }
    },
    "df183d73-4168-2f77-383b-46b90193e1c5": {
      "UUID": "df183d73-4168-2f77-383b-46b90193e1c5",
      "Constructor": "TagAnswer",
      "EndNode": true,
      "Root": false,
      "ShowOnce": false,
      "SpeakerNo": 1,
      "AddressedSpeaker": 0,
      "Children": [],
      "CheckFlags": [],
      "SetFlags": [],
      "TaggedTextList": [
        {
          "HasTagRule": false,
          "RuleGroup": {
            "TagCombineOp": 0,
            "Rules": [],
            "RuleString": ""
          },
          "TagTexts": [
            {
              "LineId": "4af50e0f-2743-dbf1-657b-5bde0c0269f2",
              "Text": {
                "Handle": "h4ff76771gd9aag4e6agbc1fg080826c44394",
                "Value": "Not sure if we've got any. I'll find out."
              }
            }
          ]
        }
      ],
      "EditorData": {
        "AnimationTags": "",
        "Attitude": "Default",
        "CinematicNodeContext": "",
        "CinematicObjects": "",
        "CustomCineArtKeysPresent": "False",
        "CustomLightingPresent": "False",
        "CustomSoundPresent": "False",
        "CustomVFXPresent": "False",
        "Emotion": "Default",
        "ForceDisableIsCustomNode": "False",
        "ID": "N7",
        "InternalNodeContext": "",
        "IsCustomNode": "False",
        "MusicTags": "",
        "NodeContext": "",
        "Quality": "Bronze",
        "SFXTags": "",
        "StateChangeTags": "",
        "TemplateNodeUUID": "00000000-0000-0000-0000-000000000000",
        "TemplateVersion": "0",
        "VFXTags": "",
        "collapsed": "False",
        "logicalname": "Answer",
        "position": "335;453",
        "sourcetemplate": ""
      }
    },
    "e098086d-96e8-96c9-34d3-5d501481dd92": {
      "UUID": "e098086d-96e8-96c9-34d3-5d501481dd92",
      "Constructor": "TagGreeting",
      "EndNode": false,
      "Root": true,
      "ShowOnce": false,
      "SpeakerNo": 0,
      "AddressedSpeaker": 0,
      "Children": [
        "df183d73-4168-2f77-383b-46b90193e1c5"
      ],
      "CheckFlags": [
        {
          "Flags": [
            {
              "UUID": "6be5a711-7b92-a23b-45a7-74d8e288a89e",
              "value": true,
              "paramval": null,
              "Name": "5246d527-6613-1c27-b5d2-2fd24ce57f0f_A"
            }
          ],
          "Type": "Local"
        }
      ],
      "SetFlags": [
        {
          "Flags": [
            {
              "UUID": "4aab82bd-9f46-24cf-e986-eb7396592c44",
              "value": true,
              "paramval": null,
              "Name": "5246d527-6613-1c27-b5d2-2fd24ce57f0f_B"
            }
          ],
          "Type": "Local"
        }
      ],
      "TaggedTextList": [
        {
          "HasTagRule": false,
          "RuleGroup": {
            "TagCombineOp": 0,
            "Rules": [],
            "RuleString": ""
          },
          "TagTexts": [
            {
              "LineId": "f90b97fd-df3c-8ef1-7345-9d3be4807835",
              "Text": {
                "Handle": "hc7d2cf97g8822g4f47g95d6gcd8a6e9e4d70",
                "Value": "We should load up on oil. Bring it down on the goblins when they come."
              }
            }
          ]
        }
      ],
      "EditorData": {
        "AnimationTags": "",
        "Attitude": "Default",
        "CinematicNodeContext": "",
        "CinematicObjects": "",
        "CustomCineArtKeysPresent": "False",
        "CustomLightingPresent": "False",
        "CustomSoundPresent": "False",
        "CustomVFXPresent": "False",
        "Emotion": "Default",
        "ForceDisableIsCustomNode": "False",
        "ID": "N2",
        "InternalNodeContext": "",
        "IsCustomNode": "False",
        "MusicTags": "",
        "NodeContext": "",
        "Quality": "Bronze",
        "SFXTags": "",
        "StateChangeTags": "",
        "TemplateNodeUUID": "00000000-0000-0000-0000-000000000000",
        "TemplateVersion": "0",
        "VFXTags": "",
        "collapsed": "False",
        "logicalname": "Greeting",
        "position": "15;453",
        "sourcetemplate": ""
      }
    },
    "f3b82007-6b9e-596e-7036-4a0d7efd2178": {
      "UUID": "f3b82007-6b9e-596e-7036-4a0d7efd2178",
      "Constructor": "TagGreeting",
      "EndNode": false,
      "Root": true,
      "ShowOnce": false,
      "SpeakerNo": 0,
      "AddressedSpeaker": 0,
      "Children": [
        "6bdf969f-dd42-0a2e-a332-8f1e7f55caa3"
      ],
      "CheckFlags": [],
      "SetFlags": [
        {
          "Flags": [
            {
              "UUID": "6be5a711-7b92-a23b-45a7-74d8e288a89e",
              "value": true,
              "paramval": null,
              "Name": "5246d527-6613-1c27-b5d2-2fd24ce57f0f_A"
            }
          ],
          "Type": "Local"
        }
      ],
      "TaggedTextList": [
        {
          "HasTagRule": false,
          "RuleGroup": {
            "TagCombineOp": 0,
            "Rules": [],
            "RuleString": ""
          },
          "TagTexts": [
            {
              "LineId": "df599938-6cb6-f1fc-54ec-f87b03462f80",
              "Text": {
                "Handle": "hf24909e8gee2bg40ffgb97dg4cf987621496",
                "Value": "Lady down some barricades. We already have the high ground - best to make use of it."
              }
            }
          ]
        }
      ],
      "EditorData": {
        "AnimationTags": "",
        "Attitude": "Default",
        "CinematicNodeContext": "",
        "CinematicObjects": "",
        "CustomCineArtKeysPresent": "False",
        "CustomLightingPresent": "False",
        "CustomSoundPresent": "False",
        "CustomVFXPresent": "False",
        "Emotion": "Default",
        "ForceDisableIsCustomNode": "False",
        "ID": "N3",
        "InternalNodeContext": "",
        "IsCustomNode": "False",
        "MusicTags": "",
        "NodeContext": "",
        "Quality": "Bronze",
        "SFXTags": "",
        "StateChangeTags": "",
        "TemplateNodeUUID": "00000000-0000-0000-0000-000000000000",
        "TemplateVersion": "0",
        "VFXTags": "",
        "collapsed": "False",
        "logicalname": "Greeting",
        "position": "15;672",
        "sourcetemplate": ""
      }
    }
  },
  "SpeakerDict": {
    "0": {
      "IsPeanutSpeaker": false,
      "SpeakerMappingId": "1ad98638-5901-04f2-46d6-46a4c4626533",
      "Index": 0,
      "List": [
        "475200ee-cc3c-4dbe-84b1-1820c02ea26a"
      ],
      "SpeakerCharacter": {
        "DisplayName": "Zevlor",
        "Type": "character",
        "MapKey": "475200ee-cc3c-4dbe-84b1-1820c02ea26a",
        "Name": "S_DEN_TieflingLeader",
        "ParentTemplateId": null,
        "TemplateName": "a5856190-08e3-4741-b697-8b1cbf03eaa1"
      },
      "SpeakerGroupName": null
    },
    "1": {
      "IsPeanutSpeaker": false,
      "SpeakerMappingId": "6efa7dd4-696f-353c-9998-40b0675a5023",
      "Index": 1,
      "List": [
        "02025646-347a-4235-aef7-e46b7c94b435"
      ],
      "SpeakerCharacter": {
        "DisplayName": "Asharak",
        "Type": "character",
        "MapKey": "02025646-347a-4235-aef7-e46b7c94b435",
        "Name": "S_DEN_Trainer",
        "ParentTemplateId": null,
        "TemplateName": "a5856190-08e3-4741-b697-8b1cbf03eaa1"
      },
      "SpeakerGroupName": null
    }
  },
  "Synopsis": "Asharak and Zevlor are at the entrance and walking around together as they envision what sort of defense they can mount on the walls."
}