{
  "Path": "Mods/Gustav/Story/Dialogs/Act1/DEN/DEN_DruidAttack_ScoutCaptive.lsj",
  "UUID": "f9b625dc-3593-c5b7-54a9-f134b004275b",
  "Category": "Generic NPC Dialog",
  "DefaultAddressedSpeakers": {
    "0": -1,
    "1": -1
  },
  "RootNodes": [
    "4ec69c54-f114-73ed-e7e7-ab66f4e65a95"
  ],
  "Nodes": {
    "4ec69c54-f114-73ed-e7e7-ab66f4e65a95": {
      "UUID": "4ec69c54-f114-73ed-e7e7-ab66f4e65a95",
      "Constructor": "TagGreeting",
      "EndNode": true,
      "Root": true,
      "ShowOnce": false,
      "SpeakerNo": 0,
      "AddressedSpeaker": -1,
      "Children": [],
      "CheckFlags": [],
      "SetFlags": [],
      "TaggedTextList": [
        {
          "HasTagRule": false,
          "RuleGroup": {
            "TagCombineOp": 0,
            "Rules": [],
            "RuleString": ""
          },
          "TagTexts": [
            {
              "LineId": "db20ab37-9f68-5f50-0010-48683c6103f0",
              "Text": {
                "Handle": "h85f3b54fgfce8g4267gaf74gbade4661a849",
                "Value": "You should have left while you could."
              }
            }
          ]
        }
      ],
      "EditorData": {
        "AnimationTags": "",
        "Attitude": "Default",
        "CinematicNodeContext": "",
        "CinematicObjects": "",
        "CustomCineArtKeysPresent": "False",
        "CustomLightingPresent": "False",
        "CustomSoundPresent": "False",
        "CustomVFXPresent": "False",
        "Emotion": "Default",
        "ForceDisableIsCustomNode": "False",
        "ID": "N1",
        "InternalNodeContext": "",
        "IsCustomNode": "False",
        "MusicTags": "",
        "NodeContext": "angry but regretful",
        "Quality": "Bronze",
        "SFXTags": "",
        "StateChangeTags": "",
        "TemplateNodeUUID": "00000000-0000-0000-0000-000000000000",
        "TemplateVersion": "0",
        "VFXTags": "",
        "collapsed": "False",
        "logicalname": "Druid Attack is under way.",
        "position": "15;-423",
        "sourcetemplate": ""
      }
    }
  },
  "SpeakerDict": {
    "0": {
      "IsPeanutSpeaker": false,
      "SpeakerMappingId": "35ebd2ab-a95e-7fb1-acf7-2889441ff124",
      "Index": 0,
      "List": [
        "f5b5819f-1636-4f2e-82bb-709522cc399f"
      ],
      "SpeakerCharacter": {
        "DisplayName": "Findal",
        "Type": "character",
        "MapKey": "f5b5819f-1636-4f2e-82bb-709522cc399f",
        "Name": "S_DEN_ScoutCaptive",
        "ParentTemplateId": null,
        "TemplateName": "a477d5fb-0a41-4c40-9d03-332236e744ec"
      },
      "SpeakerGroupName": null
    },
    "1": {
      "IsPeanutSpeaker": false,
      "SpeakerMappingId": "a5a0a5b9-053c-ff04-88ce-5df5d96c1bef",
      "Index": 1,
      "List": [
        "e0d1ff71-04a8-4340-ae64-9684d846eb83"
      ],
      "SpeakerCharacter": {
        "DisplayName": "Player",
        "Type": "character",
        "MapKey": "e2badbf0-159a-4ef5-9e73-7bbeb3d1015a",
        "Name": "S_GLO_CharacterCreationDummy_001",
        "ParentTemplateId": null,
        "TemplateName": "fd7f2707-8f86-4836-bda8-e0db99c389cc"
      },
      "SpeakerGroupName": "GROUP_Players"
    }
  },
  "Synopsis": "A druid we saved from some goblins earlier - regretfully telling us it's too late to leave - his people are going to kill us.lNPC Dialog during the Druid Attack state, before the Druids turn hostile."
}