{
  "Path": "Mods/Gustav/Story/Dialogs/Act1/DEN/DEN_Apprentice_PAD_Dying.lsj",
  "UUID": "f19b2b7a-0daf-e783-5a5d-e6ef6a2d8f4b",
  "Category": "Voice bark",
  "DefaultAddressedSpeakers": {
    "0": -1
  },
  "RootNodes": [
    "18b1e591-1206-40e3-b999-5668367ee51a"
  ],
  "Nodes": {
    "18b1e591-1206-40e3-b999-5668367ee51a": {
      "UUID": "18b1e591-1206-40e3-b999-5668367ee51a",
      "Constructor": "TagGreeting",
      "EndNode": true,
      "Root": true,
      "ShowOnce": false,
      "SpeakerNo": 0,
      "AddressedSpeaker": 0,
      "Children": [],
      "CheckFlags": [],
      "SetFlags": [],
      "TaggedTextList": [
        {
          "HasTagRule": true,
          "RuleGroup": {
            "TagCombineOp": 0,
            "Rules": [
              {
                "HasChildRules": false,
                "TagCombineOp": 0,
                "Tags": [
                  "ffd08582-7396-4cac-bcd4-8f9cd0fd8ef3"
                ],
                "TagNames": [
                  "REALLY_ASTARION"
                ]
              }
            ],
            "RuleString": "REALLY_ASTARION"
          },
          "TagTexts": [
            {
              "LineId": "3a4b7565-c32e-2335-59ef-1a60aadff594",
              "Text": {
                "Handle": "h57fa8217gb042g4932g93a4ge4186431ff1a",
                "Value": "No. No, it can't end like this!"
              }
            }
          ]
        },
        {
          "HasTagRule": true,
          "RuleGroup": {
            "TagCombineOp": 0,
            "Rules": [
              {
                "HasChildRules": false,
                "TagCombineOp": 0,
                "Tags": [
                  "9b0354c0-56d9-4723-8034-918ac9abab19"
                ],
                "TagNames": [
                  "REALLY_GALE"
                ]
              }
            ],
            "RuleString": "REALLY_GALE"
          },
          "TagTexts": [
            {
              "LineId": "78d3a8fa-03cc-5e57-cca2-dc31ab47d0ef",
              "Text": {
                "Handle": "h825d0a89gf233g4f78gaf1bg36ef0a0d5614",
                "Value": "The poison is overtaking me. Bring me back! I must be brought back!"
              }
            }
          ]
        },
        {
          "HasTagRule": true,
          "RuleGroup": {
            "TagCombineOp": 0,
            "Rules": [
              {
                "HasChildRules": false,
                "TagCombineOp": 0,
                "Tags": [
                  "1a2f70d6-8ead-4eb5-a824-79ee1971764a"
                ],
                "TagNames": [
                  "REALLY_KARLACH"
                ]
              }
            ],
            "RuleString": "REALLY_KARLACH"
          },
          "TagTexts": [
            {
              "LineId": "62c07d20-cc25-e307-db3b-e9b6e58447be",
              "Text": {
                "Handle": "hb5818cb8g7aaag4825g88c6g0192b0785466",
                "Value": "The poison's turned my guts to muck... I'm done for..."
              }
            }
          ]
        },
        {
          "HasTagRule": true,
          "RuleGroup": {
            "TagCombineOp": 0,
            "Rules": [
              {
                "HasChildRules": false,
                "TagCombineOp": 0,
                "Tags": [
                  "b5682d1d-c395-489c-9675-1f9b0c328ea5"
                ],
                "TagNames": [
                  "REALLY_LAEZEL"
                ]
              }
            ],
            "RuleString": "REALLY_LAEZEL"
          },
          "TagTexts": [
            {
              "LineId": "db6e6168-f848-2ffa-7e22-535abe5ff41f",
              "Text": {
                "Handle": "h725a9bb3g9977g4c09g8642gfc52040ac651",
                "Value": "The poison's done its work. <i>I'm sorry, my Queen...</i>"
              }
            }
          ]
        },
        {
          "HasTagRule": true,
          "RuleGroup": {
            "TagCombineOp": 0,
            "Rules": [
              {
                "HasChildRules": false,
                "TagCombineOp": 0,
                "Tags": [
                  "642d2aee-e3df-47e3-9f47-bbcd441bb9e0"
                ],
                "TagNames": [
                  "REALLY_SHADOWHEART"
                ]
              }
            ],
            "RuleString": "REALLY_SHADOWHEART"
          },
          "TagTexts": [
            {
              "LineId": "c6ffd87e-5737-f192-1704-90276cfa579f",
              "Text": {
                "Handle": "h7b03d7d8gb3d0g4405gbcfcgfd4ef067fccf",
                "Value": "<i>Agh</i>... killed by a bloody dwarf healer. Pathetic."
              }
            }
          ]
        },
        {
          "HasTagRule": true,
          "RuleGroup": {
            "TagCombineOp": 0,
            "Rules": [
              {
                "HasChildRules": false,
                "TagCombineOp": 0,
                "Tags": [
                  "5f40def5-d3ec-4698-a367-01a339888956"
                ],
                "TagNames": [
                  "REALLY_WYLL"
                ]
              }
            ],
            "RuleString": "REALLY_WYLL"
          },
          "TagTexts": [
            {
              "LineId": "9fb921a8-c71e-4637-a09d-47caf33cb49a",
              "Text": {
                "Handle": "h52eb7a46ge8d0g4134gb617g7eb6ff83c3d0",
                "Value": "This... this is it. It's too much..."
              }
            }
          ]
        },
        {
          "HasTagRule": true,
          "RuleGroup": {
            "TagCombineOp": 0,
            "Rules": [
              {
                "HasChildRules": false,
                "TagCombineOp": 0,
                "Tags": [
                  "264a6880-9a51-429c-a9fc-97f8952baf90"
                ],
                "TagNames": [
                  "REALLY_GENERIC"
                ]
              }
            ],
            "RuleString": "REALLY_GENERIC"
          },
          "TagTexts": [
            {
              "LineId": "6be0bdad-3713-70b7-86a5-45ce112b7391",
              "Text": {
                "Handle": "h35e2a3e0g8449g4c89g845dgbbadb74748a6",
                "Value": "Argh, the poison. It's too much. It's too late..."
              }
            }
          ]
        }
      ],
      "EditorData": {
        "AnimationTags": "",
        "Attitude": "Default",
        "CinematicNodeContext": "",
        "CinematicObjects": "",
        "CustomCineArtKeysPresent": "False",
        "CustomLightingPresent": "False",
        "CustomSoundPresent": "False",
        "CustomVFXPresent": "False",
        "Emotion": "Default",
        "ForceDisableIsCustomNode": "False",
        "ID": "N1",
        "InternalNodeContext": "",
        "IsCustomNode": "False",
        "MusicTags": "",
        "NodeContext": "You're dying, poison has overtaken your system. These are your last words.",
        "Quality": "Bronze",
        "SFXTags": "",
        "StateChangeTags": "",
        "TemplateNodeUUID": "00000000-0000-0000-0000-000000000000",
        "TemplateVersion": "0",
        "VFXTags": "",
        "collapsed": "False",
        "logicalname": "Dies right after saying this",
        "position": "335;15",
        "sourcetemplate": "ORIGINS_PAD"
      }
    }
  },
  "SpeakerDict": {
    "0": {
      "IsPeanutSpeaker": false,
      "SpeakerMappingId": "4277991b-790f-09fc-67a3-1f87605a60af",
      "Index": 0,
      "List": [
        "e0d1ff71-04a8-4340-ae64-9684d846eb83"
      ],
      "SpeakerCharacter": {
        "DisplayName": "Player",
        "Type": "character",
        "MapKey": "e2badbf0-159a-4ef5-9e73-7bbeb3d1015a",
        "Name": "S_GLO_CharacterCreationDummy_001",
        "ParentTemplateId": null,
        "TemplateName": "fd7f2707-8f86-4836-bda8-e0db99c389cc"
      },
      "SpeakerGroupName": "GROUP_Players"
    }
  },
  "Synopsis": "The player has the status DEN_APPRENTICE_THORN on them. This status has 3 stages leading to death. \r\nThis PAD plays after a long rest: the player let the status get worse and worse. Right after this PAD, the player dies. These are their last words."
}