{
  "Path": "Mods/Gustav/Story/Dialogs/Act1/DEN/DEN_DruidAttack_ExcitedBoar.lsj",
  "UUID": "9184bbb6-43ab-e307-5f15-a68fd1ebc389",
  "Category": "Generic NPC Dialog",
  "DefaultAddressedSpeakers": {
    "0": -1,
    "1": -1
  },
  "RootNodes": [
    "47485bda-7db3-fe14-e546-2cb1b9e9ad07",
    "33580900-c711-b937-f1a1-77ba2f89f593",
    "e4576ba0-a5f3-ae3c-190c-50dcc9e90ed6"
  ],
  "Nodes": {
    "33580900-c711-b937-f1a1-77ba2f89f593": {
      "UUID": "33580900-c711-b937-f1a1-77ba2f89f593",
      "Constructor": "TagGreeting",
      "EndNode": true,
      "Root": true,
      "ShowOnce": false,
      "SpeakerNo": 0,
      "AddressedSpeaker": 0,
      "Children": [],
      "CheckFlags": [
        {
          "Flags": [
            {
              "UUID": "dc860a81-f3c2-4c1a-ab90-e7583324845c",
              "value": true,
              "paramval": 1,
              "Name": "PETPAL"
            }
          ],
          "Type": "Tag"
        }
      ],
      "SetFlags": [
        {
          "Flags": [
            {
              "UUID": "bafae529-628c-f47d-9e75-fa0fa229aed8",
              "value": true,
              "paramval": 1,
              "Name": "DEN_DruidAttack_HasMet_ExcitedBoar"
            }
          ],
          "Type": "Dialog"
        }
      ],
      "TaggedTextList": [
        {
          "HasTagRule": false,
          "RuleGroup": {
            "TagCombineOp": 0,
            "Rules": [],
            "RuleString": ""
          },
          "TagTexts": [
            {
              "LineId": "70519579-56a6-a06d-3aec-1c60d0aff22c",
              "Text": {
                "Handle": "h7ec5363bg5739g4c5eg8fa2g0f447adb7679",
                "Value": "I should've known. All two-legs are the same!"
              }
            }
          ]
        }
      ],
      "EditorData": {
        "AnimationTags": "",
        "Attitude": "Negative",
        "CinematicNodeContext": "",
        "CinematicObjects": "",
        "CustomCineArtKeysPresent": "True",
        "CustomLightingPresent": "False",
        "CustomSoundPresent": "False",
        "CustomVFXPresent": "False",
        "Emotion": "Anger",
        "ForceDisableIsCustomNode": "False",
        "ID": "N15",
        "InternalNodeContext": "",
        "IsCustomNode": "False",
        "MusicTags": "",
        "NodeContext": "",
        "Quality": "Bronze",
        "SFXTags": "",
        "StateChangeTags": "",
        "TemplateNodeUUID": "00000000-0000-0000-0000-000000000000",
        "TemplateVersion": "0",
        "VFXTags": "",
        "collapsed": "False",
        "logicalname": "Greeting",
        "position": "15;-423",
        "sourcetemplate": ""
      }
    },
    "47485bda-7db3-fe14-e546-2cb1b9e9ad07": {
      "UUID": "47485bda-7db3-fe14-e546-2cb1b9e9ad07",
      "Constructor": "TagGreeting",
      "EndNode": true,
      "Root": true,
      "ShowOnce": false,
      "SpeakerNo": 0,
      "AddressedSpeaker": 0,
      "Children": [],
      "CheckFlags": [
        {
          "Flags": [
            {
              "UUID": "bafae529-628c-f47d-9e75-fa0fa229aed8",
              "value": true,
              "paramval": 1,
              "Name": "DEN_DruidAttack_HasMet_ExcitedBoar"
            }
          ],
          "Type": "Dialog"
        },
        {
          "Flags": [
            {
              "UUID": "dc860a81-f3c2-4c1a-ab90-e7583324845c",
              "value": true,
              "paramval": 1,
              "Name": "PETPAL"
            }
          ],
          "Type": "Tag"
        }
      ],
      "SetFlags": [],
      "TaggedTextList": [
        {
          "HasTagRule": false,
          "RuleGroup": {
            "TagCombineOp": 0,
            "Rules": [],
            "RuleString": ""
          },
          "TagTexts": [
            {
              "LineId": "9c1872ad-9824-d07c-8264-f19ac1ef843c",
              "Text": {
                "Handle": "h7ab7628egd750g46e9ga9b2g61135e4d3e59",
                "Value": "Start running, two-legs - I'll be right behind you."
              }
            }
          ]
        }
      ],
      "EditorData": {
        "AnimationTags": "",
        "Attitude": "Negative",
        "CinematicNodeContext": "",
        "CinematicObjects": "",
        "CustomCineArtKeysPresent": "True",
        "CustomLightingPresent": "False",
        "CustomSoundPresent": "False",
        "CustomVFXPresent": "False",
        "Emotion": "Anger",
        "ForceDisableIsCustomNode": "False",
        "ID": "N16",
        "InternalNodeContext": "",
        "IsCustomNode": "False",
        "MusicTags": "",
        "NodeContext": "a threat, not a friendly sentence",
        "Quality": "Bronze",
        "SFXTags": "",
        "StateChangeTags": "",
        "TemplateNodeUUID": "00000000-0000-0000-0000-000000000000",
        "TemplateVersion": "0",
        "VFXTags": "",
        "collapsed": "False",
        "logicalname": "Greeting",
        "position": "15;-642",
        "sourcetemplate": ""
      }
    },
    "e4576ba0-a5f3-ae3c-190c-50dcc9e90ed6": {
      "UUID": "e4576ba0-a5f3-ae3c-190c-50dcc9e90ed6",
      "Constructor": "TagGreeting",
      "EndNode": true,
      "Root": true,
      "ShowOnce": false,
      "SpeakerNo": 0,
      "AddressedSpeaker": 0,
      "Children": [],
      "CheckFlags": [],
      "SetFlags": [],
      "TaggedTextList": [
        {
          "HasTagRule": false,
          "RuleGroup": {
            "TagCombineOp": 0,
            "Rules": [],
            "RuleString": ""
          },
          "TagTexts": [
            {
              "LineId": "d2bfba91-cf26-dd3b-2092-ba7c3629d521",
              "Text": {
                "Handle": "h78c84ab1g8210g482ag8d98g727e203cace3",
                "Value": "*Grunt.*"
              }
            }
          ]
        }
      ],
      "EditorData": {
        "AnimationTags": "",
        "Attitude": "Negative",
        "CinematicNodeContext": "",
        "CinematicObjects": "",
        "CustomCineArtKeysPresent": "True",
        "CustomLightingPresent": "False",
        "CustomSoundPresent": "True",
        "CustomVFXPresent": "False",
        "Emotion": "Anger",
        "ForceDisableIsCustomNode": "False",
        "ID": "N1",
        "InternalNodeContext": "",
        "IsCustomNode": "False",
        "MusicTags": "",
        "NodeContext": "",
        "Quality": "Bronze",
        "SFXTags": "",
        "StateChangeTags": "",
        "TemplateNodeUUID": "00000000-0000-0000-0000-000000000000",
        "TemplateVersion": "0",
        "VFXTags": "",
        "collapsed": "False",
        "logicalname": "Druid Attack is under way.",
        "position": "15;-204",
        "sourcetemplate": ""
      }
    }
  },
  "SpeakerDict": {
    "0": {
      "IsPeanutSpeaker": false,
      "SpeakerMappingId": "1ccacdc1-3b17-8de0-6cb3-7170896692eb",
      "Index": 0,
      "List": [
        "5e856a8e-957a-49b1-8ec7-f430984e08ca"
      ],
      "SpeakerCharacter": {
        "DisplayName": "Tusk",
        "Type": "character",
        "MapKey": "5e856a8e-957a-49b1-8ec7-f430984e08ca",
        "Name": "S_DEN_ExcitedBoar",
        "ParentTemplateId": null,
        "TemplateName": "b9186958-8507-4076-ade5-0a3b43763997"
      },
      "SpeakerGroupName": null
    },
    "1": {
      "IsPeanutSpeaker": false,
      "SpeakerMappingId": "e10fda8f-4298-9dc8-d129-d9fd8b12cbbe",
      "Index": 1,
      "List": [
        "e0d1ff71-04a8-4340-ae64-9684d846eb83"
      ],
      "SpeakerCharacter": {
        "DisplayName": "Player",
        "Type": "character",
        "MapKey": "e2badbf0-159a-4ef5-9e73-7bbeb3d1015a",
        "Name": "S_GLO_CharacterCreationDummy_001",
        "ParentTemplateId": null,
        "TemplateName": "fd7f2707-8f86-4836-bda8-e0db99c389cc"
      },
      "SpeakerGroupName": "GROUP_Players"
    }
  },
  "Synopsis": "This boar was friendly to the player before. Now the player has committed a crime, and the boar feels betrayed. He's about to attack."
}