{
  "Path": "Mods/Gustav/Story/Dialogs/Act1/DEN/DEN_AttackOnDen_Servant002.lsj",
  "UUID": "0e0c00af-ca53-9294-317d-4dc94bf79247",
  "Category": "Generic NPC Dialog",
  "DefaultAddressedSpeakers": {
    "0": 1,
    "1": 0
  },
  "RootNodes": [
    "faecdc3e-666a-2ed0-155f-3bffa2ac4b38",
    "40ddfe56-e494-3afd-7160-ae4ae4e81b18",
    "678ac664-0072-c205-a783-f7b104f49d71",
    "eaa13e1e-0493-24d3-2979-003efc792a5e",
    "595969a9-acf6-33f7-dbe0-a52087f106c7"
  ],
  "Nodes": {
    "095952d8-e98e-dc55-43f7-694eb23b10a5": {
      "UUID": "095952d8-e98e-dc55-43f7-694eb23b10a5",
      "Constructor": "TagQuestion",
      "EndNode": true,
      "Root": false,
      "ShowOnce": true,
      "SpeakerNo": 1,
      "AddressedSpeaker": -1,
      "Children": [],
      "CheckFlags": [],
      "SetFlags": [],
      "TaggedTextList": [
        {
          "HasTagRule": false,
          "RuleGroup": {
            "TagCombineOp": 0,
            "Rules": [],
            "RuleString": ""
          },
          "TagTexts": [
            {
              "LineId": "75a912ee-6594-9bba-b8c4-3eea3c58c437",
              "Text": {
                "Handle": "hd7c725b2g3ed1g4bcbg894dg16a1aa8c9447",
                "Value": "<i>Leave.</i>"
              }
            }
          ]
        }
      ],
      "EditorData": {
        "AnimationTags": "",
        "Attitude": "Default",
        "CinematicNodeContext": "",
        "CinematicObjects": "",
        "CustomCineArtKeysPresent": "False",
        "CustomLightingPresent": "False",
        "CustomSoundPresent": "False",
        "CustomVFXPresent": "False",
        "Emotion": "Default",
        "ForceDisableIsCustomNode": "False",
        "ID": "N79",
        "InternalNodeContext": "",
        "IsCustomNode": "False",
        "MusicTags": "",
        "NodeContext": "",
        "Quality": "Bronze",
        "SFXTags": "",
        "StateChangeTags": "",
        "TemplateNodeUUID": "00000000-0000-0000-0000-000000000000",
        "TemplateVersion": "0",
        "VFXTags": "",
        "collapsed": "False",
        "logicalname": "Question",
        "position": "655;-423",
        "sourcetemplate": ""
      }
    },
    "224ce7f6-4f15-a4e6-0e93-52ab7272ae73": {
      "UUID": "224ce7f6-4f15-a4e6-0e93-52ab7272ae73",
      "Constructor": "TagAnswer",
      "EndNode": false,
      "Root": false,
      "ShowOnce": false,
      "SpeakerNo": 0,
      "AddressedSpeaker": -1,
      "Children": [],
      "CheckFlags": [],
      "SetFlags": [],
      "TaggedTextList": [
        {
          "HasTagRule": false,
          "RuleGroup": {
            "TagCombineOp": 0,
            "Rules": [],
            "RuleString": ""
          },
          "TagTexts": [
            {
              "LineId": "057dbbbf-8e17-d72c-b79d-172d6a0aa9fc",
              "Text": {
                "Handle": "hbc9be488gbb3dg4cd7g908fg278ecc11422a",
                "Value": "Besides, you survived. I'll not apologise for my actions."
              }
            }
          ]
        }
      ],
      "EditorData": {
        "AnimationTags": "",
        "Attitude": "Default",
        "CinematicNodeContext": "",
        "CinematicObjects": "",
        "CustomCineArtKeysPresent": "False",
        "CustomLightingPresent": "False",
        "CustomSoundPresent": "False",
        "CustomVFXPresent": "False",
        "Emotion": "Default",
        "ForceDisableIsCustomNode": "False",
        "ID": "N84",
        "InternalNodeContext": "",
        "IsCustomNode": "False",
        "MusicTags": "",
        "NodeContext": "",
        "Quality": "Bronze",
        "SFXTags": "",
        "StateChangeTags": "",
        "TemplateNodeUUID": "00000000-0000-0000-0000-000000000000",
        "TemplateVersion": "0",
        "VFXTags": "",
        "collapsed": "False",
        "logicalname": "Answer",
        "position": "1295;-1518",
        "sourcetemplate": ""
      }
    },
    "246a32a9-8a6c-c1c4-0d38-5c1f8fd6afce": {
      "UUID": "246a32a9-8a6c-c1c4-0d38-5c1f8fd6afce",
      "Constructor": "TagQuestion",
      "EndNode": false,
      "Root": false,
      "ShowOnce": true,
      "SpeakerNo": 1,
      "AddressedSpeaker": -1,
      "Children": [
        "27f63954-7552-b714-f6d4-6cb9395fdba9"
      ],
      "CheckFlags": [
        {
          "Flags": [
            {
              "UUID": "e436b44c-d40b-7f57-405c-3fa27eb6ecff",
              "value": true,
              "paramval": 1,
              "Name": "DEN_AttackOnDen_HasMet_LairDoor"
            }
          ],
          "Type": "Dialog"
        },
        {
          "Flags": [
            {
              "UUID": "d2099c6f-8f66-8a48-c3ee-3c4dc5be6d2f",
              "value": false,
              "paramval": null,
              "Name": "0e0c00af-ca53-9294-317d-4dc94bf79247_Den_AttackOnDen_Servant002_Q1"
            }
          ],
          "Type": "Local"
        }
      ],
      "SetFlags": [
        {
          "Flags": [
            {
              "UUID": "d2099c6f-8f66-8a48-c3ee-3c4dc5be6d2f",
              "value": true,
              "paramval": null,
              "Name": "0e0c00af-ca53-9294-317d-4dc94bf79247_Den_AttackOnDen_Servant002_Q1"
            }
          ],
          "Type": "Local"
        }
      ],
      "TaggedTextList": [
        {
          "HasTagRule": false,
          "RuleGroup": {
            "TagCombineOp": 0,
            "Rules": [],
            "RuleString": ""
          },
          "TagTexts": [
            {
              "LineId": "e2ac6f1b-3b78-5fa9-4aa7-895f7d2b310f",
              "Text": {
                "Handle": "h1b103950g3692g42e4g9f62ga044c9a9b9e8",
                "Value": "And before the attack - were you 'sheltering', or just plain cowering?"
              }
            }
          ]
        }
      ],
      "EditorData": {
        "AnimationTags": "",
        "Attitude": "Default",
        "CinematicNodeContext": "",
        "CinematicObjects": "",
        "CustomCineArtKeysPresent": "False",
        "CustomLightingPresent": "False",
        "CustomSoundPresent": "False",
        "CustomVFXPresent": "False",
        "Emotion": "Default",
        "ForceDisableIsCustomNode": "False",
        "ID": "N77",
        "InternalNodeContext": "",
        "IsCustomNode": "False",
        "MusicTags": "",
        "NodeContext": "",
        "Quality": "Bronze",
        "SFXTags": "",
        "StateChangeTags": "",
        "TemplateNodeUUID": "00000000-0000-0000-0000-000000000000",
        "TemplateVersion": "0",
        "VFXTags": "",
        "collapsed": "False",
        "logicalname": "Question",
        "position": "655;-1518",
        "sourcetemplate": ""
      }
    },
    "27f63954-7552-b714-f6d4-6cb9395fdba9": {
      "UUID": "27f63954-7552-b714-f6d4-6cb9395fdba9",
      "Constructor": "TagAnswer",
      "EndNode": false,
      "Root": false,
      "ShowOnce": false,
      "SpeakerNo": 0,
      "AddressedSpeaker": -1,
      "Children": [
        "224ce7f6-4f15-a4e6-0e93-52ab7272ae73"
      ],
      "CheckFlags": [],
      "SetFlags": [],
      "TaggedTextList": [
        {
          "HasTagRule": false,
          "RuleGroup": {
            "TagCombineOp": 0,
            "Rules": [],
            "RuleString": ""
          },
          "TagTexts": [
            {
              "LineId": "1815d210-349b-bf9e-81a9-944fbc3b3948",
              "Text": {
                "Handle": "ha053eeecg3e82g44bcg938ag12cc1469bc8c",
                "Value": "The dignity of the grove comes first. It cannot be tended to if its custodians are dead."
              }
            }
          ]
        }
      ],
      "EditorData": {
        "AnimationTags": "",
        "Attitude": "Default",
        "CinematicNodeContext": "",
        "CinematicObjects": "",
        "CustomCineArtKeysPresent": "False",
        "CustomLightingPresent": "False",
        "CustomSoundPresent": "False",
        "CustomVFXPresent": "False",
        "Emotion": "Default",
        "ForceDisableIsCustomNode": "False",
        "ID": "N83",
        "InternalNodeContext": "",
        "IsCustomNode": "False",
        "MusicTags": "",
        "NodeContext": "",
        "Quality": "Bronze",
        "SFXTags": "",
        "StateChangeTags": "",
        "TemplateNodeUUID": "00000000-0000-0000-0000-000000000000",
        "TemplateVersion": "0",
        "VFXTags": "",
        "collapsed": "False",
        "logicalname": "Answer",
        "position": "975;-1518",
        "sourcetemplate": ""
      }
    },
    "2bbf1659-b4ea-3774-2d53-4d012d5df5f7": {
      "UUID": "2bbf1659-b4ea-3774-2d53-4d012d5df5f7",
      "Constructor": "TagQuestion",
      "EndNode": false,
      "Root": false,
      "ShowOnce": true,
      "SpeakerNo": 1,
      "AddressedSpeaker": -1,
      "Children": [
        "913f0e33-185a-ea38-b543-dcdffe67d01a"
      ],
      "CheckFlags": [
        {
          "Flags": [
            {
              "UUID": "d2099c6f-8f66-8a48-c3ee-3c4dc5be6d2f",
              "value": true,
              "paramval": null,
              "Name": "0e0c00af-ca53-9294-317d-4dc94bf79247_Den_AttackOnDen_Servant002_Q1"
            }
          ],
          "Type": "Local"
        }
      ],
      "SetFlags": [],
      "TaggedTextList": [
        {
          "HasTagRule": false,
          "RuleGroup": {
            "TagCombineOp": 0,
            "Rules": [],
            "RuleString": ""
          },
          "TagTexts": [
            {
              "LineId": "df8d439a-14d0-5d7b-6483-ff409224206d",
              "Text": {
                "Handle": "h32e46fe2gab31g4ac2gbad5ge1aa2be1c597",
                "Value": "You disgust me. "
              }
            }
          ]
        }
      ],
      "EditorData": {
        "AnimationTags": "",
        "Attitude": "Default",
        "CinematicNodeContext": "",
        "CinematicObjects": "",
        "CustomCineArtKeysPresent": "False",
        "CustomLightingPresent": "False",
        "CustomSoundPresent": "False",
        "CustomVFXPresent": "False",
        "Emotion": "Default",
        "ForceDisableIsCustomNode": "False",
        "ID": "N123",
        "InternalNodeContext": "",
        "IsCustomNode": "False",
        "MusicTags": "",
        "NodeContext": "",
        "Quality": "Bronze",
        "SFXTags": "",
        "StateChangeTags": "",
        "TemplateNodeUUID": "00000000-0000-0000-0000-000000000000",
        "TemplateVersion": "0",
        "VFXTags": "",
        "collapsed": "False",
        "logicalname": "Question",
        "position": "655;-861",
        "sourcetemplate": ""
      }
    },
    "32d1e23a-368b-022c-7578-cdbb476fe990": {
      "UUID": "32d1e23a-368b-022c-7578-cdbb476fe990",
      "Constructor": "TagQuestion",
      "EndNode": false,
      "Root": false,
      "ShowOnce": true,
      "SpeakerNo": 1,
      "AddressedSpeaker": -1,
      "Children": [
        "44c515be-1307-0643-351b-f905a08c58a1"
      ],
      "CheckFlags": [
        {
          "Flags": [
            {
              "UUID": "8324f114-c13a-bfbf-c696-9b3c0c10b905",
              "value": false,
              "paramval": 1,
              "Name": "DEN_AttackOnDen_Servant002_Apologetic"
            }
          ],
          "Type": "Dialog"
        },
        {
          "Flags": [
            {
              "UUID": "d2099c6f-8f66-8a48-c3ee-3c4dc5be6d2f",
              "value": false,
              "paramval": null,
              "Name": "0e0c00af-ca53-9294-317d-4dc94bf79247_Den_AttackOnDen_Servant002_Q1"
            }
          ],
          "Type": "Local"
        },
        {
          "Flags": [
            {
              "UUID": "44ac4317-4d38-4d28-80e2-94024c6e42f0",
              "value": true,
              "paramval": 1,
              "Name": "DRUID"
            }
          ],
          "Type": "Tag"
        }
      ],
      "SetFlags": [
        {
          "Flags": [
            {
              "UUID": "d2099c6f-8f66-8a48-c3ee-3c4dc5be6d2f",
              "value": true,
              "paramval": null,
              "Name": "0e0c00af-ca53-9294-317d-4dc94bf79247_Den_AttackOnDen_Servant002_Q1"
            }
          ],
          "Type": "Local"
        }
      ],
      "TaggedTextList": [
        {
          "HasTagRule": false,
          "RuleGroup": {
            "TagCombineOp": 0,
            "Rules": [],
            "RuleString": ""
          },
          "TagTexts": [
            {
              "LineId": "dc024f48-3764-27eb-9f08-d3ffe581e539",
              "Text": {
                "Handle": "h113f0541gb722g48dfg9760gcb108087461d",
                "Value": "Do not presume to speak for this place - not when you did nothing to defend it."
              }
            }
          ]
        }
      ],
      "EditorData": {
        "AnimationTags": "",
        "Attitude": "Default",
        "CinematicNodeContext": "",
        "CinematicObjects": "",
        "CustomCineArtKeysPresent": "False",
        "CustomLightingPresent": "False",
        "CustomSoundPresent": "False",
        "CustomVFXPresent": "False",
        "Emotion": "Default",
        "ForceDisableIsCustomNode": "False",
        "ID": "N97",
        "InternalNodeContext": "",
        "IsCustomNode": "False",
        "MusicTags": "",
        "NodeContext": "",
        "Quality": "Bronze",
        "SFXTags": "",
        "StateChangeTags": "",
        "TemplateNodeUUID": "00000000-0000-0000-0000-000000000000",
        "TemplateVersion": "0",
        "VFXTags": "",
        "collapsed": "False",
        "logicalname": "Question",
        "position": "655;-642",
        "sourcetemplate": ""
      }
    },
    "40ddfe56-e494-3afd-7160-ae4ae4e81b18": {
      "SourceNode": "eaa13e1e-0493-24d3-2979-003efc792a5e",
      "UUID": "40ddfe56-e494-3afd-7160-ae4ae4e81b18",
      "Constructor": "Alias",
      "EndNode": true,
      "Root": true,
      "ShowOnce": false,
      "SpeakerNo": -1,
      "AddressedSpeaker": -1,
      "Children": [],
      "CheckFlags": [
        {
          "Flags": [
            {
              "UUID": "4bab067c-fecc-c176-fb40-7deb250eced0",
              "value": false,
              "paramval": 1,
              "Name": "DEN_AttackOnDen_HasMet_Servant002Victory"
            }
          ],
          "Type": "Dialog"
        },
        {
          "Flags": [
            {
              "UUID": "f4712c06-ae76-4ba3-87e8-a3f71d9b621c",
              "value": true,
              "paramval": null,
              "Name": "DEN_General_State_RitualStoppedNoTieflings"
            }
          ],
          "Type": "Global"
        }
      ],
      "SetFlags": [
        {
          "Flags": [
            {
              "UUID": "4bab067c-fecc-c176-fb40-7deb250eced0",
              "value": true,
              "paramval": 1,
              "Name": "DEN_AttackOnDen_HasMet_Servant002Victory"
            }
          ],
          "Type": "Dialog"
        }
      ],
      "TaggedTextList": [],
      "EditorData": {
        "ID": "N125",
        "TemplateNodeUUID": "00000000-0000-0000-0000-000000000000",
        "TemplateVersion": "0",
        "collapsed": "False",
        "logicalname": "Alias (Den was defended successfully)",
        "position": "15;-2613",
        "sourcetemplate": ""
      }
    },
    "44c515be-1307-0643-351b-f905a08c58a1": {
      "UUID": "44c515be-1307-0643-351b-f905a08c58a1",
      "Constructor": "TagAnswer",
      "EndNode": true,
      "Root": false,
      "ShowOnce": false,
      "SpeakerNo": 0,
      "AddressedSpeaker": -1,
      "Children": [],
      "CheckFlags": [],
      "SetFlags": [],
      "TaggedTextList": [
        {
          "HasTagRule": false,
          "RuleGroup": {
            "TagCombineOp": 0,
            "Rules": [],
            "RuleString": ""
          },
          "TagTexts": [
            {
              "LineId": "519de209-2de7-7f28-2553-6ff86ccf9227",
              "Text": {
                "Handle": "h3decde95gcea0g4033gbc29g2a32e5081170",
                "Value": "I answer to Silvanus and Silvanus only. And you are not the Oak Father."
              }
            }
          ]
        }
      ],
      "EditorData": {
        "AnimationTags": "",
        "Attitude": "Default",
        "CinematicNodeContext": "",
        "CinematicObjects": "",
        "CustomCineArtKeysPresent": "False",
        "CustomLightingPresent": "False",
        "CustomSoundPresent": "False",
        "CustomVFXPresent": "False",
        "Emotion": "Default",
        "ForceDisableIsCustomNode": "False",
        "ID": "N121",
        "InternalNodeContext": "",
        "IsCustomNode": "False",
        "MusicTags": "",
        "NodeContext": "A little hesitatnt - player has shamed you and you feel terrible. You're trying ot mantain your pride but the player's words have cut deep. ",
        "Quality": "Bronze",
        "SFXTags": "",
        "StateChangeTags": "",
        "TemplateNodeUUID": "00000000-0000-0000-0000-000000000000",
        "TemplateVersion": "0",
        "VFXTags": "",
        "collapsed": "False",
        "logicalname": "Answer",
        "position": "975;-642",
        "sourcetemplate": ""
      }
    },
    "595969a9-acf6-33f7-dbe0-a52087f106c7": {
      "SourceNode": "eaa13e1e-0493-24d3-2979-003efc792a5e",
      "UUID": "595969a9-acf6-33f7-dbe0-a52087f106c7",
      "Constructor": "Alias",
      "EndNode": true,
      "Root": true,
      "ShowOnce": false,
      "SpeakerNo": -1,
      "AddressedSpeaker": -1,
      "Children": [],
      "CheckFlags": [
        {
          "Flags": [
            {
              "UUID": "4bab067c-fecc-c176-fb40-7deb250eced0",
              "value": false,
              "paramval": 1,
              "Name": "DEN_AttackOnDen_HasMet_Servant002Victory"
            }
          ],
          "Type": "Dialog"
        }
      ],
      "SetFlags": [
        {
          "Flags": [
            {
              "UUID": "4bab067c-fecc-c176-fb40-7deb250eced0",
              "value": true,
              "paramval": 1,
              "Name": "DEN_AttackOnDen_HasMet_Servant002Victory"
            }
          ],
          "Type": "Dialog"
        }
      ],
      "TaggedTextList": [],
      "EditorData": {
        "ID": "N129",
        "TemplateNodeUUID": "00000000-0000-0000-0000-000000000000",
        "TemplateVersion": "0",
        "collapsed": "False",
        "logicalname": "Alias (Den was defended successfully)",
        "position": "15;-1080",
        "sourcetemplate": ""
      }
    },
    "6454b012-c1a3-a0e9-b099-2b8c251c71d1": {
      "UUID": "6454b012-c1a3-a0e9-b099-2b8c251c71d1",
      "Constructor": "TagAnswer",
      "EndNode": true,
      "Root": false,
      "ShowOnce": false,
      "SpeakerNo": 0,
      "AddressedSpeaker": -1,
      "Children": [],
      "CheckFlags": [],
      "SetFlags": [],
      "TaggedTextList": [
        {
          "HasTagRule": false,
          "RuleGroup": {
            "TagCombineOp": 0,
            "Rules": [],
            "RuleString": ""
          },
          "TagTexts": [
            {
              "LineId": "9d04ce0c-a002-e374-78ee-3a6d0a629c4f",
              "Text": {
                "Handle": "h1aafab95gb154g446bga24ag7b26267e49c7",
                "Value": "Make it quick. You're disrupting the harmony of this holy place."
              }
            }
          ]
        }
      ],
      "EditorData": {
        "AnimationTags": "",
        "Attitude": "Default",
        "CinematicNodeContext": "",
        "CinematicObjects": "",
        "CustomCineArtKeysPresent": "False",
        "CustomLightingPresent": "False",
        "CustomSoundPresent": "False",
        "CustomVFXPresent": "False",
        "Emotion": "Default",
        "ForceDisableIsCustomNode": "False",
        "ID": "N82",
        "InternalNodeContext": "",
        "IsCustomNode": "False",
        "MusicTags": "",
        "NodeContext": "",
        "Quality": "Bronze",
        "SFXTags": "",
        "StateChangeTags": "",
        "TemplateNodeUUID": "00000000-0000-0000-0000-000000000000",
        "TemplateVersion": "0",
        "VFXTags": "",
        "collapsed": "False",
        "logicalname": "Answer",
        "position": "975;-1080",
        "sourcetemplate": ""
      }
    },
    "678ac664-0072-c205-a783-f7b104f49d71": {
      "UUID": "678ac664-0072-c205-a783-f7b104f49d71",
      "Constructor": "TagGreeting",
      "EndNode": false,
      "Root": true,
      "ShowOnce": false,
      "SpeakerNo": 0,
      "AddressedSpeaker": -1,
      "Children": [
        "c15c8f5d-6371-8134-31b3-1a6543e3ecbe"
      ],
      "CheckFlags": [
        {
          "Flags": [
            {
              "UUID": "4bab067c-fecc-c176-fb40-7deb250eced0",
              "value": true,
              "paramval": 1,
              "Name": "DEN_AttackOnDen_HasMet_Servant002Victory"
            }
          ],
          "Type": "Dialog"
        }
      ],
      "SetFlags": [],
      "TaggedTextList": [
        {
          "HasTagRule": false,
          "RuleGroup": {
            "TagCombineOp": 0,
            "Rules": [],
            "RuleString": ""
          },
          "TagTexts": [
            {
              "LineId": "a63accd9-d3f0-1469-a8ad-ca62daf79d29",
              "Text": {
                "Handle": "hbc82de5agac07g42e5g827ag99ccb84f9ef7",
                "Value": "We cannot restore balance to the grove while you continue <i>loitering</i>. Please leave."
              }
            }
          ]
        }
      ],
      "EditorData": {
        "AnimationTags": "",
        "Attitude": "Friendly",
        "CinematicNodeContext": "",
        "CinematicObjects": "",
        "CustomCineArtKeysPresent": "False",
        "CustomLightingPresent": "False",
        "CustomSoundPresent": "False",
        "CustomVFXPresent": "False",
        "Emotion": "Neutral",
        "ForceDisableIsCustomNode": "False",
        "ID": "N3",
        "InternalNodeContext": "",
        "IsCustomNode": "False",
        "MusicTags": "",
        "NodeContext": "",
        "Quality": "Bronze",
        "SFXTags": "",
        "StateChangeTags": "",
        "TemplateNodeUUID": "00000000-0000-0000-0000-000000000000",
        "TemplateVersion": "0",
        "VFXTags": "",
        "collapsed": "False",
        "logicalname": "Den was defended successfully",
        "position": "15;-1956",
        "sourcetemplate": ""
      }
    },
    "73a3ecbc-2f26-d046-e887-5da0ae4c1c85": {
      "UUID": "73a3ecbc-2f26-d046-e887-5da0ae4c1c85",
      "Constructor": "TagAnswer",
      "EndNode": false,
      "Root": false,
      "ShowOnce": false,
      "SpeakerNo": 0,
      "AddressedSpeaker": -1,
      "Children": [],
      "CheckFlags": [],
      "SetFlags": [],
      "TaggedTextList": [
        {
          "HasTagRule": false,
          "RuleGroup": {
            "TagCombineOp": 0,
            "Rules": [],
            "RuleString": ""
          },
          "TagTexts": [
            {
              "LineId": "79ed995e-59e9-b11c-6117-4d0356489eb2",
              "Text": {
                "Handle": "h3ee9bb1bga71eg4d20g9eb8g47518843c7d8",
                "Value": "Within the inner sanctum, of course. It is not for us to fight <i>your </i>battles."
              }
            }
          ]
        }
      ],
      "EditorData": {
        "AnimationTags": "",
        "Attitude": "Default",
        "CinematicNodeContext": "",
        "CinematicObjects": "",
        "CustomCineArtKeysPresent": "False",
        "CustomLightingPresent": "False",
        "CustomSoundPresent": "False",
        "CustomVFXPresent": "False",
        "Emotion": "Default",
        "ForceDisableIsCustomNode": "False",
        "ID": "N88",
        "InternalNodeContext": "",
        "IsCustomNode": "False",
        "MusicTags": "",
        "NodeContext": "",
        "Quality": "Bronze",
        "SFXTags": "",
        "StateChangeTags": "",
        "TemplateNodeUUID": "00000000-0000-0000-0000-000000000000",
        "TemplateVersion": "0",
        "VFXTags": "",
        "collapsed": "False",
        "logicalname": "Answer",
        "position": "975;-1299",
        "sourcetemplate": ""
      }
    },
    "913f0e33-185a-ea38-b543-dcdffe67d01a": {
      "UUID": "913f0e33-185a-ea38-b543-dcdffe67d01a",
      "Constructor": "TagAnswer",
      "EndNode": true,
      "Root": false,
      "ShowOnce": false,
      "SpeakerNo": 0,
      "AddressedSpeaker": -1,
      "Children": [],
      "CheckFlags": [],
      "SetFlags": [],
      "TaggedTextList": [
        {
          "HasTagRule": false,
          "RuleGroup": {
            "TagCombineOp": 0,
            "Rules": [],
            "RuleString": ""
          },
          "TagTexts": [
            {
              "LineId": "631e2138-04ec-d061-4845-2f810ea0c24c",
              "Text": {
                "Handle": "hae61ca18gdcf0g4c05gad87g774ecc476327",
                "Value": "I assure you - the feeling is mutual. "
              }
            }
          ]
        }
      ],
      "EditorData": {
        "AnimationTags": "",
        "Attitude": "Default",
        "CinematicNodeContext": "",
        "CinematicObjects": "",
        "CustomCineArtKeysPresent": "False",
        "CustomLightingPresent": "False",
        "CustomSoundPresent": "False",
        "CustomVFXPresent": "False",
        "Emotion": "Default",
        "ForceDisableIsCustomNode": "False",
        "ID": "N124",
        "InternalNodeContext": "",
        "IsCustomNode": "False",
        "MusicTags": "",
        "NodeContext": "",
        "Quality": "Bronze",
        "SFXTags": "",
        "StateChangeTags": "",
        "TemplateNodeUUID": "00000000-0000-0000-0000-000000000000",
        "TemplateVersion": "0",
        "VFXTags": "",
        "collapsed": "False",
        "logicalname": "Answer",
        "position": "975;-861",
        "sourcetemplate": ""
      }
    },
    "a1aa7de4-adf7-a8c8-9ecb-a4175228cd9e": {
      "UUID": "a1aa7de4-adf7-a8c8-9ecb-a4175228cd9e",
      "Constructor": "TagQuestion",
      "EndNode": false,
      "Root": false,
      "ShowOnce": true,
      "SpeakerNo": 1,
      "AddressedSpeaker": -1,
      "Children": [
        "73a3ecbc-2f26-d046-e887-5da0ae4c1c85"
      ],
      "CheckFlags": [
        {
          "Flags": [
            {
              "UUID": "e436b44c-d40b-7f57-405c-3fa27eb6ecff",
              "value": false,
              "paramval": 1,
              "Name": "DEN_AttackOnDen_HasMet_LairDoor"
            }
          ],
          "Type": "Dialog"
        },
        {
          "Flags": [
            {
              "UUID": "d2099c6f-8f66-8a48-c3ee-3c4dc5be6d2f",
              "value": false,
              "paramval": null,
              "Name": "0e0c00af-ca53-9294-317d-4dc94bf79247_Den_AttackOnDen_Servant002_Q1"
            }
          ],
          "Type": "Local"
        }
      ],
      "SetFlags": [
        {
          "Flags": [
            {
              "UUID": "d2099c6f-8f66-8a48-c3ee-3c4dc5be6d2f",
              "value": true,
              "paramval": null,
              "Name": "0e0c00af-ca53-9294-317d-4dc94bf79247_Den_AttackOnDen_Servant002_Q1"
            }
          ],
          "Type": "Local"
        }
      ],
      "TaggedTextList": [
        {
          "HasTagRule": false,
          "RuleGroup": {
            "TagCombineOp": 0,
            "Rules": [],
            "RuleString": ""
          },
          "TagTexts": [
            {
              "LineId": "9280c4dd-94de-e8c4-d9fe-710a57fd1e4b",
              "Text": {
                "Handle": "h3847cba3g6b10g4c0dga798g6ba864286130",
                "Value": "Where were you during the attack?"
              }
            }
          ]
        }
      ],
      "EditorData": {
        "AnimationTags": "",
        "Attitude": "Default",
        "CinematicNodeContext": "",
        "CinematicObjects": "",
        "CustomCineArtKeysPresent": "False",
        "CustomLightingPresent": "False",
        "CustomSoundPresent": "False",
        "CustomVFXPresent": "False",
        "Emotion": "Default",
        "ForceDisableIsCustomNode": "False",
        "ID": "N87",
        "InternalNodeContext": "",
        "IsCustomNode": "False",
        "MusicTags": "",
        "NodeContext": "",
        "Quality": "Bronze",
        "SFXTags": "",
        "StateChangeTags": "",
        "TemplateNodeUUID": "00000000-0000-0000-0000-000000000000",
        "TemplateVersion": "0",
        "VFXTags": "",
        "collapsed": "False",
        "logicalname": "Question",
        "position": "655;-1299",
        "sourcetemplate": ""
      }
    },
    "bf328a63-1dd4-86aa-2592-20e9b1477504": {
      "UUID": "bf328a63-1dd4-86aa-2592-20e9b1477504",
      "Constructor": "TagQuestion",
      "EndNode": false,
      "Root": false,
      "ShowOnce": true,
      "SpeakerNo": 1,
      "AddressedSpeaker": -1,
      "Children": [
        "6454b012-c1a3-a0e9-b099-2b8c251c71d1"
      ],
      "CheckFlags": [
        {
          "Flags": [
            {
              "UUID": "d2099c6f-8f66-8a48-c3ee-3c4dc5be6d2f",
              "value": true,
              "paramval": null,
              "Name": "0e0c00af-ca53-9294-317d-4dc94bf79247_Den_AttackOnDen_Servant002_Q1"
            }
          ],
          "Type": "Local"
        }
      ],
      "SetFlags": [],
      "TaggedTextList": [
        {
          "HasTagRule": false,
          "RuleGroup": {
            "TagCombineOp": 0,
            "Rules": [],
            "RuleString": ""
          },
          "TagTexts": [
            {
              "LineId": "70a7dc54-f8de-e1a1-143b-079b1b0c5bec",
              "Text": {
                "Handle": "h9e6e9689g8d46g497fg82bag515f0ecfea97",
                "Value": "I'll be on my way soon. "
              }
            }
          ]
        }
      ],
      "EditorData": {
        "AnimationTags": "",
        "Attitude": "Default",
        "CinematicNodeContext": "",
        "CinematicObjects": "",
        "CustomCineArtKeysPresent": "False",
        "CustomLightingPresent": "False",
        "CustomSoundPresent": "False",
        "CustomVFXPresent": "False",
        "Emotion": "Default",
        "ForceDisableIsCustomNode": "False",
        "ID": "N78",
        "InternalNodeContext": "",
        "IsCustomNode": "False",
        "MusicTags": "",
        "NodeContext": "",
        "Quality": "Bronze",
        "SFXTags": "",
        "StateChangeTags": "",
        "TemplateNodeUUID": "00000000-0000-0000-0000-000000000000",
        "TemplateVersion": "0",
        "VFXTags": "",
        "collapsed": "False",
        "logicalname": "Question",
        "position": "655;-1080",
        "sourcetemplate": ""
      }
    },
    "c15c8f5d-6371-8134-31b3-1a6543e3ecbe": {
      "JumpTarget": "eaa13e1e-0493-24d3-2979-003efc792a5e",
      "JumpTargetPoint": 2,
      "UUID": "c15c8f5d-6371-8134-31b3-1a6543e3ecbe",
      "Constructor": "Jump",
      "EndNode": false,
      "Root": false,
      "ShowOnce": false,
      "SpeakerNo": 0,
      "AddressedSpeaker": 0,
      "Children": [],
      "CheckFlags": [],
      "SetFlags": [],
      "TaggedTextList": [],
      "EditorData": {
        "ID": "N81",
        "TemplateNodeUUID": "00000000-0000-0000-0000-000000000000",
        "TemplateVersion": "0",
        "collapsed": "False",
        "logicalname": "Jump",
        "position": "335;-1956",
        "sourcetemplate": ""
      }
    },
    "eaa13e1e-0493-24d3-2979-003efc792a5e": {
      "UUID": "eaa13e1e-0493-24d3-2979-003efc792a5e",
      "Constructor": "TagGreeting",
      "EndNode": false,
      "Root": true,
      "ShowOnce": false,
      "SpeakerNo": 0,
      "AddressedSpeaker": -1,
      "Children": [
        "246a32a9-8a6c-c1c4-0d38-5c1f8fd6afce",
        "a1aa7de4-adf7-a8c8-9ecb-a4175228cd9e",
        "bf328a63-1dd4-86aa-2592-20e9b1477504",
        "2bbf1659-b4ea-3774-2d53-4d012d5df5f7",
        "32d1e23a-368b-022c-7578-cdbb476fe990",
        "095952d8-e98e-dc55-43f7-694eb23b10a5"
      ],
      "CheckFlags": [
        {
          "Flags": [
            {
              "UUID": "4bab067c-fecc-c176-fb40-7deb250eced0",
              "value": false,
              "paramval": 1,
              "Name": "DEN_AttackOnDen_HasMet_Servant002Victory"
            }
          ],
          "Type": "Dialog"
        },
        {
          "Flags": [
            {
              "UUID": "71c7f23e-3ff1-c9b8-3ef5-d75fa1b42c8d",
              "value": true,
              "paramval": null,
              "Name": "DEN_AttackOnDen_State_DenVictory"
            }
          ],
          "Type": "Global"
        }
      ],
      "SetFlags": [
        {
          "Flags": [
            {
              "UUID": "4bab067c-fecc-c176-fb40-7deb250eced0",
              "value": true,
              "paramval": 1,
              "Name": "DEN_AttackOnDen_HasMet_Servant002Victory"
            }
          ],
          "Type": "Dialog"
        }
      ],
      "TaggedTextList": [
        {
          "HasTagRule": false,
          "RuleGroup": {
            "TagCombineOp": 0,
            "Rules": [],
            "RuleString": ""
          },
          "TagTexts": [
            {
              "LineId": "37fe8e38-35a0-d7c9-05a2-c046faf6e549",
              "Text": {
                "Handle": "hdaa30c9dgbe8cg4b73g9662gc5f31e27ea10",
                "Value": "I think it's high time you all left - our sacred grove has sheltered you enough."
              }
            }
          ]
        }
      ],
      "EditorData": {
        "AnimationTags": "",
        "Attitude": "Friendly",
        "CinematicNodeContext": "",
        "CinematicObjects": "",
        "CustomCineArtKeysPresent": "False",
        "CustomLightingPresent": "False",
        "CustomSoundPresent": "False",
        "CustomVFXPresent": "False",
        "Emotion": "Default",
        "ForceDisableIsCustomNode": "False",
        "ID": "N2",
        "InternalNodeContext": "",
        "IsCustomNode": "False",
        "MusicTags": "",
        "NodeContext": "",
        "Quality": "Bronze",
        "SFXTags": "",
        "StateChangeTags": "",
        "TemplateNodeUUID": "00000000-0000-0000-0000-000000000000",
        "TemplateVersion": "0",
        "VFXTags": "",
        "collapsed": "False",
        "logicalname": "Den was defended successfully",
        "position": "15;-1518",
        "sourcetemplate": ""
      }
    },
    "faecdc3e-666a-2ed0-155f-3bffa2ac4b38": {
      "SourceNode": "678ac664-0072-c205-a783-f7b104f49d71",
      "UUID": "faecdc3e-666a-2ed0-155f-3bffa2ac4b38",
      "Constructor": "Alias",
      "EndNode": true,
      "Root": true,
      "ShowOnce": false,
      "SpeakerNo": -1,
      "AddressedSpeaker": -1,
      "Children": [],
      "CheckFlags": [
        {
          "Flags": [
            {
              "UUID": "4bab067c-fecc-c176-fb40-7deb250eced0",
              "value": true,
              "paramval": 1,
              "Name": "DEN_AttackOnDen_HasMet_Servant002Victory"
            }
          ],
          "Type": "Dialog"
        },
        {
          "Flags": [
            {
              "UUID": "f4712c06-ae76-4ba3-87e8-a3f71d9b621c",
              "value": true,
              "paramval": null,
              "Name": "DEN_General_State_RitualStoppedNoTieflings"
            }
          ],
          "Type": "Global"
        }
      ],
      "SetFlags": [],
      "TaggedTextList": [],
      "EditorData": {
        "ID": "N126",
        "TemplateNodeUUID": "00000000-0000-0000-0000-000000000000",
        "TemplateVersion": "0",
        "collapsed": "False",
        "logicalname": "Alias (Den was defended successfully)",
        "position": "15;-2832",
        "sourcetemplate": ""
      }
    }
  },
  "SpeakerDict": {
    "0": {
      "IsPeanutSpeaker": false,
      "SpeakerMappingId": "27837567-5fca-bd3e-704f-b5d4be27672e",
      "Index": 0,
      "List": [
        "6f36c7a1-edfd-4e99-bd90-6d874f68c9b8"
      ],
      "SpeakerCharacter": {
        "DisplayName": "Marcoryl",
        "Type": "character",
        "MapKey": "6f36c7a1-edfd-4e99-bd90-6d874f68c9b8",
        "Name": "S_DEN_ServantIntolerant_002",
        "ParentTemplateId": null,
        "TemplateName": "09355aa0-4e04-4ea7-86dc-928dae84ef12"
      },
      "SpeakerGroupName": null
    },
    "1": {
      "IsPeanutSpeaker": false,
      "SpeakerMappingId": "96cbf944-4437-7b5a-2b6a-c886bfa7fecd",
      "Index": 1,
      "List": [
        "e0d1ff71-04a8-4340-ae64-9684d846eb83"
      ],
      "SpeakerCharacter": {
        "DisplayName": "Player",
        "Type": "character",
        "MapKey": "e2badbf0-159a-4ef5-9e73-7bbeb3d1015a",
        "Name": "S_GLO_CharacterCreationDummy_001",
        "ParentTemplateId": null,
        "TemplateName": "fd7f2707-8f86-4836-bda8-e0db99c389cc"
      },
      "SpeakerGroupName": "GROUP_Players"
    }
  },
  "Synopsis": "Marcoryl spent the attack hiding in the lair, refusing us access. Now the attack has been repelled he's opened it up and is keen to see the tieflings gone. A sanctimonious and unrepentant bad host to those in need."
}