{
  "Path": "Mods/Gustav/Story/Dialogs/Act1/DEN/DEN_General_PAD_EntranceStatue.lsj",
  "UUID": "844b993e-3404-0d99-1c31-6ef0cf25f63d",
  "Category": "Automated NPC Dialog",
  "DefaultAddressedSpeakers": {
    "0": -1
  },
  "RootNodes": [
    "0ad1ae9f-aff0-675c-928f-6f31a63f5135"
  ],
  "Nodes": {
    "0ad1ae9f-aff0-675c-928f-6f31a63f5135": {
      "UUID": "0ad1ae9f-aff0-675c-928f-6f31a63f5135",
      "Constructor": "TagGreeting",
      "EndNode": true,
      "Root": true,
      "ShowOnce": false,
      "SpeakerNo": -666,
      "AddressedSpeaker": 0,
      "Children": [],
      "CheckFlags": [],
      "SetFlags": [],
      "TaggedTextList": [
        {
          "HasTagRule": false,
          "RuleGroup": {
            "TagCombineOp": 0,
            "Rules": [],
            "RuleString": ""
          },
          "TagTexts": [
            {
              "LineId": "b89b1c03-b6af-8c8c-b4f6-f7d5a371d6d4",
              "Text": {
                "Handle": "he49ca159g9a23g4863gb882g02b9be20fbe2",
                "Value": "*This grove is kept by Silvanus' faithful.*"
              }
            }
          ]
        }
      ],
      "EditorData": {
        "AnimationTags": "",
        "Attitude": "Default",
        "CinematicNodeContext": "",
        "CinematicObjects": "",
        "CustomCineArtKeysPresent": "False",
        "CustomLightingPresent": "False",
        "CustomSoundPresent": "False",
        "CustomVFXPresent": "False",
        "Emotion": "Default",
        "ForceDisableIsCustomNode": "False",
        "ID": "N1",
        "InternalNodeContext": "",
        "IsCustomNode": "False",
        "MusicTags": "",
        "NodeContext": "",
        "Quality": "Bronze",
        "SFXTags": "",
        "StateChangeTags": "",
        "TemplateNodeUUID": "00000000-0000-0000-0000-000000000000",
        "TemplateVersion": "0",
        "VFXTags": "",
        "collapsed": "False",
        "logicalname": "Greeting",
        "position": "-625;15",
        "sourcetemplate": ""
      }
    }
  },
  "SpeakerDict": {
    "0": {
      "IsPeanutSpeaker": false,
      "SpeakerMappingId": "5b770a27-5d7f-765c-91be-26a95ccbf307",
      "Index": 0,
      "List": [
        "312fa4ca-3e79-4c1d-9a58-b250f091a7c6"
      ],
      "SpeakerCharacter": {
        "DisplayName": "Plaque",
        "Type": "item",
        "MapKey": "312fa4ca-3e79-4c1d-9a58-b250f091a7c6",
        "Name": "S_DEN_EntranceStatuePlaque",
        "ParentTemplateId": null,
        "TemplateName": "85c04e3d-1a3f-4030-a731-545b081a6b76"
      },
      "SpeakerGroupName": null
    }
  },
  "Synopsis": "A plaque in the druid grove devoted to Silvanus, god of nature and balance."
}