{
  "Path": "Mods/Gustav/Story/Dialogs/Act1/DEN/DEN_DruidAttack_AD_ProtestersAfterAttack.lsj",
  "UUID": "1493763b-776c-959c-259a-89f34f326e04",
  "Category": "Repeated automated NPC Dialog",
  "DefaultAddressedSpeakers": {
    "0": -1,
    "1": -1,
    "2": -1
  },
  "RootNodes": [
    "064c72f7-8276-eab3-109c-b4875aaf3eec",
    "482447e7-f014-cb63-fef7-d232cde86491",
    "38e75636-0285-ded0-2752-fdf1651e89a1"
  ],
  "Nodes": {
    "064c72f7-8276-eab3-109c-b4875aaf3eec": {
      "UUID": "064c72f7-8276-eab3-109c-b4875aaf3eec",
      "Constructor": "TagGreeting",
      "EndNode": false,
      "Root": true,
      "ShowOnce": false,
      "SpeakerNo": 0,
      "AddressedSpeaker": 0,
      "Children": [
        "2d6cc7b9-2ecc-82be-04d2-427bd3142e70"
      ],
      "CheckFlags": [
        {
          "Flags": [
            {
              "UUID": "b399eeaa-f91b-5119-541b-98dd207ffdb8",
              "value": false,
              "paramval": null,
              "Name": "1493763b-776c-959c-259a-89f34f326e04_A"
            }
          ],
          "Type": "Local"
        }
      ],
      "SetFlags": [
        {
          "Flags": [
            {
              "UUID": "b399eeaa-f91b-5119-541b-98dd207ffdb8",
              "value": true,
              "paramval": null,
              "Name": "1493763b-776c-959c-259a-89f34f326e04_A"
            }
          ],
          "Type": "Local"
        }
      ],
      "TaggedTextList": [
        {
          "HasTagRule": false,
          "RuleGroup": {
            "TagCombineOp": 0,
            "Rules": [],
            "RuleString": ""
          },
          "TagTexts": [
            {
              "LineId": "9b8aea5b-c68c-c3ef-843a-bbd380272b07",
              "Text": {
                "Handle": "h2e635fefgaad0g4edfg94ffgf8fe8395edf8",
                "Value": "What a disaster."
              }
            }
          ]
        }
      ],
      "EditorData": {
        "AnimationTags": "",
        "Attitude": "Default",
        "CinematicNodeContext": "",
        "CinematicObjects": "",
        "CustomCineArtKeysPresent": "False",
        "CustomLightingPresent": "False",
        "CustomSoundPresent": "False",
        "CustomVFXPresent": "False",
        "Emotion": "Default",
        "ForceDisableIsCustomNode": "False",
        "ID": "N7",
        "InternalNodeContext": "",
        "IsCustomNode": "False",
        "MusicTags": "",
        "NodeContext": "'I can't believe this happened'",
        "Quality": "Bronze",
        "SFXTags": "",
        "StateChangeTags": "",
        "TemplateNodeUUID": "00000000-0000-0000-0000-000000000000",
        "TemplateVersion": "0",
        "VFXTags": "",
        "collapsed": "False",
        "logicalname": "Greeting",
        "position": "15;-642",
        "sourcetemplate": ""
      }
    },
    "2d6cc7b9-2ecc-82be-04d2-427bd3142e70": {
      "UUID": "2d6cc7b9-2ecc-82be-04d2-427bd3142e70",
      "Constructor": "TagAnswer",
      "EndNode": true,
      "Root": false,
      "ShowOnce": false,
      "SpeakerNo": 1,
      "AddressedSpeaker": 0,
      "Children": [],
      "CheckFlags": [],
      "SetFlags": [],
      "TaggedTextList": [
        {
          "HasTagRule": false,
          "RuleGroup": {
            "TagCombineOp": 0,
            "Rules": [],
            "RuleString": ""
          },
          "TagTexts": [
            {
              "LineId": "cb66c922-c7ea-2a56-65ad-e2603c006565",
              "Text": {
                "Handle": "h40e0b741gb408g4358g9243g576d566d3a87",
                "Value": "Couldn't be helped. Those druids left us no choice."
              }
            }
          ]
        }
      ],
      "EditorData": {
        "AnimationTags": "",
        "Attitude": "Default",
        "CinematicNodeContext": "",
        "CinematicObjects": "",
        "CustomCineArtKeysPresent": "False",
        "CustomLightingPresent": "False",
        "CustomSoundPresent": "False",
        "CustomVFXPresent": "False",
        "Emotion": "Default",
        "ForceDisableIsCustomNode": "False",
        "ID": "N2",
        "InternalNodeContext": "",
        "IsCustomNode": "False",
        "MusicTags": "",
        "NodeContext": "'We did what we had to'",
        "Quality": "Bronze",
        "SFXTags": "",
        "StateChangeTags": "",
        "TemplateNodeUUID": "00000000-0000-0000-0000-000000000000",
        "TemplateVersion": "0",
        "VFXTags": "",
        "collapsed": "False",
        "logicalname": "Answer",
        "position": "335;-642",
        "sourcetemplate": ""
      }
    },
    "37321e02-b00f-602f-7e73-5f0c5c9bb9c5": {
      "UUID": "37321e02-b00f-602f-7e73-5f0c5c9bb9c5",
      "Constructor": "TagAnswer",
      "EndNode": true,
      "Root": false,
      "ShowOnce": false,
      "SpeakerNo": 0,
      "AddressedSpeaker": 0,
      "Children": [],
      "CheckFlags": [],
      "SetFlags": [],
      "TaggedTextList": [
        {
          "HasTagRule": false,
          "RuleGroup": {
            "TagCombineOp": 0,
            "Rules": [],
            "RuleString": ""
          },
          "TagTexts": [
            {
              "LineId": "dae7e8bf-e138-9bc6-964c-5ddb5bbf5599",
              "Text": {
                "Handle": "h7e607929g48d5g4a84g97dcg8014594ac810",
                "Value": "Druids, goblins... and then what? There'll be other things looking to kill us. There always is."
              }
            }
          ]
        }
      ],
      "EditorData": {
        "AnimationTags": "",
        "Attitude": "Default",
        "CinematicNodeContext": "",
        "CinematicObjects": "",
        "CustomCineArtKeysPresent": "False",
        "CustomLightingPresent": "False",
        "CustomSoundPresent": "False",
        "CustomVFXPresent": "False",
        "Emotion": "Default",
        "ForceDisableIsCustomNode": "False",
        "ID": "N12",
        "InternalNodeContext": "",
        "IsCustomNode": "False",
        "MusicTags": "",
        "NodeContext": "Fatalistic",
        "Quality": "Bronze",
        "SFXTags": "",
        "StateChangeTags": "",
        "TemplateNodeUUID": "00000000-0000-0000-0000-000000000000",
        "TemplateVersion": "0",
        "VFXTags": "",
        "collapsed": "False",
        "logicalname": "Answer",
        "position": "335;-204",
        "sourcetemplate": ""
      }
    },
    "38e75636-0285-ded0-2752-fdf1651e89a1": {
      "UUID": "38e75636-0285-ded0-2752-fdf1651e89a1",
      "Constructor": "TagGreeting",
      "EndNode": false,
      "Root": true,
      "ShowOnce": false,
      "SpeakerNo": 2,
      "AddressedSpeaker": 0,
      "Children": [
        "37321e02-b00f-602f-7e73-5f0c5c9bb9c5"
      ],
      "CheckFlags": [
        {
          "Flags": [
            {
              "UUID": "00d91239-631d-23e3-8d11-4c071df6066e",
              "value": true,
              "paramval": null,
              "Name": "1493763b-776c-959c-259a-89f34f326e04_B"
            },
            {
              "UUID": "b399eeaa-f91b-5119-541b-98dd207ffdb8",
              "value": true,
              "paramval": null,
              "Name": "1493763b-776c-959c-259a-89f34f326e04_A"
            }
          ],
          "Type": "Local"
        }
      ],
      "SetFlags": [
        {
          "Flags": [
            {
              "UUID": "00d91239-631d-23e3-8d11-4c071df6066e",
              "value": false,
              "paramval": null,
              "Name": "1493763b-776c-959c-259a-89f34f326e04_B"
            },
            {
              "UUID": "b399eeaa-f91b-5119-541b-98dd207ffdb8",
              "value": false,
              "paramval": null,
              "Name": "1493763b-776c-959c-259a-89f34f326e04_A"
            }
          ],
          "Type": "Local"
        }
      ],
      "TaggedTextList": [
        {
          "HasTagRule": false,
          "RuleGroup": {
            "TagCombineOp": 0,
            "Rules": [],
            "RuleString": ""
          },
          "TagTexts": [
            {
              "LineId": "288f3014-c09a-fbd3-719e-bf66dc9711dd",
              "Text": {
                "Handle": "h8a5caf3eg2838g4c5fg849eg0f63725e9709",
                "Value": "Still got to face the goblins before we can go anywhere."
              }
            }
          ]
        }
      ],
      "EditorData": {
        "AnimationTags": "",
        "Attitude": "Default",
        "CinematicNodeContext": "",
        "CinematicObjects": "",
        "CustomCineArtKeysPresent": "False",
        "CustomLightingPresent": "False",
        "CustomSoundPresent": "False",
        "CustomVFXPresent": "False",
        "Emotion": "Default",
        "ForceDisableIsCustomNode": "False",
        "ID": "N10",
        "InternalNodeContext": "",
        "IsCustomNode": "False",
        "MusicTags": "",
        "NodeContext": "'We're not out of the woods'",
        "Quality": "Bronze",
        "SFXTags": "",
        "StateChangeTags": "",
        "TemplateNodeUUID": "00000000-0000-0000-0000-000000000000",
        "TemplateVersion": "0",
        "VFXTags": "",
        "collapsed": "False",
        "logicalname": "Greeting",
        "position": "15;-204",
        "sourcetemplate": ""
      }
    },
    "482447e7-f014-cb63-fef7-d232cde86491": {
      "UUID": "482447e7-f014-cb63-fef7-d232cde86491",
      "Constructor": "TagGreeting",
      "EndNode": false,
      "Root": true,
      "ShowOnce": false,
      "SpeakerNo": 1,
      "AddressedSpeaker": 0,
      "Children": [
        "a8d7992a-7607-524d-e525-f2d7f0439898"
      ],
      "CheckFlags": [
        {
          "Flags": [
            {
              "UUID": "00d91239-631d-23e3-8d11-4c071df6066e",
              "value": false,
              "paramval": null,
              "Name": "1493763b-776c-959c-259a-89f34f326e04_B"
            },
            {
              "UUID": "b399eeaa-f91b-5119-541b-98dd207ffdb8",
              "value": true,
              "paramval": null,
              "Name": "1493763b-776c-959c-259a-89f34f326e04_A"
            }
          ],
          "Type": "Local"
        }
      ],
      "SetFlags": [
        {
          "Flags": [
            {
              "UUID": "00d91239-631d-23e3-8d11-4c071df6066e",
              "value": true,
              "paramval": null,
              "Name": "1493763b-776c-959c-259a-89f34f326e04_B"
            }
          ],
          "Type": "Local"
        }
      ],
      "TaggedTextList": [
        {
          "HasTagRule": false,
          "RuleGroup": {
            "TagCombineOp": 0,
            "Rules": [],
            "RuleString": ""
          },
          "TagTexts": [
            {
              "LineId": "fc4a5dff-a6de-4334-87fb-aa84c1e541f1",
              "Text": {
                "Handle": "hf78292a4gbbf2g4d07g92f0g1162683c8d39",
                "Value": "I wonder what'll happen to this place now...? "
              }
            }
          ]
        }
      ],
      "EditorData": {
        "AnimationTags": "",
        "Attitude": "Default",
        "CinematicNodeContext": "",
        "CinematicObjects": "",
        "CustomCineArtKeysPresent": "False",
        "CustomLightingPresent": "False",
        "CustomSoundPresent": "False",
        "CustomVFXPresent": "False",
        "Emotion": "Default",
        "ForceDisableIsCustomNode": "False",
        "ID": "N11",
        "InternalNodeContext": "",
        "IsCustomNode": "False",
        "MusicTags": "",
        "NodeContext": "Processing ",
        "Quality": "Bronze",
        "SFXTags": "",
        "StateChangeTags": "",
        "TemplateNodeUUID": "00000000-0000-0000-0000-000000000000",
        "TemplateVersion": "0",
        "VFXTags": "",
        "collapsed": "False",
        "logicalname": "Greeting",
        "position": "15;-423",
        "sourcetemplate": ""
      }
    },
    "a8d7992a-7607-524d-e525-f2d7f0439898": {
      "UUID": "a8d7992a-7607-524d-e525-f2d7f0439898",
      "Constructor": "TagAnswer",
      "EndNode": true,
      "Root": false,
      "ShowOnce": false,
      "SpeakerNo": 2,
      "AddressedSpeaker": 0,
      "Children": [],
      "CheckFlags": [],
      "SetFlags": [],
      "TaggedTextList": [
        {
          "HasTagRule": false,
          "RuleGroup": {
            "TagCombineOp": 0,
            "Rules": [],
            "RuleString": ""
          },
          "TagTexts": [
            {
              "LineId": "36ce0dc7-c69a-c483-ae50-24e2325aa0d7",
              "Text": {
                "Handle": "h850085fcgb961g4574g8ec7g7c5aa04f5157",
                "Value": "It can rot for all I care. The sooner we can safely leave this place behind, the better."
              }
            }
          ]
        }
      ],
      "EditorData": {
        "AnimationTags": "",
        "Attitude": "Default",
        "CinematicNodeContext": "",
        "CinematicObjects": "",
        "CustomCineArtKeysPresent": "False",
        "CustomLightingPresent": "False",
        "CustomSoundPresent": "False",
        "CustomVFXPresent": "False",
        "Emotion": "Default",
        "ForceDisableIsCustomNode": "False",
        "ID": "N3",
        "InternalNodeContext": "",
        "IsCustomNode": "False",
        "MusicTags": "",
        "NodeContext": "Still angry about what happened.",
        "Quality": "Bronze",
        "SFXTags": "",
        "StateChangeTags": "",
        "TemplateNodeUUID": "00000000-0000-0000-0000-000000000000",
        "TemplateVersion": "0",
        "VFXTags": "",
        "collapsed": "False",
        "logicalname": "Answer",
        "position": "335;-423",
        "sourcetemplate": ""
      }
    }
  },
  "SpeakerDict": {
    "0": {
      "IsPeanutSpeaker": false,
      "SpeakerMappingId": "527961b9-3945-7949-c9bc-eba365f43849",
      "Index": 0,
      "List": [
        "bd673fe3-983d-4aee-b73b-6ba6217e8a20"
      ],
      "SpeakerCharacter": {
        "DisplayName": "Rechel",
        "Type": "character",
        "MapKey": "bd673fe3-983d-4aee-b73b-6ba6217e8a20",
        "Name": "S_DEN_Protester_001",
        "ParentTemplateId": null,
        "TemplateName": "2248d9d1-581a-4d39-989c-2d6110585f7c"
      },
      "SpeakerGroupName": null
    },
    "1": {
      "IsPeanutSpeaker": false,
      "SpeakerMappingId": "da5afacb-3d1e-930e-e94a-83ce06a7c9b4",
      "Index": 1,
      "List": [
        "5ba86ab9-b36e-468a-a0ac-0439c0ec205a"
      ],
      "SpeakerCharacter": {
        "DisplayName": "Amek",
        "Type": "character",
        "MapKey": "5ba86ab9-b36e-468a-a0ac-0439c0ec205a",
        "Name": "S_DEN_Protester_002",
        "ParentTemplateId": null,
        "TemplateName": "7b14e002-bc7d-4951-873c-10fea66a71b6"
      },
      "SpeakerGroupName": null
    },
    "2": {
      "IsPeanutSpeaker": false,
      "SpeakerMappingId": "856c4bd4-96b5-546c-d7d9-c1ec7082c252",
      "Index": 2,
      "List": [
        "650d1cdc-fff6-49f0-aaa2-0a10bcf89abf"
      ],
      "SpeakerCharacter": {
        "DisplayName": "Xeph",
        "Type": "character",
        "MapKey": "650d1cdc-fff6-49f0-aaa2-0a10bcf89abf",
        "Name": "S_DEN_Protester_003",
        "ParentTemplateId": null,
        "TemplateName": "2248d9d1-581a-4d39-989c-2d6110585f7c"
      },
      "SpeakerGroupName": null
    }
  },
  "Synopsis": "Three tieflings (who had previously been protesting their treatment at the hands of their druid hosts) react to the aftermath of a bloody confrontation between tiefling refugees and druids. In this instance the druids have all been killed. The refugees are shaken and angry."
}