{
  "Path": "Mods/Gustav/Story/Dialogs/Act1/DEN/DEN_AttackOnDen_AD_Grumpy.lsj",
  "UUID": "ba2b225d-e9d4-944d-5b4f-b27dd975c626",
  "Category": "Repeated automated NPC Dialog",
  "DefaultAddressedSpeakers": {
    "0": -1,
    "1": -1
  },
  "RootNodes": [
    "e1f18cd8-5896-46b6-96d3-83da5c38257a",
    "636beb84-5b34-c544-2514-6a1ebc8b4ec0",
    "a66f354b-e2c7-ab37-c4a1-e0dc00db6b4e",
    "290bd47d-3516-76eb-97e6-18b5889194d0"
  ],
  "Nodes": {
    "290bd47d-3516-76eb-97e6-18b5889194d0": {
      "UUID": "290bd47d-3516-76eb-97e6-18b5889194d0",
      "Constructor": "TagGreeting",
      "EndNode": true,
      "Root": true,
      "ShowOnce": false,
      "SpeakerNo": 0,
      "AddressedSpeaker": 0,
      "Children": [],
      "CheckFlags": [],
      "SetFlags": [
        {
          "Flags": [
            {
              "UUID": "d1179a5e-46f5-1256-3c6e-6a58f0ddb54f",
              "value": true,
              "paramval": null,
              "Name": "ba2b225d-e9d4-944d-5b4f-b27dd975c626_A"
            }
          ],
          "Type": "Local"
        }
      ],
      "TaggedTextList": [
        {
          "HasTagRule": false,
          "RuleGroup": {
            "TagCombineOp": 0,
            "Rules": [],
            "RuleString": ""
          },
          "TagTexts": [
            {
              "LineId": "9f6744ee-3809-9060-a13c-2dfc1ded08c2",
              "Text": {
                "Handle": "h74e28bb3g7f0cg4535g8103g1a3008956a3f",
                "Value": "Where do druids keep their liquor?"
              }
            }
          ]
        }
      ],
      "EditorData": {
        "AnimationTags": "",
        "Attitude": "Default",
        "CinematicNodeContext": "",
        "CinematicObjects": "",
        "CustomCineArtKeysPresent": "False",
        "CustomLightingPresent": "False",
        "CustomSoundPresent": "False",
        "CustomVFXPresent": "False",
        "Emotion": "Default",
        "ForceDisableIsCustomNode": "False",
        "ID": "N29",
        "InternalNodeContext": "",
        "IsCustomNode": "False",
        "MusicTags": "",
        "NodeContext": "irritated - just raided a grove and there's not a lot of good loot",
        "Quality": "Bronze",
        "SFXTags": "",
        "StateChangeTags": "",
        "TemplateNodeUUID": "00000000-0000-0000-0000-000000000000",
        "TemplateVersion": "0",
        "VFXTags": "",
        "collapsed": "False",
        "logicalname": "Greeting",
        "position": "15;672",
        "sourcetemplate": ""
      }
    },
    "636beb84-5b34-c544-2514-6a1ebc8b4ec0": {
      "UUID": "636beb84-5b34-c544-2514-6a1ebc8b4ec0",
      "Constructor": "TagGreeting",
      "EndNode": true,
      "Root": true,
      "ShowOnce": false,
      "SpeakerNo": 0,
      "AddressedSpeaker": 0,
      "Children": [],
      "CheckFlags": [
        {
          "Flags": [
            {
              "UUID": "d95f0345-8d8b-1a4d-ac6d-5928baeaec54",
              "value": true,
              "paramval": null,
              "Name": "ba2b225d-e9d4-944d-5b4f-b27dd975c626_B"
            }
          ],
          "Type": "Local"
        }
      ],
      "SetFlags": [
        {
          "Flags": [
            {
              "UUID": "9d1f17be-cf31-485b-417d-9b483f48dcb1",
              "value": true,
              "paramval": null,
              "Name": "ba2b225d-e9d4-944d-5b4f-b27dd975c626_C"
            }
          ],
          "Type": "Local"
        }
      ],
      "TaggedTextList": [
        {
          "HasTagRule": false,
          "RuleGroup": {
            "TagCombineOp": 0,
            "Rules": [],
            "RuleString": ""
          },
          "TagTexts": [
            {
              "LineId": "89051bbd-eec4-4e36-880f-e257f13e41f0",
              "Text": {
                "Handle": "hc64c3cb6g879dg4c47g8874g0591f5b5b066",
                "Value": "Lads were too soft - I didn't even get any good scars."
              }
            }
          ]
        }
      ],
      "EditorData": {
        "AnimationTags": "",
        "Attitude": "Default",
        "CinematicNodeContext": "",
        "CinematicObjects": "",
        "CustomCineArtKeysPresent": "False",
        "CustomLightingPresent": "False",
        "CustomSoundPresent": "False",
        "CustomVFXPresent": "False",
        "Emotion": "Default",
        "ForceDisableIsCustomNode": "False",
        "ID": "N30",
        "InternalNodeContext": "",
        "IsCustomNode": "False",
        "MusicTags": "",
        "NodeContext": "",
        "Quality": "Bronze",
        "SFXTags": "",
        "StateChangeTags": "",
        "TemplateNodeUUID": "00000000-0000-0000-0000-000000000000",
        "TemplateVersion": "0",
        "VFXTags": "",
        "collapsed": "False",
        "logicalname": "Greeting",
        "position": "15;234",
        "sourcetemplate": ""
      }
    },
    "a66f354b-e2c7-ab37-c4a1-e0dc00db6b4e": {
      "UUID": "a66f354b-e2c7-ab37-c4a1-e0dc00db6b4e",
      "Constructor": "TagGreeting",
      "EndNode": true,
      "Root": true,
      "ShowOnce": false,
      "SpeakerNo": 0,
      "AddressedSpeaker": 0,
      "Children": [],
      "CheckFlags": [
        {
          "Flags": [
            {
              "UUID": "d1179a5e-46f5-1256-3c6e-6a58f0ddb54f",
              "value": true,
              "paramval": null,
              "Name": "ba2b225d-e9d4-944d-5b4f-b27dd975c626_A"
            }
          ],
          "Type": "Local"
        }
      ],
      "SetFlags": [
        {
          "Flags": [
            {
              "UUID": "d95f0345-8d8b-1a4d-ac6d-5928baeaec54",
              "value": true,
              "paramval": null,
              "Name": "ba2b225d-e9d4-944d-5b4f-b27dd975c626_B"
            }
          ],
          "Type": "Local"
        }
      ],
      "TaggedTextList": [
        {
          "HasTagRule": false,
          "RuleGroup": {
            "TagCombineOp": 0,
            "Rules": [],
            "RuleString": ""
          },
          "TagTexts": [
            {
              "LineId": "177c42d6-7c0d-8802-0084-a68ca2d06b67",
              "Text": {
                "Handle": "h0f8f67e6g609eg494ag8866g18bd195e4076",
                "Value": "Wish we'd raided another tavern instead of a... garden."
              }
            }
          ]
        }
      ],
      "EditorData": {
        "AnimationTags": "",
        "Attitude": "Default",
        "CinematicNodeContext": "",
        "CinematicObjects": "",
        "CustomCineArtKeysPresent": "False",
        "CustomLightingPresent": "False",
        "CustomSoundPresent": "False",
        "CustomVFXPresent": "False",
        "Emotion": "Default",
        "ForceDisableIsCustomNode": "False",
        "ID": "N27",
        "InternalNodeContext": "",
        "IsCustomNode": "False",
        "MusicTags": "",
        "NodeContext": "he's struggling to find the right word for what this place is and lands on garden - he's annoyed that they've raided a grove that is mostly just trees and plants",
        "Quality": "Bronze",
        "SFXTags": "",
        "StateChangeTags": "",
        "TemplateNodeUUID": "00000000-0000-0000-0000-000000000000",
        "TemplateVersion": "0",
        "VFXTags": "",
        "collapsed": "False",
        "logicalname": "Greeting",
        "position": "15;453",
        "sourcetemplate": ""
      }
    },
    "e1f18cd8-5896-46b6-96d3-83da5c38257a": {
      "UUID": "e1f18cd8-5896-46b6-96d3-83da5c38257a",
      "Constructor": "TagGreeting",
      "EndNode": true,
      "Root": true,
      "ShowOnce": false,
      "SpeakerNo": 0,
      "AddressedSpeaker": 0,
      "Children": [],
      "CheckFlags": [
        {
          "Flags": [
            {
              "UUID": "9d1f17be-cf31-485b-417d-9b483f48dcb1",
              "value": true,
              "paramval": null,
              "Name": "ba2b225d-e9d4-944d-5b4f-b27dd975c626_C"
            }
          ],
          "Type": "Local"
        }
      ],
      "SetFlags": [
        {
          "Flags": [
            {
              "UUID": "9d1f17be-cf31-485b-417d-9b483f48dcb1",
              "value": false,
              "paramval": null,
              "Name": "ba2b225d-e9d4-944d-5b4f-b27dd975c626_C"
            },
            {
              "UUID": "d1179a5e-46f5-1256-3c6e-6a58f0ddb54f",
              "value": false,
              "paramval": null,
              "Name": "ba2b225d-e9d4-944d-5b4f-b27dd975c626_A"
            },
            {
              "UUID": "d95f0345-8d8b-1a4d-ac6d-5928baeaec54",
              "value": false,
              "paramval": null,
              "Name": "ba2b225d-e9d4-944d-5b4f-b27dd975c626_B"
            }
          ],
          "Type": "Local"
        }
      ],
      "TaggedTextList": [
        {
          "HasTagRule": false,
          "RuleGroup": {
            "TagCombineOp": 0,
            "Rules": [],
            "RuleString": ""
          },
          "TagTexts": [
            {
              "LineId": "142b768d-36b4-a4ff-9506-b963bd4a7455",
              "Text": {
                "Handle": "h1cdc151ag7984g401cg988eg2455a4627a65",
                "Value": "*Spit.*"
              }
            }
          ]
        }
      ],
      "EditorData": {
        "AnimationTags": "",
        "Attitude": "Default",
        "CinematicNodeContext": "",
        "CinematicObjects": "",
        "CustomCineArtKeysPresent": "False",
        "CustomLightingPresent": "False",
        "CustomSoundPresent": "False",
        "CustomVFXPresent": "False",
        "Emotion": "Default",
        "ForceDisableIsCustomNode": "False",
        "ID": "N28",
        "InternalNodeContext": "",
        "IsCustomNode": "False",
        "MusicTags": "",
        "NodeContext": "draws phlegm from back of throat and spits onto floor",
        "Quality": "Bronze",
        "SFXTags": "",
        "StateChangeTags": "",
        "TemplateNodeUUID": "00000000-0000-0000-0000-000000000000",
        "TemplateVersion": "0",
        "VFXTags": "",
        "collapsed": "False",
        "logicalname": "Greeting",
        "position": "15;15",
        "sourcetemplate": ""
      }
    }
  },
  "SpeakerDict": {
    "0": {
      "IsPeanutSpeaker": false,
      "SpeakerMappingId": "dec3364d-a2ae-4b12-3314-883ce9c96848",
      "Index": 0,
      "List": [
        "126e39d1-7c38-453c-888b-4cddce7f3e41"
      ],
      "SpeakerCharacter": {
        "DisplayName": "Zurga",
        "Type": "character",
        "MapKey": "126e39d1-7c38-453c-888b-4cddce7f3e41",
        "Name": "S_GOB_WarchiefGrumpy",
        "ParentTemplateId": null,
        "TemplateName": "32345211-0e02-4bf6-b8de-60ceadfc4a44"
      },
      "SpeakerGroupName": null
    }
  },
  "Synopsis": "Goblin warchief complains about the raid on the den after the victory. It was too easy - he wants more."
}