{
  "Path": "Mods/Gustav/Story/Dialogs/Act1/DEN/DEN_AttackOnDen_RitualDruid003.lsj",
  "UUID": "09c09794-cdb9-d1d2-89a9-91d8639da175",
  "Category": "Generic NPC Dialog",
  "DefaultAddressedSpeakers": {
    "0": 1,
    "1": 0
  },
  "RootNodes": [
    "71aa0573-a692-6974-042c-0b55fbb9bb3f",
    "e5775710-f10a-d1c5-663e-47e73f573184"
  ],
  "Nodes": {
    "71aa0573-a692-6974-042c-0b55fbb9bb3f": {
      "UUID": "71aa0573-a692-6974-042c-0b55fbb9bb3f",
      "Constructor": "TagGreeting",
      "EndNode": true,
      "Root": true,
      "ShowOnce": false,
      "SpeakerNo": 0,
      "AddressedSpeaker": -1,
      "Children": [],
      "CheckFlags": [
        {
          "Flags": [
            {
              "UUID": "0c4974d5-d98d-8d98-fa46-fd03d680f067",
              "value": false,
              "paramval": 1,
              "Name": "DEN_AttackOnDen_HasMet_RitualDruid003"
            }
          ],
          "Type": "Dialog"
        }
      ],
      "SetFlags": [
        {
          "Flags": [
            {
              "UUID": "0c4974d5-d98d-8d98-fa46-fd03d680f067",
              "value": true,
              "paramval": 1,
              "Name": "DEN_AttackOnDen_HasMet_RitualDruid003"
            }
          ],
          "Type": "Dialog"
        }
      ],
      "TaggedTextList": [
        {
          "HasTagRule": false,
          "RuleGroup": {
            "TagCombineOp": 0,
            "Rules": [],
            "RuleString": ""
          },
          "TagTexts": [
            {
              "LineId": "3be53d17-e94d-a3cb-c27c-559da1f8db37",
              "Text": {
                "Handle": "h3f6647abga4cbg492aga9bfg8fc343a6e9b8",
                "Value": "I'm tempted to leave with the rest of you... but I can't abandon my home."
              }
            }
          ]
        }
      ],
      "EditorData": {
        "AnimationTags": "",
        "Attitude": "Default",
        "CinematicNodeContext": "",
        "CinematicObjects": "",
        "CustomCineArtKeysPresent": "False",
        "CustomLightingPresent": "False",
        "CustomSoundPresent": "False",
        "CustomVFXPresent": "False",
        "Emotion": "Default",
        "ForceDisableIsCustomNode": "False",
        "ID": "N1",
        "InternalNodeContext": "",
        "IsCustomNode": "False",
        "MusicTags": "",
        "NodeContext": "Players are going on a quest that takes them from the grove. Inwe is tempted to leave the drama in the grove behind.",
        "Quality": "Bronze",
        "SFXTags": "",
        "StateChangeTags": "",
        "TemplateNodeUUID": "00000000-0000-0000-0000-000000000000",
        "TemplateVersion": "0",
        "VFXTags": "",
        "collapsed": "False",
        "logicalname": "Greeting",
        "position": "15;-2175",
        "sourcetemplate": ""
      }
    },
    "e5775710-f10a-d1c5-663e-47e73f573184": {
      "UUID": "e5775710-f10a-d1c5-663e-47e73f573184",
      "Constructor": "TagGreeting",
      "EndNode": true,
      "Root": true,
      "ShowOnce": false,
      "SpeakerNo": 0,
      "AddressedSpeaker": -1,
      "Children": [],
      "CheckFlags": [
        {
          "Flags": [
            {
              "UUID": "0c4974d5-d98d-8d98-fa46-fd03d680f067",
              "value": true,
              "paramval": 1,
              "Name": "DEN_AttackOnDen_HasMet_RitualDruid003"
            }
          ],
          "Type": "Dialog"
        }
      ],
      "SetFlags": [],
      "TaggedTextList": [
        {
          "HasTagRule": false,
          "RuleGroup": {
            "TagCombineOp": 0,
            "Rules": [],
            "RuleString": ""
          },
          "TagTexts": [
            {
              "LineId": "5f8d3ae3-de98-6998-5388-36d0fcea82ce",
              "Text": {
                "Handle": "h09576f08g344cg4dfdg9fbag6477ae35bc2b",
                "Value": "I pray your road is safe. If only I could walk it myself..."
              }
            }
          ]
        }
      ],
      "EditorData": {
        "AnimationTags": "",
        "Attitude": "Default",
        "CinematicNodeContext": "",
        "CinematicObjects": "",
        "CustomCineArtKeysPresent": "False",
        "CustomLightingPresent": "False",
        "CustomSoundPresent": "False",
        "CustomVFXPresent": "False",
        "Emotion": "Default",
        "ForceDisableIsCustomNode": "False",
        "ID": "N2",
        "InternalNodeContext": "",
        "IsCustomNode": "False",
        "MusicTags": "",
        "NodeContext": "Players are going on a quest that takes them from the grove. Inwe is tempted to leave the drama in the grove behind.",
        "Quality": "Bronze",
        "SFXTags": "",
        "StateChangeTags": "",
        "TemplateNodeUUID": "00000000-0000-0000-0000-000000000000",
        "TemplateVersion": "0",
        "VFXTags": "",
        "collapsed": "False",
        "logicalname": "HasMet",
        "position": "15;-1956",
        "sourcetemplate": ""
      }
    }
  },
  "SpeakerDict": {
    "0": {
      "IsPeanutSpeaker": false,
      "SpeakerMappingId": "d5a431c9-9322-5d66-76cb-72013cc142a2",
      "Index": 0,
      "List": [
        "7cae8e24-d610-4229-859d-7b2da7c5d162"
      ],
      "SpeakerCharacter": {
        "DisplayName": "Inwe",
        "Type": "character",
        "MapKey": "7cae8e24-d610-4229-859d-7b2da7c5d162",
        "Name": "S_DEN_RitualDruid_003",
        "ParentTemplateId": null,
        "TemplateName": "ffcf9408-6695-4e7a-9e57-749da0992df7"
      },
      "SpeakerGroupName": null
    },
    "1": {
      "IsPeanutSpeaker": false,
      "SpeakerMappingId": "e490b923-a30a-3186-cb9f-142c7dfdcc87",
      "Index": 1,
      "List": [
        "e0d1ff71-04a8-4340-ae64-9684d846eb83"
      ],
      "SpeakerCharacter": {
        "DisplayName": "Player",
        "Type": "character",
        "MapKey": "e2badbf0-159a-4ef5-9e73-7bbeb3d1015a",
        "Name": "S_GLO_CharacterCreationDummy_001",
        "ParentTemplateId": null,
        "TemplateName": "fd7f2707-8f86-4836-bda8-e0db99c389cc"
      },
      "SpeakerGroupName": "GROUP_Players"
    }
  },
  "Synopsis": "This dialogue takes place after the player has successfully fought back an army of goblins that attacked the druid grove. Inwe is rattled to the bone by the battle. She doesn't feel safe in the grove anymore after seeing so much bloodshed."
}