{
  "Path": "Mods/Gustav/Story/Dialogs/Act1/DEN/DEN_AttackOnDen_ElevatorBear.lsj",
  "UUID": "fa1f3812-9cb0-519c-6a72-806c7edf70cd",
  "Category": "Generic NPC Dialog",
  "DefaultAddressedSpeakers": {
    "0": 1,
    "1": 0
  },
  "RootNodes": [
    "c6cac313-89a9-5ef2-730d-d60932e7a063",
    "d3445c97-8ff0-c277-6273-f7f021760392"
  ],
  "Nodes": {
    "c6cac313-89a9-5ef2-730d-d60932e7a063": {
      "UUID": "c6cac313-89a9-5ef2-730d-d60932e7a063",
      "Constructor": "TagGreeting",
      "EndNode": true,
      "Root": true,
      "ShowOnce": false,
      "SpeakerNo": 0,
      "AddressedSpeaker": 0,
      "Children": [],
      "CheckFlags": [
        {
          "Flags": [
            {
              "UUID": "dc860a81-f3c2-4c1a-ab90-e7583324845c",
              "value": true,
              "paramval": 1,
              "Name": "PETPAL"
            }
          ],
          "Type": "Tag"
        }
      ],
      "SetFlags": [],
      "TaggedTextList": [
        {
          "HasTagRule": false,
          "RuleGroup": {
            "TagCombineOp": 0,
            "Rules": [],
            "RuleString": ""
          },
          "TagTexts": [
            {
              "LineId": "a1039ae0-0615-55dc-246f-f298085be81c",
              "Text": {
                "Handle": "h25b52e0agc143g4cc2gb833g1cd88b710a8b",
                "Value": "Hmmmm... finally... quiet."
              }
            }
          ]
        }
      ],
      "EditorData": {
        "AnimationTags": "Bear sleeping idle",
        "Attitude": "Default",
        "CinematicNodeContext": "She has a very big yawn between finally and quiet. She's still half asleep.",
        "CinematicObjects": "",
        "CustomCineArtKeysPresent": "True",
        "CustomLightingPresent": "False",
        "CustomSoundPresent": "False",
        "CustomVFXPresent": "False",
        "Emotion": "Default",
        "ForceDisableIsCustomNode": "False",
        "ID": "N1",
        "InternalNodeContext": "",
        "IsCustomNode": "True",
        "MusicTags": "",
        "NodeContext": "She has a very big yawn between finally and quiet. She's still half asleep.",
        "Quality": "Silver",
        "SFXTags": "",
        "StateChangeTags": "",
        "TemplateNodeUUID": "00000000-0000-0000-0000-000000000000",
        "TemplateVersion": "0",
        "VFXTags": "",
        "collapsed": "False",
        "logicalname": "Den Victory petpal option",
        "position": "15;-1737",
        "sourcetemplate": ""
      }
    },
    "d3445c97-8ff0-c277-6273-f7f021760392": {
      "UUID": "d3445c97-8ff0-c277-6273-f7f021760392",
      "Constructor": "TagGreeting",
      "EndNode": true,
      "Root": true,
      "ShowOnce": false,
      "SpeakerNo": 0,
      "AddressedSpeaker": 0,
      "Children": [],
      "CheckFlags": [],
      "SetFlags": [],
      "TaggedTextList": [
        {
          "HasTagRule": false,
          "RuleGroup": {
            "TagCombineOp": 0,
            "Rules": [],
            "RuleString": ""
          },
          "TagTexts": [
            {
              "LineId": "cf392648-802e-f393-4f10-7c673d00f2c8",
              "Text": {
                "Handle": "h51134e3agf82dg457cga702g9922a242544c",
                "Value": "*Hum.*"
              }
            }
          ]
        }
      ],
      "EditorData": {
        "AnimationTags": "Bear Sleeping idle",
        "Attitude": "Default",
        "CinematicNodeContext": "She's sleeping, barely reacting.",
        "CinematicObjects": "",
        "CustomCineArtKeysPresent": "True",
        "CustomLightingPresent": "False",
        "CustomSoundPresent": "True",
        "CustomVFXPresent": "False",
        "Emotion": "Default",
        "ForceDisableIsCustomNode": "False",
        "ID": "N2",
        "InternalNodeContext": "",
        "IsCustomNode": "True",
        "MusicTags": "",
        "NodeContext": "",
        "Quality": "Silver",
        "SFXTags": "Sleepy bear grumble",
        "StateChangeTags": "",
        "TemplateNodeUUID": "00000000-0000-0000-0000-000000000000",
        "TemplateVersion": "0",
        "VFXTags": "",
        "collapsed": "False",
        "logicalname": "Den Victory no petpal option",
        "position": "15;-1518",
        "sourcetemplate": ""
      }
    }
  },
  "SpeakerDict": {
    "0": {
      "IsPeanutSpeaker": false,
      "SpeakerMappingId": "de8bb508-c45f-6aeb-cec4-5fd52fe8105d",
      "Index": 0,
      "List": [
        "04b7ef23-1002-4682-b962-33a2328bcd5c"
      ],
      "SpeakerCharacter": {
        "DisplayName": "Tuffet",
        "Type": "character",
        "MapKey": "04b7ef23-1002-4682-b962-33a2328bcd5c",
        "Name": "S_DEN_ElevatorBear",
        "ParentTemplateId": null,
        "TemplateName": "b2754d31-198e-4ae6-87ec-5399a3669639"
      },
      "SpeakerGroupName": null
    },
    "1": {
      "IsPeanutSpeaker": false,
      "SpeakerMappingId": "9da549e7-070a-fd25-a69a-e7c1befb3362",
      "Index": 1,
      "List": [
        "e0d1ff71-04a8-4340-ae64-9684d846eb83"
      ],
      "SpeakerCharacter": {
        "DisplayName": "Player",
        "Type": "character",
        "MapKey": "e2badbf0-159a-4ef5-9e73-7bbeb3d1015a",
        "Name": "S_GLO_CharacterCreationDummy_001",
        "ParentTemplateId": null,
        "TemplateName": "fd7f2707-8f86-4836-bda8-e0db99c389cc"
      },
      "SpeakerGroupName": "GROUP_Players"
    }
  },
  "Synopsis": "Dialogue for the lazy bear sleeping next to the elevator after the den has been attacked."
}