{
  "Path": "Mods/Gustav/Story/Dialogs/Act1/DEN/DEN_General_AD_Adventurer02.lsj",
  "UUID": "7a31d7a5-c394-e524-85f5-5a33bbc699f3",
  "Category": "Repeated automated NPC Dialog",
  "DefaultAddressedSpeakers": {
    "0": -1,
    "1": -1
  },
  "RootNodes": [
    "d452153b-abfd-14d7-a379-42a894c705d9",
    "870b7d52-c8eb-55ca-46e4-9849bee95910",
    "f51c017a-d1c7-7fcd-9a11-3c39727c510c",
    "6ea42c6d-8c7c-943d-e9fc-5fb29cb1099b"
  ],
  "Nodes": {
    "6ea42c6d-8c7c-943d-e9fc-5fb29cb1099b": {
      "UUID": "6ea42c6d-8c7c-943d-e9fc-5fb29cb1099b",
      "Constructor": "TagGreeting",
      "EndNode": true,
      "Root": true,
      "ShowOnce": false,
      "SpeakerNo": 0,
      "AddressedSpeaker": 0,
      "Children": [],
      "CheckFlags": [
        {
          "Flags": [
            {
              "UUID": "3b72a3f6-6624-d58e-0c58-b418e742691d",
              "value": true,
              "paramval": null,
              "Name": "7a31d7a5-c394-e524-85f5-5a33bbc699f3_C"
            }
          ],
          "Type": "Local"
        }
      ],
      "SetFlags": [
        {
          "Flags": [
            {
              "UUID": "3b72a3f6-6624-d58e-0c58-b418e742691d",
              "value": false,
              "paramval": null,
              "Name": "7a31d7a5-c394-e524-85f5-5a33bbc699f3_C"
            },
            {
              "UUID": "d3459b0a-e9df-2113-691b-7793cd456557",
              "value": false,
              "paramval": null,
              "Name": "7a31d7a5-c394-e524-85f5-5a33bbc699f3_B"
            },
            {
              "UUID": "fdd9a20d-0500-c192-84a1-a1811c3d1436",
              "value": false,
              "paramval": null,
              "Name": "7a31d7a5-c394-e524-85f5-5a33bbc699f3_A"
            }
          ],
          "Type": "Local"
        }
      ],
      "TaggedTextList": [
        {
          "HasTagRule": false,
          "RuleGroup": {
            "TagCombineOp": 0,
            "Rules": [],
            "RuleString": ""
          },
          "TagTexts": [
            {
              "LineId": "90cc2528-0e98-747f-8671-a4f805cc1b72",
              "Text": {
                "Handle": "hc530c575g92b3g4376g9de5ga1d4a0e08126",
                "Value": "Damn this. Damn them. Damn everything."
              }
            }
          ]
        }
      ],
      "EditorData": {
        "AnimationTags": "",
        "Attitude": "Default",
        "CinematicNodeContext": "",
        "CinematicObjects": "",
        "CustomCineArtKeysPresent": "False",
        "CustomLightingPresent": "False",
        "CustomSoundPresent": "False",
        "CustomVFXPresent": "False",
        "Emotion": "Default",
        "ForceDisableIsCustomNode": "False",
        "ID": "N18",
        "InternalNodeContext": "",
        "IsCustomNode": "False",
        "MusicTags": "",
        "NodeContext": "",
        "Quality": "Bronze",
        "SFXTags": "",
        "StateChangeTags": "",
        "TemplateNodeUUID": "00000000-0000-0000-0000-000000000000",
        "TemplateVersion": "0",
        "VFXTags": "",
        "collapsed": "False",
        "logicalname": "Greeting",
        "position": "15;672",
        "sourcetemplate": ""
      }
    },
    "870b7d52-c8eb-55ca-46e4-9849bee95910": {
      "UUID": "870b7d52-c8eb-55ca-46e4-9849bee95910",
      "Constructor": "TagGreeting",
      "EndNode": true,
      "Root": true,
      "ShowOnce": false,
      "SpeakerNo": 0,
      "AddressedSpeaker": 0,
      "Children": [],
      "CheckFlags": [
        {
          "Flags": [
            {
              "UUID": "3b72a3f6-6624-d58e-0c58-b418e742691d",
              "value": false,
              "paramval": null,
              "Name": "7a31d7a5-c394-e524-85f5-5a33bbc699f3_C"
            },
            {
              "UUID": "d3459b0a-e9df-2113-691b-7793cd456557",
              "value": false,
              "paramval": null,
              "Name": "7a31d7a5-c394-e524-85f5-5a33bbc699f3_B"
            },
            {
              "UUID": "fdd9a20d-0500-c192-84a1-a1811c3d1436",
              "value": true,
              "paramval": null,
              "Name": "7a31d7a5-c394-e524-85f5-5a33bbc699f3_A"
            }
          ],
          "Type": "Local"
        }
      ],
      "SetFlags": [
        {
          "Flags": [
            {
              "UUID": "d3459b0a-e9df-2113-691b-7793cd456557",
              "value": true,
              "paramval": null,
              "Name": "7a31d7a5-c394-e524-85f5-5a33bbc699f3_B"
            }
          ],
          "Type": "Local"
        }
      ],
      "TaggedTextList": [
        {
          "HasTagRule": false,
          "RuleGroup": {
            "TagCombineOp": 0,
            "Rules": [],
            "RuleString": ""
          },
          "TagTexts": [
            {
              "LineId": "e472a89c-52a9-8369-9bc6-75593413d581",
              "Text": {
                "Handle": "hee2270b3g26fbg4fbagbed1g587ea902ae36",
                "Value": "We should be back in the Gate by now.<br>"
              }
            }
          ]
        }
      ],
      "EditorData": {
        "AnimationTags": "",
        "Attitude": "Default",
        "CinematicNodeContext": "",
        "CinematicObjects": "",
        "CustomCineArtKeysPresent": "False",
        "CustomLightingPresent": "False",
        "CustomSoundPresent": "False",
        "CustomVFXPresent": "False",
        "Emotion": "Default",
        "ForceDisableIsCustomNode": "False",
        "ID": "N10",
        "InternalNodeContext": "",
        "IsCustomNode": "False",
        "MusicTags": "",
        "NodeContext": "",
        "Quality": "Bronze",
        "SFXTags": "",
        "StateChangeTags": "",
        "TemplateNodeUUID": "00000000-0000-0000-0000-000000000000",
        "TemplateVersion": "0",
        "VFXTags": "",
        "collapsed": "False",
        "logicalname": "Greeting",
        "position": "15;234",
        "sourcetemplate": ""
      }
    },
    "d452153b-abfd-14d7-a379-42a894c705d9": {
      "UUID": "d452153b-abfd-14d7-a379-42a894c705d9",
      "Constructor": "TagGreeting",
      "EndNode": true,
      "Root": true,
      "ShowOnce": false,
      "SpeakerNo": 0,
      "AddressedSpeaker": 0,
      "Children": [],
      "CheckFlags": [
        {
          "Flags": [
            {
              "UUID": "3b72a3f6-6624-d58e-0c58-b418e742691d",
              "value": false,
              "paramval": null,
              "Name": "7a31d7a5-c394-e524-85f5-5a33bbc699f3_C"
            },
            {
              "UUID": "d3459b0a-e9df-2113-691b-7793cd456557",
              "value": false,
              "paramval": null,
              "Name": "7a31d7a5-c394-e524-85f5-5a33bbc699f3_B"
            },
            {
              "UUID": "fdd9a20d-0500-c192-84a1-a1811c3d1436",
              "value": false,
              "paramval": null,
              "Name": "7a31d7a5-c394-e524-85f5-5a33bbc699f3_A"
            }
          ],
          "Type": "Local"
        }
      ],
      "SetFlags": [
        {
          "Flags": [
            {
              "UUID": "fdd9a20d-0500-c192-84a1-a1811c3d1436",
              "value": true,
              "paramval": null,
              "Name": "7a31d7a5-c394-e524-85f5-5a33bbc699f3_A"
            }
          ],
          "Type": "Local"
        }
      ],
      "TaggedTextList": [
        {
          "HasTagRule": false,
          "RuleGroup": {
            "TagCombineOp": 0,
            "Rules": [],
            "RuleString": ""
          },
          "TagTexts": [
            {
              "LineId": "c0c97388-28d7-17b1-4d0a-44be5bc63a30",
              "Text": {
                "Handle": "h4928ed00gb3b8g4c27g82fag7b88a2776d1b",
                "Value": "Had my fill of this place."
              }
            }
          ]
        }
      ],
      "EditorData": {
        "AnimationTags": "",
        "Attitude": "Default",
        "CinematicNodeContext": "",
        "CinematicObjects": "",
        "CustomCineArtKeysPresent": "False",
        "CustomLightingPresent": "False",
        "CustomSoundPresent": "False",
        "CustomVFXPresent": "False",
        "Emotion": "Default",
        "ForceDisableIsCustomNode": "False",
        "ID": "N6",
        "InternalNodeContext": "",
        "IsCustomNode": "False",
        "MusicTags": "",
        "NodeContext": "",
        "Quality": "Bronze",
        "SFXTags": "",
        "StateChangeTags": "",
        "TemplateNodeUUID": "00000000-0000-0000-0000-000000000000",
        "TemplateVersion": "0",
        "VFXTags": "",
        "collapsed": "False",
        "logicalname": "Greeting",
        "position": "15;15",
        "sourcetemplate": ""
      }
    },
    "f51c017a-d1c7-7fcd-9a11-3c39727c510c": {
      "UUID": "f51c017a-d1c7-7fcd-9a11-3c39727c510c",
      "Constructor": "TagGreeting",
      "EndNode": true,
      "Root": true,
      "ShowOnce": false,
      "SpeakerNo": 0,
      "AddressedSpeaker": 0,
      "Children": [],
      "CheckFlags": [
        {
          "Flags": [
            {
              "UUID": "3b72a3f6-6624-d58e-0c58-b418e742691d",
              "value": false,
              "paramval": null,
              "Name": "7a31d7a5-c394-e524-85f5-5a33bbc699f3_C"
            },
            {
              "UUID": "d3459b0a-e9df-2113-691b-7793cd456557",
              "value": true,
              "paramval": null,
              "Name": "7a31d7a5-c394-e524-85f5-5a33bbc699f3_B"
            }
          ],
          "Type": "Local"
        }
      ],
      "SetFlags": [
        {
          "Flags": [
            {
              "UUID": "3b72a3f6-6624-d58e-0c58-b418e742691d",
              "value": true,
              "paramval": null,
              "Name": "7a31d7a5-c394-e524-85f5-5a33bbc699f3_C"
            }
          ],
          "Type": "Local"
        }
      ],
      "TaggedTextList": [
        {
          "HasTagRule": false,
          "RuleGroup": {
            "TagCombineOp": 0,
            "Rules": [],
            "RuleString": ""
          },
          "TagTexts": [
            {
              "LineId": "d6b4d712-b3bc-85f8-99b6-d34e452248e7",
              "Text": {
                "Handle": "haee5bc4bge173g49abga115g92d7bc5191b9",
                "Value": "I need a drink and a real bed.<br>"
              }
            }
          ]
        }
      ],
      "EditorData": {
        "AnimationTags": "",
        "Attitude": "Default",
        "CinematicNodeContext": "",
        "CinematicObjects": "",
        "CustomCineArtKeysPresent": "False",
        "CustomLightingPresent": "False",
        "CustomSoundPresent": "False",
        "CustomVFXPresent": "False",
        "Emotion": "Default",
        "ForceDisableIsCustomNode": "False",
        "ID": "N14",
        "InternalNodeContext": "",
        "IsCustomNode": "False",
        "MusicTags": "",
        "NodeContext": "",
        "Quality": "Bronze",
        "SFXTags": "",
        "StateChangeTags": "",
        "TemplateNodeUUID": "00000000-0000-0000-0000-000000000000",
        "TemplateVersion": "0",
        "VFXTags": "",
        "collapsed": "False",
        "logicalname": "Greeting",
        "position": "15;453",
        "sourcetemplate": ""
      }
    }
  },
  "SpeakerDict": {
    "0": {
      "IsPeanutSpeaker": false,
      "SpeakerMappingId": "3feb65fc-d309-f21a-20b3-79488b5cea27",
      "Index": 0,
      "List": [
        "534bceaf-678c-40a0-8ca9-e1134f95ba0d"
      ],
      "SpeakerCharacter": {
        "DisplayName": "Barth",
        "Type": "character",
        "MapKey": "534bceaf-678c-40a0-8ca9-e1134f95ba0d",
        "Name": "S_DEN_RobbedAdventurer",
        "ParentTemplateId": null,
        "TemplateName": "09355aa0-4e04-4ea7-86dc-928dae84ef12"
      },
      "SpeakerGroupName": null
    }
  },
  "Synopsis": "A gruff adventurer complains about being stuck in a grove full of refugees. Wants to get back to the city. Speaking to himself. Grumbling."
}