{
  "Path": "Mods/Gustav/Story/Dialogs/Act1/DEN/DEN_AttackOnDen_AD_GettingArmed.lsj",
  "UUID": "cf35a7fa-1122-e186-e4de-526a17fe04ba",
  "Category": "Repeated automated NPC Dialog",
  "DefaultAddressedSpeakers": {
    "0": -1
  },
  "RootNodes": [
    "9bb0337b-e49a-692a-7f08-73bdc749d48e",
    "95745b94-91c4-2102-6975-4d10edbbe269",
    "3046455f-b8bb-9ea6-b9ea-e540716386af",
    "d3358016-61c0-b598-a323-6e4678a1372d"
  ],
  "Nodes": {
    "3046455f-b8bb-9ea6-b9ea-e540716386af": {
      "UUID": "3046455f-b8bb-9ea6-b9ea-e540716386af",
      "Constructor": "TagGreeting",
      "EndNode": true,
      "Root": true,
      "ShowOnce": false,
      "SpeakerNo": 0,
      "AddressedSpeaker": 0,
      "Children": [],
      "CheckFlags": [
        {
          "Flags": [
            {
              "UUID": "1c8989f9-33f7-1070-c87f-0ba643e87cd8",
              "value": true,
              "paramval": null,
              "Name": "acc081f3-204a-2f29-a3bb-6d33ff784c39_A"
            },
            {
              "UUID": "8865336d-d2f7-c199-bd3e-a0c7514a9783",
              "value": true,
              "paramval": null,
              "Name": "acc081f3-204a-2f29-a3bb-6d33ff784c39_B"
            },
            {
              "UUID": "bc7974b0-45b3-4740-aea4-dc7de721b748",
              "value": false,
              "paramval": null,
              "Name": "acc081f3-204a-2f29-a3bb-6d33ff784c39_C"
            }
          ],
          "Type": "Local"
        }
      ],
      "SetFlags": [
        {
          "Flags": [
            {
              "UUID": "bc7974b0-45b3-4740-aea4-dc7de721b748",
              "value": true,
              "paramval": null,
              "Name": "acc081f3-204a-2f29-a3bb-6d33ff784c39_C"
            }
          ],
          "Type": "Local"
        }
      ],
      "TaggedTextList": [
        {
          "HasTagRule": false,
          "RuleGroup": {
            "TagCombineOp": 0,
            "Rules": [],
            "RuleString": ""
          },
          "TagTexts": [
            {
              "LineId": "a6a596a9-a3c8-5043-ddd8-e2c59e98bcb9",
              "Text": {
                "Handle": "hdd57b071g791dg4bdagbac7gb8bfae7c8724",
                "Value": "The more weapons we have on show, the less likely anyone'll give us trouble.<br>"
              }
            }
          ]
        }
      ],
      "EditorData": {
        "AnimationTags": "",
        "Attitude": "Default",
        "CinematicNodeContext": "",
        "CinematicObjects": "",
        "CustomCineArtKeysPresent": "False",
        "CustomLightingPresent": "False",
        "CustomSoundPresent": "False",
        "CustomVFXPresent": "False",
        "Emotion": "Default",
        "ForceDisableIsCustomNode": "False",
        "ID": "N22",
        "InternalNodeContext": "",
        "IsCustomNode": "False",
        "MusicTags": "",
        "NodeContext": "",
        "Quality": "Bronze",
        "SFXTags": "",
        "StateChangeTags": "",
        "TemplateNodeUUID": "00000000-0000-0000-0000-000000000000",
        "TemplateVersion": "0",
        "VFXTags": "",
        "collapsed": "False",
        "logicalname": "Greeting",
        "position": "15;15",
        "sourcetemplate": ""
      }
    },
    "95745b94-91c4-2102-6975-4d10edbbe269": {
      "UUID": "95745b94-91c4-2102-6975-4d10edbbe269",
      "Constructor": "TagGreeting",
      "EndNode": true,
      "Root": true,
      "ShowOnce": false,
      "SpeakerNo": 0,
      "AddressedSpeaker": 0,
      "Children": [],
      "CheckFlags": [
        {
          "Flags": [
            {
              "UUID": "1c8989f9-33f7-1070-c87f-0ba643e87cd8",
              "value": true,
              "paramval": null,
              "Name": "acc081f3-204a-2f29-a3bb-6d33ff784c39_A"
            },
            {
              "UUID": "8865336d-d2f7-c199-bd3e-a0c7514a9783",
              "value": false,
              "paramval": null,
              "Name": "acc081f3-204a-2f29-a3bb-6d33ff784c39_B"
            },
            {
              "UUID": "bc7974b0-45b3-4740-aea4-dc7de721b748",
              "value": false,
              "paramval": null,
              "Name": "acc081f3-204a-2f29-a3bb-6d33ff784c39_C"
            }
          ],
          "Type": "Local"
        }
      ],
      "SetFlags": [
        {
          "Flags": [
            {
              "UUID": "8865336d-d2f7-c199-bd3e-a0c7514a9783",
              "value": true,
              "paramval": null,
              "Name": "acc081f3-204a-2f29-a3bb-6d33ff784c39_B"
            }
          ],
          "Type": "Local"
        }
      ],
      "TaggedTextList": [
        {
          "HasTagRule": false,
          "RuleGroup": {
            "TagCombineOp": 0,
            "Rules": [],
            "RuleString": ""
          },
          "TagTexts": [
            {
              "LineId": "fc32fbb0-e676-f12e-4339-3a09f4370b91",
              "Text": {
                "Handle": "he07f21edg81a4g49c7g8d2ag877de92ab8a6",
                "Value": "Pick something realistic. If you can't swing a sword, take a dagger.<br>"
              }
            }
          ]
        }
      ],
      "EditorData": {
        "AnimationTags": "",
        "Attitude": "Default",
        "CinematicNodeContext": "",
        "CinematicObjects": "",
        "CustomCineArtKeysPresent": "False",
        "CustomLightingPresent": "False",
        "CustomSoundPresent": "False",
        "CustomVFXPresent": "False",
        "Emotion": "Default",
        "ForceDisableIsCustomNode": "False",
        "ID": "N24",
        "InternalNodeContext": "",
        "IsCustomNode": "False",
        "MusicTags": "",
        "NodeContext": "",
        "Quality": "Bronze",
        "SFXTags": "",
        "StateChangeTags": "",
        "TemplateNodeUUID": "00000000-0000-0000-0000-000000000000",
        "TemplateVersion": "0",
        "VFXTags": "",
        "collapsed": "False",
        "logicalname": "Greeting",
        "position": "15;-204",
        "sourcetemplate": ""
      }
    },
    "9bb0337b-e49a-692a-7f08-73bdc749d48e": {
      "UUID": "9bb0337b-e49a-692a-7f08-73bdc749d48e",
      "Constructor": "TagGreeting",
      "EndNode": true,
      "Root": true,
      "ShowOnce": false,
      "SpeakerNo": 0,
      "AddressedSpeaker": 0,
      "Children": [],
      "CheckFlags": [
        {
          "Flags": [
            {
              "UUID": "1c8989f9-33f7-1070-c87f-0ba643e87cd8",
              "value": false,
              "paramval": null,
              "Name": "acc081f3-204a-2f29-a3bb-6d33ff784c39_A"
            },
            {
              "UUID": "8865336d-d2f7-c199-bd3e-a0c7514a9783",
              "value": false,
              "paramval": null,
              "Name": "acc081f3-204a-2f29-a3bb-6d33ff784c39_B"
            },
            {
              "UUID": "bc7974b0-45b3-4740-aea4-dc7de721b748",
              "value": false,
              "paramval": null,
              "Name": "acc081f3-204a-2f29-a3bb-6d33ff784c39_C"
            }
          ],
          "Type": "Local"
        }
      ],
      "SetFlags": [
        {
          "Flags": [
            {
              "UUID": "1c8989f9-33f7-1070-c87f-0ba643e87cd8",
              "value": true,
              "paramval": null,
              "Name": "acc081f3-204a-2f29-a3bb-6d33ff784c39_A"
            }
          ],
          "Type": "Local"
        }
      ],
      "TaggedTextList": [
        {
          "HasTagRule": false,
          "RuleGroup": {
            "TagCombineOp": 0,
            "Rules": [],
            "RuleString": ""
          },
          "TagTexts": [
            {
              "LineId": "2dcba3cd-b928-4a23-0114-8930507262d5",
              "Text": {
                "Handle": "h366dff85g5970g4746gb321g51ea15fecb9a",
                "Value": "Arm yourselves. Better to have a weapon and not need it."
              }
            }
          ]
        }
      ],
      "EditorData": {
        "AnimationTags": "",
        "Attitude": "Default",
        "CinematicNodeContext": "",
        "CinematicObjects": "",
        "CustomCineArtKeysPresent": "False",
        "CustomLightingPresent": "False",
        "CustomSoundPresent": "False",
        "CustomVFXPresent": "False",
        "Emotion": "Default",
        "ForceDisableIsCustomNode": "False",
        "ID": "N23",
        "InternalNodeContext": "",
        "IsCustomNode": "False",
        "MusicTags": "",
        "NodeContext": "",
        "Quality": "Bronze",
        "SFXTags": "",
        "StateChangeTags": "",
        "TemplateNodeUUID": "00000000-0000-0000-0000-000000000000",
        "TemplateVersion": "0",
        "VFXTags": "",
        "collapsed": "False",
        "logicalname": "Greeting",
        "position": "15;-423",
        "sourcetemplate": ""
      }
    },
    "d3358016-61c0-b598-a323-6e4678a1372d": {
      "UUID": "d3358016-61c0-b598-a323-6e4678a1372d",
      "Constructor": "TagGreeting",
      "EndNode": true,
      "Root": true,
      "ShowOnce": false,
      "SpeakerNo": 0,
      "AddressedSpeaker": 0,
      "Children": [],
      "CheckFlags": [
        {
          "Flags": [
            {
              "UUID": "1c8989f9-33f7-1070-c87f-0ba643e87cd8",
              "value": true,
              "paramval": null,
              "Name": "acc081f3-204a-2f29-a3bb-6d33ff784c39_A"
            },
            {
              "UUID": "8865336d-d2f7-c199-bd3e-a0c7514a9783",
              "value": true,
              "paramval": null,
              "Name": "acc081f3-204a-2f29-a3bb-6d33ff784c39_B"
            },
            {
              "UUID": "bc7974b0-45b3-4740-aea4-dc7de721b748",
              "value": true,
              "paramval": null,
              "Name": "acc081f3-204a-2f29-a3bb-6d33ff784c39_C"
            }
          ],
          "Type": "Local"
        }
      ],
      "SetFlags": [
        {
          "Flags": [
            {
              "UUID": "1c8989f9-33f7-1070-c87f-0ba643e87cd8",
              "value": false,
              "paramval": null,
              "Name": "acc081f3-204a-2f29-a3bb-6d33ff784c39_A"
            },
            {
              "UUID": "8865336d-d2f7-c199-bd3e-a0c7514a9783",
              "value": false,
              "paramval": null,
              "Name": "acc081f3-204a-2f29-a3bb-6d33ff784c39_B"
            },
            {
              "UUID": "bc7974b0-45b3-4740-aea4-dc7de721b748",
              "value": false,
              "paramval": null,
              "Name": "acc081f3-204a-2f29-a3bb-6d33ff784c39_C"
            }
          ],
          "Type": "Local"
        }
      ],
      "TaggedTextList": [
        {
          "HasTagRule": false,
          "RuleGroup": {
            "TagCombineOp": 0,
            "Rules": [],
            "RuleString": ""
          },
          "TagTexts": [
            {
              "LineId": "96e583f5-7c52-6c6a-321f-5218346ad66d",
              "Text": {
                "Handle": "had97b475gbc29g4943gaa6dg998c62337251",
                "Value": "C'mon, you're not picking a gift for your sweetheart - grab a blade!<br>"
              }
            }
          ]
        }
      ],
      "EditorData": {
        "AnimationTags": "",
        "Attitude": "Default",
        "CinematicNodeContext": "",
        "CinematicObjects": "",
        "CustomCineArtKeysPresent": "False",
        "CustomLightingPresent": "False",
        "CustomSoundPresent": "False",
        "CustomVFXPresent": "False",
        "Emotion": "Default",
        "ForceDisableIsCustomNode": "False",
        "ID": "N25",
        "InternalNodeContext": "",
        "IsCustomNode": "False",
        "MusicTags": "",
        "NodeContext": "",
        "Quality": "Bronze",
        "SFXTags": "",
        "StateChangeTags": "",
        "TemplateNodeUUID": "00000000-0000-0000-0000-000000000000",
        "TemplateVersion": "0",
        "VFXTags": "",
        "collapsed": "False",
        "logicalname": "Greeting",
        "position": "15;234",
        "sourcetemplate": ""
      }
    }
  },
  "SpeakerDict": {
    "0": {
      "IsPeanutSpeaker": false,
      "SpeakerMappingId": "88ea3194-76b0-a79c-1713-4adc02a42dba",
      "Index": 0,
      "List": [
        "65ad9da0-0efb-4cc3-bf82-c006f43dda6c"
      ],
      "SpeakerCharacter": {
        "DisplayName": "Guex",
        "Type": "character",
        "MapKey": "65ad9da0-0efb-4cc3-bf82-c006f43dda6c",
        "Name": "S_GLO_IrritatedTiefling",
        "ParentTemplateId": null,
        "TemplateName": "80fa035d-5248-45c3-a9c2-1c74749833dc"
      },
      "SpeakerGroupName": null
    }
  },
  "Synopsis": "Guex is telling some reluctant non-combatant tieflings to arm themselves for the road ahead. He speaks while looking over them picking through a pile of weapons."
}