{
  "Path": "Mods/Gustav/Story/Dialogs/Act1/DEN/DEN_GoblinScouts_AD_Tracks.lsj",
  "UUID": "a9cd0275-0443-9179-550e-e1808b1c38ad",
  "Category": "Voice bark",
  "DefaultAddressedSpeakers": {
    "0": -1
  },
  "RootNodes": [
    "37b40733-f10e-f65d-66e0-67c865ae6ac2"
  ],
  "Nodes": {
    "37b40733-f10e-f65d-66e0-67c865ae6ac2": {
      "UUID": "37b40733-f10e-f65d-66e0-67c865ae6ac2",
      "Constructor": "TagGreeting",
      "EndNode": true,
      "Root": true,
      "ShowOnce": false,
      "SpeakerNo": 0,
      "AddressedSpeaker": 0,
      "Children": [],
      "CheckFlags": [],
      "SetFlags": [],
      "TaggedTextList": [
        {
          "HasTagRule": true,
          "RuleGroup": {
            "TagCombineOp": 0,
            "Rules": [
              {
                "HasChildRules": false,
                "TagCombineOp": 0,
                "Tags": [
                  "ffd08582-7396-4cac-bcd4-8f9cd0fd8ef3"
                ],
                "TagNames": [
                  "REALLY_ASTARION"
                ]
              }
            ],
            "RuleString": "REALLY_ASTARION"
          },
          "TagTexts": [
            {
              "LineId": "71a5ae1b-7ad4-cd3b-9d96-6f1553604961",
              "Text": {
                "Handle": "h3d0eba0dg6854g4cd0gb29fga274fb23289d",
                "Value": "Goblin tracks. You can practically smell the filth."
              }
            }
          ]
        },
        {
          "HasTagRule": true,
          "RuleGroup": {
            "TagCombineOp": 0,
            "Rules": [
              {
                "HasChildRules": false,
                "TagCombineOp": 0,
                "Tags": [
                  "9b0354c0-56d9-4723-8034-918ac9abab19"
                ],
                "TagNames": [
                  "REALLY_GALE"
                ]
              }
            ],
            "RuleString": "REALLY_GALE"
          },
          "TagTexts": [
            {
              "LineId": "03ca6e55-eac9-03d5-81d7-6334b1ed7c21",
              "Text": {
                "Handle": "h2016f9f1g0d12g47f5g982fg17f19b139f0f",
                "Value": "Goblin tracks. And far too many of them too."
              }
            }
          ]
        },
        {
          "HasTagRule": true,
          "RuleGroup": {
            "TagCombineOp": 0,
            "Rules": [
              {
                "HasChildRules": false,
                "TagCombineOp": 0,
                "Tags": [
                  "1a2f70d6-8ead-4eb5-a824-79ee1971764a"
                ],
                "TagNames": [
                  "REALLY_KARLACH"
                ]
              }
            ],
            "RuleString": "REALLY_KARLACH"
          },
          "TagTexts": [
            {
              "LineId": "fbd2b5da-f073-7744-787c-1e85e794b780",
              "Text": {
                "Handle": "h1d7de9cfg0276g457fga01bgf75ebc284669",
                "Value": "Tracks. Mephits or... no, <i>goblins.</i>"
              }
            }
          ]
        },
        {
          "HasTagRule": true,
          "RuleGroup": {
            "TagCombineOp": 0,
            "Rules": [
              {
                "HasChildRules": false,
                "TagCombineOp": 0,
                "Tags": [
                  "b5682d1d-c395-489c-9675-1f9b0c328ea5"
                ],
                "TagNames": [
                  "REALLY_LAEZEL"
                ]
              }
            ],
            "RuleString": "REALLY_LAEZEL"
          },
          "TagTexts": [
            {
              "LineId": "52dc024a-cb0a-3341-c9f9-44d5d6d52330",
              "Text": {
                "Handle": "he7140763gb063g4d7dgaaecgb918f488f702",
                "Value": "Tracks. Small, bipedal. Goblins, perhaps."
              }
            }
          ]
        },
        {
          "HasTagRule": true,
          "RuleGroup": {
            "TagCombineOp": 0,
            "Rules": [
              {
                "HasChildRules": false,
                "TagCombineOp": 0,
                "Tags": [
                  "642d2aee-e3df-47e3-9f47-bbcd441bb9e0"
                ],
                "TagNames": [
                  "REALLY_SHADOWHEART"
                ]
              }
            ],
            "RuleString": "REALLY_SHADOWHEART"
          },
          "TagTexts": [
            {
              "LineId": "261dac8e-354a-c10b-e461-ca79c951af48",
              "Text": {
                "Handle": "hb888aabagaf0dg43c1ga7dbgb0fae0a4f5ba",
                "Value": "These tracks... squat, bow-legged... goblins, I'd say."
              }
            }
          ]
        },
        {
          "HasTagRule": true,
          "RuleGroup": {
            "TagCombineOp": 0,
            "Rules": [
              {
                "HasChildRules": false,
                "TagCombineOp": 0,
                "Tags": [
                  "5f40def5-d3ec-4698-a367-01a339888956"
                ],
                "TagNames": [
                  "REALLY_WYLL"
                ]
              }
            ],
            "RuleString": "REALLY_WYLL"
          },
          "TagTexts": [
            {
              "LineId": "b2c8161b-075e-1840-8818-2dc6a468a5a6",
              "Text": {
                "Handle": "hc2da7b8fg4001g4182ga504g1b0fe35852e3",
                "Value": "Tracks like these puncture the soil across the Sword Coast. Goblins, of course."
              }
            }
          ]
        },
        {
          "HasTagRule": false,
          "RuleGroup": {
            "TagCombineOp": 0,
            "Rules": [],
            "RuleString": ""
          },
          "TagTexts": [
            {
              "LineId": "42d5ab33-b24b-a536-1957-9da2a99a302f",
              "Text": {
                "Handle": "hefe4dd12gd4d8g460ag9e6dg8c5c2054252a",
                "Value": "These tracks... goblins?"
              }
            }
          ]
        }
      ],
      "EditorData": {
        "AnimationTags": "",
        "Attitude": "Default",
        "CinematicNodeContext": "",
        "CinematicObjects": "",
        "CustomCineArtKeysPresent": "False",
        "CustomLightingPresent": "False",
        "CustomSoundPresent": "False",
        "CustomVFXPresent": "False",
        "Emotion": "Default",
        "ForceDisableIsCustomNode": "False",
        "ID": "N3",
        "InternalNodeContext": "",
        "IsCustomNode": "False",
        "MusicTags": "",
        "NodeContext": "",
        "Quality": "Bronze",
        "SFXTags": "",
        "StateChangeTags": "",
        "TemplateNodeUUID": "00000000-0000-0000-0000-000000000000",
        "TemplateVersion": "0",
        "VFXTags": "",
        "collapsed": "False",
        "logicalname": "Greeting",
        "position": "335;234",
        "sourcetemplate": ""
      }
    }
  },
  "SpeakerDict": {
    "0": {
      "IsPeanutSpeaker": false,
      "SpeakerMappingId": "1c937397-2388-6ea7-0029-d09163aff516",
      "Index": 0,
      "List": [
        "e0d1ff71-04a8-4340-ae64-9684d846eb83"
      ],
      "SpeakerCharacter": {
        "DisplayName": "Player",
        "Type": "character",
        "MapKey": "e2badbf0-159a-4ef5-9e73-7bbeb3d1015a",
        "Name": "S_GLO_CharacterCreationDummy_001",
        "ParentTemplateId": null,
        "TemplateName": "fd7f2707-8f86-4836-bda8-e0db99c389cc"
      },
      "SpeakerGroupName": "GROUP_Players"
    }
  },
  "Synopsis": "Player recognises goblin tracks and comments."
}