{
  "Path": "Mods/Gustav/Story/Dialogs/Act1/DEN/DEN_AttackOnDen_Servant005.lsj",
  "UUID": "a47c8883-6cf5-e7ad-961d-abbbc03b0a01",
  "Category": "Generic NPC Dialog",
  "DefaultAddressedSpeakers": {
    "0": 1,
    "1": 0
  },
  "RootNodes": [
    "58db17fb-535c-0d68-607d-6f83eeda4325",
    "388d49ae-dc19-2400-64f2-e5194b4d2d17",
    "3cc7eb04-6d42-4492-13b4-756ffc856680",
    "d6299c69-1ab0-eff0-2017-a510d68672ac"
  ],
  "Nodes": {
    "07a202d1-8ce5-84c1-c214-c42528c43c4f": {
      "UUID": "07a202d1-8ce5-84c1-c214-c42528c43c4f",
      "Constructor": "TagAnswer",
      "EndNode": false,
      "Root": false,
      "ShowOnce": false,
      "SpeakerNo": 0,
      "AddressedSpeaker": -1,
      "Children": [],
      "CheckFlags": [],
      "SetFlags": [],
      "TaggedTextList": [
        {
          "HasTagRule": false,
          "RuleGroup": {
            "TagCombineOp": 0,
            "Rules": [],
            "RuleString": ""
          },
          "TagTexts": [
            {
              "LineId": "f840c432-db4e-fa7e-9658-435cd7e31370",
              "Text": {
                "Handle": "hee17bc50g7e29g4c9dgac6dgc559695d97ae",
                "Value": "As am I. And I'm sure those poor refugees would quite agree."
              }
            }
          ]
        }
      ],
      "EditorData": {
        "AnimationTags": "",
        "Attitude": "Default",
        "CinematicNodeContext": "",
        "CinematicObjects": "",
        "CustomCineArtKeysPresent": "False",
        "CustomLightingPresent": "False",
        "CustomSoundPresent": "False",
        "CustomVFXPresent": "False",
        "Emotion": "Default",
        "ForceDisableIsCustomNode": "False",
        "ID": "N104",
        "InternalNodeContext": "",
        "IsCustomNode": "False",
        "MusicTags": "",
        "NodeContext": "",
        "Quality": "Bronze",
        "SFXTags": "",
        "StateChangeTags": "",
        "TemplateNodeUUID": "00000000-0000-0000-0000-000000000000",
        "TemplateVersion": "0",
        "VFXTags": "",
        "collapsed": "False",
        "logicalname": "Answer",
        "position": "975;-861",
        "sourcetemplate": ""
      }
    },
    "16dd6cae-d1b6-6a65-225f-c8134ddcffe2": {
      "JumpTarget": "b852117a-7e5c-c18b-18b8-cac3ab4599a7",
      "JumpTargetPoint": 2,
      "UUID": "16dd6cae-d1b6-6a65-225f-c8134ddcffe2",
      "Constructor": "Jump",
      "EndNode": false,
      "Root": false,
      "ShowOnce": false,
      "SpeakerNo": 0,
      "AddressedSpeaker": 0,
      "Children": [],
      "CheckFlags": [],
      "SetFlags": [],
      "TaggedTextList": [],
      "EditorData": {
        "ID": "N111",
        "TemplateNodeUUID": "00000000-0000-0000-0000-000000000000",
        "TemplateVersion": "0",
        "collapsed": "False",
        "logicalname": "Jump",
        "position": "655;-1080",
        "sourcetemplate": ""
      }
    },
    "388d49ae-dc19-2400-64f2-e5194b4d2d17": {
      "UUID": "388d49ae-dc19-2400-64f2-e5194b4d2d17",
      "Constructor": "TagGreeting",
      "EndNode": false,
      "Root": true,
      "ShowOnce": false,
      "SpeakerNo": 0,
      "AddressedSpeaker": -1,
      "Children": [
        "16dd6cae-d1b6-6a65-225f-c8134ddcffe2"
      ],
      "CheckFlags": [
        {
          "Flags": [
            {
              "UUID": "1e6a42ed-8313-4f46-57e2-20dbdb2df923",
              "value": true,
              "paramval": null,
              "Name": "DEN_Refugees_State_LeadersAreDead"
            }
          ],
          "Type": "Global"
        }
      ],
      "SetFlags": [
        {
          "Flags": [
            {
              "UUID": "ecc3f262-3fb1-5898-12eb-93f472150eaa",
              "value": true,
              "paramval": 1,
              "Name": "DEN_AttackOnDen_HasMet_Servant005Victory"
            }
          ],
          "Type": "Dialog"
        }
      ],
      "TaggedTextList": [
        {
          "HasTagRule": false,
          "RuleGroup": {
            "TagCombineOp": 0,
            "Rules": [],
            "RuleString": ""
          },
          "TagTexts": [
            {
              "LineId": "931897fa-3e3e-0e26-ecf9-fa844c53ecc5",
              "Text": {
                "Handle": "hf455c214gfa9bg4c14gb0fdgb0feacabd08c",
                "Value": "So it's true. You scattered the goblins. Peace can finally return to this corner of the Sword Coast. Thank you."
              }
            }
          ]
        }
      ],
      "EditorData": {
        "AnimationTags": "",
        "Attitude": "Default",
        "CinematicNodeContext": "",
        "CinematicObjects": "",
        "CustomCineArtKeysPresent": "False",
        "CustomLightingPresent": "False",
        "CustomSoundPresent": "False",
        "CustomVFXPresent": "False",
        "Emotion": "Default",
        "ForceDisableIsCustomNode": "False",
        "ID": "N112",
        "InternalNodeContext": "",
        "IsCustomNode": "False",
        "MusicTags": "",
        "NodeContext": "",
        "Quality": "Bronze",
        "SFXTags": "",
        "StateChangeTags": "",
        "TemplateNodeUUID": "00000000-0000-0000-0000-000000000000",
        "TemplateVersion": "0",
        "VFXTags": "",
        "collapsed": "False",
        "logicalname": "Greeting - Goblin leaders dead",
        "position": "15;-1299",
        "sourcetemplate": ""
      }
    },
    "3cc7eb04-6d42-4492-13b4-756ffc856680": {
      "UUID": "3cc7eb04-6d42-4492-13b4-756ffc856680",
      "Constructor": "TagGreeting",
      "EndNode": false,
      "Root": true,
      "ShowOnce": false,
      "SpeakerNo": 0,
      "AddressedSpeaker": -1,
      "Children": [
        "a9fd172b-6a3a-3beb-57cf-ea5dcbfaeaad"
      ],
      "CheckFlags": [
        {
          "Flags": [
            {
              "UUID": "d7db3ef4-acf7-d0e3-dcd1-1c4b8ca6ba46",
              "value": true,
              "paramval": null,
              "Name": "DEN_ShadowDruid_State_KaghaIsDead"
            }
          ],
          "Type": "Global"
        }
      ],
      "SetFlags": [
        {
          "Flags": [
            {
              "UUID": "ecc3f262-3fb1-5898-12eb-93f472150eaa",
              "value": true,
              "paramval": 1,
              "Name": "DEN_AttackOnDen_HasMet_Servant005Victory"
            }
          ],
          "Type": "Dialog"
        }
      ],
      "TaggedTextList": [
        {
          "HasTagRule": false,
          "RuleGroup": {
            "TagCombineOp": 0,
            "Rules": [],
            "RuleString": ""
          },
          "TagTexts": [
            {
              "LineId": "26d905e1-d7e4-4a94-1cc5-33a0a9bad100",
              "Text": {
                "Handle": "hef2dc139ge5b6g4b12g8210g43e5a41ba976",
                "Value": "By the trees, I never liked the ritual, but when I saw that drow, I admit I wished we'd finished it."
              }
            }
          ]
        }
      ],
      "EditorData": {
        "AnimationTags": "",
        "Attitude": "Default",
        "CinematicNodeContext": "",
        "CinematicObjects": "",
        "CustomCineArtKeysPresent": "False",
        "CustomLightingPresent": "False",
        "CustomSoundPresent": "False",
        "CustomVFXPresent": "False",
        "Emotion": "Default",
        "ForceDisableIsCustomNode": "False",
        "ID": "N109",
        "InternalNodeContext": "",
        "IsCustomNode": "False",
        "MusicTags": "",
        "NodeContext": "'By the trees' is an exclamation mark, not him saying literally 'by the trees over there.'",
        "Quality": "Bronze",
        "SFXTags": "",
        "StateChangeTags": "",
        "TemplateNodeUUID": "00000000-0000-0000-0000-000000000000",
        "TemplateVersion": "0",
        "VFXTags": "",
        "collapsed": "False",
        "logicalname": "AoD - Sagha Dead",
        "position": "15;-1080",
        "sourcetemplate": ""
      }
    },
    "42669fdd-e12d-abff-e4bd-ddee18e8e465": {
      "UUID": "42669fdd-e12d-abff-e4bd-ddee18e8e465",
      "Constructor": "Trade",
      "EndNode": false,
      "Root": false,
      "ShowOnce": false,
      "SpeakerNo": 0,
      "AddressedSpeaker": -1,
      "Children": [
        "d3853b34-e7f3-ca5d-a3c6-91a79012d30d"
      ],
      "CheckFlags": [],
      "SetFlags": [],
      "TaggedTextList": [],
      "EditorData": {
        "ID": "N115",
        "TemplateNodeUUID": "00000000-0000-0000-0000-000000000000",
        "TemplateVersion": "0",
        "collapsed": "False",
        "logicalname": "Trade",
        "position": "1295;-423",
        "sourcetemplate": ""
      }
    },
    "4a71aa7f-733c-fc86-7f28-efbef868c6a2": {
      "UUID": "4a71aa7f-733c-fc86-7f28-efbef868c6a2",
      "Constructor": "TagAnswer",
      "EndNode": false,
      "Root": false,
      "ShowOnce": false,
      "SpeakerNo": 0,
      "AddressedSpeaker": -1,
      "Children": [
        "42669fdd-e12d-abff-e4bd-ddee18e8e465"
      ],
      "CheckFlags": [],
      "SetFlags": [],
      "TaggedTextList": [
        {
          "HasTagRule": false,
          "RuleGroup": {
            "TagCombineOp": 0,
            "Rules": [],
            "RuleString": ""
          },
          "TagTexts": [
            {
              "LineId": "dd4bef3f-47ab-8d12-8632-f22f564471d4",
              "Text": {
                "Handle": "h8835a016g07e2g4274g9706gb4c14db7f243",
                "Value": "Of course."
              }
            }
          ]
        }
      ],
      "EditorData": {
        "AnimationTags": "",
        "Attitude": "Default",
        "CinematicNodeContext": "",
        "CinematicObjects": "",
        "CustomCineArtKeysPresent": "False",
        "CustomLightingPresent": "False",
        "CustomSoundPresent": "False",
        "CustomVFXPresent": "False",
        "Emotion": "Default",
        "ForceDisableIsCustomNode": "False",
        "ID": "N93",
        "InternalNodeContext": "",
        "IsCustomNode": "False",
        "MusicTags": "",
        "NodeContext": "",
        "Quality": "Bronze",
        "SFXTags": "",
        "StateChangeTags": "",
        "TemplateNodeUUID": "00000000-0000-0000-0000-000000000000",
        "TemplateVersion": "0",
        "VFXTags": "",
        "collapsed": "False",
        "logicalname": "Answer",
        "position": "975;-423",
        "sourcetemplate": ""
      }
    },
    "58db17fb-535c-0d68-607d-6f83eeda4325": {
      "UUID": "58db17fb-535c-0d68-607d-6f83eeda4325",
      "Constructor": "TagGreeting",
      "EndNode": false,
      "Root": true,
      "ShowOnce": false,
      "SpeakerNo": 0,
      "AddressedSpeaker": -1,
      "Children": [
        "a81083dd-6bd9-d020-d382-23a382cd0256",
        "b993d0d9-2bbf-660b-983a-9f09edf5e0cd"
      ],
      "CheckFlags": [
        {
          "Flags": [
            {
              "UUID": "ecc3f262-3fb1-5898-12eb-93f472150eaa",
              "value": true,
              "paramval": 1,
              "Name": "DEN_AttackOnDen_HasMet_Servant005Victory"
            }
          ],
          "Type": "Dialog"
        }
      ],
      "SetFlags": [],
      "TaggedTextList": [
        {
          "HasTagRule": false,
          "RuleGroup": {
            "TagCombineOp": 0,
            "Rules": [],
            "RuleString": ""
          },
          "TagTexts": [
            {
              "LineId": "190dc412-c960-c1af-6b30-5eaff8d3d909",
              "Text": {
                "Handle": "hfcd6e12eg45fag4385gad35geaf4f7619885",
                "Value": "It'll take a while for us all to recover, but you've helped us take the first step."
              }
            }
          ]
        }
      ],
      "EditorData": {
        "AnimationTags": "",
        "Attitude": "Friendly",
        "CinematicNodeContext": "",
        "CinematicObjects": "",
        "CustomCineArtKeysPresent": "False",
        "CustomLightingPresent": "False",
        "CustomSoundPresent": "False",
        "CustomVFXPresent": "False",
        "Emotion": "Neutral",
        "ForceDisableIsCustomNode": "False",
        "ID": "N2",
        "InternalNodeContext": "",
        "IsCustomNode": "False",
        "MusicTags": "",
        "NodeContext": "",
        "Quality": "Bronze",
        "SFXTags": "",
        "StateChangeTags": "",
        "TemplateNodeUUID": "00000000-0000-0000-0000-000000000000",
        "TemplateVersion": "0",
        "VFXTags": "",
        "collapsed": "False",
        "logicalname": "HasMet",
        "position": "15;-1737",
        "sourcetemplate": ""
      }
    },
    "7ab60779-880d-0237-f24c-e1a9e7c95b35": {
      "UUID": "7ab60779-880d-0237-f24c-e1a9e7c95b35",
      "Constructor": "TagQuestion",
      "EndNode": false,
      "Root": false,
      "ShowOnce": true,
      "SpeakerNo": 1,
      "AddressedSpeaker": -1,
      "Children": [
        "4a71aa7f-733c-fc86-7f28-efbef868c6a2"
      ],
      "CheckFlags": [],
      "SetFlags": [],
      "TaggedTextList": [
        {
          "HasTagRule": false,
          "RuleGroup": {
            "TagCombineOp": 0,
            "Rules": [],
            "RuleString": ""
          },
          "TagTexts": [
            {
              "LineId": "7cea25e2-37f4-52de-a4c2-4b9ff1ccb3be",
              "Text": {
                "Handle": "h81bc63faga85cg408dg9b88g7e29214de032",
                "Value": "I want to trade, if you have anything good."
              }
            }
          ]
        }
      ],
      "EditorData": {
        "AnimationTags": "",
        "Attitude": "Default",
        "CinematicNodeContext": "",
        "CinematicObjects": "",
        "CustomCineArtKeysPresent": "False",
        "CustomLightingPresent": "False",
        "CustomSoundPresent": "False",
        "CustomVFXPresent": "False",
        "Emotion": "Default",
        "ForceDisableIsCustomNode": "False",
        "ID": "N92",
        "InternalNodeContext": "",
        "IsCustomNode": "False",
        "MusicTags": "",
        "NodeContext": "",
        "Quality": "Bronze",
        "SFXTags": "",
        "StateChangeTags": "",
        "TemplateNodeUUID": "00000000-0000-0000-0000-000000000000",
        "TemplateVersion": "0",
        "VFXTags": "",
        "collapsed": "False",
        "logicalname": "Question",
        "position": "655;-423",
        "sourcetemplate": ""
      }
    },
    "a81083dd-6bd9-d020-d382-23a382cd0256": {
      "JumpTarget": "7ab60779-880d-0237-f24c-e1a9e7c95b35",
      "JumpTargetPoint": 1,
      "UUID": "a81083dd-6bd9-d020-d382-23a382cd0256",
      "Constructor": "Jump",
      "EndNode": false,
      "Root": false,
      "ShowOnce": false,
      "SpeakerNo": 0,
      "AddressedSpeaker": 0,
      "Children": [],
      "CheckFlags": [],
      "SetFlags": [],
      "TaggedTextList": [],
      "EditorData": {
        "ID": "N101",
        "TemplateNodeUUID": "00000000-0000-0000-0000-000000000000",
        "TemplateVersion": "0",
        "collapsed": "False",
        "logicalname": "Jump",
        "position": "335;-1737",
        "sourcetemplate": ""
      }
    },
    "a9fd172b-6a3a-3beb-57cf-ea5dcbfaeaad": {
      "UUID": "a9fd172b-6a3a-3beb-57cf-ea5dcbfaeaad",
      "Constructor": "TagAnswer",
      "EndNode": false,
      "Root": false,
      "ShowOnce": false,
      "SpeakerNo": 0,
      "AddressedSpeaker": -1,
      "Children": [
        "16dd6cae-d1b6-6a65-225f-c8134ddcffe2"
      ],
      "CheckFlags": [],
      "SetFlags": [],
      "TaggedTextList": [
        {
          "HasTagRule": false,
          "RuleGroup": {
            "TagCombineOp": 0,
            "Rules": [],
            "RuleString": ""
          },
          "TagTexts": [
            {
              "LineId": "724684b5-98b1-a0b0-f4f3-7c7d6dfadc44",
              "Text": {
                "Handle": "h5d61af87gf7f1g4835gaf95g36aa891b1383",
                "Value": "I don't know what we would have done without you."
              }
            }
          ]
        }
      ],
      "EditorData": {
        "AnimationTags": "",
        "Attitude": "Default",
        "CinematicNodeContext": "",
        "CinematicObjects": "",
        "CustomCineArtKeysPresent": "False",
        "CustomLightingPresent": "False",
        "CustomSoundPresent": "False",
        "CustomVFXPresent": "False",
        "Emotion": "Default",
        "ForceDisableIsCustomNode": "False",
        "ID": "N110",
        "InternalNodeContext": "",
        "IsCustomNode": "False",
        "MusicTags": "",
        "NodeContext": "",
        "Quality": "Bronze",
        "SFXTags": "",
        "StateChangeTags": "",
        "TemplateNodeUUID": "00000000-0000-0000-0000-000000000000",
        "TemplateVersion": "0",
        "VFXTags": "",
        "collapsed": "False",
        "logicalname": "Answer",
        "position": "335;-1080",
        "sourcetemplate": ""
      }
    },
    "ab05648b-177c-d92c-2a6b-ea1b52c820fc": {
      "UUID": "ab05648b-177c-d92c-2a6b-ea1b52c820fc",
      "Constructor": "TagQuestion",
      "EndNode": false,
      "Root": false,
      "ShowOnce": true,
      "SpeakerNo": 1,
      "AddressedSpeaker": -1,
      "Children": [
        "07a202d1-8ce5-84c1-c214-c42528c43c4f"
      ],
      "CheckFlags": [
        {
          "Flags": [
            {
              "UUID": "4efa1210-eea0-4e63-fe1c-6543c521d05e",
              "value": false,
              "paramval": 1,
              "Name": "DEN_AttackOnDen_Servant005_Answered"
            }
          ],
          "Type": "Dialog"
        }
      ],
      "SetFlags": [
        {
          "Flags": [
            {
              "UUID": "4efa1210-eea0-4e63-fe1c-6543c521d05e",
              "value": true,
              "paramval": 1,
              "Name": "DEN_AttackOnDen_Servant005_Answered"
            }
          ],
          "Type": "Dialog"
        }
      ],
      "TaggedTextList": [
        {
          "HasTagRule": false,
          "RuleGroup": {
            "TagCombineOp": 0,
            "Rules": [],
            "RuleString": ""
          },
          "TagTexts": [
            {
              "LineId": "4133aea0-5c2d-f671-bda0-bbfc4d59c994",
              "Text": {
                "Handle": "h5d312577gba06g4f9egbd43g04f520157c3c",
                "Value": "I'm just glad I could help."
              }
            }
          ]
        }
      ],
      "EditorData": {
        "AnimationTags": "",
        "Attitude": "Default",
        "CinematicNodeContext": "",
        "CinematicObjects": "",
        "CustomCineArtKeysPresent": "False",
        "CustomLightingPresent": "False",
        "CustomSoundPresent": "False",
        "CustomVFXPresent": "False",
        "Emotion": "Default",
        "ForceDisableIsCustomNode": "False",
        "ID": "N103",
        "InternalNodeContext": "",
        "IsCustomNode": "False",
        "MusicTags": "",
        "NodeContext": "",
        "Quality": "Bronze",
        "SFXTags": "",
        "StateChangeTags": "",
        "TemplateNodeUUID": "00000000-0000-0000-0000-000000000000",
        "TemplateVersion": "0",
        "VFXTags": "",
        "collapsed": "False",
        "logicalname": "Question",
        "position": "655;-861",
        "sourcetemplate": ""
      }
    },
    "b4aa4756-398e-4164-0760-fe13fb0ee5e0": {
      "UUID": "b4aa4756-398e-4164-0760-fe13fb0ee5e0",
      "Constructor": "TagAnswer",
      "EndNode": false,
      "Root": false,
      "ShowOnce": false,
      "SpeakerNo": 0,
      "AddressedSpeaker": -1,
      "Children": [],
      "CheckFlags": [],
      "SetFlags": [],
      "TaggedTextList": [
        {
          "HasTagRule": false,
          "RuleGroup": {
            "TagCombineOp": 0,
            "Rules": [],
            "RuleString": ""
          },
          "TagTexts": [
            {
              "LineId": "b99bfef0-ceb7-7b1d-7059-42f46af934b3",
              "Text": {
                "Handle": "h514bb75bgc365g4651g9529gf67f251bb50f",
                "Value": "Well! To each their own."
              }
            }
          ]
        }
      ],
      "EditorData": {
        "AnimationTags": "",
        "Attitude": "Default",
        "CinematicNodeContext": "",
        "CinematicObjects": "",
        "CustomCineArtKeysPresent": "False",
        "CustomLightingPresent": "False",
        "CustomSoundPresent": "False",
        "CustomVFXPresent": "False",
        "Emotion": "Default",
        "ForceDisableIsCustomNode": "False",
        "ID": "N108",
        "InternalNodeContext": "",
        "IsCustomNode": "False",
        "MusicTags": "",
        "NodeContext": "",
        "Quality": "Bronze",
        "SFXTags": "",
        "StateChangeTags": "",
        "TemplateNodeUUID": "00000000-0000-0000-0000-000000000000",
        "TemplateVersion": "0",
        "VFXTags": "",
        "collapsed": "False",
        "logicalname": "Answer",
        "position": "975;-642",
        "sourcetemplate": ""
      }
    },
    "b852117a-7e5c-c18b-18b8-cac3ab4599a7": {
      "UUID": "b852117a-7e5c-c18b-18b8-cac3ab4599a7",
      "Constructor": "TagAnswer",
      "EndNode": false,
      "Root": false,
      "ShowOnce": false,
      "SpeakerNo": 0,
      "AddressedSpeaker": -1,
      "Children": [
        "ab05648b-177c-d92c-2a6b-ea1b52c820fc",
        "d907e17c-cf1f-2137-ec10-4c436c806f78",
        "7ab60779-880d-0237-f24c-e1a9e7c95b35",
        "c47d177b-651b-aa4e-14f6-ec58c25fb1ef"
      ],
      "CheckFlags": [],
      "SetFlags": [],
      "TaggedTextList": [
        {
          "HasTagRule": false,
          "RuleGroup": {
            "TagCombineOp": 0,
            "Rules": [],
            "RuleString": ""
          },
          "TagTexts": [
            {
              "LineId": "6f1e4f13-6f5a-b9e3-2142-10fae5d0dca6",
              "Text": {
                "Handle": "hbcc51f92g9a55g4cc8g9499ga2395b70fa8f",
                "Value": "But you've solved both those problems in one go."
              }
            }
          ]
        }
      ],
      "EditorData": {
        "AnimationTags": "",
        "Attitude": "Default",
        "CinematicNodeContext": "",
        "CinematicObjects": "",
        "CustomCineArtKeysPresent": "False",
        "CustomLightingPresent": "False",
        "CustomSoundPresent": "False",
        "CustomVFXPresent": "False",
        "Emotion": "Default",
        "ForceDisableIsCustomNode": "False",
        "ID": "N91",
        "InternalNodeContext": "",
        "IsCustomNode": "False",
        "MusicTags": "",
        "NodeContext": "",
        "Quality": "Bronze",
        "SFXTags": "",
        "StateChangeTags": "",
        "TemplateNodeUUID": "00000000-0000-0000-0000-000000000000",
        "TemplateVersion": "0",
        "VFXTags": "",
        "collapsed": "False",
        "logicalname": "Answer",
        "position": "335;-642",
        "sourcetemplate": ""
      }
    },
    "b993d0d9-2bbf-660b-983a-9f09edf5e0cd": {
      "JumpTarget": "c47d177b-651b-aa4e-14f6-ec58c25fb1ef",
      "JumpTargetPoint": 1,
      "UUID": "b993d0d9-2bbf-660b-983a-9f09edf5e0cd",
      "Constructor": "Jump",
      "EndNode": false,
      "Root": false,
      "ShowOnce": false,
      "SpeakerNo": 0,
      "AddressedSpeaker": 0,
      "Children": [],
      "CheckFlags": [],
      "SetFlags": [],
      "TaggedTextList": [],
      "EditorData": {
        "ID": "N98",
        "TemplateNodeUUID": "00000000-0000-0000-0000-000000000000",
        "TemplateVersion": "0",
        "collapsed": "False",
        "logicalname": "Jump",
        "position": "335;-1518",
        "sourcetemplate": ""
      }
    },
    "c47d177b-651b-aa4e-14f6-ec58c25fb1ef": {
      "UUID": "c47d177b-651b-aa4e-14f6-ec58c25fb1ef",
      "Constructor": "TagQuestion",
      "EndNode": true,
      "Root": false,
      "ShowOnce": true,
      "SpeakerNo": 1,
      "AddressedSpeaker": -1,
      "Children": [],
      "CheckFlags": [],
      "SetFlags": [],
      "TaggedTextList": [
        {
          "HasTagRule": false,
          "RuleGroup": {
            "TagCombineOp": 0,
            "Rules": [],
            "RuleString": ""
          },
          "TagTexts": [
            {
              "LineId": "e59d29ca-f462-e28f-49d4-8b66dc4fe414",
              "Text": {
                "Handle": "h9e724a1ag3379g4da2g86c0gdf679c4fd119",
                "Value": "<i>Leave.</i>"
              }
            }
          ]
        }
      ],
      "EditorData": {
        "AnimationTags": "",
        "Attitude": "Default",
        "CinematicNodeContext": "",
        "CinematicObjects": "",
        "CustomCineArtKeysPresent": "False",
        "CustomLightingPresent": "False",
        "CustomSoundPresent": "False",
        "CustomVFXPresent": "False",
        "Emotion": "Default",
        "ForceDisableIsCustomNode": "False",
        "ID": "N96",
        "InternalNodeContext": "",
        "IsCustomNode": "False",
        "MusicTags": "",
        "NodeContext": "",
        "Quality": "Bronze",
        "SFXTags": "",
        "StateChangeTags": "",
        "TemplateNodeUUID": "00000000-0000-0000-0000-000000000000",
        "TemplateVersion": "0",
        "VFXTags": "",
        "collapsed": "False",
        "logicalname": "Question",
        "position": "655;-204",
        "sourcetemplate": ""
      }
    },
    "d3853b34-e7f3-ca5d-a3c6-91a79012d30d": {
      "UUID": "d3853b34-e7f3-ca5d-a3c6-91a79012d30d",
      "Constructor": "TagAnswer",
      "EndNode": true,
      "Root": false,
      "ShowOnce": false,
      "SpeakerNo": 0,
      "AddressedSpeaker": -1,
      "Children": [],
      "CheckFlags": [],
      "SetFlags": [],
      "TaggedTextList": [
        {
          "HasTagRule": false,
          "RuleGroup": {
            "TagCombineOp": 0,
            "Rules": [],
            "RuleString": ""
          },
          "TagTexts": [
            {
              "LineId": "6d8c94ac-cdf9-360f-2dcc-097adbd80ac9",
              "Text": {
                "Handle": "h47b513f9gb015g46ecg85b3gd869746ed045",
                "Value": "May you keep balance."
              }
            }
          ]
        }
      ],
      "EditorData": {
        "AnimationTags": "",
        "Attitude": "Default",
        "CinematicNodeContext": "",
        "CinematicObjects": "",
        "CustomCineArtKeysPresent": "False",
        "CustomLightingPresent": "False",
        "CustomSoundPresent": "False",
        "CustomVFXPresent": "False",
        "Emotion": "Default",
        "ForceDisableIsCustomNode": "False",
        "ID": "N94",
        "InternalNodeContext": "",
        "IsCustomNode": "False",
        "MusicTags": "",
        "NodeContext": "",
        "Quality": "Bronze",
        "SFXTags": "",
        "StateChangeTags": "",
        "TemplateNodeUUID": "00000000-0000-0000-0000-000000000000",
        "TemplateVersion": "0",
        "VFXTags": "",
        "collapsed": "False",
        "logicalname": "Answer",
        "position": "1615;-423",
        "sourcetemplate": ""
      }
    },
    "d6299c69-1ab0-eff0-2017-a510d68672ac": {
      "UUID": "d6299c69-1ab0-eff0-2017-a510d68672ac",
      "Constructor": "TagGreeting",
      "EndNode": false,
      "Root": true,
      "ShowOnce": false,
      "SpeakerNo": 0,
      "AddressedSpeaker": -1,
      "Children": [
        "b852117a-7e5c-c18b-18b8-cac3ab4599a7"
      ],
      "CheckFlags": [],
      "SetFlags": [
        {
          "Flags": [
            {
              "UUID": "ecc3f262-3fb1-5898-12eb-93f472150eaa",
              "value": true,
              "paramval": 1,
              "Name": "DEN_AttackOnDen_HasMet_Servant005Victory"
            }
          ],
          "Type": "Dialog"
        }
      ],
      "TaggedTextList": [
        {
          "HasTagRule": false,
          "RuleGroup": {
            "TagCombineOp": 0,
            "Rules": [],
            "RuleString": ""
          },
          "TagTexts": [
            {
              "LineId": "daf57aa2-8916-52fa-e2af-ca4040d608d0",
              "Text": {
                "Handle": "h653ab227gc909g4d27gbbbbgb4d2d971e5b0",
                "Value": "By the trees! I don't know what I dreaded more - the goblins, or being stuck here with Kagha for the rest of my days."
              }
            }
          ]
        }
      ],
      "EditorData": {
        "AnimationTags": "",
        "Attitude": "Friendly",
        "CinematicNodeContext": "",
        "CinematicObjects": "",
        "CustomCineArtKeysPresent": "False",
        "CustomLightingPresent": "False",
        "CustomSoundPresent": "False",
        "CustomVFXPresent": "False",
        "Emotion": "Default",
        "ForceDisableIsCustomNode": "False",
        "ID": "N8",
        "InternalNodeContext": "",
        "IsCustomNode": "False",
        "MusicTags": "",
        "NodeContext": "'By the trees' is an exclamation mark, not him saying literally 'by the trees over there.'",
        "Quality": "Bronze",
        "SFXTags": "",
        "StateChangeTags": "",
        "TemplateNodeUUID": "00000000-0000-0000-0000-000000000000",
        "TemplateVersion": "0",
        "VFXTags": "",
        "collapsed": "False",
        "logicalname": "AoD",
        "position": "15;-642",
        "sourcetemplate": ""
      }
    },
    "d907e17c-cf1f-2137-ec10-4c436c806f78": {
      "UUID": "d907e17c-cf1f-2137-ec10-4c436c806f78",
      "Constructor": "TagQuestion",
      "EndNode": false,
      "Root": false,
      "ShowOnce": true,
      "SpeakerNo": 1,
      "AddressedSpeaker": -1,
      "Children": [
        "b4aa4756-398e-4164-0760-fe13fb0ee5e0"
      ],
      "CheckFlags": [
        {
          "Flags": [
            {
              "UUID": "4efa1210-eea0-4e63-fe1c-6543c521d05e",
              "value": false,
              "paramval": 1,
              "Name": "DEN_AttackOnDen_Servant005_Answered"
            }
          ],
          "Type": "Dialog"
        }
      ],
      "SetFlags": [
        {
          "Flags": [
            {
              "UUID": "4efa1210-eea0-4e63-fe1c-6543c521d05e",
              "value": true,
              "paramval": 1,
              "Name": "DEN_AttackOnDen_Servant005_Answered"
            }
          ],
          "Type": "Dialog"
        }
      ],
      "TaggedTextList": [
        {
          "HasTagRule": false,
          "RuleGroup": {
            "TagCombineOp": 0,
            "Rules": [],
            "RuleString": ""
          },
          "TagTexts": [
            {
              "LineId": "83d80e85-6d9a-1bd5-76f2-84c40524ed85",
              "Text": {
                "Handle": "h659001b9g450cg4091ga522ga0d593f74671",
                "Value": "Any excuse to gut some goblins."
              }
            }
          ]
        }
      ],
      "EditorData": {
        "AnimationTags": "",
        "Attitude": "Default",
        "CinematicNodeContext": "",
        "CinematicObjects": "",
        "CustomCineArtKeysPresent": "False",
        "CustomLightingPresent": "False",
        "CustomSoundPresent": "False",
        "CustomVFXPresent": "False",
        "Emotion": "Default",
        "ForceDisableIsCustomNode": "False",
        "ID": "N107",
        "InternalNodeContext": "",
        "IsCustomNode": "False",
        "MusicTags": "",
        "NodeContext": "",
        "Quality": "Bronze",
        "SFXTags": "",
        "StateChangeTags": "",
        "TemplateNodeUUID": "00000000-0000-0000-0000-000000000000",
        "TemplateVersion": "0",
        "VFXTags": "",
        "collapsed": "False",
        "logicalname": "Question",
        "position": "655;-642",
        "sourcetemplate": ""
      }
    }
  },
  "SpeakerDict": {
    "0": {
      "IsPeanutSpeaker": false,
      "SpeakerMappingId": "284a24f6-bdfc-413b-9fcb-dc16b73f856d",
      "Index": 0,
      "List": [
        "13db744d-8a48-4131-8801-fd5fc289fdf6"
      ],
      "SpeakerCharacter": {
        "DisplayName": "Arron",
        "Type": "character",
        "MapKey": "13db744d-8a48-4131-8801-fd5fc289fdf6",
        "Name": "S_DEN_ServantPlight_005",
        "ParentTemplateId": null,
        "TemplateName": "a693fefc-49e7-42f0-b661-064bb0974527"
      },
      "SpeakerGroupName": null
    },
    "1": {
      "IsPeanutSpeaker": false,
      "SpeakerMappingId": "9b9cf615-0a46-0acf-7f25-f1197aebfc25",
      "Index": 1,
      "List": [
        "e0d1ff71-04a8-4340-ae64-9684d846eb83"
      ],
      "SpeakerCharacter": {
        "DisplayName": "Player",
        "Type": "character",
        "MapKey": "e2badbf0-159a-4ef5-9e73-7bbeb3d1015a",
        "Name": "S_GLO_CharacterCreationDummy_001",
        "ParentTemplateId": null,
        "TemplateName": "fd7f2707-8f86-4836-bda8-e0db99c389cc"
      },
      "SpeakerGroupName": "GROUP_Players"
    }
  },
  "Synopsis": "Arron, a druid trader, is truly relieved that the player was able to help everyone. He didn't look forward to what would have happened otherwise."
}