{
  "Path": "Mods/Gustav/Story/Dialogs/Act1/DEN/DEN_DruidAttack_AD_Apprentice.lsj",
  "UUID": "461152ff-16c3-2617-f8af-7ddb5681820b",
  "Category": "Repeated automated NPC Dialog",
  "DefaultAddressedSpeakers": {
    "0": -1
  },
  "RootNodes": [
    "b184dd6e-ae17-0afb-3002-a0be2e47528e",
    "194e85ee-bdba-3a20-8d75-65af87b03e04",
    "3771237e-92b0-d31b-38c8-057500d7abb2",
    "e7638550-1ca0-7857-708e-2c628941e8e9",
    "510213c8-5b92-68d0-3005-5799808260cb",
    "ad691b25-e307-f19f-ef21-0cf47aae941d",
    "4b0e73a3-41dd-0f68-2fae-6eb251108753",
    "d7bf14bb-7a18-6ed6-0afa-cecfbe26f0a1",
    "d3fd2ee7-1ab7-990a-7ce7-8a6922e61f2c"
  ],
  "Nodes": {
    "194e85ee-bdba-3a20-8d75-65af87b03e04": {
      "UUID": "194e85ee-bdba-3a20-8d75-65af87b03e04",
      "Constructor": "TagGreeting",
      "EndNode": true,
      "Root": true,
      "ShowOnce": false,
      "SpeakerNo": 0,
      "AddressedSpeaker": 0,
      "Children": [],
      "CheckFlags": [
        {
          "Flags": [
            {
              "UUID": "a161639d-ea59-4adc-a858-ac9297684057",
              "value": true,
              "paramval": null,
              "Name": "DEN_DruidAttack_State_Attacking"
            }
          ],
          "Type": "Global"
        },
        {
          "Flags": [
            {
              "UUID": "712a8aa5-85f5-283e-9d26-f3b51c48b4e2",
              "value": true,
              "paramval": null,
              "Name": "461152ff-16c3-2617-f8af-7ddb5681820b_b"
            },
            {
              "UUID": "e8135109-2667-35f6-704c-be172203df40",
              "value": false,
              "paramval": null,
              "Name": "461152ff-16c3-2617-f8af-7ddb5681820b_a"
            }
          ],
          "Type": "Local"
        }
      ],
      "SetFlags": [
        {
          "Flags": [
            {
              "UUID": "712a8aa5-85f5-283e-9d26-f3b51c48b4e2",
              "value": true,
              "paramval": null,
              "Name": "461152ff-16c3-2617-f8af-7ddb5681820b_b"
            }
          ],
          "Type": "Local"
        }
      ],
      "TaggedTextList": [
        {
          "HasTagRule": false,
          "RuleGroup": {
            "TagCombineOp": 0,
            "Rules": [],
            "RuleString": ""
          },
          "TagTexts": [
            {
              "LineId": "abae8b62-8b9d-5d88-1e1c-30f39d113f67",
              "Text": {
                "Handle": "h33f7e6e0gd356g4ecbg9ddcgee88889ae5b8",
                "Value": "Drive them out!"
              }
            }
          ]
        }
      ],
      "EditorData": {
        "AnimationTags": "",
        "Attitude": "Default",
        "CinematicNodeContext": "",
        "CinematicObjects": "",
        "CustomCineArtKeysPresent": "False",
        "CustomLightingPresent": "False",
        "CustomSoundPresent": "False",
        "CustomVFXPresent": "False",
        "Emotion": "Default",
        "ForceDisableIsCustomNode": "False",
        "ID": "N30",
        "InternalNodeContext": "",
        "IsCustomNode": "False",
        "MusicTags": "",
        "NodeContext": "",
        "Quality": "Bronze",
        "SFXTags": "",
        "StateChangeTags": "",
        "TemplateNodeUUID": "00000000-0000-0000-0000-000000000000",
        "TemplateVersion": "0",
        "VFXTags": "",
        "collapsed": "False",
        "logicalname": "Attacking",
        "position": "15;-861",
        "sourcetemplate": ""
      }
    },
    "3771237e-92b0-d31b-38c8-057500d7abb2": {
      "UUID": "3771237e-92b0-d31b-38c8-057500d7abb2",
      "Constructor": "TagGreeting",
      "EndNode": true,
      "Root": true,
      "ShowOnce": false,
      "SpeakerNo": 0,
      "AddressedSpeaker": 0,
      "Children": [],
      "CheckFlags": [
        {
          "Flags": [
            {
              "UUID": "a161639d-ea59-4adc-a858-ac9297684057",
              "value": true,
              "paramval": null,
              "Name": "DEN_DruidAttack_State_Attacking"
            }
          ],
          "Type": "Global"
        },
        {
          "Flags": [
            {
              "UUID": "712a8aa5-85f5-283e-9d26-f3b51c48b4e2",
              "value": true,
              "paramval": null,
              "Name": "461152ff-16c3-2617-f8af-7ddb5681820b_b"
            },
            {
              "UUID": "e8135109-2667-35f6-704c-be172203df40",
              "value": true,
              "paramval": null,
              "Name": "461152ff-16c3-2617-f8af-7ddb5681820b_a"
            }
          ],
          "Type": "Local"
        }
      ],
      "SetFlags": [
        {
          "Flags": [
            {
              "UUID": "712a8aa5-85f5-283e-9d26-f3b51c48b4e2",
              "value": false,
              "paramval": null,
              "Name": "461152ff-16c3-2617-f8af-7ddb5681820b_b"
            },
            {
              "UUID": "e8135109-2667-35f6-704c-be172203df40",
              "value": false,
              "paramval": null,
              "Name": "461152ff-16c3-2617-f8af-7ddb5681820b_a"
            }
          ],
          "Type": "Local"
        }
      ],
      "TaggedTextList": [
        {
          "HasTagRule": false,
          "RuleGroup": {
            "TagCombineOp": 0,
            "Rules": [],
            "RuleString": ""
          },
          "TagTexts": [
            {
              "LineId": "9a4bd5c0-9183-72d8-2956-5d9e06aa3348",
              "Text": {
                "Handle": "h45d1b0eeg6854g45b5g9c0ag960572aa5a25",
                "Value": "Push them back!"
              }
            }
          ]
        }
      ],
      "EditorData": {
        "AnimationTags": "",
        "Attitude": "Default",
        "CinematicNodeContext": "",
        "CinematicObjects": "",
        "CustomCineArtKeysPresent": "False",
        "CustomLightingPresent": "False",
        "CustomSoundPresent": "False",
        "CustomVFXPresent": "False",
        "Emotion": "Default",
        "ForceDisableIsCustomNode": "False",
        "ID": "N6",
        "InternalNodeContext": "",
        "IsCustomNode": "False",
        "MusicTags": "",
        "NodeContext": "",
        "Quality": "Bronze",
        "SFXTags": "",
        "StateChangeTags": "",
        "TemplateNodeUUID": "00000000-0000-0000-0000-000000000000",
        "TemplateVersion": "0",
        "VFXTags": "",
        "collapsed": "False",
        "logicalname": "Attacking",
        "position": "15;-642",
        "sourcetemplate": ""
      }
    },
    "4b0e73a3-41dd-0f68-2fae-6eb251108753": {
      "UUID": "4b0e73a3-41dd-0f68-2fae-6eb251108753",
      "Constructor": "TagGreeting",
      "EndNode": true,
      "Root": true,
      "ShowOnce": false,
      "SpeakerNo": 0,
      "AddressedSpeaker": 0,
      "Children": [],
      "CheckFlags": [
        {
          "Flags": [
            {
              "UUID": "e8135109-2667-35f6-704c-be172203df40",
              "value": false,
              "paramval": null,
              "Name": "461152ff-16c3-2617-f8af-7ddb5681820b_a"
            }
          ],
          "Type": "Local"
        },
        {
          "Flags": [
            {
              "UUID": "fb382926-afc1-492c-85ba-65198765b3fd",
              "value": true,
              "paramval": 0,
              "Name": "DEN_DruidAttack_State_InPosition"
            }
          ],
          "Type": "Object"
        }
      ],
      "SetFlags": [
        {
          "Flags": [
            {
              "UUID": "e8135109-2667-35f6-704c-be172203df40",
              "value": true,
              "paramval": null,
              "Name": "461152ff-16c3-2617-f8af-7ddb5681820b_a"
            }
          ],
          "Type": "Local"
        }
      ],
      "TaggedTextList": [
        {
          "HasTagRule": false,
          "RuleGroup": {
            "TagCombineOp": 0,
            "Rules": [],
            "RuleString": ""
          },
          "TagTexts": [
            {
              "LineId": "5c1cd210-735c-29f9-cd97-cfdde64225e1",
              "Text": {
                "Handle": "ha2a3be35gf110g48f5g95fag177f480b24e8",
                "Value": "Leave! It's not too late."
              }
            }
          ]
        }
      ],
      "EditorData": {
        "AnimationTags": "",
        "Attitude": "Default",
        "CinematicNodeContext": "",
        "CinematicObjects": "",
        "CustomCineArtKeysPresent": "False",
        "CustomLightingPresent": "False",
        "CustomSoundPresent": "False",
        "CustomVFXPresent": "False",
        "Emotion": "Default",
        "ForceDisableIsCustomNode": "False",
        "ID": "N1",
        "InternalNodeContext": "",
        "IsCustomNode": "False",
        "MusicTags": "",
        "NodeContext": "",
        "Quality": "Bronze",
        "SFXTags": "",
        "StateChangeTags": "",
        "TemplateNodeUUID": "00000000-0000-0000-0000-000000000000",
        "TemplateVersion": "0",
        "VFXTags": "",
        "collapsed": "False",
        "logicalname": "In Position (Ready to Attack) - 1",
        "position": "15;234",
        "sourcetemplate": ""
      }
    },
    "510213c8-5b92-68d0-3005-5799808260cb": {
      "UUID": "510213c8-5b92-68d0-3005-5799808260cb",
      "Constructor": "TagGreeting",
      "EndNode": true,
      "Root": true,
      "ShowOnce": false,
      "SpeakerNo": 0,
      "AddressedSpeaker": 0,
      "Children": [],
      "CheckFlags": [
        {
          "Flags": [
            {
              "UUID": "712a8aa5-85f5-283e-9d26-f3b51c48b4e2",
              "value": false,
              "paramval": null,
              "Name": "461152ff-16c3-2617-f8af-7ddb5681820b_b"
            },
            {
              "UUID": "e8135109-2667-35f6-704c-be172203df40",
              "value": true,
              "paramval": null,
              "Name": "461152ff-16c3-2617-f8af-7ddb5681820b_a"
            }
          ],
          "Type": "Local"
        },
        {
          "Flags": [
            {
              "UUID": "fb382926-afc1-492c-85ba-65198765b3fd",
              "value": false,
              "paramval": 0,
              "Name": "DEN_DruidAttack_State_InPosition"
            }
          ],
          "Type": "Object"
        }
      ],
      "SetFlags": [
        {
          "Flags": [
            {
              "UUID": "712a8aa5-85f5-283e-9d26-f3b51c48b4e2",
              "value": true,
              "paramval": null,
              "Name": "461152ff-16c3-2617-f8af-7ddb5681820b_b"
            }
          ],
          "Type": "Local"
        }
      ],
      "TaggedTextList": [
        {
          "HasTagRule": false,
          "RuleGroup": {
            "TagCombineOp": 0,
            "Rules": [],
            "RuleString": ""
          },
          "TagTexts": [
            {
              "LineId": "e75f82d9-b5d9-6986-fb03-232fca57c2cd",
              "Text": {
                "Handle": "h4cca38ffg191bg40f0gac1eg7cdae4f90aa0",
                "Value": "We'll protect the grove, no matter the cost."
              }
            }
          ]
        }
      ],
      "EditorData": {
        "AnimationTags": "",
        "Attitude": "Default",
        "CinematicNodeContext": "",
        "CinematicObjects": "",
        "CustomCineArtKeysPresent": "False",
        "CustomLightingPresent": "False",
        "CustomSoundPresent": "False",
        "CustomVFXPresent": "False",
        "Emotion": "Default",
        "ForceDisableIsCustomNode": "False",
        "ID": "N18",
        "InternalNodeContext": "",
        "IsCustomNode": "False",
        "MusicTags": "",
        "NodeContext": "",
        "Quality": "Bronze",
        "SFXTags": "",
        "StateChangeTags": "",
        "TemplateNodeUUID": "00000000-0000-0000-0000-000000000000",
        "TemplateVersion": "0",
        "VFXTags": "",
        "collapsed": "False",
        "logicalname": "Moving to Attack Position - 2",
        "position": "15;-204",
        "sourcetemplate": ""
      }
    },
    "ad691b25-e307-f19f-ef21-0cf47aae941d": {
      "UUID": "ad691b25-e307-f19f-ef21-0cf47aae941d",
      "Constructor": "TagGreeting",
      "EndNode": true,
      "Root": true,
      "ShowOnce": false,
      "SpeakerNo": 0,
      "AddressedSpeaker": 0,
      "Children": [],
      "CheckFlags": [
        {
          "Flags": [
            {
              "UUID": "712a8aa5-85f5-283e-9d26-f3b51c48b4e2",
              "value": true,
              "paramval": null,
              "Name": "461152ff-16c3-2617-f8af-7ddb5681820b_b"
            },
            {
              "UUID": "e8135109-2667-35f6-704c-be172203df40",
              "value": true,
              "paramval": null,
              "Name": "461152ff-16c3-2617-f8af-7ddb5681820b_a"
            }
          ],
          "Type": "Local"
        },
        {
          "Flags": [
            {
              "UUID": "fb382926-afc1-492c-85ba-65198765b3fd",
              "value": false,
              "paramval": 0,
              "Name": "DEN_DruidAttack_State_InPosition"
            }
          ],
          "Type": "Object"
        }
      ],
      "SetFlags": [
        {
          "Flags": [
            {
              "UUID": "712a8aa5-85f5-283e-9d26-f3b51c48b4e2",
              "value": false,
              "paramval": null,
              "Name": "461152ff-16c3-2617-f8af-7ddb5681820b_b"
            },
            {
              "UUID": "e8135109-2667-35f6-704c-be172203df40",
              "value": false,
              "paramval": null,
              "Name": "461152ff-16c3-2617-f8af-7ddb5681820b_a"
            }
          ],
          "Type": "Local"
        }
      ],
      "TaggedTextList": [
        {
          "HasTagRule": false,
          "RuleGroup": {
            "TagCombineOp": 0,
            "Rules": [],
            "RuleString": ""
          },
          "TagTexts": [
            {
              "LineId": "54490183-44ca-849f-0f37-343b659f060d",
              "Text": {
                "Handle": "he48b6ad9g5c2fg4241g839fg1cb6d29eac97",
                "Value": "So. It's come to this."
              }
            }
          ]
        }
      ],
      "EditorData": {
        "AnimationTags": "",
        "Attitude": "Default",
        "CinematicNodeContext": "",
        "CinematicObjects": "",
        "CustomCineArtKeysPresent": "False",
        "CustomLightingPresent": "False",
        "CustomSoundPresent": "False",
        "CustomVFXPresent": "False",
        "Emotion": "Default",
        "ForceDisableIsCustomNode": "False",
        "ID": "N22",
        "InternalNodeContext": "",
        "IsCustomNode": "False",
        "MusicTags": "",
        "NodeContext": "",
        "Quality": "Bronze",
        "SFXTags": "",
        "StateChangeTags": "",
        "TemplateNodeUUID": "00000000-0000-0000-0000-000000000000",
        "TemplateVersion": "0",
        "VFXTags": "",
        "collapsed": "False",
        "logicalname": "Moving to Attack Position - 3",
        "position": "15;15",
        "sourcetemplate": ""
      }
    },
    "b184dd6e-ae17-0afb-3002-a0be2e47528e": {
      "UUID": "b184dd6e-ae17-0afb-3002-a0be2e47528e",
      "Constructor": "TagGreeting",
      "EndNode": true,
      "Root": true,
      "ShowOnce": false,
      "SpeakerNo": 0,
      "AddressedSpeaker": 0,
      "Children": [],
      "CheckFlags": [
        {
          "Flags": [
            {
              "UUID": "a161639d-ea59-4adc-a858-ac9297684057",
              "value": true,
              "paramval": null,
              "Name": "DEN_DruidAttack_State_Attacking"
            }
          ],
          "Type": "Global"
        },
        {
          "Flags": [
            {
              "UUID": "e8135109-2667-35f6-704c-be172203df40",
              "value": false,
              "paramval": null,
              "Name": "461152ff-16c3-2617-f8af-7ddb5681820b_a"
            }
          ],
          "Type": "Local"
        }
      ],
      "SetFlags": [
        {
          "Flags": [
            {
              "UUID": "e8135109-2667-35f6-704c-be172203df40",
              "value": true,
              "paramval": null,
              "Name": "461152ff-16c3-2617-f8af-7ddb5681820b_a"
            }
          ],
          "Type": "Local"
        }
      ],
      "TaggedTextList": [
        {
          "HasTagRule": false,
          "RuleGroup": {
            "TagCombineOp": 0,
            "Rules": [],
            "RuleString": ""
          },
          "TagTexts": [
            {
              "LineId": "4c7e1bd7-756a-27ef-6c87-cafa10e1f898",
              "Text": {
                "Handle": "h7893c879gbc92g42a5g9140g418ea3bd77f1",
                "Value": "With me! Forward!"
              }
            }
          ]
        }
      ],
      "EditorData": {
        "AnimationTags": "",
        "Attitude": "Default",
        "CinematicNodeContext": "",
        "CinematicObjects": "",
        "CustomCineArtKeysPresent": "False",
        "CustomLightingPresent": "False",
        "CustomSoundPresent": "False",
        "CustomVFXPresent": "False",
        "Emotion": "Default",
        "ForceDisableIsCustomNode": "False",
        "ID": "N26",
        "InternalNodeContext": "",
        "IsCustomNode": "False",
        "MusicTags": "",
        "NodeContext": "",
        "Quality": "Bronze",
        "SFXTags": "",
        "StateChangeTags": "",
        "TemplateNodeUUID": "00000000-0000-0000-0000-000000000000",
        "TemplateVersion": "0",
        "VFXTags": "",
        "collapsed": "False",
        "logicalname": "Attacking",
        "position": "15;-1080",
        "sourcetemplate": ""
      }
    },
    "d3fd2ee7-1ab7-990a-7ce7-8a6922e61f2c": {
      "UUID": "d3fd2ee7-1ab7-990a-7ce7-8a6922e61f2c",
      "Constructor": "TagGreeting",
      "EndNode": true,
      "Root": true,
      "ShowOnce": false,
      "SpeakerNo": 0,
      "AddressedSpeaker": 0,
      "Children": [],
      "CheckFlags": [
        {
          "Flags": [
            {
              "UUID": "712a8aa5-85f5-283e-9d26-f3b51c48b4e2",
              "value": true,
              "paramval": null,
              "Name": "461152ff-16c3-2617-f8af-7ddb5681820b_b"
            },
            {
              "UUID": "e8135109-2667-35f6-704c-be172203df40",
              "value": true,
              "paramval": null,
              "Name": "461152ff-16c3-2617-f8af-7ddb5681820b_a"
            }
          ],
          "Type": "Local"
        },
        {
          "Flags": [
            {
              "UUID": "fb382926-afc1-492c-85ba-65198765b3fd",
              "value": true,
              "paramval": 0,
              "Name": "DEN_DruidAttack_State_InPosition"
            }
          ],
          "Type": "Object"
        }
      ],
      "SetFlags": [
        {
          "Flags": [
            {
              "UUID": "712a8aa5-85f5-283e-9d26-f3b51c48b4e2",
              "value": false,
              "paramval": null,
              "Name": "461152ff-16c3-2617-f8af-7ddb5681820b_b"
            },
            {
              "UUID": "e8135109-2667-35f6-704c-be172203df40",
              "value": false,
              "paramval": null,
              "Name": "461152ff-16c3-2617-f8af-7ddb5681820b_a"
            }
          ],
          "Type": "Local"
        }
      ],
      "TaggedTextList": [
        {
          "HasTagRule": false,
          "RuleGroup": {
            "TagCombineOp": 0,
            "Rules": [],
            "RuleString": ""
          },
          "TagTexts": [
            {
              "LineId": "f2909ddb-6119-c631-5d80-27c65bc57ef9",
              "Text": {
                "Handle": "h922b3beag3909g479bg810cg9417dbaa5793",
                "Value": "Silvanus protect us."
              }
            }
          ]
        }
      ],
      "EditorData": {
        "AnimationTags": "",
        "Attitude": "Default",
        "CinematicNodeContext": "",
        "CinematicObjects": "",
        "CustomCineArtKeysPresent": "False",
        "CustomLightingPresent": "False",
        "CustomSoundPresent": "False",
        "CustomVFXPresent": "False",
        "Emotion": "Default",
        "ForceDisableIsCustomNode": "False",
        "ID": "N14",
        "InternalNodeContext": "",
        "IsCustomNode": "False",
        "MusicTags": "",
        "NodeContext": "",
        "Quality": "Bronze",
        "SFXTags": "",
        "StateChangeTags": "",
        "TemplateNodeUUID": "00000000-0000-0000-0000-000000000000",
        "TemplateVersion": "0",
        "VFXTags": "",
        "collapsed": "False",
        "logicalname": "In Position (Ready to Attack) - 3",
        "position": "15;672",
        "sourcetemplate": ""
      }
    },
    "d7bf14bb-7a18-6ed6-0afa-cecfbe26f0a1": {
      "UUID": "d7bf14bb-7a18-6ed6-0afa-cecfbe26f0a1",
      "Constructor": "TagGreeting",
      "EndNode": true,
      "Root": true,
      "ShowOnce": false,
      "SpeakerNo": 0,
      "AddressedSpeaker": 0,
      "Children": [],
      "CheckFlags": [
        {
          "Flags": [
            {
              "UUID": "712a8aa5-85f5-283e-9d26-f3b51c48b4e2",
              "value": false,
              "paramval": null,
              "Name": "461152ff-16c3-2617-f8af-7ddb5681820b_b"
            },
            {
              "UUID": "e8135109-2667-35f6-704c-be172203df40",
              "value": true,
              "paramval": null,
              "Name": "461152ff-16c3-2617-f8af-7ddb5681820b_a"
            }
          ],
          "Type": "Local"
        },
        {
          "Flags": [
            {
              "UUID": "fb382926-afc1-492c-85ba-65198765b3fd",
              "value": true,
              "paramval": 0,
              "Name": "DEN_DruidAttack_State_InPosition"
            }
          ],
          "Type": "Object"
        }
      ],
      "SetFlags": [
        {
          "Flags": [
            {
              "UUID": "712a8aa5-85f5-283e-9d26-f3b51c48b4e2",
              "value": true,
              "paramval": null,
              "Name": "461152ff-16c3-2617-f8af-7ddb5681820b_b"
            }
          ],
          "Type": "Local"
        }
      ],
      "TaggedTextList": [
        {
          "HasTagRule": false,
          "RuleGroup": {
            "TagCombineOp": 0,
            "Rules": [],
            "RuleString": ""
          },
          "TagTexts": [
            {
              "LineId": "0cf7f7a7-998c-d54e-80a8-7143222ac311",
              "Text": {
                "Handle": "h4d386e0fgd0feg467fga5afge29c0e73e9cf",
                "Value": "Don't make us kill you."
              }
            }
          ]
        }
      ],
      "EditorData": {
        "AnimationTags": "",
        "Attitude": "Default",
        "CinematicNodeContext": "",
        "CinematicObjects": "",
        "CustomCineArtKeysPresent": "False",
        "CustomLightingPresent": "False",
        "CustomSoundPresent": "False",
        "CustomVFXPresent": "False",
        "Emotion": "Default",
        "ForceDisableIsCustomNode": "False",
        "ID": "N10",
        "InternalNodeContext": "",
        "IsCustomNode": "False",
        "MusicTags": "",
        "NodeContext": "",
        "Quality": "Bronze",
        "SFXTags": "",
        "StateChangeTags": "",
        "TemplateNodeUUID": "00000000-0000-0000-0000-000000000000",
        "TemplateVersion": "0",
        "VFXTags": "",
        "collapsed": "False",
        "logicalname": "In Position (Ready to Attack) - 2",
        "position": "15;453",
        "sourcetemplate": ""
      }
    },
    "e7638550-1ca0-7857-708e-2c628941e8e9": {
      "UUID": "e7638550-1ca0-7857-708e-2c628941e8e9",
      "Constructor": "TagGreeting",
      "EndNode": true,
      "Root": true,
      "ShowOnce": false,
      "SpeakerNo": 0,
      "AddressedSpeaker": 0,
      "Children": [],
      "CheckFlags": [
        {
          "Flags": [
            {
              "UUID": "e8135109-2667-35f6-704c-be172203df40",
              "value": false,
              "paramval": null,
              "Name": "461152ff-16c3-2617-f8af-7ddb5681820b_a"
            }
          ],
          "Type": "Local"
        },
        {
          "Flags": [
            {
              "UUID": "fb382926-afc1-492c-85ba-65198765b3fd",
              "value": false,
              "paramval": 0,
              "Name": "DEN_DruidAttack_State_InPosition"
            }
          ],
          "Type": "Object"
        }
      ],
      "SetFlags": [
        {
          "Flags": [
            {
              "UUID": "e8135109-2667-35f6-704c-be172203df40",
              "value": true,
              "paramval": null,
              "Name": "461152ff-16c3-2617-f8af-7ddb5681820b_a"
            }
          ],
          "Type": "Local"
        }
      ],
      "TaggedTextList": [
        {
          "HasTagRule": false,
          "RuleGroup": {
            "TagCombineOp": 0,
            "Rules": [],
            "RuleString": ""
          },
          "TagTexts": [
            {
              "LineId": "84bbc292-30f5-25f3-b256-8e2d11535aa3",
              "Text": {
                "Handle": "h3ae1743egd40fg4fdeg82c3ge441d2546df2",
                "Value": "Master Halsin forgive us."
              }
            }
          ]
        }
      ],
      "EditorData": {
        "AnimationTags": "",
        "Attitude": "Default",
        "CinematicNodeContext": "",
        "CinematicObjects": "",
        "CustomCineArtKeysPresent": "False",
        "CustomLightingPresent": "False",
        "CustomSoundPresent": "False",
        "CustomVFXPresent": "False",
        "Emotion": "Default",
        "ForceDisableIsCustomNode": "False",
        "ID": "N2",
        "InternalNodeContext": "",
        "IsCustomNode": "False",
        "MusicTags": "",
        "NodeContext": "",
        "Quality": "Bronze",
        "SFXTags": "",
        "StateChangeTags": "",
        "TemplateNodeUUID": "00000000-0000-0000-0000-000000000000",
        "TemplateVersion": "0",
        "VFXTags": "",
        "collapsed": "False",
        "logicalname": "Moving to Attack Position - 1",
        "position": "15;-423",
        "sourcetemplate": ""
      }
    }
  },
  "SpeakerDict": {
    "0": {
      "IsPeanutSpeaker": false,
      "SpeakerMappingId": "8cdd6a6c-4e6a-0a70-a824-a52a905c1d29",
      "Index": 0,
      "List": [
        "7cabf226-e34b-4556-8903-a45d0fe26caf"
      ],
      "SpeakerCharacter": {
        "DisplayName": "Nettie",
        "Type": "character",
        "MapKey": "7cabf226-e34b-4556-8903-a45d0fe26caf",
        "Name": "S_DEN_Apprentice",
        "ParentTemplateId": null,
        "TemplateName": "1ad176b6-d4df-49b9-b487-c0751c39e55e"
      },
      "SpeakerGroupName": null
    }
  },
  "Synopsis": "Nettie and the other druids are forced to drive out the tieflings by force. ADs cover the attack, moving to attack position, and ADs while Nettie's waiting to strike. Nettie doesn't want to kill anyone, and hopes the tieflings will leave until the very end, but will fight if she needs to."
}