{
  "Path": "Mods/Gustav/Story/Dialogs/Act1/DEN/DEN_AttackOnDen_AD_BossyAtPool.lsj",
  "UUID": "126e7fd9-90b0-5f3b-4e7e-19651bb11cda",
  "Category": "Repeated automated NPC Dialog",
  "DefaultAddressedSpeakers": {
    "0": -1
  },
  "RootNodes": [
    "0fd1f921-a45b-853c-1a6b-ba3ef19d58e4",
    "8ca683ad-41dd-bcb6-ae11-8f5cf050db47",
    "0adc0198-d03d-9b5b-b52c-210e0b0452df",
    "313b2bcb-56a8-0da5-0d11-2c65ddd35b15"
  ],
  "Nodes": {
    "0adc0198-d03d-9b5b-b52c-210e0b0452df": {
      "UUID": "0adc0198-d03d-9b5b-b52c-210e0b0452df",
      "Constructor": "TagGreeting",
      "EndNode": true,
      "Root": true,
      "ShowOnce": false,
      "SpeakerNo": 0,
      "AddressedSpeaker": 0,
      "Children": [],
      "CheckFlags": [
        {
          "Flags": [
            {
              "UUID": "ba83983f-c77e-2d07-daf6-7397d7f56837",
              "value": true,
              "paramval": null,
              "Name": "3b2ae6b6-ca7e-d905-0430-128078b3119f_A"
            }
          ],
          "Type": "Local"
        }
      ],
      "SetFlags": [
        {
          "Flags": [
            {
              "UUID": "d27db1fb-e5dd-c227-0d6d-2f9f336422fd",
              "value": true,
              "paramval": null,
              "Name": "3b2ae6b6-ca7e-d905-0430-128078b3119f_B"
            }
          ],
          "Type": "Local"
        }
      ],
      "TaggedTextList": [
        {
          "HasTagRule": false,
          "RuleGroup": {
            "TagCombineOp": 0,
            "Rules": [],
            "RuleString": ""
          },
          "TagTexts": [
            {
              "LineId": "1348181f-39c3-6149-81a4-301550afd099",
              "Text": {
                "Handle": "h2965b481g31dbg4b7ag9ec3g968a05f220e5",
                "Value": "Something sparkly down there?"
              }
            }
          ]
        }
      ],
      "EditorData": {
        "AnimationTags": "",
        "Attitude": "Default",
        "CinematicNodeContext": "",
        "CinematicObjects": "",
        "CustomCineArtKeysPresent": "False",
        "CustomLightingPresent": "False",
        "CustomSoundPresent": "False",
        "CustomVFXPresent": "False",
        "Emotion": "Default",
        "ForceDisableIsCustomNode": "False",
        "ID": "N30",
        "InternalNodeContext": "",
        "IsCustomNode": "False",
        "MusicTags": "",
        "NodeContext": "",
        "Quality": "Bronze",
        "SFXTags": "",
        "StateChangeTags": "",
        "TemplateNodeUUID": "00000000-0000-0000-0000-000000000000",
        "TemplateVersion": "0",
        "VFXTags": "",
        "collapsed": "False",
        "logicalname": "Greeting",
        "position": "15;-204",
        "sourcetemplate": ""
      }
    },
    "0fd1f921-a45b-853c-1a6b-ba3ef19d58e4": {
      "UUID": "0fd1f921-a45b-853c-1a6b-ba3ef19d58e4",
      "Constructor": "TagGreeting",
      "EndNode": true,
      "Root": true,
      "ShowOnce": false,
      "SpeakerNo": 0,
      "AddressedSpeaker": 0,
      "Children": [],
      "CheckFlags": [
        {
          "Flags": [
            {
              "UUID": "7c30d1d9-2950-73a0-546f-be14dd57e101",
              "value": true,
              "paramval": null,
              "Name": "3b2ae6b6-ca7e-d905-0430-128078b3119f_C"
            }
          ],
          "Type": "Local"
        }
      ],
      "SetFlags": [
        {
          "Flags": [
            {
              "UUID": "7c30d1d9-2950-73a0-546f-be14dd57e101",
              "value": false,
              "paramval": null,
              "Name": "3b2ae6b6-ca7e-d905-0430-128078b3119f_C"
            },
            {
              "UUID": "ba83983f-c77e-2d07-daf6-7397d7f56837",
              "value": false,
              "paramval": null,
              "Name": "3b2ae6b6-ca7e-d905-0430-128078b3119f_A"
            },
            {
              "UUID": "d27db1fb-e5dd-c227-0d6d-2f9f336422fd",
              "value": false,
              "paramval": null,
              "Name": "3b2ae6b6-ca7e-d905-0430-128078b3119f_B"
            }
          ],
          "Type": "Local"
        }
      ],
      "TaggedTextList": [
        {
          "HasTagRule": false,
          "RuleGroup": {
            "TagCombineOp": 0,
            "Rules": [],
            "RuleString": ""
          },
          "TagTexts": [
            {
              "LineId": "4064ff49-2ec5-8446-d1d1-282fe7d33419",
              "Text": {
                "Handle": "h8d70c622g0019g4ce1gb4a2g1fe03b1c8ada",
                "Value": "Maybe I should take one of these statues back with me to camp..."
              }
            }
          ]
        }
      ],
      "EditorData": {
        "AnimationTags": "",
        "Attitude": "Default",
        "CinematicNodeContext": "",
        "CinematicObjects": "",
        "CustomCineArtKeysPresent": "False",
        "CustomLightingPresent": "False",
        "CustomSoundPresent": "False",
        "CustomVFXPresent": "False",
        "Emotion": "Default",
        "ForceDisableIsCustomNode": "False",
        "ID": "N27",
        "InternalNodeContext": "",
        "IsCustomNode": "False",
        "MusicTags": "",
        "NodeContext": "",
        "Quality": "Bronze",
        "SFXTags": "",
        "StateChangeTags": "",
        "TemplateNodeUUID": "00000000-0000-0000-0000-000000000000",
        "TemplateVersion": "0",
        "VFXTags": "",
        "collapsed": "False",
        "logicalname": "Greeting",
        "position": "15;-642",
        "sourcetemplate": ""
      }
    },
    "313b2bcb-56a8-0da5-0d11-2c65ddd35b15": {
      "UUID": "313b2bcb-56a8-0da5-0d11-2c65ddd35b15",
      "Constructor": "TagGreeting",
      "EndNode": true,
      "Root": true,
      "ShowOnce": false,
      "SpeakerNo": 0,
      "AddressedSpeaker": 0,
      "Children": [],
      "CheckFlags": [],
      "SetFlags": [
        {
          "Flags": [
            {
              "UUID": "ba83983f-c77e-2d07-daf6-7397d7f56837",
              "value": true,
              "paramval": null,
              "Name": "3b2ae6b6-ca7e-d905-0430-128078b3119f_A"
            }
          ],
          "Type": "Local"
        }
      ],
      "TaggedTextList": [
        {
          "HasTagRule": false,
          "RuleGroup": {
            "TagCombineOp": 0,
            "Rules": [],
            "RuleString": ""
          },
          "TagTexts": [
            {
              "LineId": "82146119-27ba-7ba7-4402-41515146b398",
              "Text": {
                "Handle": "h35ba39bcg24cbg4aa9ga661g8f0e3b64d43c",
                "Value": "Grove's kinda pretty when you look at it."
              }
            }
          ]
        }
      ],
      "EditorData": {
        "AnimationTags": "",
        "Attitude": "Default",
        "CinematicNodeContext": "",
        "CinematicObjects": "",
        "CustomCineArtKeysPresent": "False",
        "CustomLightingPresent": "False",
        "CustomSoundPresent": "False",
        "CustomVFXPresent": "False",
        "Emotion": "Default",
        "ForceDisableIsCustomNode": "False",
        "ID": "N28",
        "InternalNodeContext": "",
        "IsCustomNode": "False",
        "MusicTags": "",
        "NodeContext": "",
        "Quality": "Bronze",
        "SFXTags": "",
        "StateChangeTags": "",
        "TemplateNodeUUID": "00000000-0000-0000-0000-000000000000",
        "TemplateVersion": "0",
        "VFXTags": "",
        "collapsed": "False",
        "logicalname": "Greeting",
        "position": "15;15",
        "sourcetemplate": ""
      }
    },
    "8ca683ad-41dd-bcb6-ae11-8f5cf050db47": {
      "UUID": "8ca683ad-41dd-bcb6-ae11-8f5cf050db47",
      "Constructor": "TagGreeting",
      "EndNode": true,
      "Root": true,
      "ShowOnce": false,
      "SpeakerNo": 0,
      "AddressedSpeaker": 0,
      "Children": [],
      "CheckFlags": [
        {
          "Flags": [
            {
              "UUID": "d27db1fb-e5dd-c227-0d6d-2f9f336422fd",
              "value": true,
              "paramval": null,
              "Name": "3b2ae6b6-ca7e-d905-0430-128078b3119f_B"
            }
          ],
          "Type": "Local"
        }
      ],
      "SetFlags": [
        {
          "Flags": [
            {
              "UUID": "7c30d1d9-2950-73a0-546f-be14dd57e101",
              "value": true,
              "paramval": null,
              "Name": "3b2ae6b6-ca7e-d905-0430-128078b3119f_C"
            }
          ],
          "Type": "Local"
        }
      ],
      "TaggedTextList": [
        {
          "HasTagRule": false,
          "RuleGroup": {
            "TagCombineOp": 0,
            "Rules": [],
            "RuleString": ""
          },
          "TagTexts": [
            {
              "LineId": "bddbbb31-da5a-baf2-b711-7315fc614e23",
              "Text": {
                "Handle": "hd6e8ab69gbf6fg4350gbaebg4ba5f0983b6f",
                "Value": "Nah. Just the light reflectin' I guess."
              }
            }
          ]
        }
      ],
      "EditorData": {
        "AnimationTags": "",
        "Attitude": "Default",
        "CinematicNodeContext": "",
        "CinematicObjects": "",
        "CustomCineArtKeysPresent": "False",
        "CustomLightingPresent": "False",
        "CustomSoundPresent": "False",
        "CustomVFXPresent": "False",
        "Emotion": "Default",
        "ForceDisableIsCustomNode": "False",
        "ID": "N29",
        "InternalNodeContext": "",
        "IsCustomNode": "False",
        "MusicTags": "",
        "NodeContext": "",
        "Quality": "Bronze",
        "SFXTags": "",
        "StateChangeTags": "",
        "TemplateNodeUUID": "00000000-0000-0000-0000-000000000000",
        "TemplateVersion": "0",
        "VFXTags": "",
        "collapsed": "False",
        "logicalname": "Greeting",
        "position": "15;-423",
        "sourcetemplate": ""
      }
    }
  },
  "SpeakerDict": {
    "0": {
      "IsPeanutSpeaker": false,
      "SpeakerMappingId": "16b81d9c-4b95-3c65-fe5f-da191617e619",
      "Index": 0,
      "List": [
        "de48bba2-e616-4db1-9d1c-76c1f285927f"
      ],
      "SpeakerCharacter": {
        "DisplayName": "Goblin Sharp-Eye",
        "Type": "character",
        "MapKey": "de48bba2-e616-4db1-9d1c-76c1f285927f",
        "Name": "S_GOB_RaiderBossy",
        "ParentTemplateId": null,
        "TemplateName": "3ac7d5f6-3125-4c75-9cb3-c2ea485129ed"
      },
      "SpeakerGroupName": null
    }
  },
  "Synopsis": "Raider taking a piss in the Grove sacred pool."
}