{
  "Path": "Mods/Gustav/Story/Dialogs/Act1/DEN/DEN_Apprentice_AD_TadpoledStart.lsj",
  "UUID": "6ef869e3-db58-b20f-e9bd-a7e6d2708901",
  "Category": "Automated NPC Dialog",
  "DefaultAddressedSpeakers": {
    "0": -1
  },
  "RootNodes": [
    "8340d3d0-99eb-6942-5819-5bd9fbd7ad58"
  ],
  "Nodes": {
    "8340d3d0-99eb-6942-5819-5bd9fbd7ad58": {
      "UUID": "8340d3d0-99eb-6942-5819-5bd9fbd7ad58",
      "Constructor": "TagGreeting",
      "EndNode": true,
      "Root": true,
      "ShowOnce": false,
      "SpeakerNo": 0,
      "AddressedSpeaker": 0,
      "Children": [],
      "CheckFlags": [],
      "SetFlags": [],
      "TaggedTextList": [
        {
          "HasTagRule": false,
          "RuleGroup": {
            "TagCombineOp": 0,
            "Rules": [],
            "RuleString": ""
          },
          "TagTexts": [
            {
              "LineId": "38a748cb-47de-d637-fd59-f73dc766e0d7",
              "Text": {
                "Handle": "hcd970664gfcd2g43afg991agfcdafc4808c4",
                "Value": "We need to be quick. This way."
              }
            }
          ]
        }
      ],
      "EditorData": {
        "AnimationTags": "",
        "Attitude": "Default",
        "CinematicNodeContext": "Gesturing for the player to follower her as she escorts them to the storage room, where they will be quarantined. ",
        "CinematicObjects": "",
        "CustomCineArtKeysPresent": "False",
        "CustomLightingPresent": "False",
        "CustomSoundPresent": "False",
        "CustomVFXPresent": "False",
        "Emotion": "Default",
        "ForceDisableIsCustomNode": "False",
        "ID": "N9",
        "InternalNodeContext": "",
        "IsCustomNode": "True",
        "MusicTags": "",
        "NodeContext": "Concerned",
        "Quality": "Bronze",
        "SFXTags": "",
        "StateChangeTags": "",
        "TemplateNodeUUID": "00000000-0000-0000-0000-000000000000",
        "TemplateVersion": "0",
        "VFXTags": "",
        "collapsed": "False",
        "logicalname": "BARK 1",
        "position": "1295;2424",
        "sourcetemplate": ""
      }
    }
  },
  "SpeakerDict": {
    "0": {
      "IsPeanutSpeaker": false,
      "SpeakerMappingId": "e30d93f8-7c3e-ae3a-c858-ffd4a62ba677",
      "Index": 0,
      "List": [
        "7cabf226-e34b-4556-8903-a45d0fe26caf"
      ],
      "SpeakerCharacter": {
        "DisplayName": "Nettie",
        "Type": "character",
        "MapKey": "7cabf226-e34b-4556-8903-a45d0fe26caf",
        "Name": "S_DEN_Apprentice",
        "ParentTemplateId": null,
        "TemplateName": "1ad176b6-d4df-49b9-b487-c0751c39e55e"
      },
      "SpeakerGroupName": null
    }
  },
  "Synopsis": "Nettie's comments as she walks with the 'infected' player to the storage room, where they will be quarantined. "
}