{
  "Path": "Mods/Gustav/Story/Dialogs/Act1/DEN/DEN_AttackOnDen_AD_HideoutLeaderScolding.lsj",
  "UUID": "eaa75e7d-eb43-275a-f978-ffffe27ba3a3",
  "Category": "Repeated automated NPC Dialog",
  "DefaultAddressedSpeakers": {
    "0": -1,
    "1": -1,
    "2": -1
  },
  "RootNodes": [
    "49d05c8e-716f-4eaa-ebdc-99f9244860f6"
  ],
  "Nodes": {
    "22b6b3a3-9e67-11df-8c1b-db24db1cc039": {
      "UUID": "22b6b3a3-9e67-11df-8c1b-db24db1cc039",
      "Constructor": "TagAnswer",
      "EndNode": false,
      "Root": false,
      "ShowOnce": false,
      "SpeakerNo": 2,
      "AddressedSpeaker": 0,
      "Children": [
        "3bb5f72d-aa99-89ef-d01e-aca1dcab8892"
      ],
      "CheckFlags": [],
      "SetFlags": [],
      "TaggedTextList": [
        {
          "HasTagRule": false,
          "RuleGroup": {
            "TagCombineOp": 0,
            "Rules": [],
            "RuleString": ""
          },
          "TagTexts": [
            {
              "LineId": "6010fa99-d533-5bcf-f304-b74c8393936b",
              "Text": {
                "Handle": "h7f8a7781g5d0bg4380gb2efgf48bb936beef",
                "Value": "Yeah! In the <i>city.</i>"
              }
            }
          ]
        }
      ],
      "EditorData": {
        "AnimationTags": "",
        "Attitude": "Default",
        "CinematicNodeContext": "",
        "CinematicObjects": "",
        "CustomCineArtKeysPresent": "False",
        "CustomLightingPresent": "False",
        "CustomSoundPresent": "False",
        "CustomVFXPresent": "False",
        "Emotion": "Default",
        "ForceDisableIsCustomNode": "False",
        "ID": "N16",
        "InternalNodeContext": "",
        "IsCustomNode": "False",
        "MusicTags": "",
        "NodeContext": "",
        "Quality": "Bronze",
        "SFXTags": "",
        "StateChangeTags": "",
        "TemplateNodeUUID": "00000000-0000-0000-0000-000000000000",
        "TemplateVersion": "0",
        "VFXTags": "",
        "collapsed": "False",
        "logicalname": "Answer",
        "position": "655;-204",
        "sourcetemplate": ""
      }
    },
    "33f0e926-7700-20e2-af6c-3757b2faa8af": {
      "UUID": "33f0e926-7700-20e2-af6c-3757b2faa8af",
      "Constructor": "TagAnswer",
      "EndNode": false,
      "Root": false,
      "ShowOnce": false,
      "SpeakerNo": 1,
      "AddressedSpeaker": 0,
      "Children": [
        "22b6b3a3-9e67-11df-8c1b-db24db1cc039"
      ],
      "CheckFlags": [],
      "SetFlags": [],
      "TaggedTextList": [
        {
          "HasTagRule": false,
          "RuleGroup": {
            "TagCombineOp": 0,
            "Rules": [],
            "RuleString": ""
          },
          "TagTexts": [
            {
              "LineId": "cad0a803-1d66-de24-d872-0ea44269bcb9",
              "Text": {
                "Handle": "ha7ab5b00g8cb1g4c4cg9a19g1dd3ee28b765",
                "Value": "We can always get more stuff later."
              }
            }
          ]
        }
      ],
      "EditorData": {
        "AnimationTags": "",
        "Attitude": "Default",
        "CinematicNodeContext": "",
        "CinematicObjects": "",
        "CustomCineArtKeysPresent": "False",
        "CustomLightingPresent": "False",
        "CustomSoundPresent": "False",
        "CustomVFXPresent": "False",
        "Emotion": "Default",
        "ForceDisableIsCustomNode": "False",
        "ID": "N10",
        "InternalNodeContext": "",
        "IsCustomNode": "False",
        "MusicTags": "",
        "NodeContext": "",
        "Quality": "Bronze",
        "SFXTags": "",
        "StateChangeTags": "",
        "TemplateNodeUUID": "00000000-0000-0000-0000-000000000000",
        "TemplateVersion": "0",
        "VFXTags": "",
        "collapsed": "False",
        "logicalname": "Answer",
        "position": "335;-204",
        "sourcetemplate": ""
      }
    },
    "3bb5f72d-aa99-89ef-d01e-aca1dcab8892": {
      "UUID": "3bb5f72d-aa99-89ef-d01e-aca1dcab8892",
      "Constructor": "TagAnswer",
      "EndNode": false,
      "Root": false,
      "ShowOnce": false,
      "SpeakerNo": 0,
      "AddressedSpeaker": 0,
      "Children": [
        "9e812a84-e9ef-58fe-423e-7df96ef5390d"
      ],
      "CheckFlags": [],
      "SetFlags": [],
      "TaggedTextList": [
        {
          "HasTagRule": false,
          "RuleGroup": {
            "TagCombineOp": 0,
            "Rules": [],
            "RuleString": ""
          },
          "TagTexts": [
            {
              "LineId": "e332e067-5c82-bd3e-b630-d98f8414866e",
              "Text": {
                "Handle": "hbd0a27dfg5d6cg4139gb96ag3bf309d8e2a0",
                "Value": "You won't get there if we starve on the way. Gonna rob your friends when you're hungry?"
              }
            }
          ]
        }
      ],
      "EditorData": {
        "AnimationTags": "",
        "Attitude": "Default",
        "CinematicNodeContext": "",
        "CinematicObjects": "",
        "CustomCineArtKeysPresent": "False",
        "CustomLightingPresent": "False",
        "CustomSoundPresent": "False",
        "CustomVFXPresent": "False",
        "Emotion": "Default",
        "ForceDisableIsCustomNode": "False",
        "ID": "N17",
        "InternalNodeContext": "",
        "IsCustomNode": "False",
        "MusicTags": "",
        "NodeContext": "",
        "Quality": "Bronze",
        "SFXTags": "",
        "StateChangeTags": "",
        "TemplateNodeUUID": "00000000-0000-0000-0000-000000000000",
        "TemplateVersion": "0",
        "VFXTags": "",
        "collapsed": "False",
        "logicalname": "Answer",
        "position": "975;-204",
        "sourcetemplate": ""
      }
    },
    "49d05c8e-716f-4eaa-ebdc-99f9244860f6": {
      "UUID": "49d05c8e-716f-4eaa-ebdc-99f9244860f6",
      "Constructor": "TagGreeting",
      "EndNode": false,
      "Root": true,
      "ShowOnce": false,
      "SpeakerNo": 0,
      "AddressedSpeaker": 0,
      "Children": [
        "33f0e926-7700-20e2-af6c-3757b2faa8af"
      ],
      "CheckFlags": [],
      "SetFlags": [],
      "TaggedTextList": [
        {
          "HasTagRule": false,
          "RuleGroup": {
            "TagCombineOp": 0,
            "Rules": [],
            "RuleString": ""
          },
          "TagTexts": [
            {
              "LineId": "2b27c3af-76ee-d55a-192f-61b7912b68e2",
              "Text": {
                "Handle": "h30263cf1g9651g4d75g89b2gb0bbade469d6",
                "Value": "Can you two help? Anything you don't pack is getting left behind."
              }
            }
          ]
        }
      ],
      "EditorData": {
        "AnimationTags": "",
        "Attitude": "Default",
        "CinematicNodeContext": "",
        "CinematicObjects": "",
        "CustomCineArtKeysPresent": "False",
        "CustomLightingPresent": "False",
        "CustomSoundPresent": "False",
        "CustomVFXPresent": "False",
        "Emotion": "Default",
        "ForceDisableIsCustomNode": "False",
        "ID": "N1",
        "InternalNodeContext": "",
        "IsCustomNode": "False",
        "MusicTags": "",
        "NodeContext": "",
        "Quality": "Bronze",
        "SFXTags": "",
        "StateChangeTags": "",
        "TemplateNodeUUID": "00000000-0000-0000-0000-000000000000",
        "TemplateVersion": "0",
        "VFXTags": "",
        "collapsed": "False",
        "logicalname": "Greeting",
        "position": "15;-204",
        "sourcetemplate": ""
      }
    },
    "52fa9ba2-a333-bb9e-89be-4f601531a8d6": {
      "UUID": "52fa9ba2-a333-bb9e-89be-4f601531a8d6",
      "Constructor": "TagAnswer",
      "EndNode": true,
      "Root": false,
      "ShowOnce": false,
      "SpeakerNo": 0,
      "AddressedSpeaker": 0,
      "Children": [],
      "CheckFlags": [],
      "SetFlags": [],
      "TaggedTextList": [
        {
          "HasTagRule": false,
          "RuleGroup": {
            "TagCombineOp": 0,
            "Rules": [],
            "RuleString": ""
          },
          "TagTexts": [
            {
              "LineId": "ffb917fd-0d41-c62d-208a-8858fcbc36e7",
              "Text": {
                "Handle": "h9e7fb768geeacg45feg93a1g521a5b952dbb",
                "Value": "Then <i>pack</i>."
              }
            }
          ]
        }
      ],
      "EditorData": {
        "AnimationTags": "",
        "Attitude": "Default",
        "CinematicNodeContext": "",
        "CinematicObjects": "",
        "CustomCineArtKeysPresent": "False",
        "CustomLightingPresent": "False",
        "CustomSoundPresent": "False",
        "CustomVFXPresent": "False",
        "Emotion": "Default",
        "ForceDisableIsCustomNode": "False",
        "ID": "N19",
        "InternalNodeContext": "",
        "IsCustomNode": "False",
        "MusicTags": "",
        "NodeContext": "",
        "Quality": "Bronze",
        "SFXTags": "",
        "StateChangeTags": "",
        "TemplateNodeUUID": "00000000-0000-0000-0000-000000000000",
        "TemplateVersion": "0",
        "VFXTags": "",
        "collapsed": "False",
        "logicalname": "Answer",
        "position": "1615;-204",
        "sourcetemplate": ""
      }
    },
    "9e812a84-e9ef-58fe-423e-7df96ef5390d": {
      "UUID": "9e812a84-e9ef-58fe-423e-7df96ef5390d",
      "Constructor": "TagAnswer",
      "EndNode": false,
      "Root": false,
      "ShowOnce": true,
      "SpeakerNo": 1,
      "AddressedSpeaker": 0,
      "Children": [
        "52fa9ba2-a333-bb9e-89be-4f601531a8d6"
      ],
      "CheckFlags": [],
      "SetFlags": [],
      "TaggedTextList": [
        {
          "HasTagRule": false,
          "RuleGroup": {
            "TagCombineOp": 0,
            "Rules": [],
            "RuleString": ""
          },
          "TagTexts": [
            {
              "LineId": "ffb301d9-3270-4380-7ffa-10fc4691832b",
              "Text": {
                "Handle": "h26d0b673geb82g4989g80a7g486b5237df7f",
                "Value": "No way."
              }
            }
          ]
        }
      ],
      "EditorData": {
        "AnimationTags": "",
        "Attitude": "Default",
        "CinematicNodeContext": "",
        "CinematicObjects": "",
        "CustomCineArtKeysPresent": "False",
        "CustomLightingPresent": "False",
        "CustomSoundPresent": "False",
        "CustomVFXPresent": "False",
        "Emotion": "Default",
        "ForceDisableIsCustomNode": "False",
        "ID": "N18",
        "InternalNodeContext": "",
        "IsCustomNode": "False",
        "MusicTags": "",
        "NodeContext": "",
        "Quality": "Bronze",
        "SFXTags": "",
        "StateChangeTags": "",
        "TemplateNodeUUID": "00000000-0000-0000-0000-000000000000",
        "TemplateVersion": "0",
        "VFXTags": "",
        "collapsed": "False",
        "logicalname": "Answer",
        "position": "1295;-204",
        "sourcetemplate": ""
      }
    }
  },
  "SpeakerDict": {
    "0": {
      "IsPeanutSpeaker": false,
      "SpeakerMappingId": "b1ce29ca-43ff-e768-19f9-4780d78d75d4",
      "Index": 0,
      "List": [
        "c8ab1ca6-96bb-467e-91c9-af87bc4d3925"
      ],
      "SpeakerCharacter": {
        "DisplayName": "Mol",
        "Type": "character",
        "MapKey": "c8ab1ca6-96bb-467e-91c9-af87bc4d3925",
        "Name": "S_DEN_ThiefHideoutLeader",
        "ParentTemplateId": null,
        "TemplateName": "7df301e7-35f4-426e-8334-2b697e33711d"
      },
      "SpeakerGroupName": null
    },
    "1": {
      "IsPeanutSpeaker": false,
      "SpeakerMappingId": "2c840102-b0b3-2307-640b-7b5c6fe47a94",
      "Index": 1,
      "List": [
        "94e865e9-790d-4633-a378-8fb50832b5e9"
      ],
      "SpeakerCharacter": {
        "DisplayName": "Meli",
        "Type": "character",
        "MapKey": "94e865e9-790d-4633-a378-8fb50832b5e9",
        "Name": "S_DEN_RobberKid",
        "ParentTemplateId": null,
        "TemplateName": "80ca9a84-00c2-45c6-892e-bf6f07a5af3e"
      },
      "SpeakerGroupName": null
    },
    "2": {
      "IsPeanutSpeaker": false,
      "SpeakerMappingId": "c267703c-3675-7b28-e427-7e5a2ae2a81b",
      "Index": 2,
      "List": [
        "e1fda08b-45d4-41db-84b5-20e9931ba5af"
      ],
      "SpeakerCharacter": {
        "DisplayName": "Mattis",
        "Type": "character",
        "MapKey": "e1fda08b-45d4-41db-84b5-20e9931ba5af",
        "Name": "S_DEN_PickpocketTrader",
        "ParentTemplateId": null,
        "TemplateName": "80ca9a84-00c2-45c6-892e-bf6f07a5af3e"
      },
      "SpeakerGroupName": null
    }
  },
  "Synopsis": "Mol scolds Lim and Meli and tells them to get back to packing.."
}