{
  "Path": "Mods/Gustav/Story/Dialogs/Act1/DEN/DEN_AttackOnDen_AD_WarchiefAndLooters.lsj",
  "UUID": "d47cb74d-85c1-9ed7-0a44-c449e291e473",
  "Category": "Repeated automated NPC Dialog",
  "DefaultAddressedSpeakers": {
    "0": -1,
    "1": -1,
    "2": -1,
    "3": -1
  },
  "RootNodes": [
    "793c6176-f149-5a0e-f399-25477bbd04ef"
  ],
  "Nodes": {
    "42e19577-bda4-a376-a641-716ad5e241c4": {
      "UUID": "42e19577-bda4-a376-a641-716ad5e241c4",
      "Constructor": "TagAnswer",
      "EndNode": true,
      "Root": false,
      "ShowOnce": false,
      "SpeakerNo": 2,
      "AddressedSpeaker": 0,
      "Children": [],
      "CheckFlags": [],
      "SetFlags": [],
      "TaggedTextList": [
        {
          "HasTagRule": false,
          "RuleGroup": {
            "TagCombineOp": 0,
            "Rules": [],
            "RuleString": ""
          },
          "TagTexts": [
            {
              "LineId": "66fcf43b-07c8-c46c-2dcc-3819eff73508",
              "Text": {
                "Handle": "heb09f0ccg27b9g4cfagb56cg8d81d94d3714",
                "Value": "You serious? Stuff something in yer nose and hurry up. "
              }
            }
          ]
        }
      ],
      "EditorData": {
        "AnimationTags": "",
        "Attitude": "Default",
        "CinematicNodeContext": "",
        "CinematicObjects": "",
        "CustomCineArtKeysPresent": "False",
        "CustomLightingPresent": "False",
        "CustomSoundPresent": "False",
        "CustomVFXPresent": "False",
        "Emotion": "Default",
        "ForceDisableIsCustomNode": "False",
        "ID": "N2",
        "InternalNodeContext": "",
        "IsCustomNode": "False",
        "MusicTags": "",
        "NodeContext": "Furious with subordinates",
        "Quality": "Bronze",
        "SFXTags": "",
        "StateChangeTags": "",
        "TemplateNodeUUID": "00000000-0000-0000-0000-000000000000",
        "TemplateVersion": "0",
        "VFXTags": "",
        "collapsed": "False",
        "logicalname": "Answer",
        "position": "975;15",
        "sourcetemplate": ""
      }
    },
    "793c6176-f149-5a0e-f399-25477bbd04ef": {
      "UUID": "793c6176-f149-5a0e-f399-25477bbd04ef",
      "Constructor": "TagGreeting",
      "EndNode": false,
      "Root": true,
      "ShowOnce": false,
      "SpeakerNo": 2,
      "AddressedSpeaker": 0,
      "Children": [
        "f7e87b21-c052-aa8e-e0fb-0b8bad54bb64"
      ],
      "CheckFlags": [],
      "SetFlags": [],
      "TaggedTextList": [
        {
          "HasTagRule": false,
          "RuleGroup": {
            "TagCombineOp": 0,
            "Rules": [],
            "RuleString": ""
          },
          "TagTexts": [
            {
              "LineId": "e3b85b98-3e49-10fd-630f-e92cb6aaa52c",
              "Text": {
                "Handle": "hb322ad8bgd47bg4d82gb114g67c9897c3650",
                "Value": "What's taking you two so long? Get the goods and get moving!"
              }
            }
          ]
        }
      ],
      "EditorData": {
        "AnimationTags": "",
        "Attitude": "Default",
        "CinematicNodeContext": "",
        "CinematicObjects": "",
        "CustomCineArtKeysPresent": "False",
        "CustomLightingPresent": "False",
        "CustomSoundPresent": "False",
        "CustomVFXPresent": "False",
        "Emotion": "Default",
        "ForceDisableIsCustomNode": "False",
        "ID": "N4",
        "InternalNodeContext": "",
        "IsCustomNode": "False",
        "MusicTags": "",
        "NodeContext": "Preemptively annoyed with his subordinates - they're not very smart.",
        "Quality": "Bronze",
        "SFXTags": "",
        "StateChangeTags": "",
        "TemplateNodeUUID": "00000000-0000-0000-0000-000000000000",
        "TemplateVersion": "0",
        "VFXTags": "",
        "collapsed": "False",
        "logicalname": "Greeting",
        "position": "15;15",
        "sourcetemplate": ""
      }
    },
    "c3bd4a69-bdb1-7846-dc0d-f9e46cdff092": {
      "UUID": "c3bd4a69-bdb1-7846-dc0d-f9e46cdff092",
      "Constructor": "TagAnswer",
      "EndNode": false,
      "Root": false,
      "ShowOnce": false,
      "SpeakerNo": 1,
      "AddressedSpeaker": 0,
      "Children": [
        "42e19577-bda4-a376-a641-716ad5e241c4"
      ],
      "CheckFlags": [],
      "SetFlags": [],
      "TaggedTextList": [
        {
          "HasTagRule": false,
          "RuleGroup": {
            "TagCombineOp": 0,
            "Rules": [],
            "RuleString": ""
          },
          "TagTexts": [
            {
              "LineId": "98dffc19-fd93-9ba5-5ba1-b1a19e8417b2",
              "Text": {
                "Handle": "h86f6f9ebg6adcg43bdgbf90gb92334d48cf8",
                "Value": "Shut your mouth! I... *Ah-choo!* Feckin' leaves."
              }
            }
          ]
        }
      ],
      "EditorData": {
        "AnimationTags": "",
        "Attitude": "Default",
        "CinematicNodeContext": "",
        "CinematicObjects": "",
        "CustomCineArtKeysPresent": "False",
        "CustomLightingPresent": "False",
        "CustomSoundPresent": "False",
        "CustomVFXPresent": "False",
        "Emotion": "Default",
        "ForceDisableIsCustomNode": "False",
        "ID": "N16",
        "InternalNodeContext": "",
        "IsCustomNode": "False",
        "MusicTags": "",
        "NodeContext": "Gurd is allergic to the herbs in the storehouse he looted and keeps sneezing",
        "Quality": "Bronze",
        "SFXTags": "",
        "StateChangeTags": "",
        "TemplateNodeUUID": "00000000-0000-0000-0000-000000000000",
        "TemplateVersion": "0",
        "VFXTags": "",
        "collapsed": "False",
        "logicalname": "Answer",
        "position": "655;15",
        "sourcetemplate": ""
      }
    },
    "f7e87b21-c052-aa8e-e0fb-0b8bad54bb64": {
      "UUID": "f7e87b21-c052-aa8e-e0fb-0b8bad54bb64",
      "Constructor": "TagAnswer",
      "EndNode": false,
      "Root": false,
      "ShowOnce": false,
      "SpeakerNo": 0,
      "AddressedSpeaker": 0,
      "Children": [
        "c3bd4a69-bdb1-7846-dc0d-f9e46cdff092"
      ],
      "CheckFlags": [],
      "SetFlags": [],
      "TaggedTextList": [
        {
          "HasTagRule": false,
          "RuleGroup": {
            "TagCombineOp": 0,
            "Rules": [],
            "RuleString": ""
          },
          "TagTexts": [
            {
              "LineId": "97456625-9e00-2d06-cb2b-1056f3bfdec5",
              "Text": {
                "Handle": "h1e1722cfg6196g48c8g88ccg22bbc2e7b76b",
                "Value": "Gurd keeps sneezing and dropping stuff."
              }
            }
          ]
        }
      ],
      "EditorData": {
        "AnimationTags": "",
        "Attitude": "Default",
        "CinematicNodeContext": "",
        "CinematicObjects": "",
        "CustomCineArtKeysPresent": "False",
        "CustomLightingPresent": "False",
        "CustomSoundPresent": "False",
        "CustomVFXPresent": "False",
        "Emotion": "Default",
        "ForceDisableIsCustomNode": "False",
        "ID": "N1",
        "InternalNodeContext": "",
        "IsCustomNode": "False",
        "MusicTags": "",
        "NodeContext": "Respectfully talking to his boss - and getting his friend in trouble",
        "Quality": "Bronze",
        "SFXTags": "",
        "StateChangeTags": "",
        "TemplateNodeUUID": "00000000-0000-0000-0000-000000000000",
        "TemplateVersion": "0",
        "VFXTags": "",
        "collapsed": "False",
        "logicalname": "Answer",
        "position": "335;15",
        "sourcetemplate": ""
      }
    }
  },
  "SpeakerDict": {
    "0": {
      "IsPeanutSpeaker": false,
      "SpeakerMappingId": "79a30f74-2e51-b308-8cc2-8da7047bf5f7",
      "Index": 0,
      "List": [
        "1c9fd1dd-12bc-4b81-acb8-9eef54174c55"
      ],
      "SpeakerCharacter": {
        "DisplayName": "Warrior Clack",
        "Type": "character",
        "MapKey": "1c9fd1dd-12bc-4b81-acb8-9eef54174c55",
        "Name": "S_GOB_RaiderBold",
        "ParentTemplateId": null,
        "TemplateName": "7fa1aa7c-18a4-4946-9fe4-35e1edcdfcd8"
      },
      "SpeakerGroupName": null
    },
    "1": {
      "IsPeanutSpeaker": false,
      "SpeakerMappingId": "41d98b1c-4e33-faad-8113-e54cb3ed1b72",
      "Index": 1,
      "List": [
        "6687f78f-5d6a-40d4-8cfd-2b972dacde3c"
      ],
      "SpeakerCharacter": {
        "DisplayName": "Brawler Gurd",
        "Type": "character",
        "MapKey": "6687f78f-5d6a-40d4-8cfd-2b972dacde3c",
        "Name": "S_GOB_RaiderHardy",
        "ParentTemplateId": null,
        "TemplateName": "35e843cf-bc73-4754-aaee-fd8272d99ea6"
      },
      "SpeakerGroupName": null
    },
    "2": {
      "IsPeanutSpeaker": false,
      "SpeakerMappingId": "fcf448e9-3381-fa68-a970-6b3de66fc03b",
      "Index": 2,
      "List": [
        "6601b8f7-1a92-46bb-b409-6fcef7406a39"
      ],
      "SpeakerCharacter": {
        "DisplayName": "Rozzak",
        "Type": "character",
        "MapKey": "6601b8f7-1a92-46bb-b409-6fcef7406a39",
        "Name": "S_GOB_WarchiefBrave",
        "ParentTemplateId": null,
        "TemplateName": "b0f372f0-f74f-4c00-84e6-34ba09117578"
      },
      "SpeakerGroupName": null
    }
  },
  "Synopsis": "The warchief hassles two other goblins, demanding why raiding the nearby storehouse is taking so long."
}