{
  "Path": "Mods/Gustav/Story/Dialogs/Act1/DEN/DEN_AttackOnDen_AD_BetrayedLeader.lsj",
  "UUID": "65a489e2-da07-1474-cf5c-d16a8ad9193a",
  "Category": "Repeated automated NPC Dialog",
  "DefaultAddressedSpeakers": {
    "0": -1
  },
  "RootNodes": [
    "0962454f-9c0c-cf11-2095-8dbdb8125c42"
  ],
  "Nodes": {
    "0962454f-9c0c-cf11-2095-8dbdb8125c42": {
      "UUID": "0962454f-9c0c-cf11-2095-8dbdb8125c42",
      "Constructor": "TagGreeting",
      "EndNode": true,
      "Root": true,
      "ShowOnce": false,
      "SpeakerNo": 0,
      "AddressedSpeaker": 0,
      "Children": [],
      "CheckFlags": [],
      "SetFlags": [],
      "TaggedTextList": [
        {
          "HasTagRule": false,
          "RuleGroup": {
            "TagCombineOp": 0,
            "Rules": [],
            "RuleString": ""
          },
          "TagTexts": [
            {
              "LineId": "1f7a7fa6-9bd1-b7e4-d56e-d7346a45735c",
              "Text": {
                "Handle": "h8d87105eg5bf4g4280gbd83gc543256a932f",
                "Value": "What have you <i>done</i>?!"
              }
            }
          ]
        }
      ],
      "EditorData": {
        "AnimationTags": "",
        "Attitude": "Default",
        "CinematicNodeContext": "",
        "CinematicObjects": "",
        "CustomCineArtKeysPresent": "False",
        "CustomLightingPresent": "False",
        "CustomSoundPresent": "False",
        "CustomVFXPresent": "False",
        "Emotion": "Sadness",
        "ForceDisableIsCustomNode": "False",
        "ID": "N2",
        "InternalNodeContext": "",
        "IsCustomNode": "False",
        "MusicTags": "",
        "NodeContext": "Terrified but furious - player has just betrayed him and let monsters in to attack innocent civilians. He's normally reserved but is determined to kill you for this.",
        "Quality": "Bronze",
        "SFXTags": "",
        "StateChangeTags": "",
        "TemplateNodeUUID": "00000000-0000-0000-0000-000000000000",
        "TemplateVersion": "0",
        "VFXTags": "",
        "collapsed": "False",
        "logicalname": "Greeting",
        "position": "15;-861",
        "sourcetemplate": ""
      }
    }
  },
  "SpeakerDict": {
    "0": {
      "IsPeanutSpeaker": false,
      "SpeakerMappingId": "300addf0-7763-1a8a-13fe-a00c9b5edead",
      "Index": 0,
      "List": [
        "475200ee-cc3c-4dbe-84b1-1820c02ea26a"
      ],
      "SpeakerCharacter": {
        "DisplayName": "Zevlor",
        "Type": "character",
        "MapKey": "475200ee-cc3c-4dbe-84b1-1820c02ea26a",
        "Name": "S_DEN_TieflingLeader",
        "ParentTemplateId": null,
        "TemplateName": "a5856190-08e3-4741-b697-8b1cbf03eaa1"
      },
      "SpeakerGroupName": null
    }
  },
  "Synopsis": "Triggered after player betrays refugees in the grove and opens the gates for the goblin army outside."
}