{
  "Path": "Mods/Gustav/Story/Dialogs/Act1/DEN/DEN_AttackOnDen_GoblinLush.lsj",
  "UUID": "9b65cebd-4b35-0b3c-7e6c-92d71361a4dd",
  "Category": "Generic NPC Dialog",
  "DefaultAddressedSpeakers": {
    "0": -1,
    "1": 0
  },
  "RootNodes": [
    "ed0c7fcc-191d-10b0-61ac-0ee97c235ea2",
    "2dc701a7-42c7-a214-a62d-5b7ec75715c8",
    "c4003044-ae76-64f5-3a65-51927f51f17c"
  ],
  "Nodes": {
    "2dc701a7-42c7-a214-a62d-5b7ec75715c8": {
      "UUID": "2dc701a7-42c7-a214-a62d-5b7ec75715c8",
      "Constructor": "TagGreeting",
      "EndNode": true,
      "Root": true,
      "ShowOnce": false,
      "SpeakerNo": 0,
      "AddressedSpeaker": -1,
      "Children": [],
      "CheckFlags": [
        {
          "Flags": [
            {
              "UUID": "687a5a02-6e56-98a4-abb2-a4182ae25c1d",
              "value": true,
              "paramval": 0,
              "Name": "GOB_DrowCommander_State_AboutToLeave"
            }
          ],
          "Type": "Object"
        }
      ],
      "SetFlags": [],
      "TaggedTextList": [
        {
          "HasTagRule": false,
          "RuleGroup": {
            "TagCombineOp": 0,
            "Rules": [],
            "RuleString": ""
          },
          "TagTexts": [
            {
              "LineId": "98144614-e8ec-6ff9-2915-87e67234af14",
              "Text": {
                "Handle": "h406cedb5g17f2g4626gbc96g39c1055d9cde",
                "Value": "If the Absolute wants 'em dead, we'll <i>massacre</i> 'em!"
              }
            }
          ]
        }
      ],
      "EditorData": {
        "AnimationTags": "",
        "Attitude": "Default",
        "CinematicNodeContext": "",
        "CinematicObjects": "",
        "CustomCineArtKeysPresent": "False",
        "CustomLightingPresent": "False",
        "CustomSoundPresent": "False",
        "CustomVFXPresent": "False",
        "Emotion": "Arrogance",
        "ForceDisableIsCustomNode": "False",
        "ID": "N6",
        "InternalNodeContext": "",
        "IsCustomNode": "False",
        "MusicTags": "",
        "NodeContext": "preparing for a raid - eager",
        "Quality": "Bronze",
        "SFXTags": "",
        "StateChangeTags": "",
        "TemplateNodeUUID": "00000000-0000-0000-0000-000000000000",
        "TemplateVersion": "0",
        "VFXTags": "",
        "collapsed": "False",
        "logicalname": "Waiting to leave Goblin Camp",
        "position": "15;-204",
        "sourcetemplate": ""
      }
    },
    "c4003044-ae76-64f5-3a65-51927f51f17c": {
      "UUID": "c4003044-ae76-64f5-3a65-51927f51f17c",
      "Constructor": "TagGreeting",
      "EndNode": true,
      "Root": true,
      "ShowOnce": false,
      "SpeakerNo": 0,
      "AddressedSpeaker": -1,
      "Children": [],
      "CheckFlags": [],
      "SetFlags": [],
      "TaggedTextList": [
        {
          "HasTagRule": false,
          "RuleGroup": {
            "TagCombineOp": 0,
            "Rules": [],
            "RuleString": ""
          },
          "TagTexts": [
            {
              "LineId": "05607250-8b13-3505-c539-ba9704cd9603",
              "Text": {
                "Handle": "hc71f7e05g4014g4456g9a79gc5c1b6374885",
                "Value": "Absolute praise us!"
              }
            }
          ]
        }
      ],
      "EditorData": {
        "AnimationTags": "",
        "Attitude": "Default",
        "CinematicNodeContext": "",
        "CinematicObjects": "",
        "CustomCineArtKeysPresent": "False",
        "CustomLightingPresent": "False",
        "CustomSoundPresent": "False",
        "CustomVFXPresent": "False",
        "Emotion": "Determination",
        "ForceDisableIsCustomNode": "False",
        "ID": "N2",
        "InternalNodeContext": "",
        "IsCustomNode": "False",
        "MusicTags": "",
        "NodeContext": "detemined",
        "Quality": "Bronze",
        "SFXTags": "",
        "StateChangeTags": "",
        "TemplateNodeUUID": "00000000-0000-0000-0000-000000000000",
        "TemplateVersion": "0",
        "VFXTags": "",
        "collapsed": "False",
        "logicalname": "Greeting",
        "position": "15;15",
        "sourcetemplate": ""
      }
    },
    "ed0c7fcc-191d-10b0-61ac-0ee97c235ea2": {
      "UUID": "ed0c7fcc-191d-10b0-61ac-0ee97c235ea2",
      "Constructor": "TagGreeting",
      "EndNode": true,
      "Root": true,
      "ShowOnce": false,
      "SpeakerNo": 0,
      "AddressedSpeaker": -1,
      "Children": [],
      "CheckFlags": [
        {
          "Flags": [
            {
              "UUID": "ebe2c997-93ae-93f2-7f11-34057122b19b",
              "value": true,
              "paramval": 0,
              "Name": "DEN_AttackOnDen_State_Victorious"
            }
          ],
          "Type": "Object"
        }
      ],
      "SetFlags": [],
      "TaggedTextList": [
        {
          "HasTagRule": false,
          "RuleGroup": {
            "TagCombineOp": 0,
            "Rules": [],
            "RuleString": ""
          },
          "TagTexts": [
            {
              "LineId": "72f76679-7e98-201b-e0bc-48e408b34b7f",
              "Text": {
                "Handle": "h2cd58d2eg4574g4f71gb53cg25f8e4974d5c",
                "Value": "You see what I did? The Absolute's gonna recognise me, make me a True Soul, I tell ya."
              }
            }
          ]
        }
      ],
      "EditorData": {
        "AnimationTags": "",
        "Attitude": "Friendly",
        "CinematicNodeContext": "",
        "CinematicObjects": "",
        "CustomCineArtKeysPresent": "False",
        "CustomLightingPresent": "False",
        "CustomSoundPresent": "False",
        "CustomVFXPresent": "False",
        "Emotion": "Arrogance",
        "ForceDisableIsCustomNode": "False",
        "ID": "N1",
        "InternalNodeContext": "",
        "IsCustomNode": "False",
        "MusicTags": "",
        "NodeContext": "content, proud.",
        "Quality": "Bronze",
        "SFXTags": "",
        "StateChangeTags": "",
        "TemplateNodeUUID": "00000000-0000-0000-0000-000000000000",
        "TemplateVersion": "0",
        "VFXTags": "",
        "collapsed": "False",
        "logicalname": "Greeting",
        "position": "15;-642",
        "sourcetemplate": ""
      }
    }
  },
  "SpeakerDict": {
    "0": {
      "IsPeanutSpeaker": false,
      "SpeakerMappingId": "c4433ea5-2a17-9e6d-4fb3-edd3e0739f16",
      "Index": 0,
      "List": [
        "d738c9a4-a031-4dd9-912f-93cda8d8d8b7"
      ],
      "SpeakerCharacter": {
        "DisplayName": "Tracker Azak",
        "Type": "character",
        "MapKey": "d738c9a4-a031-4dd9-912f-93cda8d8d8b7",
        "Name": "S_GOB_GoblinLush",
        "ParentTemplateId": null,
        "TemplateName": "e26c6fb1-f615-4b14-8d2f-9de0b574326b"
      },
      "SpeakerGroupName": null
    },
    "1": {
      "IsPeanutSpeaker": false,
      "SpeakerMappingId": "aecb72e3-e31e-cc1b-5507-939bbe803a0b",
      "Index": 1,
      "List": [
        "e0d1ff71-04a8-4340-ae64-9684d846eb83"
      ],
      "SpeakerCharacter": {
        "DisplayName": "Player",
        "Type": "character",
        "MapKey": "e2badbf0-159a-4ef5-9e73-7bbeb3d1015a",
        "Name": "S_GLO_CharacterCreationDummy_001",
        "ParentTemplateId": null,
        "TemplateName": "fd7f2707-8f86-4836-bda8-e0db99c389cc"
      },
      "SpeakerGroupName": "GROUP_Players"
    }
  },
  "Synopsis": "goblin raider before/after the raid on the druid grove."
}