{
  "Path": "Mods/Gustav/Story/Dialogs/Act1/DEN/DEN_DruidAttack_AD_TieflingLeader.lsj",
  "UUID": "34910f06-fac0-085f-b41a-337d0dfad85a",
  "Category": "Repeated automated NPC Dialog",
  "DefaultAddressedSpeakers": {
    "0": -1
  },
  "RootNodes": [
    "ba2fc11e-dacc-5308-9961-5f9003ed41c5",
    "7a0a1d1d-4542-dee5-c11f-9ed4889ef8df",
    "38a42563-4661-e0c4-94e4-281cda755348",
    "f8f35a7e-e8ba-1fa1-5bd0-28a3484c9b31",
    "39884e1a-ab12-ee44-f37e-bf53e985f307",
    "f5d41d52-ccbf-3a3f-7eda-03bfc4395a20",
    "ba826fc3-0b47-8a3f-6091-3c09aae92e24",
    "87fd39c1-378e-e6b0-2136-f59ec1a5ccfb",
    "386defe2-c254-9766-f469-29a721b63715",
    "97dc4a1a-babb-0404-c8dc-dd8dedf58777",
    "522c19c5-204e-d95f-a78e-8c6665e2ee82"
  ],
  "Nodes": {
    "386defe2-c254-9766-f469-29a721b63715": {
      "UUID": "386defe2-c254-9766-f469-29a721b63715",
      "Constructor": "TagGreeting",
      "EndNode": true,
      "Root": true,
      "ShowOnce": false,
      "SpeakerNo": 0,
      "AddressedSpeaker": 0,
      "Children": [],
      "CheckFlags": [
        {
          "Flags": [
            {
              "UUID": "dd78689f-c6bd-d5d2-e12c-d5e5f6e1f33a",
              "value": false,
              "paramval": null,
              "Name": "34910f06-fac0-085f-b41a-337d0dfad85a_B"
            },
            {
              "UUID": "fc39a0c6-1362-4794-a3fc-3b5c4cc3ddc0",
              "value": false,
              "paramval": null,
              "Name": "34910f06-fac0-085f-b41a-337d0dfad85a_A"
            }
          ],
          "Type": "Local"
        },
        {
          "Flags": [
            {
              "UUID": "fb382926-afc1-492c-85ba-65198765b3fd",
              "value": true,
              "paramval": 0,
              "Name": "DEN_DruidAttack_State_InPosition"
            }
          ],
          "Type": "Object"
        }
      ],
      "SetFlags": [
        {
          "Flags": [
            {
              "UUID": "dd78689f-c6bd-d5d2-e12c-d5e5f6e1f33a",
              "value": false,
              "paramval": null,
              "Name": "34910f06-fac0-085f-b41a-337d0dfad85a_B"
            },
            {
              "UUID": "fc39a0c6-1362-4794-a3fc-3b5c4cc3ddc0",
              "value": true,
              "paramval": null,
              "Name": "34910f06-fac0-085f-b41a-337d0dfad85a_A"
            }
          ],
          "Type": "Local"
        }
      ],
      "TaggedTextList": [
        {
          "HasTagRule": false,
          "RuleGroup": {
            "TagCombineOp": 0,
            "Rules": [],
            "RuleString": ""
          },
          "TagTexts": [
            {
              "LineId": "2bf14ce7-afca-20a8-b998-2475154a227f",
              "Text": {
                "Handle": "h1af239b8g0fa2g4f4cg8d3fg4070aeef920b",
                "Value": "Everyone! Remain <i>calm.</i>"
              }
            }
          ]
        }
      ],
      "EditorData": {
        "AnimationTags": "",
        "Attitude": "Default",
        "CinematicNodeContext": "",
        "CinematicObjects": "",
        "CustomCineArtKeysPresent": "False",
        "CustomLightingPresent": "False",
        "CustomSoundPresent": "False",
        "CustomVFXPresent": "False",
        "Emotion": "Default",
        "ForceDisableIsCustomNode": "False",
        "ID": "N1",
        "InternalNodeContext": "",
        "IsCustomNode": "False",
        "MusicTags": "",
        "NodeContext": "",
        "Quality": "Bronze",
        "SFXTags": "",
        "StateChangeTags": "",
        "TemplateNodeUUID": "00000000-0000-0000-0000-000000000000",
        "TemplateVersion": "0",
        "VFXTags": "",
        "collapsed": "False",
        "logicalname": "In Position (Ready for Attack)",
        "position": "15;1548",
        "sourcetemplate": ""
      }
    },
    "38a42563-4661-e0c4-94e4-281cda755348": {
      "UUID": "38a42563-4661-e0c4-94e4-281cda755348",
      "Constructor": "TagGreeting",
      "EndNode": true,
      "Root": true,
      "ShowOnce": false,
      "SpeakerNo": 0,
      "AddressedSpeaker": 0,
      "Children": [],
      "CheckFlags": [
        {
          "Flags": [
            {
              "UUID": "a161639d-ea59-4adc-a858-ac9297684057",
              "value": true,
              "paramval": null,
              "Name": "DEN_DruidAttack_State_Attacking"
            }
          ],
          "Type": "Global"
        },
        {
          "Flags": [
            {
              "UUID": "dd78689f-c6bd-d5d2-e12c-d5e5f6e1f33a",
              "value": true,
              "paramval": null,
              "Name": "34910f06-fac0-085f-b41a-337d0dfad85a_B"
            },
            {
              "UUID": "df5eed2d-cf5b-0431-4999-d708463ef6c8",
              "value": false,
              "paramval": null,
              "Name": "34910f06-fac0-085f-b41a-337d0dfad85a_C"
            },
            {
              "UUID": "fc39a0c6-1362-4794-a3fc-3b5c4cc3ddc0",
              "value": true,
              "paramval": null,
              "Name": "34910f06-fac0-085f-b41a-337d0dfad85a_A"
            }
          ],
          "Type": "Local"
        }
      ],
      "SetFlags": [
        {
          "Flags": [
            {
              "UUID": "dd78689f-c6bd-d5d2-e12c-d5e5f6e1f33a",
              "value": true,
              "paramval": null,
              "Name": "34910f06-fac0-085f-b41a-337d0dfad85a_B"
            },
            {
              "UUID": "df5eed2d-cf5b-0431-4999-d708463ef6c8",
              "value": true,
              "paramval": null,
              "Name": "34910f06-fac0-085f-b41a-337d0dfad85a_C"
            },
            {
              "UUID": "fc39a0c6-1362-4794-a3fc-3b5c4cc3ddc0",
              "value": true,
              "paramval": null,
              "Name": "34910f06-fac0-085f-b41a-337d0dfad85a_A"
            }
          ],
          "Type": "Local"
        }
      ],
      "TaggedTextList": [
        {
          "HasTagRule": false,
          "RuleGroup": {
            "TagCombineOp": 0,
            "Rules": [],
            "RuleString": ""
          },
          "TagTexts": [
            {
              "LineId": "c1f28d7a-4d7f-8a14-17bf-c697e06b3f85",
              "Text": {
                "Handle": "hab42aab6g9e81g493dgb976g49be6c21a2d3",
                "Value": "We have no choice - attack!"
              }
            }
          ]
        }
      ],
      "EditorData": {
        "AnimationTags": "",
        "Attitude": "Default",
        "CinematicNodeContext": "",
        "CinematicObjects": "",
        "CustomCineArtKeysPresent": "False",
        "CustomLightingPresent": "False",
        "CustomSoundPresent": "False",
        "CustomVFXPresent": "False",
        "Emotion": "Default",
        "ForceDisableIsCustomNode": "False",
        "ID": "N15",
        "InternalNodeContext": "",
        "IsCustomNode": "False",
        "MusicTags": "",
        "NodeContext": "",
        "Quality": "Bronze",
        "SFXTags": "",
        "StateChangeTags": "",
        "TemplateNodeUUID": "00000000-0000-0000-0000-000000000000",
        "TemplateVersion": "0",
        "VFXTags": "",
        "collapsed": "False",
        "logicalname": "Druids Are Attacking",
        "position": "15;-1299",
        "sourcetemplate": ""
      }
    },
    "39884e1a-ab12-ee44-f37e-bf53e985f307": {
      "UUID": "39884e1a-ab12-ee44-f37e-bf53e985f307",
      "Constructor": "TagGreeting",
      "EndNode": true,
      "Root": true,
      "ShowOnce": false,
      "SpeakerNo": 0,
      "AddressedSpeaker": 0,
      "Children": [],
      "CheckFlags": [
        {
          "Flags": [
            {
              "UUID": "a016db46-a5db-8641-0a90-faec2a2e9d0c",
              "value": false,
              "paramval": null,
              "Name": "34910f06-fac0-085f-b41a-337d0dfad85a_startedattackmove"
            }
          ],
          "Type": "Local"
        },
        {
          "Flags": [
            {
              "UUID": "fb382926-afc1-492c-85ba-65198765b3fd",
              "value": false,
              "paramval": 0,
              "Name": "DEN_DruidAttack_State_InPosition"
            }
          ],
          "Type": "Object"
        }
      ],
      "SetFlags": [
        {
          "Flags": [
            {
              "UUID": "a016db46-a5db-8641-0a90-faec2a2e9d0c",
              "value": true,
              "paramval": null,
              "Name": "34910f06-fac0-085f-b41a-337d0dfad85a_startedattackmove"
            }
          ],
          "Type": "Local"
        }
      ],
      "TaggedTextList": [
        {
          "HasTagRule": false,
          "RuleGroup": {
            "TagCombineOp": 0,
            "Rules": [],
            "RuleString": ""
          },
          "TagTexts": [
            {
              "LineId": "56fd5383-31d4-363e-f0ca-1724e3d8100b",
              "Text": {
                "Handle": "hb6afa009g4761g4ce9ga0e2g71e2e9d29eec",
                "Value": "What's that noise?"
              }
            }
          ]
        }
      ],
      "EditorData": {
        "AnimationTags": "",
        "Attitude": "Default",
        "CinematicNodeContext": "",
        "CinematicObjects": "",
        "CustomCineArtKeysPresent": "False",
        "CustomLightingPresent": "False",
        "CustomSoundPresent": "False",
        "CustomVFXPresent": "False",
        "Emotion": "Default",
        "ForceDisableIsCustomNode": "False",
        "ID": "N6",
        "InternalNodeContext": "",
        "IsCustomNode": "False",
        "MusicTags": "",
        "NodeContext": "",
        "Quality": "Bronze",
        "SFXTags": "",
        "StateChangeTags": "",
        "TemplateNodeUUID": "00000000-0000-0000-0000-000000000000",
        "TemplateVersion": "0",
        "VFXTags": "",
        "collapsed": "False",
        "logicalname": "Attack Starting Say Once",
        "position": "15;-204",
        "sourcetemplate": ""
      }
    },
    "522c19c5-204e-d95f-a78e-8c6665e2ee82": {
      "UUID": "522c19c5-204e-d95f-a78e-8c6665e2ee82",
      "Constructor": "TagGreeting",
      "EndNode": true,
      "Root": true,
      "ShowOnce": false,
      "SpeakerNo": 0,
      "AddressedSpeaker": 0,
      "Children": [],
      "CheckFlags": [
        {
          "Flags": [
            {
              "UUID": "dd78689f-c6bd-d5d2-e12c-d5e5f6e1f33a",
              "value": true,
              "paramval": null,
              "Name": "34910f06-fac0-085f-b41a-337d0dfad85a_B"
            },
            {
              "UUID": "fc39a0c6-1362-4794-a3fc-3b5c4cc3ddc0",
              "value": true,
              "paramval": null,
              "Name": "34910f06-fac0-085f-b41a-337d0dfad85a_A"
            }
          ],
          "Type": "Local"
        },
        {
          "Flags": [
            {
              "UUID": "fb382926-afc1-492c-85ba-65198765b3fd",
              "value": true,
              "paramval": 0,
              "Name": "DEN_DruidAttack_State_InPosition"
            }
          ],
          "Type": "Object"
        }
      ],
      "SetFlags": [
        {
          "Flags": [
            {
              "UUID": "dd78689f-c6bd-d5d2-e12c-d5e5f6e1f33a",
              "value": false,
              "paramval": null,
              "Name": "34910f06-fac0-085f-b41a-337d0dfad85a_B"
            },
            {
              "UUID": "fc39a0c6-1362-4794-a3fc-3b5c4cc3ddc0",
              "value": false,
              "paramval": null,
              "Name": "34910f06-fac0-085f-b41a-337d0dfad85a_A"
            }
          ],
          "Type": "Local"
        }
      ],
      "TaggedTextList": [
        {
          "HasTagRule": false,
          "RuleGroup": {
            "TagCombineOp": 0,
            "Rules": [],
            "RuleString": ""
          },
          "TagTexts": [
            {
              "LineId": "57dad66d-b114-b3aa-24ef-53d137a2c675",
              "Text": {
                "Handle": "h78eb183eg1243g4266g8f44g2f2584b77532",
                "Value": "I won't let you threaten my people."
              }
            }
          ]
        }
      ],
      "EditorData": {
        "AnimationTags": "",
        "Attitude": "Default",
        "CinematicNodeContext": "",
        "CinematicObjects": "",
        "CustomCineArtKeysPresent": "False",
        "CustomLightingPresent": "False",
        "CustomSoundPresent": "False",
        "CustomVFXPresent": "False",
        "Emotion": "Default",
        "ForceDisableIsCustomNode": "False",
        "ID": "N35",
        "InternalNodeContext": "",
        "IsCustomNode": "False",
        "MusicTags": "",
        "NodeContext": "",
        "Quality": "Bronze",
        "SFXTags": "",
        "StateChangeTags": "",
        "TemplateNodeUUID": "00000000-0000-0000-0000-000000000000",
        "TemplateVersion": "0",
        "VFXTags": "",
        "collapsed": "False",
        "logicalname": "In Position (Ready for Attack)",
        "position": "15;1986",
        "sourcetemplate": ""
      }
    },
    "7a0a1d1d-4542-dee5-c11f-9ed4889ef8df": {
      "UUID": "7a0a1d1d-4542-dee5-c11f-9ed4889ef8df",
      "Constructor": "TagGreeting",
      "EndNode": true,
      "Root": true,
      "ShowOnce": false,
      "SpeakerNo": 0,
      "AddressedSpeaker": 0,
      "Children": [],
      "CheckFlags": [
        {
          "Flags": [
            {
              "UUID": "a161639d-ea59-4adc-a858-ac9297684057",
              "value": true,
              "paramval": null,
              "Name": "DEN_DruidAttack_State_Attacking"
            }
          ],
          "Type": "Global"
        },
        {
          "Flags": [
            {
              "UUID": "dd78689f-c6bd-d5d2-e12c-d5e5f6e1f33a",
              "value": false,
              "paramval": null,
              "Name": "34910f06-fac0-085f-b41a-337d0dfad85a_B"
            },
            {
              "UUID": "df5eed2d-cf5b-0431-4999-d708463ef6c8",
              "value": false,
              "paramval": null,
              "Name": "34910f06-fac0-085f-b41a-337d0dfad85a_C"
            },
            {
              "UUID": "fc39a0c6-1362-4794-a3fc-3b5c4cc3ddc0",
              "value": true,
              "paramval": null,
              "Name": "34910f06-fac0-085f-b41a-337d0dfad85a_A"
            }
          ],
          "Type": "Local"
        }
      ],
      "SetFlags": [
        {
          "Flags": [
            {
              "UUID": "dd78689f-c6bd-d5d2-e12c-d5e5f6e1f33a",
              "value": true,
              "paramval": null,
              "Name": "34910f06-fac0-085f-b41a-337d0dfad85a_B"
            },
            {
              "UUID": "df5eed2d-cf5b-0431-4999-d708463ef6c8",
              "value": false,
              "paramval": null,
              "Name": "34910f06-fac0-085f-b41a-337d0dfad85a_C"
            },
            {
              "UUID": "fc39a0c6-1362-4794-a3fc-3b5c4cc3ddc0",
              "value": true,
              "paramval": null,
              "Name": "34910f06-fac0-085f-b41a-337d0dfad85a_A"
            }
          ],
          "Type": "Local"
        }
      ],
      "TaggedTextList": [
        {
          "HasTagRule": false,
          "RuleGroup": {
            "TagCombineOp": 0,
            "Rules": [],
            "RuleString": ""
          },
          "TagTexts": [
            {
              "LineId": "5d15fe3e-4339-77d7-3949-3f34562fd75a",
              "Text": {
                "Handle": "hba0129c6g9e57g4e9cgbab0g423df6bfc180",
                "Value": "To arms!"
              }
            }
          ]
        }
      ],
      "EditorData": {
        "AnimationTags": "",
        "Attitude": "Default",
        "CinematicNodeContext": "",
        "CinematicObjects": "",
        "CustomCineArtKeysPresent": "False",
        "CustomLightingPresent": "False",
        "CustomSoundPresent": "False",
        "CustomVFXPresent": "False",
        "Emotion": "Default",
        "ForceDisableIsCustomNode": "False",
        "ID": "N11",
        "InternalNodeContext": "",
        "IsCustomNode": "False",
        "MusicTags": "",
        "NodeContext": "",
        "Quality": "Bronze",
        "SFXTags": "",
        "StateChangeTags": "",
        "TemplateNodeUUID": "00000000-0000-0000-0000-000000000000",
        "TemplateVersion": "0",
        "VFXTags": "",
        "collapsed": "False",
        "logicalname": "Druids Are Attacking",
        "position": "15;-1518",
        "sourcetemplate": ""
      }
    },
    "87fd39c1-378e-e6b0-2136-f59ec1a5ccfb": {
      "UUID": "87fd39c1-378e-e6b0-2136-f59ec1a5ccfb",
      "Constructor": "TagGreeting",
      "EndNode": true,
      "Root": true,
      "ShowOnce": false,
      "SpeakerNo": 0,
      "AddressedSpeaker": 0,
      "Children": [],
      "CheckFlags": [
        {
          "Flags": [
            {
              "UUID": "dd78689f-c6bd-d5d2-e12c-d5e5f6e1f33a",
              "value": true,
              "paramval": null,
              "Name": "34910f06-fac0-085f-b41a-337d0dfad85a_B"
            },
            {
              "UUID": "fc39a0c6-1362-4794-a3fc-3b5c4cc3ddc0",
              "value": true,
              "paramval": null,
              "Name": "34910f06-fac0-085f-b41a-337d0dfad85a_A"
            }
          ],
          "Type": "Local"
        },
        {
          "Flags": [
            {
              "UUID": "fb382926-afc1-492c-85ba-65198765b3fd",
              "value": false,
              "paramval": 0,
              "Name": "DEN_DruidAttack_State_InPosition"
            }
          ],
          "Type": "Object"
        }
      ],
      "SetFlags": [
        {
          "Flags": [
            {
              "UUID": "dd78689f-c6bd-d5d2-e12c-d5e5f6e1f33a",
              "value": false,
              "paramval": null,
              "Name": "34910f06-fac0-085f-b41a-337d0dfad85a_B"
            },
            {
              "UUID": "fc39a0c6-1362-4794-a3fc-3b5c4cc3ddc0",
              "value": false,
              "paramval": null,
              "Name": "34910f06-fac0-085f-b41a-337d0dfad85a_A"
            }
          ],
          "Type": "Local"
        }
      ],
      "TaggedTextList": [
        {
          "HasTagRule": false,
          "RuleGroup": {
            "TagCombineOp": 0,
            "Rules": [],
            "RuleString": ""
          },
          "TagTexts": [
            {
              "LineId": "49e6aa7a-e3f0-d25b-9349-78547b8ed57f",
              "Text": {
                "Handle": "h0ea93264g5bddg4945g993ag85a46ddd0347",
                "Value": "Kagha - what are you doing?!"
              }
            }
          ]
        }
      ],
      "EditorData": {
        "AnimationTags": "",
        "Attitude": "Default",
        "CinematicNodeContext": "",
        "CinematicObjects": "",
        "CustomCineArtKeysPresent": "False",
        "CustomLightingPresent": "False",
        "CustomSoundPresent": "False",
        "CustomVFXPresent": "False",
        "Emotion": "Default",
        "ForceDisableIsCustomNode": "False",
        "ID": "N27",
        "InternalNodeContext": "",
        "IsCustomNode": "False",
        "MusicTags": "",
        "NodeContext": "",
        "Quality": "Bronze",
        "SFXTags": "",
        "StateChangeTags": "",
        "TemplateNodeUUID": "00000000-0000-0000-0000-000000000000",
        "TemplateVersion": "0",
        "VFXTags": "",
        "collapsed": "False",
        "logicalname": "Moving to Attack Position",
        "position": "15;672",
        "sourcetemplate": ""
      }
    },
    "97dc4a1a-babb-0404-c8dc-dd8dedf58777": {
      "UUID": "97dc4a1a-babb-0404-c8dc-dd8dedf58777",
      "Constructor": "TagGreeting",
      "EndNode": true,
      "Root": true,
      "ShowOnce": false,
      "SpeakerNo": 0,
      "AddressedSpeaker": 0,
      "Children": [],
      "CheckFlags": [
        {
          "Flags": [
            {
              "UUID": "dd78689f-c6bd-d5d2-e12c-d5e5f6e1f33a",
              "value": false,
              "paramval": null,
              "Name": "34910f06-fac0-085f-b41a-337d0dfad85a_B"
            },
            {
              "UUID": "fc39a0c6-1362-4794-a3fc-3b5c4cc3ddc0",
              "value": true,
              "paramval": null,
              "Name": "34910f06-fac0-085f-b41a-337d0dfad85a_A"
            }
          ],
          "Type": "Local"
        },
        {
          "Flags": [
            {
              "UUID": "fb382926-afc1-492c-85ba-65198765b3fd",
              "value": true,
              "paramval": 0,
              "Name": "DEN_DruidAttack_State_InPosition"
            }
          ],
          "Type": "Object"
        }
      ],
      "SetFlags": [
        {
          "Flags": [
            {
              "UUID": "dd78689f-c6bd-d5d2-e12c-d5e5f6e1f33a",
              "value": true,
              "paramval": null,
              "Name": "34910f06-fac0-085f-b41a-337d0dfad85a_B"
            },
            {
              "UUID": "fc39a0c6-1362-4794-a3fc-3b5c4cc3ddc0",
              "value": true,
              "paramval": null,
              "Name": "34910f06-fac0-085f-b41a-337d0dfad85a_A"
            }
          ],
          "Type": "Local"
        }
      ],
      "TaggedTextList": [
        {
          "HasTagRule": false,
          "RuleGroup": {
            "TagCombineOp": 0,
            "Rules": [],
            "RuleString": ""
          },
          "TagTexts": [
            {
              "LineId": "40b52551-a60a-8dee-64c2-7c790d8c4574",
              "Text": {
                "Handle": "hf3789690g16dfg412ega756g9ece0f52d8de",
                "Value": "Let's just stop and <i>speak</i> for a second."
              }
            }
          ]
        }
      ],
      "EditorData": {
        "AnimationTags": "",
        "Attitude": "Default",
        "CinematicNodeContext": "",
        "CinematicObjects": "",
        "CustomCineArtKeysPresent": "False",
        "CustomLightingPresent": "False",
        "CustomSoundPresent": "False",
        "CustomVFXPresent": "False",
        "Emotion": "Default",
        "ForceDisableIsCustomNode": "False",
        "ID": "N31",
        "InternalNodeContext": "",
        "IsCustomNode": "False",
        "MusicTags": "",
        "NodeContext": "",
        "Quality": "Bronze",
        "SFXTags": "",
        "StateChangeTags": "",
        "TemplateNodeUUID": "00000000-0000-0000-0000-000000000000",
        "TemplateVersion": "0",
        "VFXTags": "",
        "collapsed": "False",
        "logicalname": "In Position (Ready for Attack)",
        "position": "15;1767",
        "sourcetemplate": ""
      }
    },
    "ba2fc11e-dacc-5308-9961-5f9003ed41c5": {
      "UUID": "ba2fc11e-dacc-5308-9961-5f9003ed41c5",
      "Constructor": "TagGreeting",
      "EndNode": true,
      "Root": true,
      "ShowOnce": false,
      "SpeakerNo": 0,
      "AddressedSpeaker": 0,
      "Children": [],
      "CheckFlags": [
        {
          "Flags": [
            {
              "UUID": "a161639d-ea59-4adc-a858-ac9297684057",
              "value": true,
              "paramval": null,
              "Name": "DEN_DruidAttack_State_Attacking"
            }
          ],
          "Type": "Global"
        },
        {
          "Flags": [
            {
              "UUID": "dd78689f-c6bd-d5d2-e12c-d5e5f6e1f33a",
              "value": false,
              "paramval": null,
              "Name": "34910f06-fac0-085f-b41a-337d0dfad85a_B"
            },
            {
              "UUID": "df5eed2d-cf5b-0431-4999-d708463ef6c8",
              "value": false,
              "paramval": null,
              "Name": "34910f06-fac0-085f-b41a-337d0dfad85a_C"
            },
            {
              "UUID": "fc39a0c6-1362-4794-a3fc-3b5c4cc3ddc0",
              "value": false,
              "paramval": null,
              "Name": "34910f06-fac0-085f-b41a-337d0dfad85a_A"
            }
          ],
          "Type": "Local"
        }
      ],
      "SetFlags": [
        {
          "Flags": [
            {
              "UUID": "dd78689f-c6bd-d5d2-e12c-d5e5f6e1f33a",
              "value": false,
              "paramval": null,
              "Name": "34910f06-fac0-085f-b41a-337d0dfad85a_B"
            },
            {
              "UUID": "df5eed2d-cf5b-0431-4999-d708463ef6c8",
              "value": false,
              "paramval": null,
              "Name": "34910f06-fac0-085f-b41a-337d0dfad85a_C"
            },
            {
              "UUID": "fc39a0c6-1362-4794-a3fc-3b5c4cc3ddc0",
              "value": true,
              "paramval": null,
              "Name": "34910f06-fac0-085f-b41a-337d0dfad85a_A"
            }
          ],
          "Type": "Local"
        }
      ],
      "TaggedTextList": [
        {
          "HasTagRule": false,
          "RuleGroup": {
            "TagCombineOp": 0,
            "Rules": [],
            "RuleString": ""
          },
          "TagTexts": [
            {
              "LineId": "2fe8e99e-8bd3-1bc0-ecff-c45c4b4e9ce2",
              "Text": {
                "Handle": "h96fcd959g9da9g4a09g9036g6c5d718d5914",
                "Value": "Defend yourselves!"
              }
            }
          ]
        }
      ],
      "EditorData": {
        "AnimationTags": "",
        "Attitude": "Default",
        "CinematicNodeContext": "",
        "CinematicObjects": "",
        "CustomCineArtKeysPresent": "False",
        "CustomLightingPresent": "False",
        "CustomSoundPresent": "False",
        "CustomVFXPresent": "False",
        "Emotion": "Default",
        "ForceDisableIsCustomNode": "False",
        "ID": "N7",
        "InternalNodeContext": "",
        "IsCustomNode": "False",
        "MusicTags": "",
        "NodeContext": "",
        "Quality": "Bronze",
        "SFXTags": "",
        "StateChangeTags": "",
        "TemplateNodeUUID": "00000000-0000-0000-0000-000000000000",
        "TemplateVersion": "0",
        "VFXTags": "",
        "collapsed": "False",
        "logicalname": "Druids Are Attacking",
        "position": "15;-1737",
        "sourcetemplate": ""
      }
    },
    "ba826fc3-0b47-8a3f-6091-3c09aae92e24": {
      "UUID": "ba826fc3-0b47-8a3f-6091-3c09aae92e24",
      "Constructor": "TagGreeting",
      "EndNode": true,
      "Root": true,
      "ShowOnce": false,
      "SpeakerNo": 0,
      "AddressedSpeaker": 0,
      "Children": [],
      "CheckFlags": [
        {
          "Flags": [
            {
              "UUID": "dd78689f-c6bd-d5d2-e12c-d5e5f6e1f33a",
              "value": false,
              "paramval": null,
              "Name": "34910f06-fac0-085f-b41a-337d0dfad85a_B"
            },
            {
              "UUID": "fc39a0c6-1362-4794-a3fc-3b5c4cc3ddc0",
              "value": true,
              "paramval": null,
              "Name": "34910f06-fac0-085f-b41a-337d0dfad85a_A"
            }
          ],
          "Type": "Local"
        },
        {
          "Flags": [
            {
              "UUID": "fb382926-afc1-492c-85ba-65198765b3fd",
              "value": false,
              "paramval": 0,
              "Name": "DEN_DruidAttack_State_InPosition"
            }
          ],
          "Type": "Object"
        }
      ],
      "SetFlags": [
        {
          "Flags": [
            {
              "UUID": "dd78689f-c6bd-d5d2-e12c-d5e5f6e1f33a",
              "value": true,
              "paramval": null,
              "Name": "34910f06-fac0-085f-b41a-337d0dfad85a_B"
            },
            {
              "UUID": "fc39a0c6-1362-4794-a3fc-3b5c4cc3ddc0",
              "value": true,
              "paramval": null,
              "Name": "34910f06-fac0-085f-b41a-337d0dfad85a_A"
            }
          ],
          "Type": "Local"
        }
      ],
      "TaggedTextList": [
        {
          "HasTagRule": false,
          "RuleGroup": {
            "TagCombineOp": 0,
            "Rules": [],
            "RuleString": ""
          },
          "TagTexts": [
            {
              "LineId": "579108c6-cfbe-0496-da3c-d7245c467d00",
              "Text": {
                "Handle": "hafef4989g6ed3g4eccgbe89g0ebea849c9c4",
                "Value": "What's going on out here?"
              }
            }
          ]
        }
      ],
      "EditorData": {
        "AnimationTags": "",
        "Attitude": "Default",
        "CinematicNodeContext": "",
        "CinematicObjects": "",
        "CustomCineArtKeysPresent": "False",
        "CustomLightingPresent": "False",
        "CustomSoundPresent": "False",
        "CustomVFXPresent": "False",
        "Emotion": "Default",
        "ForceDisableIsCustomNode": "False",
        "ID": "N23",
        "InternalNodeContext": "",
        "IsCustomNode": "False",
        "MusicTags": "",
        "NodeContext": "",
        "Quality": "Bronze",
        "SFXTags": "",
        "StateChangeTags": "",
        "TemplateNodeUUID": "00000000-0000-0000-0000-000000000000",
        "TemplateVersion": "0",
        "VFXTags": "",
        "collapsed": "False",
        "logicalname": "Moving to Attack Position",
        "position": "15;453",
        "sourcetemplate": ""
      }
    },
    "f5d41d52-ccbf-3a3f-7eda-03bfc4395a20": {
      "UUID": "f5d41d52-ccbf-3a3f-7eda-03bfc4395a20",
      "Constructor": "TagGreeting",
      "EndNode": true,
      "Root": true,
      "ShowOnce": false,
      "SpeakerNo": 0,
      "AddressedSpeaker": 0,
      "Children": [],
      "CheckFlags": [
        {
          "Flags": [
            {
              "UUID": "dd78689f-c6bd-d5d2-e12c-d5e5f6e1f33a",
              "value": false,
              "paramval": null,
              "Name": "34910f06-fac0-085f-b41a-337d0dfad85a_B"
            },
            {
              "UUID": "fc39a0c6-1362-4794-a3fc-3b5c4cc3ddc0",
              "value": false,
              "paramval": null,
              "Name": "34910f06-fac0-085f-b41a-337d0dfad85a_A"
            }
          ],
          "Type": "Local"
        },
        {
          "Flags": [
            {
              "UUID": "fb382926-afc1-492c-85ba-65198765b3fd",
              "value": false,
              "paramval": 0,
              "Name": "DEN_DruidAttack_State_InPosition"
            }
          ],
          "Type": "Object"
        }
      ],
      "SetFlags": [
        {
          "Flags": [
            {
              "UUID": "dd78689f-c6bd-d5d2-e12c-d5e5f6e1f33a",
              "value": false,
              "paramval": null,
              "Name": "34910f06-fac0-085f-b41a-337d0dfad85a_B"
            },
            {
              "UUID": "fc39a0c6-1362-4794-a3fc-3b5c4cc3ddc0",
              "value": true,
              "paramval": null,
              "Name": "34910f06-fac0-085f-b41a-337d0dfad85a_A"
            }
          ],
          "Type": "Local"
        }
      ],
      "TaggedTextList": [
        {
          "HasTagRule": false,
          "RuleGroup": {
            "TagCombineOp": 0,
            "Rules": [],
            "RuleString": ""
          },
          "TagTexts": [
            {
              "LineId": "29cfa6d3-b588-0ec3-dd32-819408a5b562",
              "Text": {
                "Handle": "h1f5f4ba8g44f3g46e7gac58g39c24022e15e",
                "Value": "Torm's truth, what is it now?"
              }
            }
          ]
        }
      ],
      "EditorData": {
        "AnimationTags": "",
        "Attitude": "Default",
        "CinematicNodeContext": "",
        "CinematicObjects": "",
        "CustomCineArtKeysPresent": "False",
        "CustomLightingPresent": "False",
        "CustomSoundPresent": "False",
        "CustomVFXPresent": "False",
        "Emotion": "Default",
        "ForceDisableIsCustomNode": "False",
        "ID": "N2",
        "InternalNodeContext": "",
        "IsCustomNode": "False",
        "MusicTags": "",
        "NodeContext": "",
        "Quality": "Bronze",
        "SFXTags": "",
        "StateChangeTags": "",
        "TemplateNodeUUID": "00000000-0000-0000-0000-000000000000",
        "TemplateVersion": "0",
        "VFXTags": "",
        "collapsed": "False",
        "logicalname": "Moving to Attack Position",
        "position": "15;234",
        "sourcetemplate": ""
      }
    },
    "f8f35a7e-e8ba-1fa1-5bd0-28a3484c9b31": {
      "UUID": "f8f35a7e-e8ba-1fa1-5bd0-28a3484c9b31",
      "Constructor": "TagGreeting",
      "EndNode": true,
      "Root": true,
      "ShowOnce": false,
      "SpeakerNo": 0,
      "AddressedSpeaker": 0,
      "Children": [],
      "CheckFlags": [
        {
          "Flags": [
            {
              "UUID": "a161639d-ea59-4adc-a858-ac9297684057",
              "value": true,
              "paramval": null,
              "Name": "DEN_DruidAttack_State_Attacking"
            }
          ],
          "Type": "Global"
        },
        {
          "Flags": [
            {
              "UUID": "dd78689f-c6bd-d5d2-e12c-d5e5f6e1f33a",
              "value": true,
              "paramval": null,
              "Name": "34910f06-fac0-085f-b41a-337d0dfad85a_B"
            },
            {
              "UUID": "df5eed2d-cf5b-0431-4999-d708463ef6c8",
              "value": true,
              "paramval": null,
              "Name": "34910f06-fac0-085f-b41a-337d0dfad85a_C"
            },
            {
              "UUID": "fc39a0c6-1362-4794-a3fc-3b5c4cc3ddc0",
              "value": true,
              "paramval": null,
              "Name": "34910f06-fac0-085f-b41a-337d0dfad85a_A"
            }
          ],
          "Type": "Local"
        }
      ],
      "SetFlags": [
        {
          "Flags": [
            {
              "UUID": "dd78689f-c6bd-d5d2-e12c-d5e5f6e1f33a",
              "value": false,
              "paramval": null,
              "Name": "34910f06-fac0-085f-b41a-337d0dfad85a_B"
            },
            {
              "UUID": "df5eed2d-cf5b-0431-4999-d708463ef6c8",
              "value": false,
              "paramval": null,
              "Name": "34910f06-fac0-085f-b41a-337d0dfad85a_C"
            },
            {
              "UUID": "fc39a0c6-1362-4794-a3fc-3b5c4cc3ddc0",
              "value": false,
              "paramval": null,
              "Name": "34910f06-fac0-085f-b41a-337d0dfad85a_A"
            }
          ],
          "Type": "Local"
        }
      ],
      "TaggedTextList": [
        {
          "HasTagRule": false,
          "RuleGroup": {
            "TagCombineOp": 0,
            "Rules": [],
            "RuleString": ""
          },
          "TagTexts": [
            {
              "LineId": "469377ae-a9f7-a729-84d3-91080c7eb4bc",
              "Text": {
                "Handle": "h8726bc7cg521dg44bdgb8a5g15962baed81d",
                "Value": "Gods preserve us."
              }
            }
          ]
        }
      ],
      "EditorData": {
        "AnimationTags": "",
        "Attitude": "Default",
        "CinematicNodeContext": "",
        "CinematicObjects": "",
        "CustomCineArtKeysPresent": "False",
        "CustomLightingPresent": "False",
        "CustomSoundPresent": "False",
        "CustomVFXPresent": "False",
        "Emotion": "Default",
        "ForceDisableIsCustomNode": "False",
        "ID": "N19",
        "InternalNodeContext": "",
        "IsCustomNode": "False",
        "MusicTags": "",
        "NodeContext": "",
        "Quality": "Bronze",
        "SFXTags": "",
        "StateChangeTags": "",
        "TemplateNodeUUID": "00000000-0000-0000-0000-000000000000",
        "TemplateVersion": "0",
        "VFXTags": "",
        "collapsed": "False",
        "logicalname": "Druids Are Attacking",
        "position": "15;-1080",
        "sourcetemplate": ""
      }
    }
  },
  "SpeakerDict": {
    "0": {
      "IsPeanutSpeaker": false,
      "SpeakerMappingId": "ad2445d6-16b5-e5d4-c495-fee78aea1180",
      "Index": 0,
      "List": [
        "475200ee-cc3c-4dbe-84b1-1820c02ea26a"
      ],
      "SpeakerCharacter": {
        "DisplayName": "Zevlor",
        "Type": "character",
        "MapKey": "475200ee-cc3c-4dbe-84b1-1820c02ea26a",
        "Name": "S_DEN_TieflingLeader",
        "ParentTemplateId": null,
        "TemplateName": "a5856190-08e3-4741-b697-8b1cbf03eaa1"
      },
      "SpeakerGroupName": null
    }
  },
  "Synopsis": "Zevlor is a leader who hears commotion between his followers and a rival faction. These lines trigger from when he first hears the noise, investigates, sees a confrontation brewing to when fighting actually starts."
}