{
  "Path": "Mods/Gustav/Story/Dialogs/Act1/DEN/DEN_AttackOnDen_Refugee003.lsj",
  "UUID": "60db3703-a448-74ef-fd8c-4c232e943fb2",
  "Category": "Generic NPC Dialog",
  "DefaultAddressedSpeakers": {
    "0": 1,
    "1": 0
  },
  "RootNodes": [
    "35189f99-dfbd-48f3-b787-f0ae6521595b",
    "3386311b-78c0-4e7c-fe98-fdf7d8f365da",
    "ddbefb6f-7842-ce2a-b692-ba7a2d94f743",
    "17856809-91be-3f9a-a35a-ff0066d44152",
    "457e22fa-2117-1567-19f3-60e1319cd575",
    "6a2f5dcc-d5e1-2445-24ee-aaef241c303c"
  ],
  "Nodes": {
    "17856809-91be-3f9a-a35a-ff0066d44152": {
      "UUID": "17856809-91be-3f9a-a35a-ff0066d44152",
      "Constructor": "TagGreeting",
      "EndNode": true,
      "Root": true,
      "ShowOnce": false,
      "SpeakerNo": 0,
      "AddressedSpeaker": -1,
      "Children": [],
      "CheckFlags": [
        {
          "Flags": [
            {
              "UUID": "71c7f23e-3ff1-c9b8-3ef5-d75fa1b42c8d",
              "value": true,
              "paramval": null,
              "Name": "DEN_AttackOnDen_State_DenVictory"
            }
          ],
          "Type": "Global"
        }
      ],
      "SetFlags": [
        {
          "Flags": [
            {
              "UUID": "f8affb2c-4050-0b03-f36a-06b2e00e9915",
              "value": true,
              "paramval": 1,
              "Name": "DEN_AttackOnDen_HasMet_Refugee003Victory"
            }
          ],
          "Type": "Dialog"
        }
      ],
      "TaggedTextList": [
        {
          "HasTagRule": false,
          "RuleGroup": {
            "TagCombineOp": 0,
            "Rules": [],
            "RuleString": ""
          },
          "TagTexts": [
            {
              "LineId": "09079d02-134a-2b22-137b-4e0df89a36bd",
              "Text": {
                "Handle": "h781f8a9agef86g4241g9d17g3cbfd2330fce",
                "Value": "Still alive. Still <i>alive</i>. Thank you."
              }
            }
          ]
        }
      ],
      "EditorData": {
        "AnimationTags": "",
        "Attitude": "Friendly",
        "CinematicNodeContext": "",
        "CinematicObjects": "",
        "CustomCineArtKeysPresent": "False",
        "CustomLightingPresent": "False",
        "CustomSoundPresent": "False",
        "CustomVFXPresent": "False",
        "Emotion": "Happiness",
        "ForceDisableIsCustomNode": "False",
        "ID": "N66",
        "InternalNodeContext": "",
        "IsCustomNode": "False",
        "MusicTags": "",
        "NodeContext": "Relieved, breathless - reciting as if it's a mantra.",
        "Quality": "Bronze",
        "SFXTags": "",
        "StateChangeTags": "",
        "TemplateNodeUUID": "00000000-0000-0000-0000-000000000000",
        "TemplateVersion": "0",
        "VFXTags": "",
        "collapsed": "False",
        "logicalname": "Den was defended successfully",
        "position": "15;-1737",
        "sourcetemplate": ""
      }
    },
    "3386311b-78c0-4e7c-fe98-fdf7d8f365da": {
      "UUID": "3386311b-78c0-4e7c-fe98-fdf7d8f365da",
      "Constructor": "TagGreeting",
      "EndNode": true,
      "Root": true,
      "ShowOnce": false,
      "SpeakerNo": 0,
      "AddressedSpeaker": -1,
      "Children": [],
      "CheckFlags": [
        {
          "Flags": [
            {
              "UUID": "1e6a42ed-8313-4f46-57e2-20dbdb2df923",
              "value": true,
              "paramval": null,
              "Name": "DEN_Refugees_State_LeadersAreDead"
            }
          ],
          "Type": "Global"
        }
      ],
      "SetFlags": [
        {
          "Flags": [
            {
              "UUID": "f8affb2c-4050-0b03-f36a-06b2e00e9915",
              "value": true,
              "paramval": 1,
              "Name": "DEN_AttackOnDen_HasMet_Refugee003Victory"
            }
          ],
          "Type": "Dialog"
        }
      ],
      "TaggedTextList": [
        {
          "HasTagRule": false,
          "RuleGroup": {
            "TagCombineOp": 0,
            "Rules": [],
            "RuleString": ""
          },
          "TagTexts": [
            {
              "LineId": "f19f749d-cec0-f3fe-0001-7b09808ee231",
              "Text": {
                "Handle": "hb2bef755g2297g49ecgb223g41bda36e529c",
                "Value": "I knew this would come right if we just stayed positive. Not that your blade didn't help too."
              }
            }
          ]
        }
      ],
      "EditorData": {
        "AnimationTags": "",
        "Attitude": "Friendly",
        "CinematicNodeContext": "",
        "CinematicObjects": "",
        "CustomCineArtKeysPresent": "False",
        "CustomLightingPresent": "False",
        "CustomSoundPresent": "False",
        "CustomVFXPresent": "False",
        "Emotion": "Happiness",
        "ForceDisableIsCustomNode": "False",
        "ID": "N78",
        "InternalNodeContext": "",
        "IsCustomNode": "False",
        "MusicTags": "",
        "NodeContext": "Relieved, breathless - reciting as if it's a mantra.",
        "Quality": "Bronze",
        "SFXTags": "",
        "StateChangeTags": "",
        "TemplateNodeUUID": "00000000-0000-0000-0000-000000000000",
        "TemplateVersion": "0",
        "VFXTags": "",
        "collapsed": "False",
        "logicalname": "Goblin Leadership Dead",
        "position": "15;-2175",
        "sourcetemplate": ""
      }
    },
    "35189f99-dfbd-48f3-b787-f0ae6521595b": {
      "UUID": "35189f99-dfbd-48f3-b787-f0ae6521595b",
      "Constructor": "TagGreeting",
      "EndNode": true,
      "Root": true,
      "ShowOnce": false,
      "SpeakerNo": 0,
      "AddressedSpeaker": -1,
      "Children": [],
      "CheckFlags": [
        {
          "Flags": [
            {
              "UUID": "f8affb2c-4050-0b03-f36a-06b2e00e9915",
              "value": true,
              "paramval": 1,
              "Name": "DEN_AttackOnDen_HasMet_Refugee003Victory"
            }
          ],
          "Type": "Dialog"
        },
        {
          "Flags": [
            {
              "UUID": "1e6a42ed-8313-4f46-57e2-20dbdb2df923",
              "value": true,
              "paramval": null,
              "Name": "DEN_Refugees_State_LeadersAreDead"
            }
          ],
          "Type": "Global"
        }
      ],
      "SetFlags": [],
      "TaggedTextList": [
        {
          "HasTagRule": false,
          "RuleGroup": {
            "TagCombineOp": 0,
            "Rules": [],
            "RuleString": ""
          },
          "TagTexts": [
            {
              "LineId": "f617d847-4136-b7c8-67ee-c1aa5cba2f8d",
              "Text": {
                "Handle": "hefd96eceg39d7g48abgb985g9f054806256c",
                "Value": "This place... it's a pity we can't stay. Doubt there's this much green in the entire city."
              }
            }
          ]
        }
      ],
      "EditorData": {
        "AnimationTags": "",
        "Attitude": "Friendly",
        "CinematicNodeContext": "",
        "CinematicObjects": "",
        "CustomCineArtKeysPresent": "False",
        "CustomLightingPresent": "False",
        "CustomSoundPresent": "False",
        "CustomVFXPresent": "False",
        "Emotion": "Happiness",
        "ForceDisableIsCustomNode": "False",
        "ID": "N74",
        "InternalNodeContext": "",
        "IsCustomNode": "False",
        "MusicTags": "",
        "NodeContext": "Energised by the victory",
        "Quality": "Bronze",
        "SFXTags": "",
        "StateChangeTags": "",
        "TemplateNodeUUID": "00000000-0000-0000-0000-000000000000",
        "TemplateVersion": "0",
        "VFXTags": "",
        "collapsed": "False",
        "logicalname": "Goblin Leadership Dead",
        "position": "15;-2394",
        "sourcetemplate": ""
      }
    },
    "457e22fa-2117-1567-19f3-60e1319cd575": {
      "UUID": "457e22fa-2117-1567-19f3-60e1319cd575",
      "Constructor": "TagGreeting",
      "EndNode": true,
      "Root": true,
      "ShowOnce": false,
      "SpeakerNo": 0,
      "AddressedSpeaker": -1,
      "Children": [],
      "CheckFlags": [
        {
          "Flags": [
            {
              "UUID": "c2faf1c0-97a2-68bb-d708-36de38e8f41a",
              "value": true,
              "paramval": 1,
              "Name": "DEN_AttackOnDen_HasMet_Refugee003"
            }
          ],
          "Type": "Dialog"
        }
      ],
      "SetFlags": [],
      "TaggedTextList": [
        {
          "HasTagRule": false,
          "RuleGroup": {
            "TagCombineOp": 0,
            "Rules": [],
            "RuleString": ""
          },
          "TagTexts": [
            {
              "LineId": "8fc5ba4a-e205-67ec-a04c-18fd52e0990a",
              "Text": {
                "Handle": "hbd63cd89gff9cg420cg9284g7952042671b5",
                "Value": "Stay safe up there. Neither of us want me stitching you up."
              }
            }
          ]
        }
      ],
      "EditorData": {
        "AnimationTags": "",
        "Attitude": "Default",
        "CinematicNodeContext": "",
        "CinematicObjects": "",
        "CustomCineArtKeysPresent": "False",
        "CustomLightingPresent": "False",
        "CustomSoundPresent": "False",
        "CustomVFXPresent": "False",
        "Emotion": "Default",
        "ForceDisableIsCustomNode": "False",
        "ID": "N58",
        "InternalNodeContext": "",
        "IsCustomNode": "False",
        "MusicTags": "",
        "NodeContext": "Faking confidence",
        "Quality": "Bronze",
        "SFXTags": "",
        "StateChangeTags": "",
        "TemplateNodeUUID": "00000000-0000-0000-0000-000000000000",
        "TemplateVersion": "0",
        "VFXTags": "",
        "collapsed": "False",
        "logicalname": "Greeting",
        "position": "15;-1518",
        "sourcetemplate": ""
      }
    },
    "6a2f5dcc-d5e1-2445-24ee-aaef241c303c": {
      "UUID": "6a2f5dcc-d5e1-2445-24ee-aaef241c303c",
      "Constructor": "TagGreeting",
      "EndNode": false,
      "Root": true,
      "ShowOnce": false,
      "SpeakerNo": 0,
      "AddressedSpeaker": -1,
      "Children": [
        "984673b1-8416-6a30-dcfe-75d652c7859f"
      ],
      "CheckFlags": [],
      "SetFlags": [
        {
          "Flags": [
            {
              "UUID": "c2faf1c0-97a2-68bb-d708-36de38e8f41a",
              "value": true,
              "paramval": 1,
              "Name": "DEN_AttackOnDen_HasMet_Refugee003"
            }
          ],
          "Type": "Dialog"
        }
      ],
      "TaggedTextList": [
        {
          "HasTagRule": false,
          "RuleGroup": {
            "TagCombineOp": 0,
            "Rules": [],
            "RuleString": ""
          },
          "TagTexts": [
            {
              "LineId": "81b1fc89-ebe0-1b3d-4048-34c2513f9816",
              "Text": {
                "Handle": "hc1028804ge87ag43a2gb95bg8ae69228752e",
                "Value": "Someone decided we were the best suited to see to any wounded."
              }
            }
          ]
        }
      ],
      "EditorData": {
        "AnimationTags": "",
        "Attitude": "Default",
        "CinematicNodeContext": "",
        "CinematicObjects": "",
        "CustomCineArtKeysPresent": "False",
        "CustomLightingPresent": "False",
        "CustomSoundPresent": "False",
        "CustomVFXPresent": "False",
        "Emotion": "Default",
        "ForceDisableIsCustomNode": "False",
        "ID": "N69",
        "InternalNodeContext": "",
        "IsCustomNode": "False",
        "MusicTags": "",
        "NodeContext": "Bemused, out of her depth.",
        "Quality": "Bronze",
        "SFXTags": "",
        "StateChangeTags": "",
        "TemplateNodeUUID": "00000000-0000-0000-0000-000000000000",
        "TemplateVersion": "0",
        "VFXTags": "",
        "collapsed": "False",
        "logicalname": "Greeting",
        "position": "15;-1299",
        "sourcetemplate": ""
      }
    },
    "984673b1-8416-6a30-dcfe-75d652c7859f": {
      "UUID": "984673b1-8416-6a30-dcfe-75d652c7859f",
      "Constructor": "TagAnswer",
      "EndNode": true,
      "Root": false,
      "ShowOnce": false,
      "SpeakerNo": 0,
      "AddressedSpeaker": -1,
      "Children": [],
      "CheckFlags": [],
      "SetFlags": [],
      "TaggedTextList": [
        {
          "HasTagRule": false,
          "RuleGroup": {
            "TagCombineOp": 0,
            "Rules": [],
            "RuleString": ""
          },
          "TagTexts": [
            {
              "LineId": "147c071d-39f8-e685-af5f-8c222a5052fc",
              "Text": {
                "Handle": "h7f4130b0gb882g4de2g8f5fgafe934950156",
                "Value": "Better all 'round if you keep everyone in one piece up there. Trust me."
              }
            }
          ]
        }
      ],
      "EditorData": {
        "AnimationTags": "",
        "Attitude": "Default",
        "CinematicNodeContext": "",
        "CinematicObjects": "",
        "CustomCineArtKeysPresent": "False",
        "CustomLightingPresent": "False",
        "CustomSoundPresent": "False",
        "CustomVFXPresent": "False",
        "Emotion": "Default",
        "ForceDisableIsCustomNode": "False",
        "ID": "N70",
        "InternalNodeContext": "",
        "IsCustomNode": "False",
        "MusicTags": "",
        "NodeContext": "Making a joke of it, but an edge of really urging to you protect everyone",
        "Quality": "Bronze",
        "SFXTags": "",
        "StateChangeTags": "",
        "TemplateNodeUUID": "00000000-0000-0000-0000-000000000000",
        "TemplateVersion": "0",
        "VFXTags": "",
        "collapsed": "False",
        "logicalname": "Answer",
        "position": "335;-1299",
        "sourcetemplate": ""
      }
    },
    "ddbefb6f-7842-ce2a-b692-ba7a2d94f743": {
      "UUID": "ddbefb6f-7842-ce2a-b692-ba7a2d94f743",
      "Constructor": "TagGreeting",
      "EndNode": true,
      "Root": true,
      "ShowOnce": false,
      "SpeakerNo": 0,
      "AddressedSpeaker": -1,
      "Children": [],
      "CheckFlags": [
        {
          "Flags": [
            {
              "UUID": "f8affb2c-4050-0b03-f36a-06b2e00e9915",
              "value": true,
              "paramval": 1,
              "Name": "DEN_AttackOnDen_HasMet_Refugee003Victory"
            }
          ],
          "Type": "Dialog"
        },
        {
          "Flags": [
            {
              "UUID": "71c7f23e-3ff1-c9b8-3ef5-d75fa1b42c8d",
              "value": true,
              "paramval": null,
              "Name": "DEN_AttackOnDen_State_DenVictory"
            }
          ],
          "Type": "Global"
        }
      ],
      "SetFlags": [],
      "TaggedTextList": [
        {
          "HasTagRule": false,
          "RuleGroup": {
            "TagCombineOp": 0,
            "Rules": [],
            "RuleString": ""
          },
          "TagTexts": [
            {
              "LineId": "2ea93e7b-3ba4-a929-f6f3-477c2b2ccddd",
              "Text": {
                "Handle": "hc2f553begab6dg47dbgbfe7g814f7dd58eb1",
                "Value": "On to Baldur's Gate! And if they slam the gate on us, we'll bloody well knock it down."
              }
            }
          ]
        }
      ],
      "EditorData": {
        "AnimationTags": "",
        "Attitude": "Friendly",
        "CinematicNodeContext": "",
        "CinematicObjects": "",
        "CustomCineArtKeysPresent": "False",
        "CustomLightingPresent": "False",
        "CustomSoundPresent": "False",
        "CustomVFXPresent": "False",
        "Emotion": "Happiness",
        "ForceDisableIsCustomNode": "False",
        "ID": "N62",
        "InternalNodeContext": "",
        "IsCustomNode": "False",
        "MusicTags": "",
        "NodeContext": "Energised by the victory",
        "Quality": "Bronze",
        "SFXTags": "",
        "StateChangeTags": "",
        "TemplateNodeUUID": "00000000-0000-0000-0000-000000000000",
        "TemplateVersion": "0",
        "VFXTags": "",
        "collapsed": "False",
        "logicalname": "Den was defended successfully",
        "position": "15;-1956",
        "sourcetemplate": ""
      }
    }
  },
  "SpeakerDict": {
    "0": {
      "IsPeanutSpeaker": false,
      "SpeakerMappingId": "c4273223-f946-3307-a0a9-2ee6b56ba4de",
      "Index": 0,
      "List": [
        "dcf597c0-36c5-4c81-957a-6fe9fca50a68"
      ],
      "SpeakerCharacter": {
        "DisplayName": "Bex",
        "Type": "character",
        "MapKey": "dcf597c0-36c5-4c81-957a-6fe9fca50a68",
        "Name": "S_GLO_YoungLover_02",
        "ParentTemplateId": null,
        "TemplateName": "9103fce3-6423-4f8a-af04-83ac1af2a1d7"
      },
      "SpeakerGroupName": null
    },
    "1": {
      "IsPeanutSpeaker": false,
      "SpeakerMappingId": "a844d5c3-0687-3460-7179-bac753b403a2",
      "Index": 1,
      "List": [
        "e0d1ff71-04a8-4340-ae64-9684d846eb83"
      ],
      "SpeakerCharacter": {
        "DisplayName": "Player",
        "Type": "character",
        "MapKey": "e2badbf0-159a-4ef5-9e73-7bbeb3d1015a",
        "Name": "S_GLO_CharacterCreationDummy_001",
        "ParentTemplateId": null,
        "TemplateName": "fd7f2707-8f86-4836-bda8-e0db99c389cc"
      },
      "SpeakerGroupName": "GROUP_Players"
    }
  },
  "Synopsis": "Bex and her partner Danis have been roped into acting as medics for anyone wounded during the attack."
}