{
  "Path": "Mods/Gustav/Story/Dialogs/Act1/DEN/DEN_DruidAttack_SnakeKid.lsj",
  "UUID": "9054a899-8d1e-e238-0b9e-694b725ccb04",
  "Category": "Generic NPC Dialog",
  "DefaultAddressedSpeakers": {
    "0": -1,
    "1": -1
  },
  "RootNodes": [
    "aa040766-f580-d9d9-247b-8765c58d148a",
    "3cfecc40-8a72-cff5-de04-b7db3e0cbc28"
  ],
  "Nodes": {
    "3cfecc40-8a72-cff5-de04-b7db3e0cbc28": {
      "UUID": "3cfecc40-8a72-cff5-de04-b7db3e0cbc28",
      "Constructor": "TagGreeting",
      "EndNode": true,
      "Root": true,
      "ShowOnce": false,
      "SpeakerNo": 0,
      "AddressedSpeaker": -1,
      "Children": [],
      "CheckFlags": [],
      "SetFlags": [],
      "TaggedTextList": [
        {
          "HasTagRule": false,
          "RuleGroup": {
            "TagCombineOp": 0,
            "Rules": [],
            "RuleString": ""
          },
          "TagTexts": [
            {
              "LineId": "53d2680a-0747-f459-077d-0ce9a4b3d62a",
              "Text": {
                "Handle": "h48622ed2gd8bag4452ga296gb260d3318b69",
                "Value": "<i>I'm scared.</i>"
              }
            }
          ]
        }
      ],
      "EditorData": {
        "AnimationTags": "",
        "Attitude": "Default",
        "CinematicNodeContext": "",
        "CinematicObjects": "",
        "CustomCineArtKeysPresent": "False",
        "CustomLightingPresent": "False",
        "CustomSoundPresent": "False",
        "CustomVFXPresent": "False",
        "Emotion": "Default",
        "ForceDisableIsCustomNode": "False",
        "ID": "N1",
        "InternalNodeContext": "",
        "IsCustomNode": "False",
        "MusicTags": "",
        "NodeContext": "whispered, barely audible, head down",
        "Quality": "Bronze",
        "SFXTags": "",
        "StateChangeTags": "",
        "TemplateNodeUUID": "00000000-0000-0000-0000-000000000000",
        "TemplateVersion": "0",
        "VFXTags": "",
        "collapsed": "False",
        "logicalname": "Druid Attack is under way.",
        "position": "15;-204",
        "sourcetemplate": ""
      }
    },
    "aa040766-f580-d9d9-247b-8765c58d148a": {
      "UUID": "aa040766-f580-d9d9-247b-8765c58d148a",
      "Constructor": "TagGreeting",
      "EndNode": true,
      "Root": true,
      "ShowOnce": false,
      "SpeakerNo": 0,
      "AddressedSpeaker": -1,
      "Children": [],
      "CheckFlags": [
        {
          "Flags": [
            {
              "UUID": "b4754af7-07ec-433c-87d2-e78ef4c79e6e",
              "value": true,
              "paramval": null,
              "Name": "DEN_DruidAttack_State_PrepAfterDeathOfDruids"
            }
          ],
          "Type": "Global"
        }
      ],
      "SetFlags": [],
      "TaggedTextList": [
        {
          "HasTagRule": false,
          "RuleGroup": {
            "TagCombineOp": 0,
            "Rules": [],
            "RuleString": ""
          },
          "TagTexts": [
            {
              "LineId": "683458c9-7763-32cf-3a9f-bd240409c87f",
              "Text": {
                "Handle": "h9ccd3c20gdf5dg4f98g8a23g31fb7b59c838",
                "Value": "They're gone. <i>Really </i>gone."
              }
            }
          ]
        }
      ],
      "EditorData": {
        "AnimationTags": "",
        "Attitude": "Default",
        "CinematicNodeContext": "",
        "CinematicObjects": "",
        "CustomCineArtKeysPresent": "False",
        "CustomLightingPresent": "False",
        "CustomSoundPresent": "False",
        "CustomVFXPresent": "False",
        "Emotion": "Default",
        "ForceDisableIsCustomNode": "False",
        "ID": "N2",
        "InternalNodeContext": "",
        "IsCustomNode": "False",
        "MusicTags": "",
        "NodeContext": "",
        "Quality": "Bronze",
        "SFXTags": "",
        "StateChangeTags": "",
        "TemplateNodeUUID": "00000000-0000-0000-0000-000000000000",
        "TemplateVersion": "0",
        "VFXTags": "",
        "collapsed": "False",
        "logicalname": "Druids are dead and attack is over.",
        "position": "15;-423",
        "sourcetemplate": ""
      }
    }
  },
  "SpeakerDict": {
    "0": {
      "IsPeanutSpeaker": false,
      "SpeakerMappingId": "a659a048-96c2-cc48-cd5a-229821de83ba",
      "Index": 0,
      "List": [
        "02257c1c-bbec-4ae3-9bcb-31c75a0a982f"
      ],
      "SpeakerCharacter": {
        "DisplayName": "Arabella",
        "Type": "character",
        "MapKey": "02257c1c-bbec-4ae3-9bcb-31c75a0a982f",
        "Name": "S_DEN_SnakeKid",
        "ParentTemplateId": null,
        "TemplateName": "a5766603-e5dc-49a2-9856-75383e2279b5"
      },
      "SpeakerGroupName": null
    },
    "1": {
      "IsPeanutSpeaker": false,
      "SpeakerMappingId": "feb8d9e9-bf65-1c71-d5f0-abb899d95a1e",
      "Index": 1,
      "List": [
        "e0d1ff71-04a8-4340-ae64-9684d846eb83"
      ],
      "SpeakerCharacter": {
        "DisplayName": "Player",
        "Type": "character",
        "MapKey": "e2badbf0-159a-4ef5-9e73-7bbeb3d1015a",
        "Name": "S_GLO_CharacterCreationDummy_001",
        "ParentTemplateId": null,
        "TemplateName": "fd7f2707-8f86-4836-bda8-e0db99c389cc"
      },
      "SpeakerGroupName": "GROUP_Players"
    }
  },
  "Synopsis": "NPC Dialog during and after the Druid Attack state."
}