{
  "Path": "Mods/Gustav/Story/Dialogs/Act1/DEN/DEN_AttackOnDen_Bard.lsj",
  "UUID": "9f35f103-4ba6-af1e-35bc-ae3d04a90fc6",
  "Category": "Generic NPC Dialog",
  "DefaultAddressedSpeakers": {
    "0": 1,
    "1": 0,
    "2": -1
  },
  "RootNodes": [
    "e8fa7fed-af5b-ab2f-a600-264f9f609cb4",
    "f1bf01f1-db35-9fa0-d0c7-ed516f44b566",
    "bd66571a-56b7-12aa-f6a4-267aa924a989",
    "cf741320-270c-4917-e2c2-0c257bb0e97c"
  ],
  "Nodes": {
    "0aa1ec66-1ba9-c404-7f57-bfc686fae5a9": {
      "UUID": "0aa1ec66-1ba9-c404-7f57-bfc686fae5a9",
      "Constructor": "TagAnswer",
      "EndNode": true,
      "Root": false,
      "ShowOnce": false,
      "SpeakerNo": 2,
      "AddressedSpeaker": -1,
      "Children": [],
      "CheckFlags": [],
      "SetFlags": [],
      "TaggedTextList": [
        {
          "HasTagRule": false,
          "RuleGroup": {
            "TagCombineOp": 0,
            "Rules": [],
            "RuleString": ""
          },
          "TagTexts": [
            {
              "LineId": "3d9b2e49-fde4-eec6-8568-26587a72d5ff",
              "Text": {
                "Handle": "hc8d19ef2gc0a5g4326g8d58g77d22868efff",
                "Value": "All in a day's work."
              }
            }
          ]
        }
      ],
      "EditorData": {
        "AnimationTags": "",
        "Attitude": "Default",
        "CinematicNodeContext": "",
        "CinematicObjects": "",
        "CustomCineArtKeysPresent": "False",
        "CustomLightingPresent": "False",
        "CustomSoundPresent": "False",
        "CustomVFXPresent": "False",
        "Emotion": "Default",
        "ForceDisableIsCustomNode": "False",
        "ID": "N163",
        "InternalNodeContext": "",
        "IsCustomNode": "False",
        "MusicTags": "",
        "NodeContext": "with a grin",
        "Quality": "Bronze",
        "SFXTags": "",
        "StateChangeTags": "",
        "TemplateNodeUUID": "00000000-0000-0000-0000-000000000000",
        "TemplateVersion": "0",
        "VFXTags": "",
        "collapsed": "False",
        "logicalname": "INCLUSION LINE",
        "position": "1615;-1518",
        "sourcetemplate": ""
      }
    },
    "238b2d8b-e900-159c-eba5-c772fff747c6": {
      "UUID": "238b2d8b-e900-159c-eba5-c772fff747c6",
      "Constructor": "TagAnswer",
      "EndNode": false,
      "Root": false,
      "ShowOnce": false,
      "SpeakerNo": 0,
      "AddressedSpeaker": -1,
      "Children": [
        "e4885d43-1d53-7e86-ccd0-524544b77d4f"
      ],
      "CheckFlags": [],
      "SetFlags": [],
      "TaggedTextList": [
        {
          "HasTagRule": false,
          "RuleGroup": {
            "TagCombineOp": 0,
            "Rules": [],
            "RuleString": ""
          },
          "TagTexts": [
            {
              "LineId": "38214431-f761-8107-f467-4e8c085bde2e",
              "Text": {
                "Handle": "h5b6e4cd3g0a08g4b77g99abgaf9c35487c70",
                "Value": "Huh. Plenty with tiefling villains... but not so many heroes, no."
              }
            }
          ]
        }
      ],
      "EditorData": {
        "AnimationTags": "",
        "Attitude": "Default",
        "CinematicNodeContext": "",
        "CinematicObjects": "",
        "CustomCineArtKeysPresent": "False",
        "CustomLightingPresent": "False",
        "CustomSoundPresent": "False",
        "CustomVFXPresent": "False",
        "Emotion": "Default",
        "ForceDisableIsCustomNode": "False",
        "ID": "N160",
        "InternalNodeContext": "",
        "IsCustomNode": "False",
        "MusicTags": "",
        "NodeContext": "",
        "Quality": "Bronze",
        "SFXTags": "",
        "StateChangeTags": "",
        "TemplateNodeUUID": "00000000-0000-0000-0000-000000000000",
        "TemplateVersion": "0",
        "VFXTags": "",
        "collapsed": "False",
        "logicalname": "Answer",
        "position": "655;-1737",
        "sourcetemplate": ""
      }
    },
    "2a0fca42-6fe7-445d-1d28-e1aa09a88181": {
      "UUID": "2a0fca42-6fe7-445d-1d28-e1aa09a88181",
      "Constructor": "TagAnswer",
      "EndNode": true,
      "Root": false,
      "ShowOnce": false,
      "SpeakerNo": 0,
      "AddressedSpeaker": -1,
      "Children": [],
      "CheckFlags": [],
      "SetFlags": [],
      "TaggedTextList": [
        {
          "HasTagRule": false,
          "RuleGroup": {
            "TagCombineOp": 0,
            "Rules": [],
            "RuleString": ""
          },
          "TagTexts": [
            {
              "LineId": "ec4fbc33-f223-91ee-05a4-40a61687e683",
              "Text": {
                "Handle": "h231a7423g30cfg40c9ga39dga214c9a4a915",
                "Value": "Your job is to get up there and give me something <i>real</i> to sing about."
              }
            }
          ]
        }
      ],
      "EditorData": {
        "AnimationTags": "",
        "Attitude": "Default",
        "CinematicNodeContext": "",
        "CinematicObjects": "",
        "CustomCineArtKeysPresent": "False",
        "CustomLightingPresent": "False",
        "CustomSoundPresent": "False",
        "CustomVFXPresent": "False",
        "Emotion": "Default",
        "ForceDisableIsCustomNode": "False",
        "ID": "N152",
        "InternalNodeContext": "",
        "IsCustomNode": "False",
        "MusicTags": "",
        "NodeContext": "Scolding you",
        "Quality": "Bronze",
        "SFXTags": "",
        "StateChangeTags": "",
        "TemplateNodeUUID": "00000000-0000-0000-0000-000000000000",
        "TemplateVersion": "0",
        "VFXTags": "",
        "collapsed": "False",
        "logicalname": "Answer",
        "position": "1295;-861",
        "sourcetemplate": ""
      }
    },
    "337be065-5f2d-7757-ff8f-7a65cc87aef0": {
      "UUID": "337be065-5f2d-7757-ff8f-7a65cc87aef0",
      "Constructor": "TagQuestion",
      "EndNode": false,
      "Root": false,
      "ShowOnce": true,
      "SpeakerNo": 1,
      "AddressedSpeaker": -1,
      "Children": [
        "4376cbdc-058b-63ef-6ea2-486cd5ea88d4"
      ],
      "CheckFlags": [
        {
          "Flags": [
            {
              "UUID": "e8ab958f-015b-f97d-5da4-c599b67e5ba0",
              "value": true,
              "paramval": null,
              "Name": "DEN_TieflingBard_State_FinishedSong"
            }
          ],
          "Type": "Global"
        }
      ],
      "SetFlags": [],
      "TaggedTextList": [
        {
          "HasTagRule": false,
          "RuleGroup": {
            "TagCombineOp": 0,
            "Rules": [],
            "RuleString": ""
          },
          "TagTexts": [
            {
              "LineId": "ba7f4e27-9fde-f3b2-03c9-3ac7978debdb",
              "Text": {
                "Handle": "h876868bagc422g4578g9404gc83c558af23a",
                "Value": "You should play <i>The Weeping Dawn</i> instead."
              }
            }
          ]
        }
      ],
      "EditorData": {
        "AnimationTags": "",
        "Attitude": "Default",
        "CinematicNodeContext": "",
        "CinematicObjects": "",
        "CustomCineArtKeysPresent": "False",
        "CustomLightingPresent": "False",
        "CustomSoundPresent": "False",
        "CustomVFXPresent": "False",
        "Emotion": "Default",
        "ForceDisableIsCustomNode": "False",
        "ID": "N157",
        "InternalNodeContext": "",
        "IsCustomNode": "False",
        "MusicTags": "",
        "NodeContext": "",
        "Quality": "Bronze",
        "SFXTags": "",
        "StateChangeTags": "",
        "TemplateNodeUUID": "00000000-0000-0000-0000-000000000000",
        "TemplateVersion": "0",
        "VFXTags": "",
        "collapsed": "False",
        "logicalname": "Question",
        "position": "335;-2394",
        "sourcetemplate": ""
      }
    },
    "34695c6a-be87-c343-b7d4-db92f44f8790": {
      "UUID": "34695c6a-be87-c343-b7d4-db92f44f8790",
      "Constructor": "TagAnswer",
      "EndNode": false,
      "Root": false,
      "ShowOnce": false,
      "SpeakerNo": 0,
      "AddressedSpeaker": -1,
      "Children": [
        "6b8d3275-772f-54ef-c526-0b845d1dc79b"
      ],
      "CheckFlags": [],
      "SetFlags": [],
      "TaggedTextList": [
        {
          "HasTagRule": false,
          "RuleGroup": {
            "TagCombineOp": 0,
            "Rules": [],
            "RuleString": ""
          },
          "TagTexts": [
            {
              "LineId": "47e18a72-94a8-117a-ba82-85dc56639e90",
              "Text": {
                "Handle": "h480da1c4gc83eg4307gb4a7gae473405c592",
                "Value": "I don't fancy my chances. They're cute but deadly. Like the Realms' most terrifying bunny rabbits."
              }
            }
          ]
        }
      ],
      "EditorData": {
        "AnimationTags": "",
        "Attitude": "Default",
        "CinematicNodeContext": "",
        "CinematicObjects": "",
        "CustomCineArtKeysPresent": "False",
        "CustomLightingPresent": "False",
        "CustomSoundPresent": "False",
        "CustomVFXPresent": "False",
        "Emotion": "Default",
        "ForceDisableIsCustomNode": "False",
        "ID": "N184",
        "InternalNodeContext": "",
        "IsCustomNode": "False",
        "MusicTags": "",
        "NodeContext": "Joking. You're messing with the player.",
        "Quality": "Bronze",
        "SFXTags": "",
        "StateChangeTags": "",
        "TemplateNodeUUID": "00000000-0000-0000-0000-000000000000",
        "TemplateVersion": "0",
        "VFXTags": "",
        "collapsed": "False",
        "logicalname": "Answer",
        "position": "655;-1299",
        "sourcetemplate": ""
      }
    },
    "37d44608-0fca-6862-47e2-90d9b29c0923": {
      "UUID": "37d44608-0fca-6862-47e2-90d9b29c0923",
      "Constructor": "TagAnswer",
      "EndNode": true,
      "Root": false,
      "ShowOnce": false,
      "SpeakerNo": 0,
      "AddressedSpeaker": -1,
      "Children": [],
      "CheckFlags": [],
      "SetFlags": [],
      "TaggedTextList": [
        {
          "HasTagRule": false,
          "RuleGroup": {
            "TagCombineOp": 0,
            "Rules": [],
            "RuleString": ""
          },
          "TagTexts": [
            {
              "LineId": "7c03d17a-2170-f4c8-2b91-37d2da8c8143",
              "Text": {
                "Handle": "h87ba048bg8e8cg47d9gb361g884b9cde9b35",
                "Value": "If today's to be something worth singing about - get up there and make sure it's a <i>happy </i>song."
              }
            }
          ]
        }
      ],
      "EditorData": {
        "AnimationTags": "",
        "Attitude": "Default",
        "CinematicNodeContext": "",
        "CinematicObjects": "",
        "CustomCineArtKeysPresent": "False",
        "CustomLightingPresent": "False",
        "CustomSoundPresent": "False",
        "CustomVFXPresent": "False",
        "Emotion": "Default",
        "ForceDisableIsCustomNode": "False",
        "ID": "N138",
        "InternalNodeContext": "",
        "IsCustomNode": "False",
        "MusicTags": "",
        "NodeContext": "Thoughtful, trying to force a bit of cheer",
        "Quality": "Bronze",
        "SFXTags": "",
        "StateChangeTags": "",
        "TemplateNodeUUID": "00000000-0000-0000-0000-000000000000",
        "TemplateVersion": "0",
        "VFXTags": "",
        "collapsed": "False",
        "logicalname": "Answer",
        "position": "1295;-1956",
        "sourcetemplate": ""
      }
    },
    "39c0b9d7-ca51-9876-d15f-b66c4fc55b85": {
      "UUID": "39c0b9d7-ca51-9876-d15f-b66c4fc55b85",
      "Constructor": "TagAnswer",
      "EndNode": true,
      "Root": false,
      "ShowOnce": false,
      "SpeakerNo": 0,
      "AddressedSpeaker": -1,
      "Children": [],
      "CheckFlags": [],
      "SetFlags": [],
      "TaggedTextList": [
        {
          "HasTagRule": false,
          "RuleGroup": {
            "TagCombineOp": 0,
            "Rules": [],
            "RuleString": ""
          },
          "TagTexts": [
            {
              "LineId": "4669f35d-5c28-c6ce-1dfc-4806beb0c6f1",
              "Text": {
                "Handle": "h7b57af29g1fc6g4f5dga8a9g43af722e55ec",
                "Value": "Now's a time for cheerful lies, as my master would say."
              }
            }
          ]
        }
      ],
      "EditorData": {
        "AnimationTags": "",
        "Attitude": "Default",
        "CinematicNodeContext": "",
        "CinematicObjects": "",
        "CustomCineArtKeysPresent": "False",
        "CustomLightingPresent": "False",
        "CustomSoundPresent": "False",
        "CustomVFXPresent": "False",
        "Emotion": "Default",
        "ForceDisableIsCustomNode": "False",
        "ID": "N135",
        "InternalNodeContext": "",
        "IsCustomNode": "False",
        "MusicTags": "",
        "NodeContext": "",
        "Quality": "Bronze",
        "SFXTags": "",
        "StateChangeTags": "",
        "TemplateNodeUUID": "00000000-0000-0000-0000-000000000000",
        "TemplateVersion": "0",
        "VFXTags": "",
        "collapsed": "False",
        "logicalname": "Answer",
        "position": "975;-2175",
        "sourcetemplate": ""
      }
    },
    "3f0f0c07-645b-aa1a-0202-f4dff632a6dd": {
      "UUID": "3f0f0c07-645b-aa1a-0202-f4dff632a6dd",
      "Constructor": "TagQuestion",
      "EndNode": true,
      "Root": false,
      "ShowOnce": true,
      "SpeakerNo": 1,
      "AddressedSpeaker": -1,
      "Children": [],
      "CheckFlags": [],
      "SetFlags": [],
      "TaggedTextList": [
        {
          "HasTagRule": false,
          "RuleGroup": {
            "TagCombineOp": 0,
            "Rules": [],
            "RuleString": ""
          },
          "TagTexts": [
            {
              "LineId": "d7cfa004-711f-fddd-4338-f2500d4175f3",
              "Text": {
                "Handle": "h5d2fc39eg6be9g473bg9954g83be822a0cd4",
                "Value": "<i>Leave.</i>"
              }
            }
          ]
        }
      ],
      "EditorData": {
        "AnimationTags": "",
        "Attitude": "Default",
        "CinematicNodeContext": "",
        "CinematicObjects": "",
        "CustomCineArtKeysPresent": "False",
        "CustomLightingPresent": "False",
        "CustomSoundPresent": "False",
        "CustomVFXPresent": "False",
        "Emotion": "Default",
        "ForceDisableIsCustomNode": "False",
        "ID": "N131",
        "InternalNodeContext": "",
        "IsCustomNode": "False",
        "MusicTags": "",
        "NodeContext": "",
        "Quality": "Bronze",
        "SFXTags": "",
        "StateChangeTags": "",
        "TemplateNodeUUID": "00000000-0000-0000-0000-000000000000",
        "TemplateVersion": "0",
        "VFXTags": "",
        "collapsed": "False",
        "logicalname": "Question",
        "position": "335;-423",
        "sourcetemplate": ""
      }
    },
    "4376cbdc-058b-63ef-6ea2-486cd5ea88d4": {
      "UUID": "4376cbdc-058b-63ef-6ea2-486cd5ea88d4",
      "Constructor": "TagAnswer",
      "EndNode": true,
      "Root": false,
      "ShowOnce": false,
      "SpeakerNo": 0,
      "AddressedSpeaker": -1,
      "Children": [],
      "CheckFlags": [],
      "SetFlags": [],
      "TaggedTextList": [
        {
          "HasTagRule": false,
          "RuleGroup": {
            "TagCombineOp": 0,
            "Rules": [],
            "RuleString": ""
          },
          "TagTexts": [
            {
              "LineId": "07344d51-d8e0-70c7-82f6-8baa259cd485",
              "Text": {
                "Handle": "h139dcc07gd47bg43e9gbacegb753b9251a51",
                "Value": "<i>Gods</i>, no. Can't see how a grown woman sobbing is going to lighten the mood much."
              }
            }
          ]
        }
      ],
      "EditorData": {
        "AnimationTags": "",
        "Attitude": "Default",
        "CinematicNodeContext": "",
        "CinematicObjects": "",
        "CustomCineArtKeysPresent": "False",
        "CustomLightingPresent": "False",
        "CustomSoundPresent": "False",
        "CustomVFXPresent": "False",
        "Emotion": "Default",
        "ForceDisableIsCustomNode": "False",
        "ID": "N147",
        "InternalNodeContext": "",
        "IsCustomNode": "False",
        "MusicTags": "",
        "NodeContext": "Horrified at the thought, self-deprecating",
        "Quality": "Bronze",
        "SFXTags": "",
        "StateChangeTags": "",
        "TemplateNodeUUID": "00000000-0000-0000-0000-000000000000",
        "TemplateVersion": "0",
        "VFXTags": "",
        "collapsed": "False",
        "logicalname": "Answer",
        "position": "655;-2394",
        "sourcetemplate": ""
      }
    },
    "4390b069-6287-3967-e285-d1f45989e3d5": {
      "UUID": "4390b069-6287-3967-e285-d1f45989e3d5",
      "Constructor": "TagQuestion",
      "EndNode": false,
      "Root": false,
      "ShowOnce": true,
      "SpeakerNo": 1,
      "AddressedSpeaker": -1,
      "Children": [
        "bf2e38e8-36ce-ab27-73c2-2b6dbc7e6e4d"
      ],
      "CheckFlags": [
        {
          "Flags": [
            {
              "UUID": "d93434bd-6b71-4789-b128-ee24156057cc",
              "value": false,
              "paramval": 1,
              "Name": "BARD"
            },
            {
              "UUID": "f15e9b0d-676c-4f52-9abf-365cff89ef0f",
              "value": true,
              "paramval": 1,
              "Name": "BALDURIAN"
            }
          ],
          "Type": "Tag"
        }
      ],
      "SetFlags": [],
      "TaggedTextList": [
        {
          "HasTagRule": true,
          "RuleGroup": {
            "TagCombineOp": 0,
            "Rules": [
              {
                "HasChildRules": false,
                "TagCombineOp": 0,
                "Tags": [
                  "cd611d7d-b67d-42b4-a75c-a0c6091ef8a2"
                ],
                "TagNames": [
                  "REALLY_DARK_URGE"
                ]
              }
            ],
            "RuleString": "REALLY_DARK_URGE"
          },
          "TagTexts": [
            {
              "LineId": "e7c74a6f-c2c4-4fbe-88ee-73c7ca2fde5c",
              "Text": {
                "Handle": "hc4e597a2g50a1g49eeg8d29g6bad3822b239",
                "Value": "I'm an amnesiac, and even <i>I </i>know that's not the true story of Balduran."
              }
            }
          ]
        },
        {
          "HasTagRule": false,
          "RuleGroup": {
            "TagCombineOp": 0,
            "Rules": [],
            "RuleString": ""
          },
          "TagTexts": [
            {
              "LineId": "590f2ea9-cc36-403d-e8da-08267722bfd0",
              "Text": {
                "Handle": "h8db67c4ag4ba0g47b7gb5f4g51e4c344425d",
                "Value": "I've heard a very different version of the tale of Balduran."
              }
            }
          ]
        }
      ],
      "EditorData": {
        "AnimationTags": "",
        "Attitude": "Default",
        "CinematicNodeContext": "",
        "CinematicObjects": "",
        "CustomCineArtKeysPresent": "False",
        "CustomLightingPresent": "False",
        "CustomSoundPresent": "False",
        "CustomVFXPresent": "False",
        "Emotion": "Default",
        "ForceDisableIsCustomNode": "False",
        "ID": "N173",
        "InternalNodeContext": "",
        "IsCustomNode": "False",
        "MusicTags": "",
        "NodeContext": "",
        "Quality": "Bronze",
        "SFXTags": "",
        "StateChangeTags": "",
        "TemplateNodeUUID": "00000000-0000-0000-0000-000000000000",
        "TemplateVersion": "0",
        "VFXTags": "",
        "collapsed": "False",
        "logicalname": "Baldurian",
        "position": "335;-642",
        "sourcetemplate": ""
      }
    },
    "48177c9e-623d-4662-3014-a68262dec0ed": {
      "UUID": "48177c9e-623d-4662-3014-a68262dec0ed",
      "Constructor": "TagAnswer",
      "EndNode": true,
      "Root": false,
      "ShowOnce": false,
      "SpeakerNo": 0,
      "AddressedSpeaker": -1,
      "Children": [],
      "CheckFlags": [],
      "SetFlags": [],
      "TaggedTextList": [
        {
          "HasTagRule": false,
          "RuleGroup": {
            "TagCombineOp": 0,
            "Rules": [],
            "RuleString": ""
          },
          "TagTexts": [
            {
              "LineId": "b9b18046-93b2-6fd2-7bbc-cc61229aebfc",
              "Text": {
                "Handle": "hf75d6ef6g6104g4cc7g9a50gc573e6ebcbbb",
                "Value": "Just... be safe up there."
              }
            }
          ]
        }
      ],
      "EditorData": {
        "AnimationTags": "",
        "Attitude": "Default",
        "CinematicNodeContext": "",
        "CinematicObjects": "",
        "CustomCineArtKeysPresent": "False",
        "CustomLightingPresent": "False",
        "CustomSoundPresent": "False",
        "CustomVFXPresent": "False",
        "Emotion": "Default",
        "ForceDisableIsCustomNode": "False",
        "ID": "N158",
        "InternalNodeContext": "",
        "IsCustomNode": "False",
        "MusicTags": "",
        "NodeContext": "Growing sober, serious",
        "Quality": "Bronze",
        "SFXTags": "",
        "StateChangeTags": "",
        "TemplateNodeUUID": "00000000-0000-0000-0000-000000000000",
        "TemplateVersion": "0",
        "VFXTags": "",
        "collapsed": "False",
        "logicalname": "Answer",
        "position": "1295;-2832",
        "sourcetemplate": ""
      }
    },
    "4fe42aa0-6aea-b642-8d56-5646eb8d7525": {
      "UUID": "4fe42aa0-6aea-b642-8d56-5646eb8d7525",
      "Constructor": "TagQuestion",
      "EndNode": false,
      "Root": false,
      "ShowOnce": true,
      "SpeakerNo": 1,
      "AddressedSpeaker": -1,
      "Children": [
        "238b2d8b-e900-159c-eba5-c772fff747c6"
      ],
      "CheckFlags": [
        {
          "Flags": [
            {
              "UUID": "7bf7207f-7406-49c0-b501-eaaa2bb4efd7",
              "value": true,
              "paramval": 1,
              "Name": "REALLY_TIEFLING"
            }
          ],
          "Type": "Tag"
        }
      ],
      "SetFlags": [],
      "TaggedTextList": [
        {
          "HasTagRule": false,
          "RuleGroup": {
            "TagCombineOp": 0,
            "Rules": [],
            "RuleString": ""
          },
          "TagTexts": [
            {
              "LineId": "3e004a67-fbf0-ca40-16d3-ea3beefe46bd",
              "Text": {
                "Handle": "hee785ba4g751eg4b12ga0e4ge9def8102be8",
                "Value": "Do you know any stories about tiefling heroes?"
              }
            }
          ]
        }
      ],
      "EditorData": {
        "AnimationTags": "",
        "Attitude": "Default",
        "CinematicNodeContext": "",
        "CinematicObjects": "",
        "CustomCineArtKeysPresent": "False",
        "CustomLightingPresent": "False",
        "CustomSoundPresent": "False",
        "CustomVFXPresent": "False",
        "Emotion": "Default",
        "ForceDisableIsCustomNode": "False",
        "ID": "N159",
        "InternalNodeContext": "",
        "IsCustomNode": "False",
        "MusicTags": "",
        "NodeContext": "",
        "Quality": "Bronze",
        "SFXTags": "",
        "StateChangeTags": "",
        "TemplateNodeUUID": "00000000-0000-0000-0000-000000000000",
        "TemplateVersion": "0",
        "VFXTags": "",
        "collapsed": "False",
        "logicalname": "Question",
        "position": "335;-1737",
        "sourcetemplate": ""
      }
    },
    "53fad8f1-5b3e-240e-d950-ac2009829f74": {
      "UUID": "53fad8f1-5b3e-240e-d950-ac2009829f74",
      "Constructor": "TagAnswer",
      "EndNode": false,
      "Root": false,
      "ShowOnce": false,
      "SpeakerNo": 0,
      "AddressedSpeaker": -1,
      "Children": [
        "2a0fca42-6fe7-445d-1d28-e1aa09a88181"
      ],
      "CheckFlags": [],
      "SetFlags": [],
      "TaggedTextList": [
        {
          "HasTagRule": false,
          "RuleGroup": {
            "TagCombineOp": 0,
            "Rules": [],
            "RuleString": ""
          },
          "TagTexts": [
            {
              "LineId": "176784a2-fd3d-701b-3ab0-783a229d9067",
              "Text": {
                "Handle": "h4f2643a3gfecfg4484g9f41g96ee20a2e2e0",
                "Value": "If heroes are in short supply, then I will bloody well make one up. For them, and for me."
              }
            }
          ]
        }
      ],
      "EditorData": {
        "AnimationTags": "",
        "Attitude": "Default",
        "CinematicNodeContext": "",
        "CinematicObjects": "",
        "CustomCineArtKeysPresent": "False",
        "CustomLightingPresent": "False",
        "CustomSoundPresent": "False",
        "CustomVFXPresent": "False",
        "Emotion": "Default",
        "ForceDisableIsCustomNode": "False",
        "ID": "N151",
        "InternalNodeContext": "",
        "IsCustomNode": "False",
        "MusicTags": "",
        "NodeContext": "Controlling hysteria",
        "Quality": "Bronze",
        "SFXTags": "",
        "StateChangeTags": "",
        "TemplateNodeUUID": "00000000-0000-0000-0000-000000000000",
        "TemplateVersion": "0",
        "VFXTags": "",
        "collapsed": "False",
        "logicalname": "Answer",
        "position": "975;-861",
        "sourcetemplate": ""
      }
    },
    "5d30ac2e-cf52-c1d7-a381-a645650c8efb": {
      "UUID": "5d30ac2e-cf52-c1d7-a381-a645650c8efb",
      "Constructor": "TagAnswer",
      "EndNode": true,
      "Root": false,
      "ShowOnce": false,
      "SpeakerNo": 0,
      "AddressedSpeaker": -1,
      "Children": [],
      "CheckFlags": [
        {
          "Flags": [
            {
              "UUID": "1a2f70d6-8ead-4eb5-a824-79ee1971764a",
              "value": false,
              "paramval": 2,
              "Name": "REALLY_KARLACH"
            }
          ],
          "Type": "Tag"
        }
      ],
      "SetFlags": [],
      "TaggedTextList": [
        {
          "HasTagRule": false,
          "RuleGroup": {
            "TagCombineOp": 0,
            "Rules": [],
            "RuleString": ""
          },
          "TagTexts": [
            {
              "LineId": "9e53f7d7-b6f6-d28c-0d26-1348b3483d0c",
              "Text": {
                "Handle": "h95441545g48f3g4f8agaceagb7140b79bffb",
                "Value": "I suppose you'll just have to get up there and change that. No pressure, kin."
              }
            }
          ]
        }
      ],
      "EditorData": {
        "AnimationTags": "",
        "Attitude": "Default",
        "CinematicNodeContext": "",
        "CinematicObjects": "",
        "CustomCineArtKeysPresent": "False",
        "CustomLightingPresent": "False",
        "CustomSoundPresent": "False",
        "CustomVFXPresent": "False",
        "Emotion": "Default",
        "ForceDisableIsCustomNode": "False",
        "ID": "N161",
        "InternalNodeContext": "",
        "IsCustomNode": "False",
        "MusicTags": "",
        "NodeContext": "",
        "Quality": "Bronze",
        "SFXTags": "",
        "StateChangeTags": "",
        "TemplateNodeUUID": "00000000-0000-0000-0000-000000000000",
        "TemplateVersion": "0",
        "VFXTags": "",
        "collapsed": "False",
        "logicalname": "Answer",
        "position": "1295;-1737",
        "sourcetemplate": ""
      }
    },
    "5e8e21ec-3ad8-5b56-3985-df78f2c14bbe": {
      "UUID": "5e8e21ec-3ad8-5b56-3985-df78f2c14bbe",
      "Constructor": "TagQuestion",
      "EndNode": false,
      "Root": false,
      "ShowOnce": true,
      "SpeakerNo": 1,
      "AddressedSpeaker": -1,
      "Children": [
        "bf2e38e8-36ce-ab27-73c2-2b6dbc7e6e4d"
      ],
      "CheckFlags": [
        {
          "Flags": [
            {
              "UUID": "d93434bd-6b71-4789-b128-ee24156057cc",
              "value": true,
              "paramval": 1,
              "Name": "BARD"
            }
          ],
          "Type": "Tag"
        }
      ],
      "SetFlags": [],
      "TaggedTextList": [
        {
          "HasTagRule": false,
          "RuleGroup": {
            "TagCombineOp": 0,
            "Rules": [],
            "RuleString": ""
          },
          "TagTexts": [
            {
              "LineId": "33f810b1-4e69-b87e-273a-6d67fc650a01",
              "Text": {
                "Handle": "h7529aa47g93f6g4867ga955gadc2a4dd65da",
                "Value": "Well, they're eating up that fiction you just spun."
              }
            }
          ]
        }
      ],
      "EditorData": {
        "AnimationTags": "",
        "Attitude": "Default",
        "CinematicNodeContext": "",
        "CinematicObjects": "",
        "CustomCineArtKeysPresent": "False",
        "CustomLightingPresent": "False",
        "CustomSoundPresent": "False",
        "CustomVFXPresent": "False",
        "Emotion": "Default",
        "ForceDisableIsCustomNode": "False",
        "ID": "N132",
        "InternalNodeContext": "",
        "IsCustomNode": "False",
        "MusicTags": "",
        "NodeContext": "",
        "Quality": "Bronze",
        "SFXTags": "",
        "StateChangeTags": "",
        "TemplateNodeUUID": "00000000-0000-0000-0000-000000000000",
        "TemplateVersion": "0",
        "VFXTags": "",
        "collapsed": "False",
        "logicalname": "Bard",
        "position": "335;-861",
        "sourcetemplate": ""
      }
    },
    "6045500a-a252-2741-cd75-8e70912243b7": {
      "UUID": "6045500a-a252-2741-cd75-8e70912243b7",
      "Constructor": "TagQuestion",
      "EndNode": false,
      "Root": false,
      "ShowOnce": true,
      "SpeakerNo": 1,
      "AddressedSpeaker": -1,
      "Children": [
        "f9d5d3d0-47e5-75a2-b38e-132154dc77e6"
      ],
      "CheckFlags": [],
      "SetFlags": [],
      "TaggedTextList": [
        {
          "HasTagRule": true,
          "RuleGroup": {
            "TagCombineOp": 0,
            "Rules": [
              {
                "HasChildRules": false,
                "TagCombineOp": 1,
                "Tags": [
                  "92aae5aa-4595-4f1c-96d2-9e2499d35c6f",
                  "3311a9a9-cdbc-4b05-9bf6-e02ba1fc72a3"
                ],
                "TagNames": [
                  "BESTIAL",
                  "HALFORC"
                ]
              }
            ],
            "RuleString": "BESTIAL or HALFORC"
          },
          "TagTexts": [
            {
              "LineId": "19d53b17-24ee-3069-0d8b-b43ec28b7faa",
              "Text": {
                "Handle": "hb82a0e2eg2aa5g447bgab1cgbc4f17c014ea",
                "Value": "I could always scare them off. Maybe roar a little, for good measure?"
              }
            }
          ]
        }
      ],
      "EditorData": {
        "AnimationTags": "",
        "Attitude": "Default",
        "CinematicNodeContext": "",
        "CinematicObjects": "",
        "CustomCineArtKeysPresent": "False",
        "CustomLightingPresent": "False",
        "CustomSoundPresent": "False",
        "CustomVFXPresent": "False",
        "Emotion": "Default",
        "ForceDisableIsCustomNode": "False",
        "ID": "N175",
        "InternalNodeContext": "",
        "IsCustomNode": "False",
        "MusicTags": "",
        "NodeContext": "",
        "Quality": "Bronze",
        "SFXTags": "",
        "StateChangeTags": "",
        "TemplateNodeUUID": "00000000-0000-0000-0000-000000000000",
        "TemplateVersion": "0",
        "VFXTags": "",
        "collapsed": "False",
        "logicalname": "Bestial/Halforc",
        "position": "335;-1518",
        "sourcetemplate": ""
      }
    },
    "6b8d3275-772f-54ef-c526-0b845d1dc79b": {
      "UUID": "6b8d3275-772f-54ef-c526-0b845d1dc79b",
      "Constructor": "TagAnswer",
      "EndNode": true,
      "Root": false,
      "ShowOnce": false,
      "SpeakerNo": 0,
      "AddressedSpeaker": -1,
      "Children": [],
      "CheckFlags": [],
      "SetFlags": [],
      "TaggedTextList": [
        {
          "HasTagRule": false,
          "RuleGroup": {
            "TagCombineOp": 0,
            "Rules": [],
            "RuleString": ""
          },
          "TagTexts": [
            {
              "LineId": "fbbe16f9-5617-7c44-8fec-6e03c13b15f5",
              "Text": {
                "Handle": "h972622fegde7dg472agbb09gb936ea4a9468",
                "Value": "I'd best continue with the stories, for fear of inciting a rebellion. But come back safe, all right?"
              }
            }
          ]
        }
      ],
      "EditorData": {
        "AnimationTags": "",
        "Attitude": "Default",
        "CinematicNodeContext": "",
        "CinematicObjects": "",
        "CustomCineArtKeysPresent": "False",
        "CustomLightingPresent": "False",
        "CustomSoundPresent": "False",
        "CustomVFXPresent": "False",
        "Emotion": "Default",
        "ForceDisableIsCustomNode": "False",
        "ID": "N177",
        "InternalNodeContext": "",
        "IsCustomNode": "False",
        "MusicTags": "",
        "NodeContext": "Smiling at the beginning. A pause between last line. Sincere. she's worried about the player.",
        "Quality": "Bronze",
        "SFXTags": "",
        "StateChangeTags": "",
        "TemplateNodeUUID": "00000000-0000-0000-0000-000000000000",
        "TemplateVersion": "0",
        "VFXTags": "",
        "collapsed": "False",
        "logicalname": "Answer",
        "position": "975;-1299",
        "sourcetemplate": ""
      }
    },
    "6fc35177-bc13-a374-19a7-371a36332be3": {
      "UUID": "6fc35177-bc13-a374-19a7-371a36332be3",
      "Constructor": "TagQuestion",
      "EndNode": false,
      "Root": false,
      "ShowOnce": true,
      "SpeakerNo": 1,
      "AddressedSpeaker": -1,
      "Children": [
        "b73110c9-7d9b-0e60-6827-f1f2b5dc573b"
      ],
      "CheckFlags": [
        {
          "Flags": [
            {
              "UUID": "42483542-7915-4de5-a7d9-ac0d15fe301c",
              "value": true,
              "paramval": 1,
              "Name": "REALLY_GNOME"
            }
          ],
          "Type": "Tag"
        }
      ],
      "SetFlags": [],
      "TaggedTextList": [
        {
          "HasTagRule": false,
          "RuleGroup": {
            "TagCombineOp": 0,
            "Rules": [],
            "RuleString": ""
          },
          "TagTexts": [
            {
              "LineId": "f0b5ec20-be62-baa8-fed5-def4ca831daa",
              "Text": {
                "Handle": "h4532ce23gca86g447eg9c5aga5d13b3c0014",
                "Value": "Fascinating. I suppose trying times lead to desperate measures. Could I watch?"
              }
            }
          ]
        }
      ],
      "EditorData": {
        "AnimationTags": "",
        "Attitude": "Default",
        "CinematicNodeContext": "",
        "CinematicObjects": "",
        "CustomCineArtKeysPresent": "False",
        "CustomLightingPresent": "False",
        "CustomSoundPresent": "False",
        "CustomVFXPresent": "False",
        "Emotion": "Default",
        "ForceDisableIsCustomNode": "False",
        "ID": "N181",
        "InternalNodeContext": "",
        "IsCustomNode": "False",
        "MusicTags": "",
        "NodeContext": "",
        "Quality": "Bronze",
        "SFXTags": "",
        "StateChangeTags": "",
        "TemplateNodeUUID": "00000000-0000-0000-0000-000000000000",
        "TemplateVersion": "0",
        "VFXTags": "",
        "collapsed": "False",
        "logicalname": "Gnome",
        "position": "335;-1080",
        "sourcetemplate": ""
      }
    },
    "70d0894c-5674-ef9e-9c17-ec468dc76c07": {
      "UUID": "70d0894c-5674-ef9e-9c17-ec468dc76c07",
      "Constructor": "TagAnswer",
      "EndNode": true,
      "Root": false,
      "ShowOnce": false,
      "SpeakerNo": 0,
      "AddressedSpeaker": -1,
      "Children": [],
      "CheckFlags": [],
      "SetFlags": [],
      "TaggedTextList": [
        {
          "HasTagRule": false,
          "RuleGroup": {
            "TagCombineOp": 0,
            "Rules": [],
            "RuleString": ""
          },
          "TagTexts": [
            {
              "LineId": "7b74c2d7-ac8b-84d6-250c-1b9332075a9d",
              "Text": {
                "Handle": "h9741187bg594dg4d14ga610g105d1823e7d6",
                "Value": "But making enough noise to keep this little mob distracted? That I can help with."
              }
            }
          ]
        }
      ],
      "EditorData": {
        "AnimationTags": "",
        "Attitude": "Default",
        "CinematicNodeContext": "",
        "CinematicObjects": "",
        "CustomCineArtKeysPresent": "False",
        "CustomLightingPresent": "False",
        "CustomSoundPresent": "False",
        "CustomVFXPresent": "False",
        "Emotion": "Default",
        "ForceDisableIsCustomNode": "False",
        "ID": "N142",
        "InternalNodeContext": "",
        "IsCustomNode": "False",
        "MusicTags": "",
        "NodeContext": "",
        "Quality": "Bronze",
        "SFXTags": "",
        "StateChangeTags": "",
        "TemplateNodeUUID": "00000000-0000-0000-0000-000000000000",
        "TemplateVersion": "0",
        "VFXTags": "",
        "collapsed": "False",
        "logicalname": "Answer",
        "position": "975;-2613",
        "sourcetemplate": ""
      }
    },
    "92912a71-4637-1234-d23c-2e435cec04b6": {
      "UUID": "92912a71-4637-1234-d23c-2e435cec04b6",
      "Constructor": "TagAnswer",
      "EndNode": true,
      "Root": false,
      "ShowOnce": false,
      "SpeakerNo": 0,
      "AddressedSpeaker": -1,
      "Children": [],
      "CheckFlags": [],
      "SetFlags": [],
      "TaggedTextList": [
        {
          "HasTagRule": false,
          "RuleGroup": {
            "TagCombineOp": 0,
            "Rules": [],
            "RuleString": ""
          },
          "TagTexts": [
            {
              "LineId": "3c581d70-b8b7-26fc-b3b7-dc00a7b3e668",
              "Text": {
                "Handle": "h2f93cf48g3f48g4585g82c3g2fbd0d717eaf",
                "Value": "But, truly... thank you. It's nice to be done with the sad songs, for a time."
              }
            }
          ]
        }
      ],
      "EditorData": {
        "AnimationTags": "",
        "Attitude": "Default",
        "CinematicNodeContext": "",
        "CinematicObjects": "",
        "CustomCineArtKeysPresent": "False",
        "CustomLightingPresent": "False",
        "CustomSoundPresent": "False",
        "CustomVFXPresent": "False",
        "Emotion": "Default",
        "ForceDisableIsCustomNode": "False",
        "ID": "N122",
        "InternalNodeContext": "",
        "IsCustomNode": "False",
        "MusicTags": "",
        "NodeContext": "Disillusionment, shellshock",
        "Quality": "Bronze",
        "SFXTags": "",
        "StateChangeTags": "",
        "TemplateNodeUUID": "00000000-0000-0000-0000-000000000000",
        "TemplateVersion": "0",
        "VFXTags": "",
        "collapsed": "False",
        "logicalname": "Answer",
        "position": "335;-3489",
        "sourcetemplate": ""
      }
    },
    "962c84ff-128f-ca2e-1a0d-c0670543a574": {
      "SourceNode": "39c0b9d7-ca51-9876-d15f-b66c4fc55b85",
      "UUID": "962c84ff-128f-ca2e-1a0d-c0670543a574",
      "Constructor": "Alias",
      "EndNode": false,
      "Root": false,
      "ShowOnce": false,
      "SpeakerNo": -1,
      "AddressedSpeaker": -1,
      "Children": [
        "37d44608-0fca-6862-47e2-90d9b29c0923"
      ],
      "CheckFlags": [],
      "SetFlags": [],
      "TaggedTextList": [],
      "EditorData": {
        "ID": "N186",
        "TemplateNodeUUID": "00000000-0000-0000-0000-000000000000",
        "TemplateVersion": "0",
        "collapsed": "False",
        "logicalname": "Alias (Answer)",
        "position": "975;-1956",
        "sourcetemplate": ""
      }
    },
    "a517f4e1-ad5b-d804-ab06-644d410f86d7": {
      "UUID": "a517f4e1-ad5b-d804-ab06-644d410f86d7",
      "Constructor": "TagAnswer",
      "EndNode": false,
      "Root": false,
      "ShowOnce": false,
      "SpeakerNo": 0,
      "AddressedSpeaker": -1,
      "Children": [
        "48177c9e-623d-4662-3014-a68262dec0ed"
      ],
      "CheckFlags": [],
      "SetFlags": [],
      "TaggedTextList": [
        {
          "HasTagRule": false,
          "RuleGroup": {
            "TagCombineOp": 0,
            "Rules": [],
            "RuleString": ""
          },
          "TagTexts": [
            {
              "LineId": "c30994bf-c2e5-9e10-64a6-958da0c09698",
              "Text": {
                "Handle": "h83ae258cg3c32g48ddg89c9g47615efda3c1",
                "Value": "Live through the day and you might even get to hear the finished thing."
              }
            }
          ]
        }
      ],
      "EditorData": {
        "AnimationTags": "",
        "Attitude": "Default",
        "CinematicNodeContext": "",
        "CinematicObjects": "",
        "CustomCineArtKeysPresent": "False",
        "CustomLightingPresent": "False",
        "CustomSoundPresent": "False",
        "CustomVFXPresent": "False",
        "Emotion": "Default",
        "ForceDisableIsCustomNode": "False",
        "ID": "N146",
        "InternalNodeContext": "",
        "IsCustomNode": "False",
        "MusicTags": "",
        "NodeContext": "Nervously sharing a joke",
        "Quality": "Bronze",
        "SFXTags": "",
        "StateChangeTags": "",
        "TemplateNodeUUID": "00000000-0000-0000-0000-000000000000",
        "TemplateVersion": "0",
        "VFXTags": "",
        "collapsed": "False",
        "logicalname": "Answer",
        "position": "975;-2832",
        "sourcetemplate": ""
      }
    },
    "a894d7a9-14eb-91b3-00cc-3d1a97840888": {
      "UUID": "a894d7a9-14eb-91b3-00cc-3d1a97840888",
      "Constructor": "TagAnswer",
      "EndNode": false,
      "Root": false,
      "ShowOnce": false,
      "SpeakerNo": 0,
      "AddressedSpeaker": -1,
      "Children": [
        "962c84ff-128f-ca2e-1a0d-c0670543a574"
      ],
      "CheckFlags": [],
      "SetFlags": [],
      "TaggedTextList": [
        {
          "HasTagRule": false,
          "RuleGroup": {
            "TagCombineOp": 0,
            "Rules": [],
            "RuleString": ""
          },
          "TagTexts": [
            {
              "LineId": "5ac52fa6-5f25-b637-f4b6-3150bbbe2e5d",
              "Text": {
                "Handle": "hbe95ee1cg8a3dg4215gad67gd6cdcbeb179c",
                "Value": "As a halfling's hoof, I should hope."
              }
            }
          ]
        }
      ],
      "EditorData": {
        "AnimationTags": "",
        "Attitude": "Default",
        "CinematicNodeContext": "",
        "CinematicObjects": "",
        "CustomCineArtKeysPresent": "False",
        "CustomLightingPresent": "False",
        "CustomSoundPresent": "False",
        "CustomVFXPresent": "False",
        "Emotion": "Default",
        "ForceDisableIsCustomNode": "False",
        "ID": "N136",
        "InternalNodeContext": "",
        "IsCustomNode": "False",
        "MusicTags": "",
        "NodeContext": "Agreeing vigorously",
        "Quality": "Bronze",
        "SFXTags": "",
        "StateChangeTags": "",
        "TemplateNodeUUID": "00000000-0000-0000-0000-000000000000",
        "TemplateVersion": "0",
        "VFXTags": "",
        "collapsed": "False",
        "logicalname": "Answer",
        "position": "655;-1956",
        "sourcetemplate": ""
      }
    },
    "b047a3ed-d461-d5fe-1338-31edd6209f03": {
      "UUID": "b047a3ed-d461-d5fe-1338-31edd6209f03",
      "Constructor": "TagAnswer",
      "EndNode": false,
      "Root": false,
      "ShowOnce": false,
      "SpeakerNo": 0,
      "AddressedSpeaker": -1,
      "Children": [
        "70d0894c-5674-ef9e-9c17-ec468dc76c07"
      ],
      "CheckFlags": [],
      "SetFlags": [],
      "TaggedTextList": [
        {
          "HasTagRule": false,
          "RuleGroup": {
            "TagCombineOp": 0,
            "Rules": [],
            "RuleString": ""
          },
          "TagTexts": [
            {
              "LineId": "879c6f9a-8f13-c94a-a633-30995b7e1455",
              "Text": {
                "Handle": "h0db432d4gf83fg45b1gb675g0fdbcd8ae82b",
                "Value": "Hardly going to be much use in a battle, am I?"
              }
            }
          ]
        }
      ],
      "EditorData": {
        "AnimationTags": "",
        "Attitude": "Default",
        "CinematicNodeContext": "",
        "CinematicObjects": "",
        "CustomCineArtKeysPresent": "False",
        "CustomLightingPresent": "False",
        "CustomSoundPresent": "False",
        "CustomVFXPresent": "False",
        "Emotion": "Default",
        "ForceDisableIsCustomNode": "False",
        "ID": "N141",
        "InternalNodeContext": "",
        "IsCustomNode": "False",
        "MusicTags": "",
        "NodeContext": "Admitting, knows her own strengths",
        "Quality": "Bronze",
        "SFXTags": "",
        "StateChangeTags": "",
        "TemplateNodeUUID": "00000000-0000-0000-0000-000000000000",
        "TemplateVersion": "0",
        "VFXTags": "",
        "collapsed": "False",
        "logicalname": "Answer",
        "position": "655;-2613",
        "sourcetemplate": ""
      }
    },
    "b2b2f11c-f36a-d4a1-b3a8-7f7f847e0755": {
      "UUID": "b2b2f11c-f36a-d4a1-b3a8-7f7f847e0755",
      "Constructor": "TagAnswer",
      "EndNode": false,
      "Root": false,
      "ShowOnce": false,
      "SpeakerNo": 0,
      "AddressedSpeaker": -1,
      "Children": [
        "39c0b9d7-ca51-9876-d15f-b66c4fc55b85"
      ],
      "CheckFlags": [],
      "SetFlags": [],
      "TaggedTextList": [
        {
          "HasTagRule": false,
          "RuleGroup": {
            "TagCombineOp": 0,
            "Rules": [],
            "RuleString": ""
          },
          "TagTexts": [
            {
              "LineId": "f447701e-7c01-7d95-5626-ef3cc048ab54",
              "Text": {
                "Handle": "h533a6c60g0df5g4760g95beg41d26a83d774",
                "Value": "I only seem to know the sad ones, and, well..."
              }
            }
          ]
        }
      ],
      "EditorData": {
        "AnimationTags": "",
        "Attitude": "Default",
        "CinematicNodeContext": "",
        "CinematicObjects": "",
        "CustomCineArtKeysPresent": "False",
        "CustomLightingPresent": "False",
        "CustomSoundPresent": "False",
        "CustomVFXPresent": "False",
        "Emotion": "Default",
        "ForceDisableIsCustomNode": "False",
        "ID": "N134",
        "InternalNodeContext": "",
        "IsCustomNode": "False",
        "MusicTags": "",
        "NodeContext": "Making an excuse",
        "Quality": "Bronze",
        "SFXTags": "",
        "StateChangeTags": "",
        "TemplateNodeUUID": "00000000-0000-0000-0000-000000000000",
        "TemplateVersion": "0",
        "VFXTags": "",
        "collapsed": "False",
        "logicalname": "Answer",
        "position": "655;-2175",
        "sourcetemplate": ""
      }
    },
    "b5aa155a-04e7-1a49-4fa7-afb13e0de193": {
      "UUID": "b5aa155a-04e7-1a49-4fa7-afb13e0de193",
      "Constructor": "TagAnswer",
      "EndNode": false,
      "Root": false,
      "ShowOnce": false,
      "SpeakerNo": 0,
      "AddressedSpeaker": -1,
      "Children": [
        "a517f4e1-ad5b-d804-ab06-644d410f86d7"
      ],
      "CheckFlags": [],
      "SetFlags": [],
      "TaggedTextList": [
        {
          "HasTagRule": false,
          "RuleGroup": {
            "TagCombineOp": 0,
            "Rules": [],
            "RuleString": ""
          },
          "TagTexts": [
            {
              "LineId": "e357ed0a-6d9f-04e0-15ab-90dcf3b03ac9",
              "Text": {
                "Handle": "hbe98df81g609bg454egb918g7e1da0e79468",
                "Value": "I'm... better, I think. Song's coming along, thanks to you. "
              }
            }
          ]
        }
      ],
      "EditorData": {
        "AnimationTags": "",
        "Attitude": "Default",
        "CinematicNodeContext": "",
        "CinematicObjects": "",
        "CustomCineArtKeysPresent": "False",
        "CustomLightingPresent": "False",
        "CustomSoundPresent": "False",
        "CustomVFXPresent": "False",
        "Emotion": "Default",
        "ForceDisableIsCustomNode": "False",
        "ID": "N144",
        "InternalNodeContext": "",
        "IsCustomNode": "False",
        "MusicTags": "",
        "NodeContext": "Polite, thoughtful",
        "Quality": "Bronze",
        "SFXTags": "",
        "StateChangeTags": "",
        "TemplateNodeUUID": "00000000-0000-0000-0000-000000000000",
        "TemplateVersion": "0",
        "VFXTags": "",
        "collapsed": "False",
        "logicalname": "Answer",
        "position": "655;-2832",
        "sourcetemplate": ""
      }
    },
    "b5df145e-7bf5-325a-667d-543a62019989": {
      "UUID": "b5df145e-7bf5-325a-667d-543a62019989",
      "Constructor": "TagQuestion",
      "EndNode": false,
      "Root": false,
      "ShowOnce": true,
      "SpeakerNo": 1,
      "AddressedSpeaker": -1,
      "Children": [
        "b047a3ed-d461-d5fe-1338-31edd6209f03"
      ],
      "CheckFlags": [],
      "SetFlags": [],
      "TaggedTextList": [
        {
          "HasTagRule": false,
          "RuleGroup": {
            "TagCombineOp": 0,
            "Rules": [],
            "RuleString": ""
          },
          "TagTexts": [
            {
              "LineId": "0f26ac6e-508d-e388-678f-37122fe04c0c",
              "Text": {
                "Handle": "h73b54c5fg5718g46a3g8989g7c58dd7403ed",
                "Value": "What are you doing hiding down here?"
              }
            }
          ]
        }
      ],
      "EditorData": {
        "AnimationTags": "",
        "Attitude": "Default",
        "CinematicNodeContext": "",
        "CinematicObjects": "",
        "CustomCineArtKeysPresent": "False",
        "CustomLightingPresent": "False",
        "CustomSoundPresent": "False",
        "CustomVFXPresent": "False",
        "Emotion": "Default",
        "ForceDisableIsCustomNode": "False",
        "ID": "N140",
        "InternalNodeContext": "",
        "IsCustomNode": "False",
        "MusicTags": "",
        "NodeContext": "",
        "Quality": "Bronze",
        "SFXTags": "",
        "StateChangeTags": "",
        "TemplateNodeUUID": "00000000-0000-0000-0000-000000000000",
        "TemplateVersion": "0",
        "VFXTags": "",
        "collapsed": "False",
        "logicalname": "Question",
        "position": "335;-2613",
        "sourcetemplate": ""
      }
    },
    "b701d70e-a3e2-624a-6f7d-d7e2197504b4": {
      "UUID": "b701d70e-a3e2-624a-6f7d-d7e2197504b4",
      "Constructor": "TagQuestion",
      "EndNode": false,
      "Root": false,
      "ShowOnce": true,
      "SpeakerNo": 1,
      "AddressedSpeaker": -1,
      "Children": [
        "34695c6a-be87-c343-b7d4-db92f44f8790"
      ],
      "CheckFlags": [
        {
          "Flags": [
            {
              "UUID": "e49c027c-6ec6-4158-9afb-8b59236d10fd",
              "value": true,
              "paramval": 1,
              "Name": "REALLY_GITHYANKI"
            }
          ],
          "Type": "Tag"
        }
      ],
      "SetFlags": [],
      "TaggedTextList": [
        {
          "HasTagRule": false,
          "RuleGroup": {
            "TagCombineOp": 0,
            "Rules": [],
            "RuleString": ""
          },
          "TagTexts": [
            {
              "LineId": "1bf35511-b793-1156-884e-7b1ce42b6d50",
              "Text": {
                "Handle": "h15ed70d4g3b00g473fg9bb9g2c5561ada882",
                "Value": "Then slay the whelps before they have the chance. "
              }
            }
          ]
        }
      ],
      "EditorData": {
        "AnimationTags": "",
        "Attitude": "Default",
        "CinematicNodeContext": "",
        "CinematicObjects": "",
        "CustomCineArtKeysPresent": "False",
        "CustomLightingPresent": "False",
        "CustomSoundPresent": "False",
        "CustomVFXPresent": "False",
        "Emotion": "Default",
        "ForceDisableIsCustomNode": "False",
        "ID": "N183",
        "InternalNodeContext": "",
        "IsCustomNode": "False",
        "MusicTags": "",
        "NodeContext": "",
        "Quality": "Bronze",
        "SFXTags": "",
        "StateChangeTags": "",
        "TemplateNodeUUID": "00000000-0000-0000-0000-000000000000",
        "TemplateVersion": "0",
        "VFXTags": "",
        "collapsed": "False",
        "logicalname": "Githyanki",
        "position": "335;-1299",
        "sourcetemplate": ""
      }
    },
    "b73110c9-7d9b-0e60-6827-f1f2b5dc573b": {
      "UUID": "b73110c9-7d9b-0e60-6827-f1f2b5dc573b",
      "Constructor": "TagAnswer",
      "EndNode": false,
      "Root": false,
      "ShowOnce": false,
      "SpeakerNo": 0,
      "AddressedSpeaker": -1,
      "Children": [
        "6b8d3275-772f-54ef-c526-0b845d1dc79b"
      ],
      "CheckFlags": [],
      "SetFlags": [],
      "TaggedTextList": [
        {
          "HasTagRule": false,
          "RuleGroup": {
            "TagCombineOp": 0,
            "Rules": [],
            "RuleString": ""
          },
          "TagTexts": [
            {
              "LineId": "836c5faa-41c4-fab8-cc27-96add5cdb641",
              "Text": {
                "Handle": "h9fd0ea3fg18deg45adg855eg2b7f5d247461",
                "Value": "You may, but unless you can spin a tale worthy of Milil, I suggest running while you can. "
              }
            }
          ]
        }
      ],
      "EditorData": {
        "AnimationTags": "",
        "Attitude": "Default",
        "CinematicNodeContext": "",
        "CinematicObjects": "",
        "CustomCineArtKeysPresent": "False",
        "CustomLightingPresent": "False",
        "CustomSoundPresent": "False",
        "CustomVFXPresent": "False",
        "Emotion": "Default",
        "ForceDisableIsCustomNode": "False",
        "ID": "N182",
        "InternalNodeContext": "",
        "IsCustomNode": "False",
        "MusicTags": "",
        "NodeContext": "Joking. You're messing with the player.",
        "Quality": "Bronze",
        "SFXTags": "",
        "StateChangeTags": "",
        "TemplateNodeUUID": "00000000-0000-0000-0000-000000000000",
        "TemplateVersion": "0",
        "VFXTags": "",
        "collapsed": "False",
        "logicalname": "Answer",
        "position": "655;-1080",
        "sourcetemplate": ""
      }
    },
    "bc8ae955-e2b7-2af9-8004-abf19f886614": {
      "UUID": "bc8ae955-e2b7-2af9-8004-abf19f886614",
      "Constructor": "TagQuestion",
      "EndNode": false,
      "Root": false,
      "ShowOnce": true,
      "SpeakerNo": 1,
      "AddressedSpeaker": -1,
      "Children": [
        "b2b2f11c-f36a-d4a1-b3a8-7f7f847e0755"
      ],
      "CheckFlags": [
        {
          "Flags": [
            {
              "UUID": "e8ab958f-015b-f97d-5da4-c599b67e5ba0",
              "value": false,
              "paramval": null,
              "Name": "DEN_TieflingBard_State_FinishedSong"
            }
          ],
          "Type": "Global"
        }
      ],
      "SetFlags": [],
      "TaggedTextList": [
        {
          "HasTagRule": false,
          "RuleGroup": {
            "TagCombineOp": 0,
            "Rules": [],
            "RuleString": ""
          },
          "TagTexts": [
            {
              "LineId": "986d79b9-01d2-d186-ffcd-0bbf966b940f",
              "Text": {
                "Handle": "h93af0886ga1a1g4487g9df0gb1b0a527300f",
                "Value": "Why don't you play some music instead?"
              }
            }
          ]
        }
      ],
      "EditorData": {
        "AnimationTags": "",
        "Attitude": "Default",
        "CinematicNodeContext": "",
        "CinematicObjects": "",
        "CustomCineArtKeysPresent": "False",
        "CustomLightingPresent": "False",
        "CustomSoundPresent": "False",
        "CustomVFXPresent": "False",
        "Emotion": "Default",
        "ForceDisableIsCustomNode": "False",
        "ID": "N128",
        "InternalNodeContext": "",
        "IsCustomNode": "False",
        "MusicTags": "",
        "NodeContext": "",
        "Quality": "Bronze",
        "SFXTags": "",
        "StateChangeTags": "",
        "TemplateNodeUUID": "00000000-0000-0000-0000-000000000000",
        "TemplateVersion": "0",
        "VFXTags": "",
        "collapsed": "False",
        "logicalname": "Question",
        "position": "335;-2175",
        "sourcetemplate": ""
      }
    },
    "bd66571a-56b7-12aa-f6a4-267aa924a989": {
      "UUID": "bd66571a-56b7-12aa-f6a4-267aa924a989",
      "Constructor": "TagGreeting",
      "EndNode": true,
      "Root": true,
      "ShowOnce": false,
      "SpeakerNo": 0,
      "AddressedSpeaker": -1,
      "Children": [],
      "CheckFlags": [
        {
          "Flags": [
            {
              "UUID": "ad6d5343-d555-42bd-b39a-463d75397d92",
              "value": true,
              "paramval": 1,
              "Name": "DEN_AttackOnDen_HasMet_TieflingBard"
            }
          ],
          "Type": "Dialog"
        }
      ],
      "SetFlags": [],
      "TaggedTextList": [
        {
          "HasTagRule": false,
          "RuleGroup": {
            "TagCombineOp": 0,
            "Rules": [],
            "RuleString": ""
          },
          "TagTexts": [
            {
              "LineId": "64cc00d3-0686-35bc-f386-5884fcea2c63",
              "Text": {
                "Handle": "h9325a3e2gcb1eg43fcg802eg6b0da3f12794",
                "Value": "Get to the walls, beat the goblins back. Trust me - it's an easier job than this."
              }
            }
          ]
        }
      ],
      "EditorData": {
        "AnimationTags": "",
        "Attitude": "Default",
        "CinematicNodeContext": "",
        "CinematicObjects": "",
        "CustomCineArtKeysPresent": "False",
        "CustomLightingPresent": "False",
        "CustomSoundPresent": "False",
        "CustomVFXPresent": "False",
        "Emotion": "Default",
        "ForceDisableIsCustomNode": "False",
        "ID": "N2",
        "InternalNodeContext": "",
        "IsCustomNode": "False",
        "MusicTags": "",
        "NodeContext": "Grim determination, gallows humour",
        "Quality": "Bronze",
        "SFXTags": "",
        "StateChangeTags": "",
        "TemplateNodeUUID": "00000000-0000-0000-0000-000000000000",
        "TemplateVersion": "0",
        "VFXTags": "",
        "collapsed": "False",
        "logicalname": "Greeting",
        "position": "15;-3270",
        "sourcetemplate": ""
      }
    },
    "bf2e38e8-36ce-ab27-73c2-2b6dbc7e6e4d": {
      "SourceNode": "39c0b9d7-ca51-9876-d15f-b66c4fc55b85",
      "UUID": "bf2e38e8-36ce-ab27-73c2-2b6dbc7e6e4d",
      "Constructor": "Alias",
      "EndNode": false,
      "Root": false,
      "ShowOnce": false,
      "SpeakerNo": -1,
      "AddressedSpeaker": -1,
      "Children": [
        "53fad8f1-5b3e-240e-d950-ac2009829f74"
      ],
      "CheckFlags": [],
      "SetFlags": [],
      "TaggedTextList": [],
      "EditorData": {
        "ID": "N187",
        "TemplateNodeUUID": "00000000-0000-0000-0000-000000000000",
        "TemplateVersion": "0",
        "collapsed": "False",
        "logicalname": "Alias (Answer)",
        "position": "655;-861",
        "sourcetemplate": ""
      }
    },
    "cf741320-270c-4917-e2c2-0c257bb0e97c": {
      "UUID": "cf741320-270c-4917-e2c2-0c257bb0e97c",
      "Constructor": "TagGreeting",
      "EndNode": false,
      "Root": true,
      "ShowOnce": false,
      "SpeakerNo": 0,
      "AddressedSpeaker": -1,
      "Children": [
        "efbb1e21-5a86-f231-4a39-71964d248049",
        "b5df145e-7bf5-325a-667d-543a62019989",
        "337be065-5f2d-7757-ff8f-7a65cc87aef0",
        "bc8ae955-e2b7-2af9-8004-abf19f886614",
        "d992716d-6d8f-f8e9-bd49-6c12fc641ca5",
        "4fe42aa0-6aea-b642-8d56-5646eb8d7525",
        "6045500a-a252-2741-cd75-8e70912243b7",
        "b701d70e-a3e2-624a-6f7d-d7e2197504b4",
        "6fc35177-bc13-a374-19a7-371a36332be3",
        "5e8e21ec-3ad8-5b56-3985-df78f2c14bbe",
        "4390b069-6287-3967-e285-d1f45989e3d5",
        "3f0f0c07-645b-aa1a-0202-f4dff632a6dd"
      ],
      "CheckFlags": [],
      "SetFlags": [
        {
          "Flags": [
            {
              "UUID": "ad6d5343-d555-42bd-b39a-463d75397d92",
              "value": true,
              "paramval": 1,
              "Name": "DEN_AttackOnDen_HasMet_TieflingBard"
            }
          ],
          "Type": "Dialog"
        }
      ],
      "TaggedTextList": [
        {
          "HasTagRule": false,
          "RuleGroup": {
            "TagCombineOp": 0,
            "Rules": [],
            "RuleString": ""
          },
          "TagTexts": [
            {
              "LineId": "60675c7d-b9a3-7ea9-c33d-e79f2a30e352",
              "Text": {
                "Handle": "h586f2aa6g905fg449fgbb48ga20b74bc2155",
                "Value": "Yes...? I'm pretty certain if I stop for too long they will actually <i>eat</i> me."
              }
            }
          ]
        }
      ],
      "EditorData": {
        "AnimationTags": "",
        "Attitude": "Default",
        "CinematicNodeContext": "",
        "CinematicObjects": "",
        "CustomCineArtKeysPresent": "False",
        "CustomLightingPresent": "False",
        "CustomSoundPresent": "False",
        "CustomVFXPresent": "False",
        "Emotion": "Default",
        "ForceDisableIsCustomNode": "False",
        "ID": "N1",
        "InternalNodeContext": "",
        "IsCustomNode": "False",
        "MusicTags": "",
        "NodeContext": "A whispered aside - she's worried about losing the childrens' already fading attention",
        "Quality": "Bronze",
        "SFXTags": "",
        "StateChangeTags": "",
        "TemplateNodeUUID": "00000000-0000-0000-0000-000000000000",
        "TemplateVersion": "0",
        "VFXTags": "",
        "collapsed": "False",
        "logicalname": "Greeting",
        "position": "15;-1299",
        "sourcetemplate": ""
      }
    },
    "d992716d-6d8f-f8e9-bd49-6c12fc641ca5": {
      "UUID": "d992716d-6d8f-f8e9-bd49-6c12fc641ca5",
      "Constructor": "TagQuestion",
      "EndNode": false,
      "Root": false,
      "ShowOnce": true,
      "SpeakerNo": 1,
      "AddressedSpeaker": -1,
      "Children": [
        "a894d7a9-14eb-91b3-00cc-3d1a97840888"
      ],
      "CheckFlags": [],
      "SetFlags": [],
      "TaggedTextList": [
        {
          "HasTagRule": false,
          "RuleGroup": {
            "TagCombineOp": 0,
            "Rules": [],
            "RuleString": ""
          },
          "TagTexts": [
            {
              "LineId": "99c92e95-d09c-7203-b853-02cdeba68cf1",
              "Text": {
                "Handle": "h76e0b192g8b80g41b1gbd8fg119854c28947",
                "Value": "The details of your story seem a little fuzzy."
              }
            }
          ]
        }
      ],
      "EditorData": {
        "AnimationTags": "",
        "Attitude": "Default",
        "CinematicNodeContext": "",
        "CinematicObjects": "",
        "CustomCineArtKeysPresent": "False",
        "CustomLightingPresent": "False",
        "CustomSoundPresent": "False",
        "CustomVFXPresent": "False",
        "Emotion": "Default",
        "ForceDisableIsCustomNode": "False",
        "ID": "N130",
        "InternalNodeContext": "",
        "IsCustomNode": "False",
        "MusicTags": "",
        "NodeContext": "",
        "Quality": "Bronze",
        "SFXTags": "",
        "StateChangeTags": "",
        "TemplateNodeUUID": "00000000-0000-0000-0000-000000000000",
        "TemplateVersion": "0",
        "VFXTags": "",
        "collapsed": "False",
        "logicalname": "Question",
        "position": "335;-1956",
        "sourcetemplate": ""
      }
    },
    "e4885d43-1d53-7e86-ccd0-524544b77d4f": {
      "UUID": "e4885d43-1d53-7e86-ccd0-524544b77d4f",
      "Constructor": "TagAnswer",
      "EndNode": false,
      "Root": false,
      "ShowOnce": false,
      "SpeakerNo": 1,
      "AddressedSpeaker": -1,
      "Children": [
        "5d30ac2e-cf52-c1d7-a381-a645650c8efb",
        "ea8804a3-6539-cbb8-6693-1ea9e5c8255b"
      ],
      "CheckFlags": [],
      "SetFlags": [
        {
          "Flags": [
            {
              "UUID": "c6aab178-d0d2-4b63-a99a-dce19920691c",
              "value": true,
              "paramval": 1,
              "Name": "ORI_Inclusion_Karlach"
            }
          ],
          "Type": "Object"
        }
      ],
      "TaggedTextList": [],
      "EditorData": {
        "AnimationTags": "",
        "Attitude": "Default",
        "CinematicNodeContext": "",
        "CinematicObjects": "",
        "CustomCineArtKeysPresent": "False",
        "CustomLightingPresent": "False",
        "CustomSoundPresent": "False",
        "CustomVFXPresent": "False",
        "Emotion": "Default",
        "ForceDisableIsCustomNode": "False",
        "ID": "N164",
        "InternalNodeContext": "",
        "IsCustomNode": "False",
        "MusicTags": "",
        "NodeContext": "",
        "Quality": "Bronze",
        "SFXTags": "",
        "StateChangeTags": "",
        "TemplateNodeUUID": "00000000-0000-0000-0000-000000000000",
        "TemplateVersion": "0",
        "VFXTags": "",
        "collapsed": "False",
        "logicalname": "LOGIC NODE",
        "position": "975;-1737",
        "sourcetemplate": ""
      }
    },
    "e8fa7fed-af5b-ab2f-a600-264f9f609cb4": {
      "UUID": "e8fa7fed-af5b-ab2f-a600-264f9f609cb4",
      "Constructor": "TagGreeting",
      "EndNode": true,
      "Root": true,
      "ShowOnce": false,
      "SpeakerNo": 0,
      "AddressedSpeaker": -1,
      "Children": [],
      "CheckFlags": [
        {
          "Flags": [
            {
              "UUID": "94f6b02c-edac-ffd2-ee38-ead0956b438a",
              "value": true,
              "paramval": 1,
              "Name": "DEN_AttackOnDen_HasMet_TieflingBardVictory"
            }
          ],
          "Type": "Dialog"
        },
        {
          "Flags": [
            {
              "UUID": "71c7f23e-3ff1-c9b8-3ef5-d75fa1b42c8d",
              "value": true,
              "paramval": null,
              "Name": "DEN_AttackOnDen_State_DenVictory"
            }
          ],
          "Type": "Global"
        }
      ],
      "SetFlags": [],
      "TaggedTextList": [
        {
          "HasTagRule": false,
          "RuleGroup": {
            "TagCombineOp": 0,
            "Rules": [],
            "RuleString": ""
          },
          "TagTexts": [
            {
              "LineId": "1d643b63-15ed-78f2-b49d-6aba690f16ca",
              "Text": {
                "Handle": "h0a9a346dg2ee4g4d6dg913dg3ab5bb4641a5",
                "Value": "On to playing for coppers on the corners of Baldur's Gate. I can hardly stand the glamour."
              }
            }
          ]
        }
      ],
      "EditorData": {
        "AnimationTags": "",
        "Attitude": "Friendly",
        "CinematicNodeContext": "",
        "CinematicObjects": "",
        "CustomCineArtKeysPresent": "False",
        "CustomLightingPresent": "False",
        "CustomSoundPresent": "False",
        "CustomVFXPresent": "False",
        "Emotion": "Happiness",
        "ForceDisableIsCustomNode": "False",
        "ID": "N4",
        "InternalNodeContext": "",
        "IsCustomNode": "False",
        "MusicTags": "",
        "NodeContext": "Dawning horror",
        "Quality": "Bronze",
        "SFXTags": "",
        "StateChangeTags": "",
        "TemplateNodeUUID": "00000000-0000-0000-0000-000000000000",
        "TemplateVersion": "0",
        "VFXTags": "",
        "collapsed": "False",
        "logicalname": "Den was defended successfully",
        "position": "15;-3708",
        "sourcetemplate": ""
      }
    },
    "ea8804a3-6539-cbb8-6693-1ea9e5c8255b": {
      "UUID": "ea8804a3-6539-cbb8-6693-1ea9e5c8255b",
      "Constructor": "TagAnswer",
      "EndNode": false,
      "Root": false,
      "ShowOnce": false,
      "SpeakerNo": 0,
      "AddressedSpeaker": -1,
      "Children": [
        "0aa1ec66-1ba9-c404-7f57-bfc686fae5a9"
      ],
      "CheckFlags": [
        {
          "Flags": [
            {
              "UUID": "1a2f70d6-8ead-4eb5-a824-79ee1971764a",
              "value": true,
              "paramval": 2,
              "Name": "REALLY_KARLACH"
            }
          ],
          "Type": "Tag"
        }
      ],
      "SetFlags": [],
      "TaggedTextList": [
        {
          "HasTagRule": false,
          "RuleGroup": {
            "TagCombineOp": 0,
            "Rules": [],
            "RuleString": ""
          },
          "TagTexts": [
            {
              "LineId": "fc2f29a9-41e0-94d2-067f-b06a95b1af73",
              "Text": {
                "Handle": "hd50bbe75g2d60g43dcga54cgf0d0c1089c16",
                "Value": "I suppose you'll just have to get up there and change that. No pressure, kin."
              }
            }
          ]
        }
      ],
      "EditorData": {
        "AnimationTags": "",
        "Attitude": "Default",
        "CinematicNodeContext": "",
        "CinematicObjects": "",
        "CustomCineArtKeysPresent": "False",
        "CustomLightingPresent": "False",
        "CustomSoundPresent": "False",
        "CustomVFXPresent": "False",
        "Emotion": "Default",
        "ForceDisableIsCustomNode": "False",
        "ID": "N168",
        "InternalNodeContext": "",
        "IsCustomNode": "False",
        "MusicTags": "",
        "NodeContext": "",
        "Quality": "Bronze",
        "SFXTags": "",
        "StateChangeTags": "",
        "TemplateNodeUUID": "00000000-0000-0000-0000-000000000000",
        "TemplateVersion": "0",
        "VFXTags": "",
        "collapsed": "False",
        "logicalname": "Answer",
        "position": "1295;-1518",
        "sourcetemplate": ""
      }
    },
    "efbb1e21-5a86-f231-4a39-71964d248049": {
      "UUID": "efbb1e21-5a86-f231-4a39-71964d248049",
      "Constructor": "TagQuestion",
      "EndNode": false,
      "Root": false,
      "ShowOnce": true,
      "SpeakerNo": 1,
      "AddressedSpeaker": -1,
      "Children": [
        "b5aa155a-04e7-1a49-4fa7-afb13e0de193"
      ],
      "CheckFlags": [
        {
          "Flags": [
            {
              "UUID": "e8ab958f-015b-f97d-5da4-c599b67e5ba0",
              "value": true,
              "paramval": null,
              "Name": "DEN_TieflingBard_State_FinishedSong"
            }
          ],
          "Type": "Global"
        }
      ],
      "SetFlags": [],
      "TaggedTextList": [
        {
          "HasTagRule": false,
          "RuleGroup": {
            "TagCombineOp": 0,
            "Rules": [],
            "RuleString": ""
          },
          "TagTexts": [
            {
              "LineId": "1374ec5a-528b-5755-7e76-7ce781ba6936",
              "Text": {
                "Handle": "h4da35a9fgfac4g4603g8a1eg737acc960fb4",
                "Value": "Good to see you again. How are you holding up? "
              }
            }
          ]
        }
      ],
      "EditorData": {
        "AnimationTags": "",
        "Attitude": "Default",
        "CinematicNodeContext": "",
        "CinematicObjects": "",
        "CustomCineArtKeysPresent": "False",
        "CustomLightingPresent": "False",
        "CustomSoundPresent": "False",
        "CustomVFXPresent": "False",
        "Emotion": "Default",
        "ForceDisableIsCustomNode": "False",
        "ID": "N124",
        "InternalNodeContext": "",
        "IsCustomNode": "False",
        "MusicTags": "",
        "NodeContext": "",
        "Quality": "Bronze",
        "SFXTags": "",
        "StateChangeTags": "",
        "TemplateNodeUUID": "00000000-0000-0000-0000-000000000000",
        "TemplateVersion": "0",
        "VFXTags": "",
        "collapsed": "False",
        "logicalname": "Question",
        "position": "335;-2832",
        "sourcetemplate": ""
      }
    },
    "f1bf01f1-db35-9fa0-d0c7-ed516f44b566": {
      "UUID": "f1bf01f1-db35-9fa0-d0c7-ed516f44b566",
      "Constructor": "TagGreeting",
      "EndNode": false,
      "Root": true,
      "ShowOnce": false,
      "SpeakerNo": 0,
      "AddressedSpeaker": -1,
      "Children": [
        "92912a71-4637-1234-d23c-2e435cec04b6"
      ],
      "CheckFlags": [
        {
          "Flags": [
            {
              "UUID": "71c7f23e-3ff1-c9b8-3ef5-d75fa1b42c8d",
              "value": true,
              "paramval": null,
              "Name": "DEN_AttackOnDen_State_DenVictory"
            }
          ],
          "Type": "Global"
        }
      ],
      "SetFlags": [
        {
          "Flags": [
            {
              "UUID": "94f6b02c-edac-ffd2-ee38-ead0956b438a",
              "value": true,
              "paramval": 1,
              "Name": "DEN_AttackOnDen_HasMet_TieflingBardVictory"
            }
          ],
          "Type": "Dialog"
        }
      ],
      "TaggedTextList": [
        {
          "HasTagRule": false,
          "RuleGroup": {
            "TagCombineOp": 0,
            "Rules": [],
            "RuleString": ""
          },
          "TagTexts": [
            {
              "LineId": "05ff9b4f-45c0-c627-30ef-301f7b34d600",
              "Text": {
                "Handle": "h3c696a13g3484g4c06g8eb5g32c291cef204",
                "Value": "I'm going to have to write a song about you now, aren't I?"
              }
            }
          ]
        }
      ],
      "EditorData": {
        "AnimationTags": "",
        "Attitude": "Friendly",
        "CinematicNodeContext": "",
        "CinematicObjects": "",
        "CustomCineArtKeysPresent": "False",
        "CustomLightingPresent": "False",
        "CustomSoundPresent": "False",
        "CustomVFXPresent": "False",
        "Emotion": "Happiness",
        "ForceDisableIsCustomNode": "False",
        "ID": "N3",
        "InternalNodeContext": "",
        "IsCustomNode": "False",
        "MusicTags": "",
        "NodeContext": "Hesitant",
        "Quality": "Bronze",
        "SFXTags": "",
        "StateChangeTags": "",
        "TemplateNodeUUID": "00000000-0000-0000-0000-000000000000",
        "TemplateVersion": "0",
        "VFXTags": "",
        "collapsed": "False",
        "logicalname": "Den was defended successfully",
        "position": "15;-3489",
        "sourcetemplate": ""
      }
    },
    "f9d5d3d0-47e5-75a2-b38e-132154dc77e6": {
      "UUID": "f9d5d3d0-47e5-75a2-b38e-132154dc77e6",
      "Constructor": "TagAnswer",
      "EndNode": false,
      "Root": false,
      "ShowOnce": false,
      "SpeakerNo": 0,
      "AddressedSpeaker": -1,
      "Children": [
        "6b8d3275-772f-54ef-c526-0b845d1dc79b"
      ],
      "CheckFlags": [],
      "SetFlags": [],
      "TaggedTextList": [
        {
          "HasTagRule": false,
          "RuleGroup": {
            "TagCombineOp": 0,
            "Rules": [],
            "RuleString": ""
          },
          "TagTexts": [
            {
              "LineId": "9a14846e-5c9b-3aca-daf4-e68565390c32",
              "Text": {
                "Handle": "he1c7cf22g6f00g40a8g9831g004979d2e6cf",
                "Value": "Hah! I'd pay good money to see you try. They're cute but deadly. Like the Realms' most terrifying bunny rabbits."
              }
            }
          ]
        }
      ],
      "EditorData": {
        "AnimationTags": "",
        "Attitude": "Default",
        "CinematicNodeContext": "",
        "CinematicObjects": "",
        "CustomCineArtKeysPresent": "False",
        "CustomLightingPresent": "False",
        "CustomSoundPresent": "False",
        "CustomVFXPresent": "False",
        "Emotion": "Default",
        "ForceDisableIsCustomNode": "False",
        "ID": "N176",
        "InternalNodeContext": "",
        "IsCustomNode": "False",
        "MusicTags": "",
        "NodeContext": "Cheery and delighted. Leaning like it's a secret. ",
        "Quality": "Bronze",
        "SFXTags": "",
        "StateChangeTags": "",
        "TemplateNodeUUID": "00000000-0000-0000-0000-000000000000",
        "TemplateVersion": "0",
        "VFXTags": "",
        "collapsed": "False",
        "logicalname": "Answer",
        "position": "655;-1518",
        "sourcetemplate": ""
      }
    }
  },
  "SpeakerDict": {
    "0": {
      "IsPeanutSpeaker": false,
      "SpeakerMappingId": "bfab4ded-1260-51ac-b921-d49827230c9b",
      "Index": 0,
      "List": [
        "4a405fba-3000-4c63-97e5-a8001ebb883c"
      ],
      "SpeakerCharacter": {
        "DisplayName": "Alfira",
        "Type": "character",
        "MapKey": "4a405fba-3000-4c63-97e5-a8001ebb883c",
        "Name": "S_DEN_Bard",
        "ParentTemplateId": null,
        "TemplateName": "9103fce3-6423-4f8a-af04-83ac1af2a1d7"
      },
      "SpeakerGroupName": null
    },
    "1": {
      "IsPeanutSpeaker": false,
      "SpeakerMappingId": "0363fd6c-42c9-8bc7-91f3-21f9b09ddb55",
      "Index": 1,
      "List": [
        "e0d1ff71-04a8-4340-ae64-9684d846eb83"
      ],
      "SpeakerCharacter": {
        "DisplayName": "Player",
        "Type": "character",
        "MapKey": "e2badbf0-159a-4ef5-9e73-7bbeb3d1015a",
        "Name": "S_GLO_CharacterCreationDummy_001",
        "ParentTemplateId": null,
        "TemplateName": "fd7f2707-8f86-4836-bda8-e0db99c389cc"
      },
      "SpeakerGroupName": "GROUP_Players"
    },
    "2": {
      "IsPeanutSpeaker": true,
      "SpeakerMappingId": "26f26043-556f-1ddb-7c99-b59dbef9dd5d",
      "Index": 2,
      "List": [
        "2c76687d-93a2-477b-8b18-8a14b549304c"
      ],
      "SpeakerCharacter": {
        "DisplayName": "Karlach",
        "Type": "character",
        "MapKey": "2c76687d-93a2-477b-8b18-8a14b549304c",
        "Name": "S_Player_Karlach",
        "ParentTemplateId": null,
        "TemplateName": "3ab0a797-0904-47cb-955d-cdc3ec32409c"
      },
      "SpeakerGroupName": null
    }
  },
  "Synopsis": "Alfira is trying to distract the children from battle preparations going on around them."
}