{
  "Path": "Mods/Gustav/Story/Dialogs/Act1/DEN/DEN_AttackOnDen_PAD_DeadKids.lsj",
  "UUID": "28799596-1cf8-3f91-8f41-a9340f58be8b",
  "Category": "Voice bark",
  "DefaultAddressedSpeakers": {
    "0": -1
  },
  "RootNodes": [
    "88b6cca1-92ee-13a6-cec3-2beefada83b6"
  ],
  "Nodes": {
    "88b6cca1-92ee-13a6-cec3-2beefada83b6": {
      "UUID": "88b6cca1-92ee-13a6-cec3-2beefada83b6",
      "Constructor": "TagGreeting",
      "EndNode": true,
      "Root": true,
      "ShowOnce": false,
      "SpeakerNo": 0,
      "AddressedSpeaker": 0,
      "Children": [],
      "CheckFlags": [],
      "SetFlags": [],
      "TaggedTextList": [
        {
          "HasTagRule": true,
          "RuleGroup": {
            "TagCombineOp": 0,
            "Rules": [
              {
                "HasChildRules": false,
                "TagCombineOp": 0,
                "Tags": [
                  "ffd08582-7396-4cac-bcd4-8f9cd0fd8ef3"
                ],
                "TagNames": [
                  "REALLY_ASTARION"
                ]
              }
            ],
            "RuleString": "REALLY_ASTARION"
          },
          "TagTexts": [
            {
              "LineId": "3aa016c0-6c59-9e83-6c00-8382bb04ddd8",
              "Text": {
                "Handle": "h1a050658g3769g42e2gbaf2g16c9bd128d5d",
                "Value": "Well. What's a little more blood on one's hands."
              }
            }
          ]
        },
        {
          "HasTagRule": true,
          "RuleGroup": {
            "TagCombineOp": 0,
            "Rules": [
              {
                "HasChildRules": false,
                "TagCombineOp": 0,
                "Tags": [
                  "9b0354c0-56d9-4723-8034-918ac9abab19"
                ],
                "TagNames": [
                  "REALLY_GALE"
                ]
              }
            ],
            "RuleString": "REALLY_GALE"
          },
          "TagTexts": [
            {
              "LineId": "5233aa87-5d6c-710e-021f-fa543eed5c41",
              "Text": {
                "Handle": "hc8432ee7gcfd7g47edgab79ga4bf55a33a89",
                "Value": "We did this. Such depravity cannot be erased."
              }
            }
          ]
        },
        {
          "HasTagRule": true,
          "RuleGroup": {
            "TagCombineOp": 0,
            "Rules": [
              {
                "HasChildRules": false,
                "TagCombineOp": 0,
                "Tags": [
                  "1a2f70d6-8ead-4eb5-a824-79ee1971764a"
                ],
                "TagNames": [
                  "REALLY_KARLACH"
                ]
              }
            ],
            "RuleString": "REALLY_KARLACH"
          },
          "TagTexts": [
            {
              "LineId": "a8a51e3d-717e-7018-7b38-1088f314ec15",
              "Text": {
                "Handle": "hf5865b82g9c5cg48fbg8559g0c04d9c32299",
                "Value": "I've seen the Hells... this is worse. What have we done?"
              }
            }
          ]
        },
        {
          "HasTagRule": true,
          "RuleGroup": {
            "TagCombineOp": 0,
            "Rules": [
              {
                "HasChildRules": false,
                "TagCombineOp": 0,
                "Tags": [
                  "b5682d1d-c395-489c-9675-1f9b0c328ea5"
                ],
                "TagNames": [
                  "REALLY_LAEZEL"
                ]
              }
            ],
            "RuleString": "REALLY_LAEZEL"
          },
          "TagTexts": [
            {
              "LineId": "677190de-b9eb-78ad-9740-8f9b176ad5e8",
              "Text": {
                "Handle": "h6acdd1b1ge3a7g47abg93fbg905ae23fe92c",
                "Value": "Younglings or not, the weak must be culled."
              }
            }
          ]
        },
        {
          "HasTagRule": true,
          "RuleGroup": {
            "TagCombineOp": 0,
            "Rules": [
              {
                "HasChildRules": false,
                "TagCombineOp": 0,
                "Tags": [
                  "642d2aee-e3df-47e3-9f47-bbcd441bb9e0"
                ],
                "TagNames": [
                  "REALLY_SHADOWHEART"
                ]
              }
            ],
            "RuleString": "REALLY_SHADOWHEART"
          },
          "TagTexts": [
            {
              "LineId": "a5c19cd5-d74f-3837-830a-868fe1696163",
              "Text": {
                "Handle": "h61a0b0aegc0fdg4756ga678gae01930c54df",
                "Value": "This is what we sowed. Shar's darkness will embrace the children now."
              }
            }
          ]
        },
        {
          "HasTagRule": true,
          "RuleGroup": {
            "TagCombineOp": 0,
            "Rules": [
              {
                "HasChildRules": false,
                "TagCombineOp": 0,
                "Tags": [
                  "5f40def5-d3ec-4698-a367-01a339888956"
                ],
                "TagNames": [
                  "REALLY_WYLL"
                ]
              }
            ],
            "RuleString": "REALLY_WYLL"
          },
          "TagTexts": [
            {
              "LineId": "044f35e6-5d7a-ed78-5b5d-a0b5d82d1838",
              "Text": {
                "Handle": "hd7a0f35cg99feg48a6gbc6ag301b707fad85",
                "Value": "Helm forgive me - what have I done?"
              }
            }
          ]
        },
        {
          "HasTagRule": false,
          "RuleGroup": {
            "TagCombineOp": 0,
            "Rules": [],
            "RuleString": ""
          },
          "TagTexts": [
            {
              "LineId": "05f61230-7c1e-f403-fbcd-4c60119572fc",
              "Text": {
                "Handle": "hf8608c3cgef32g4798gb821gfc423a191f74",
                "Value": "Butchered. They didn't stand a chance."
              }
            }
          ]
        }
      ],
      "EditorData": {
        "AnimationTags": "",
        "Attitude": "Default",
        "CinematicNodeContext": "",
        "CinematicObjects": "",
        "CustomCineArtKeysPresent": "False",
        "CustomLightingPresent": "False",
        "CustomSoundPresent": "False",
        "CustomVFXPresent": "False",
        "Emotion": "Default",
        "ForceDisableIsCustomNode": "False",
        "ID": "N3",
        "InternalNodeContext": "",
        "IsCustomNode": "False",
        "MusicTags": "",
        "NodeContext": "Shadowheart - her actions led to these childrens' deaths and her background as a dark priestess would suggest she'd feel triumphant, but her reaction is instead deflated and betays conflicted emotions (while not being entirely despairing). She got what she thought she wanted, but it feels hollow. / Astarion - bitterly. He's a little surprised that he's unhappy about it.",
        "Quality": "Bronze",
        "SFXTags": "",
        "StateChangeTags": "",
        "TemplateNodeUUID": "00000000-0000-0000-0000-000000000000",
        "TemplateVersion": "0",
        "VFXTags": "",
        "collapsed": "False",
        "logicalname": "Greeting",
        "position": "335;-204",
        "sourcetemplate": ""
      }
    }
  },
  "SpeakerDict": {
    "0": {
      "IsPeanutSpeaker": false,
      "SpeakerMappingId": "af4503ed-81a7-b7f8-a7c2-1b5718783f6b",
      "Index": 0,
      "List": [
        "e0d1ff71-04a8-4340-ae64-9684d846eb83"
      ],
      "SpeakerCharacter": {
        "DisplayName": "Player",
        "Type": "character",
        "MapKey": "e2badbf0-159a-4ef5-9e73-7bbeb3d1015a",
        "Name": "S_GLO_CharacterCreationDummy_001",
        "ParentTemplateId": null,
        "TemplateName": "fd7f2707-8f86-4836-bda8-e0db99c389cc"
      },
      "SpeakerGroupName": "GROUP_Players"
    }
  },
  "Synopsis": "Player finds dead tiefling children, killed by goblins, after assisting the goblins in a raid on the grove. NOTE: this dialog only triggers if players chose to side against the tieflings."
}