{
  "Path": "Mods/Gustav/Story/Dialogs/Act1/DEN/DEN_AttackOnDen_AD_DrowArrives.lsj",
  "UUID": "c7a9c050-239b-a9b8-ec7b-1ddc75881161",
  "Category": "Automated NPC Dialog",
  "DefaultAddressedSpeakers": {
    "0": -1,
    "1": 0,
    "2": 0,
    "3": 0,
    "4": 0,
    "5": -1
  },
  "RootNodes": [
    "5d4d8d18-3859-bb1c-dc3d-88a8ab524df3",
    "4d98581b-ffc0-83cd-38e9-92a99b22cb38"
  ],
  "Nodes": {
    "4d98581b-ffc0-83cd-38e9-92a99b22cb38": {
      "UUID": "4d98581b-ffc0-83cd-38e9-92a99b22cb38",
      "Constructor": "TagGreeting",
      "EndNode": true,
      "Root": true,
      "ShowOnce": false,
      "SpeakerNo": 0,
      "AddressedSpeaker": 0,
      "Children": [],
      "CheckFlags": [],
      "SetFlags": [],
      "TaggedTextList": [
        {
          "HasTagRule": false,
          "RuleGroup": {
            "TagCombineOp": 0,
            "Rules": [],
            "RuleString": ""
          },
          "TagTexts": [
            {
              "LineId": "9a87b02c-6dc6-1f49-b025-5a90c145e818",
              "Text": {
                "Handle": "h18df70cdga0ecg47b8gadf0gc97c3a49f31b",
                "Value": "The True Soul has already begun the slaughter. Break down the gate!"
              }
            }
          ]
        }
      ],
      "EditorData": {
        "AnimationTags": "",
        "Attitude": "Default",
        "CinematicNodeContext": "",
        "CinematicObjects": "",
        "CustomCineArtKeysPresent": "False",
        "CustomLightingPresent": "False",
        "CustomSoundPresent": "False",
        "CustomVFXPresent": "False",
        "Emotion": "Default",
        "ForceDisableIsCustomNode": "False",
        "ID": "N2",
        "InternalNodeContext": "",
        "IsCustomNode": "False",
        "MusicTags": "",
        "NodeContext": "Calling out to gathere goblins under her command at the onset of a large battle - 'True Soul' refers to the player who is actively killing tieflings and allied with the drow for now",
        "Quality": "Bronze",
        "SFXTags": "",
        "StateChangeTags": "",
        "TemplateNodeUUID": "00000000-0000-0000-0000-000000000000",
        "TemplateVersion": "0",
        "VFXTags": "",
        "collapsed": "False",
        "logicalname": "Greeting",
        "position": "15;15",
        "sourcetemplate": ""
      }
    },
    "5d4d8d18-3859-bb1c-dc3d-88a8ab524df3": {
      "UUID": "5d4d8d18-3859-bb1c-dc3d-88a8ab524df3",
      "Constructor": "TagGreeting",
      "EndNode": true,
      "Root": true,
      "ShowOnce": false,
      "SpeakerNo": 0,
      "AddressedSpeaker": 0,
      "Children": [],
      "CheckFlags": [
        {
          "Flags": [
            {
              "UUID": "4b82bf78-2b07-02b4-9f0b-7d179896be2a",
              "value": true,
              "paramval": null,
              "Name": "DEN_General_State_GateOpened"
            }
          ],
          "Type": "Global"
        }
      ],
      "SetFlags": [],
      "TaggedTextList": [
        {
          "HasTagRule": false,
          "RuleGroup": {
            "TagCombineOp": 0,
            "Rules": [],
            "RuleString": ""
          },
          "TagTexts": [
            {
              "LineId": "75f0a079-74ac-0093-cf7f-03687bd19f91",
              "Text": {
                "Handle": "h5ba9340fg6a42g4e16ga7a1g89fa0fcd3e9d",
                "Value": "The True Soul has already begun the slaughter. Charge!"
              }
            }
          ]
        }
      ],
      "EditorData": {
        "AnimationTags": "",
        "Attitude": "Default",
        "CinematicNodeContext": "",
        "CinematicObjects": "",
        "CustomCineArtKeysPresent": "False",
        "CustomLightingPresent": "False",
        "CustomSoundPresent": "False",
        "CustomVFXPresent": "False",
        "Emotion": "Default",
        "ForceDisableIsCustomNode": "False",
        "ID": "N20",
        "InternalNodeContext": "",
        "IsCustomNode": "False",
        "MusicTags": "",
        "NodeContext": "Calling out to gathered goblins under her command at the onset of a large battle - 'True Soul' refers to the player who is actively killing tieflings and allied with the drow for now",
        "Quality": "Bronze",
        "SFXTags": "",
        "StateChangeTags": "",
        "TemplateNodeUUID": "00000000-0000-0000-0000-000000000000",
        "TemplateVersion": "0",
        "VFXTags": "",
        "collapsed": "False",
        "logicalname": "Greeting",
        "position": "15;-204",
        "sourcetemplate": ""
      }
    }
  },
  "SpeakerDict": {
    "0": {
      "IsPeanutSpeaker": false,
      "SpeakerMappingId": "148fe956-92e3-24cd-8299-9741e8b286ef",
      "Index": 0,
      "List": [
        "25721313-0c15-4935-8176-9f134385451b"
      ],
      "SpeakerCharacter": {
        "DisplayName": "Nightwarden Minthara",
        "Type": "character",
        "MapKey": "25721313-0c15-4935-8176-9f134385451b",
        "Name": "S_GOB_DrowCommander",
        "ParentTemplateId": null,
        "TemplateName": "9d85d0f6-5231-4738-a674-bf28ff19e515"
      },
      "SpeakerGroupName": null
    }
  },
  "Synopsis": "The drow commander is leading a group of goblins in an attack on some tiefling refugees. If the players have chosen to side with her and are already killing the tieflings when she arrives, she is amused that the player has taken the initiative; they're excellent evil allies."
}