{
  "Path": "Mods/Gustav/Story/Dialogs/Act1/DEN/DEN_DruidAttack_AD_Weaponsmith.lsj",
  "UUID": "469a1188-028b-0e6b-b595-fa464baa551e",
  "Category": "Repeated automated NPC Dialog",
  "DefaultAddressedSpeakers": {
    "0": -1
  },
  "RootNodes": [
    "c4791adf-3a3f-ca8f-12dd-44784c1c7ff7",
    "e95bd05c-8a23-dd93-17fb-25df61b6b55d",
    "f3a3bd91-dc90-0f5a-f401-de0ba3e95ea6",
    "883b3aa6-5451-349b-138b-a0db7bb5eeba",
    "e21f747e-8f23-ab1b-713e-902fd6d3d7c7",
    "91747524-6476-549c-98fe-7f5ee1711f43",
    "8b507753-9302-64c6-786e-ca34a81225cd",
    "826fe0a6-fa34-3b6c-471c-d32556c6d7f0",
    "fe5c9871-0a32-cf94-0258-11ed62f195eb"
  ],
  "Nodes": {
    "826fe0a6-fa34-3b6c-471c-d32556c6d7f0": {
      "UUID": "826fe0a6-fa34-3b6c-471c-d32556c6d7f0",
      "Constructor": "TagGreeting",
      "EndNode": true,
      "Root": true,
      "ShowOnce": false,
      "SpeakerNo": 0,
      "AddressedSpeaker": 0,
      "Children": [],
      "CheckFlags": [
        {
          "Flags": [
            {
              "UUID": "11863471-3952-067a-b034-a9888c5b32ab",
              "value": false,
              "paramval": null,
              "Name": "469a1188-028b-0e6b-b595-fa464baa551e_b"
            },
            {
              "UUID": "64fe97b5-c4be-ee9e-cc9a-94e14eb2591c",
              "value": true,
              "paramval": null,
              "Name": "469a1188-028b-0e6b-b595-fa464baa551e_a"
            }
          ],
          "Type": "Local"
        },
        {
          "Flags": [
            {
              "UUID": "fb382926-afc1-492c-85ba-65198765b3fd",
              "value": true,
              "paramval": 0,
              "Name": "DEN_DruidAttack_State_InPosition"
            }
          ],
          "Type": "Object"
        }
      ],
      "SetFlags": [
        {
          "Flags": [
            {
              "UUID": "11863471-3952-067a-b034-a9888c5b32ab",
              "value": true,
              "paramval": null,
              "Name": "469a1188-028b-0e6b-b595-fa464baa551e_b"
            }
          ],
          "Type": "Local"
        }
      ],
      "TaggedTextList": [
        {
          "HasTagRule": false,
          "RuleGroup": {
            "TagCombineOp": 0,
            "Rules": [],
            "RuleString": ""
          },
          "TagTexts": [
            {
              "LineId": "b071250e-8190-94e1-2367-d55599c230c7",
              "Text": {
                "Handle": "hf13f879dgad70g4acfga9deg8898a71cda8d",
                "Value": "All this over a statue?"
              }
            }
          ]
        }
      ],
      "EditorData": {
        "AnimationTags": "",
        "Attitude": "Default",
        "CinematicNodeContext": "",
        "CinematicObjects": "",
        "CustomCineArtKeysPresent": "False",
        "CustomLightingPresent": "False",
        "CustomSoundPresent": "False",
        "CustomVFXPresent": "False",
        "Emotion": "Default",
        "ForceDisableIsCustomNode": "False",
        "ID": "N26",
        "InternalNodeContext": "",
        "IsCustomNode": "False",
        "MusicTags": "",
        "NodeContext": "",
        "Quality": "Bronze",
        "SFXTags": "",
        "StateChangeTags": "",
        "TemplateNodeUUID": "00000000-0000-0000-0000-000000000000",
        "TemplateVersion": "0",
        "VFXTags": "",
        "collapsed": "False",
        "logicalname": "In Position (Ready to Attack) - 2",
        "position": "15;1110",
        "sourcetemplate": ""
      }
    },
    "883b3aa6-5451-349b-138b-a0db7bb5eeba": {
      "UUID": "883b3aa6-5451-349b-138b-a0db7bb5eeba",
      "Constructor": "TagGreeting",
      "EndNode": true,
      "Root": true,
      "ShowOnce": false,
      "SpeakerNo": 0,
      "AddressedSpeaker": 0,
      "Children": [],
      "CheckFlags": [
        {
          "Flags": [
            {
              "UUID": "64fe97b5-c4be-ee9e-cc9a-94e14eb2591c",
              "value": false,
              "paramval": null,
              "Name": "469a1188-028b-0e6b-b595-fa464baa551e_a"
            }
          ],
          "Type": "Local"
        },
        {
          "Flags": [
            {
              "UUID": "fb382926-afc1-492c-85ba-65198765b3fd",
              "value": false,
              "paramval": 0,
              "Name": "DEN_DruidAttack_State_InPosition"
            }
          ],
          "Type": "Object"
        }
      ],
      "SetFlags": [
        {
          "Flags": [
            {
              "UUID": "64fe97b5-c4be-ee9e-cc9a-94e14eb2591c",
              "value": true,
              "paramval": null,
              "Name": "469a1188-028b-0e6b-b595-fa464baa551e_a"
            }
          ],
          "Type": "Local"
        }
      ],
      "TaggedTextList": [
        {
          "HasTagRule": false,
          "RuleGroup": {
            "TagCombineOp": 0,
            "Rules": [],
            "RuleString": ""
          },
          "TagTexts": [
            {
              "LineId": "397d8a35-aec7-1028-095f-542347fe159b",
              "Text": {
                "Handle": "h30d8168fge05bg44c2gab4bg8fbff2702ded",
                "Value": "More violence. It never ends."
              }
            }
          ]
        }
      ],
      "EditorData": {
        "AnimationTags": "",
        "Attitude": "Default",
        "CinematicNodeContext": "",
        "CinematicObjects": "",
        "CustomCineArtKeysPresent": "False",
        "CustomLightingPresent": "False",
        "CustomSoundPresent": "False",
        "CustomVFXPresent": "False",
        "Emotion": "Default",
        "ForceDisableIsCustomNode": "False",
        "ID": "N1",
        "InternalNodeContext": "",
        "IsCustomNode": "False",
        "MusicTags": "",
        "NodeContext": "",
        "Quality": "Bronze",
        "SFXTags": "",
        "StateChangeTags": "",
        "TemplateNodeUUID": "00000000-0000-0000-0000-000000000000",
        "TemplateVersion": "0",
        "VFXTags": "",
        "collapsed": "False",
        "logicalname": "Moving to Attack Position - 1",
        "position": "15;15",
        "sourcetemplate": ""
      }
    },
    "8b507753-9302-64c6-786e-ca34a81225cd": {
      "UUID": "8b507753-9302-64c6-786e-ca34a81225cd",
      "Constructor": "TagGreeting",
      "EndNode": true,
      "Root": true,
      "ShowOnce": false,
      "SpeakerNo": 0,
      "AddressedSpeaker": 0,
      "Children": [],
      "CheckFlags": [
        {
          "Flags": [
            {
              "UUID": "64fe97b5-c4be-ee9e-cc9a-94e14eb2591c",
              "value": false,
              "paramval": null,
              "Name": "469a1188-028b-0e6b-b595-fa464baa551e_a"
            }
          ],
          "Type": "Local"
        },
        {
          "Flags": [
            {
              "UUID": "fb382926-afc1-492c-85ba-65198765b3fd",
              "value": true,
              "paramval": 0,
              "Name": "DEN_DruidAttack_State_InPosition"
            }
          ],
          "Type": "Object"
        }
      ],
      "SetFlags": [
        {
          "Flags": [
            {
              "UUID": "64fe97b5-c4be-ee9e-cc9a-94e14eb2591c",
              "value": true,
              "paramval": null,
              "Name": "469a1188-028b-0e6b-b595-fa464baa551e_a"
            }
          ],
          "Type": "Local"
        }
      ],
      "TaggedTextList": [
        {
          "HasTagRule": false,
          "RuleGroup": {
            "TagCombineOp": 0,
            "Rules": [],
            "RuleString": ""
          },
          "TagTexts": [
            {
              "LineId": "bec3bb6d-90a1-7ad0-30bd-99c2ea1f8e3a",
              "Text": {
                "Handle": "h0deee940g3693g4451gb718g8d6dca7a6d41",
                "Value": "Stay calm! Breathe!"
              }
            }
          ]
        }
      ],
      "EditorData": {
        "AnimationTags": "",
        "Attitude": "Default",
        "CinematicNodeContext": "",
        "CinematicObjects": "",
        "CustomCineArtKeysPresent": "False",
        "CustomLightingPresent": "False",
        "CustomSoundPresent": "False",
        "CustomVFXPresent": "False",
        "Emotion": "Default",
        "ForceDisableIsCustomNode": "False",
        "ID": "N2",
        "InternalNodeContext": "",
        "IsCustomNode": "False",
        "MusicTags": "",
        "NodeContext": "",
        "Quality": "Bronze",
        "SFXTags": "",
        "StateChangeTags": "",
        "TemplateNodeUUID": "00000000-0000-0000-0000-000000000000",
        "TemplateVersion": "0",
        "VFXTags": "",
        "collapsed": "False",
        "logicalname": "In Position (Ready to Attack) - 1",
        "position": "15;891",
        "sourcetemplate": ""
      }
    },
    "91747524-6476-549c-98fe-7f5ee1711f43": {
      "UUID": "91747524-6476-549c-98fe-7f5ee1711f43",
      "Constructor": "TagGreeting",
      "EndNode": true,
      "Root": true,
      "ShowOnce": false,
      "SpeakerNo": 0,
      "AddressedSpeaker": 0,
      "Children": [],
      "CheckFlags": [
        {
          "Flags": [
            {
              "UUID": "11863471-3952-067a-b034-a9888c5b32ab",
              "value": true,
              "paramval": null,
              "Name": "469a1188-028b-0e6b-b595-fa464baa551e_b"
            },
            {
              "UUID": "64fe97b5-c4be-ee9e-cc9a-94e14eb2591c",
              "value": true,
              "paramval": null,
              "Name": "469a1188-028b-0e6b-b595-fa464baa551e_a"
            }
          ],
          "Type": "Local"
        },
        {
          "Flags": [
            {
              "UUID": "fb382926-afc1-492c-85ba-65198765b3fd",
              "value": false,
              "paramval": 0,
              "Name": "DEN_DruidAttack_State_InPosition"
            }
          ],
          "Type": "Object"
        }
      ],
      "SetFlags": [
        {
          "Flags": [
            {
              "UUID": "11863471-3952-067a-b034-a9888c5b32ab",
              "value": false,
              "paramval": null,
              "Name": "469a1188-028b-0e6b-b595-fa464baa551e_b"
            },
            {
              "UUID": "64fe97b5-c4be-ee9e-cc9a-94e14eb2591c",
              "value": false,
              "paramval": null,
              "Name": "469a1188-028b-0e6b-b595-fa464baa551e_a"
            }
          ],
          "Type": "Local"
        }
      ],
      "TaggedTextList": [
        {
          "HasTagRule": false,
          "RuleGroup": {
            "TagCombineOp": 0,
            "Rules": [],
            "RuleString": ""
          },
          "TagTexts": [
            {
              "LineId": "221400ea-894f-986d-3581-db9ffbc67ff7",
              "Text": {
                "Handle": "h8601b964g5ca9g4c2fgbb70gf5fe94ee4319",
                "Value": "Don't let them reach the children!"
              }
            }
          ]
        }
      ],
      "EditorData": {
        "AnimationTags": "",
        "Attitude": "Default",
        "CinematicNodeContext": "",
        "CinematicObjects": "",
        "CustomCineArtKeysPresent": "False",
        "CustomLightingPresent": "False",
        "CustomSoundPresent": "False",
        "CustomVFXPresent": "False",
        "Emotion": "Default",
        "ForceDisableIsCustomNode": "False",
        "ID": "N22",
        "InternalNodeContext": "",
        "IsCustomNode": "False",
        "MusicTags": "",
        "NodeContext": "",
        "Quality": "Bronze",
        "SFXTags": "",
        "StateChangeTags": "",
        "TemplateNodeUUID": "00000000-0000-0000-0000-000000000000",
        "TemplateVersion": "0",
        "VFXTags": "",
        "collapsed": "False",
        "logicalname": "Moving to Attack Position - 3",
        "position": "15;453",
        "sourcetemplate": ""
      }
    },
    "c4791adf-3a3f-ca8f-12dd-44784c1c7ff7": {
      "UUID": "c4791adf-3a3f-ca8f-12dd-44784c1c7ff7",
      "Constructor": "TagGreeting",
      "EndNode": true,
      "Root": true,
      "ShowOnce": false,
      "SpeakerNo": 0,
      "AddressedSpeaker": 0,
      "Children": [],
      "CheckFlags": [
        {
          "Flags": [
            {
              "UUID": "a161639d-ea59-4adc-a858-ac9297684057",
              "value": true,
              "paramval": null,
              "Name": "DEN_DruidAttack_State_Attacking"
            }
          ],
          "Type": "Global"
        },
        {
          "Flags": [
            {
              "UUID": "64fe97b5-c4be-ee9e-cc9a-94e14eb2591c",
              "value": false,
              "paramval": null,
              "Name": "469a1188-028b-0e6b-b595-fa464baa551e_a"
            }
          ],
          "Type": "Local"
        }
      ],
      "SetFlags": [
        {
          "Flags": [
            {
              "UUID": "64fe97b5-c4be-ee9e-cc9a-94e14eb2591c",
              "value": false,
              "paramval": null,
              "Name": "469a1188-028b-0e6b-b595-fa464baa551e_a"
            }
          ],
          "Type": "Local"
        }
      ],
      "TaggedTextList": [
        {
          "HasTagRule": false,
          "RuleGroup": {
            "TagCombineOp": 0,
            "Rules": [],
            "RuleString": ""
          },
          "TagTexts": [
            {
              "LineId": "fb6dcd27-04ef-daec-ae64-87fa27e56ef8",
              "Text": {
                "Handle": "h29999aa8gda17g402ag9da2g5ca9a8ad6d04",
                "Value": "We're not your enemy!"
              }
            }
          ]
        }
      ],
      "EditorData": {
        "AnimationTags": "",
        "Attitude": "Default",
        "CinematicNodeContext": "",
        "CinematicObjects": "",
        "CustomCineArtKeysPresent": "False",
        "CustomLightingPresent": "False",
        "CustomSoundPresent": "False",
        "CustomVFXPresent": "False",
        "Emotion": "Default",
        "ForceDisableIsCustomNode": "False",
        "ID": "N10",
        "InternalNodeContext": "",
        "IsCustomNode": "False",
        "MusicTags": "",
        "NodeContext": "",
        "Quality": "Bronze",
        "SFXTags": "",
        "StateChangeTags": "",
        "TemplateNodeUUID": "00000000-0000-0000-0000-000000000000",
        "TemplateVersion": "0",
        "VFXTags": "",
        "collapsed": "False",
        "logicalname": "Attacking - 1",
        "position": "15;-861",
        "sourcetemplate": ""
      }
    },
    "e21f747e-8f23-ab1b-713e-902fd6d3d7c7": {
      "UUID": "e21f747e-8f23-ab1b-713e-902fd6d3d7c7",
      "Constructor": "TagGreeting",
      "EndNode": true,
      "Root": true,
      "ShowOnce": false,
      "SpeakerNo": 0,
      "AddressedSpeaker": 0,
      "Children": [],
      "CheckFlags": [
        {
          "Flags": [
            {
              "UUID": "11863471-3952-067a-b034-a9888c5b32ab",
              "value": false,
              "paramval": null,
              "Name": "469a1188-028b-0e6b-b595-fa464baa551e_b"
            },
            {
              "UUID": "64fe97b5-c4be-ee9e-cc9a-94e14eb2591c",
              "value": true,
              "paramval": null,
              "Name": "469a1188-028b-0e6b-b595-fa464baa551e_a"
            }
          ],
          "Type": "Local"
        },
        {
          "Flags": [
            {
              "UUID": "fb382926-afc1-492c-85ba-65198765b3fd",
              "value": false,
              "paramval": 0,
              "Name": "DEN_DruidAttack_State_InPosition"
            }
          ],
          "Type": "Object"
        }
      ],
      "SetFlags": [
        {
          "Flags": [
            {
              "UUID": "11863471-3952-067a-b034-a9888c5b32ab",
              "value": true,
              "paramval": null,
              "Name": "469a1188-028b-0e6b-b595-fa464baa551e_b"
            }
          ],
          "Type": "Local"
        }
      ],
      "TaggedTextList": [
        {
          "HasTagRule": false,
          "RuleGroup": {
            "TagCombineOp": 0,
            "Rules": [],
            "RuleString": ""
          },
          "TagTexts": [
            {
              "LineId": "b26ca743-e5a8-e949-6a51-0e389378ae81",
              "Text": {
                "Handle": "h5e87043eg1b45g4603g8839g5ff98e4a2de4",
                "Value": "They've lost their minds."
              }
            }
          ]
        }
      ],
      "EditorData": {
        "AnimationTags": "",
        "Attitude": "Default",
        "CinematicNodeContext": "",
        "CinematicObjects": "",
        "CustomCineArtKeysPresent": "False",
        "CustomLightingPresent": "False",
        "CustomSoundPresent": "False",
        "CustomVFXPresent": "False",
        "Emotion": "Default",
        "ForceDisableIsCustomNode": "False",
        "ID": "N18",
        "InternalNodeContext": "",
        "IsCustomNode": "False",
        "MusicTags": "",
        "NodeContext": "",
        "Quality": "Bronze",
        "SFXTags": "",
        "StateChangeTags": "",
        "TemplateNodeUUID": "00000000-0000-0000-0000-000000000000",
        "TemplateVersion": "0",
        "VFXTags": "",
        "collapsed": "False",
        "logicalname": "Moving to Attack Position - 2",
        "position": "15;234",
        "sourcetemplate": ""
      }
    },
    "e95bd05c-8a23-dd93-17fb-25df61b6b55d": {
      "UUID": "e95bd05c-8a23-dd93-17fb-25df61b6b55d",
      "Constructor": "TagGreeting",
      "EndNode": true,
      "Root": true,
      "ShowOnce": false,
      "SpeakerNo": 0,
      "AddressedSpeaker": 0,
      "Children": [],
      "CheckFlags": [
        {
          "Flags": [
            {
              "UUID": "a161639d-ea59-4adc-a858-ac9297684057",
              "value": true,
              "paramval": null,
              "Name": "DEN_DruidAttack_State_Attacking"
            }
          ],
          "Type": "Global"
        },
        {
          "Flags": [
            {
              "UUID": "11863471-3952-067a-b034-a9888c5b32ab",
              "value": false,
              "paramval": null,
              "Name": "469a1188-028b-0e6b-b595-fa464baa551e_b"
            },
            {
              "UUID": "64fe97b5-c4be-ee9e-cc9a-94e14eb2591c",
              "value": true,
              "paramval": null,
              "Name": "469a1188-028b-0e6b-b595-fa464baa551e_a"
            }
          ],
          "Type": "Local"
        }
      ],
      "SetFlags": [
        {
          "Flags": [
            {
              "UUID": "11863471-3952-067a-b034-a9888c5b32ab",
              "value": true,
              "paramval": null,
              "Name": "469a1188-028b-0e6b-b595-fa464baa551e_b"
            }
          ],
          "Type": "Local"
        }
      ],
      "TaggedTextList": [
        {
          "HasTagRule": false,
          "RuleGroup": {
            "TagCombineOp": 0,
            "Rules": [],
            "RuleString": ""
          },
          "TagTexts": [
            {
              "LineId": "282cff63-84f7-4bb1-4999-760533181932",
              "Text": {
                "Handle": "h2402efdegce50g4474g8482gbeea8a8fb720",
                "Value": "Our weapons can't take much of this."
              }
            }
          ]
        }
      ],
      "EditorData": {
        "AnimationTags": "",
        "Attitude": "Default",
        "CinematicNodeContext": "",
        "CinematicObjects": "",
        "CustomCineArtKeysPresent": "False",
        "CustomLightingPresent": "False",
        "CustomSoundPresent": "False",
        "CustomVFXPresent": "False",
        "Emotion": "Default",
        "ForceDisableIsCustomNode": "False",
        "ID": "N14",
        "InternalNodeContext": "",
        "IsCustomNode": "False",
        "MusicTags": "",
        "NodeContext": "",
        "Quality": "Bronze",
        "SFXTags": "",
        "StateChangeTags": "",
        "TemplateNodeUUID": "00000000-0000-0000-0000-000000000000",
        "TemplateVersion": "0",
        "VFXTags": "",
        "collapsed": "False",
        "logicalname": "Attacking - 2",
        "position": "15;-642",
        "sourcetemplate": ""
      }
    },
    "f3a3bd91-dc90-0f5a-f401-de0ba3e95ea6": {
      "UUID": "f3a3bd91-dc90-0f5a-f401-de0ba3e95ea6",
      "Constructor": "TagGreeting",
      "EndNode": true,
      "Root": true,
      "ShowOnce": false,
      "SpeakerNo": 0,
      "AddressedSpeaker": 0,
      "Children": [],
      "CheckFlags": [
        {
          "Flags": [
            {
              "UUID": "a161639d-ea59-4adc-a858-ac9297684057",
              "value": true,
              "paramval": null,
              "Name": "DEN_DruidAttack_State_Attacking"
            }
          ],
          "Type": "Global"
        },
        {
          "Flags": [
            {
              "UUID": "11863471-3952-067a-b034-a9888c5b32ab",
              "value": true,
              "paramval": null,
              "Name": "469a1188-028b-0e6b-b595-fa464baa551e_b"
            },
            {
              "UUID": "64fe97b5-c4be-ee9e-cc9a-94e14eb2591c",
              "value": true,
              "paramval": null,
              "Name": "469a1188-028b-0e6b-b595-fa464baa551e_a"
            }
          ],
          "Type": "Local"
        }
      ],
      "SetFlags": [
        {
          "Flags": [
            {
              "UUID": "11863471-3952-067a-b034-a9888c5b32ab",
              "value": false,
              "paramval": null,
              "Name": "469a1188-028b-0e6b-b595-fa464baa551e_b"
            },
            {
              "UUID": "64fe97b5-c4be-ee9e-cc9a-94e14eb2591c",
              "value": false,
              "paramval": null,
              "Name": "469a1188-028b-0e6b-b595-fa464baa551e_a"
            }
          ],
          "Type": "Local"
        }
      ],
      "TaggedTextList": [
        {
          "HasTagRule": false,
          "RuleGroup": {
            "TagCombineOp": 0,
            "Rules": [],
            "RuleString": ""
          },
          "TagTexts": [
            {
              "LineId": "267d10d5-4e8c-a4f9-db8f-e85861c678f0",
              "Text": {
                "Handle": "hc5cd3bc8g9b1eg49e8gb3cega5bb8f274647",
                "Value": "They're not backing down!"
              }
            }
          ]
        }
      ],
      "EditorData": {
        "AnimationTags": "",
        "Attitude": "Default",
        "CinematicNodeContext": "",
        "CinematicObjects": "",
        "CustomCineArtKeysPresent": "False",
        "CustomLightingPresent": "False",
        "CustomSoundPresent": "False",
        "CustomVFXPresent": "False",
        "Emotion": "Default",
        "ForceDisableIsCustomNode": "False",
        "ID": "N6",
        "InternalNodeContext": "",
        "IsCustomNode": "False",
        "MusicTags": "",
        "NodeContext": "",
        "Quality": "Bronze",
        "SFXTags": "",
        "StateChangeTags": "",
        "TemplateNodeUUID": "00000000-0000-0000-0000-000000000000",
        "TemplateVersion": "0",
        "VFXTags": "",
        "collapsed": "False",
        "logicalname": "Attacking - 3",
        "position": "15;-423",
        "sourcetemplate": ""
      }
    },
    "fe5c9871-0a32-cf94-0258-11ed62f195eb": {
      "UUID": "fe5c9871-0a32-cf94-0258-11ed62f195eb",
      "Constructor": "TagGreeting",
      "EndNode": true,
      "Root": true,
      "ShowOnce": false,
      "SpeakerNo": 0,
      "AddressedSpeaker": 0,
      "Children": [],
      "CheckFlags": [
        {
          "Flags": [
            {
              "UUID": "11863471-3952-067a-b034-a9888c5b32ab",
              "value": true,
              "paramval": null,
              "Name": "469a1188-028b-0e6b-b595-fa464baa551e_b"
            },
            {
              "UUID": "64fe97b5-c4be-ee9e-cc9a-94e14eb2591c",
              "value": true,
              "paramval": null,
              "Name": "469a1188-028b-0e6b-b595-fa464baa551e_a"
            }
          ],
          "Type": "Local"
        },
        {
          "Flags": [
            {
              "UUID": "fb382926-afc1-492c-85ba-65198765b3fd",
              "value": true,
              "paramval": 0,
              "Name": "DEN_DruidAttack_State_InPosition"
            }
          ],
          "Type": "Object"
        }
      ],
      "SetFlags": [
        {
          "Flags": [
            {
              "UUID": "11863471-3952-067a-b034-a9888c5b32ab",
              "value": false,
              "paramval": null,
              "Name": "469a1188-028b-0e6b-b595-fa464baa551e_b"
            },
            {
              "UUID": "64fe97b5-c4be-ee9e-cc9a-94e14eb2591c",
              "value": false,
              "paramval": null,
              "Name": "469a1188-028b-0e6b-b595-fa464baa551e_a"
            }
          ],
          "Type": "Local"
        }
      ],
      "TaggedTextList": [
        {
          "HasTagRule": false,
          "RuleGroup": {
            "TagCombineOp": 0,
            "Rules": [],
            "RuleString": ""
          },
          "TagTexts": [
            {
              "LineId": "cf1fdc22-5558-3460-6c52-9cfa407f5765",
              "Text": {
                "Handle": "h42e89d4cgb766g4742g806cgcceb7a358449",
                "Value": "If you hit them, make it count!"
              }
            }
          ]
        }
      ],
      "EditorData": {
        "AnimationTags": "",
        "Attitude": "Default",
        "CinematicNodeContext": "",
        "CinematicObjects": "",
        "CustomCineArtKeysPresent": "False",
        "CustomLightingPresent": "False",
        "CustomSoundPresent": "False",
        "CustomVFXPresent": "False",
        "Emotion": "Default",
        "ForceDisableIsCustomNode": "False",
        "ID": "N30",
        "InternalNodeContext": "",
        "IsCustomNode": "False",
        "MusicTags": "",
        "NodeContext": "",
        "Quality": "Bronze",
        "SFXTags": "",
        "StateChangeTags": "",
        "TemplateNodeUUID": "00000000-0000-0000-0000-000000000000",
        "TemplateVersion": "0",
        "VFXTags": "",
        "collapsed": "False",
        "logicalname": "In Position (Ready to Attack) - 3",
        "position": "15;1329",
        "sourcetemplate": ""
      }
    }
  },
  "SpeakerDict": {
    "0": {
      "IsPeanutSpeaker": false,
      "SpeakerMappingId": "0f876ac3-0cc1-6bca-74d4-e9106fa87467",
      "Index": 0,
      "List": [
        "e2ad06ec-8034-479a-9f69-b86faea6dc79"
      ],
      "SpeakerCharacter": {
        "DisplayName": "Dammon",
        "Type": "character",
        "MapKey": "e2ad06ec-8034-479a-9f69-b86faea6dc79",
        "Name": "S_DEN_Weaponsmith",
        "ParentTemplateId": null,
        "TemplateName": "a5856190-08e3-4741-b697-8b1cbf03eaa1"
      },
      "SpeakerGroupName": null
    }
  },
  "Synopsis": ""
}