{
  "Path": "Mods/Gustav/Story/Dialogs/Act1/DEN/DEN_AttackOnDen_Sapper_004.lsj",
  "UUID": "18dad280-e04f-b015-7e37-dcd4590cf9d1",
  "Category": "Generic NPC Dialog",
  "DefaultAddressedSpeakers": {
    "0": -1,
    "1": 0
  },
  "RootNodes": [
    "084ac0db-3ff0-fd00-2996-5aef0f457098",
    "37827a50-29a1-b070-0e99-532bd0d2b1ca"
  ],
  "Nodes": {
    "084ac0db-3ff0-fd00-2996-5aef0f457098": {
      "UUID": "084ac0db-3ff0-fd00-2996-5aef0f457098",
      "Constructor": "TagGreeting",
      "EndNode": true,
      "Root": true,
      "ShowOnce": false,
      "SpeakerNo": 0,
      "AddressedSpeaker": -1,
      "Children": [],
      "CheckFlags": [
        {
          "Flags": [
            {
              "UUID": "ebe2c997-93ae-93f2-7f11-34057122b19b",
              "value": true,
              "paramval": 0,
              "Name": "DEN_AttackOnDen_State_Victorious"
            }
          ],
          "Type": "Object"
        }
      ],
      "SetFlags": [],
      "TaggedTextList": [
        {
          "HasTagRule": false,
          "RuleGroup": {
            "TagCombineOp": 0,
            "Rules": [],
            "RuleString": ""
          },
          "TagTexts": [
            {
              "LineId": "94003fbe-302c-a31e-e288-1d7377f5c087",
              "Text": {
                "Handle": "hba38c47fge6f8g4a1fgae89g6d33bd9e5ec5",
                "Value": "Tieflin's ain't so tough..."
              }
            }
          ]
        }
      ],
      "EditorData": {
        "AnimationTags": "Goblin carrying explosives",
        "Attitude": "Default",
        "CinematicNodeContext": "",
        "CinematicObjects": "Explosives",
        "CustomCineArtKeysPresent": "False",
        "CustomLightingPresent": "False",
        "CustomSoundPresent": "False",
        "CustomVFXPresent": "False",
        "Emotion": "Default",
        "ForceDisableIsCustomNode": "False",
        "ID": "N1",
        "InternalNodeContext": "",
        "IsCustomNode": "False",
        "MusicTags": "",
        "NodeContext": "smug - just massacred some tieflings",
        "Quality": "Silver",
        "SFXTags": "",
        "StateChangeTags": "",
        "TemplateNodeUUID": "00000000-0000-0000-0000-000000000000",
        "TemplateVersion": "0",
        "VFXTags": "",
        "collapsed": "False",
        "logicalname": "Greeting",
        "position": "15;-204",
        "sourcetemplate": ""
      }
    },
    "37827a50-29a1-b070-0e99-532bd0d2b1ca": {
      "UUID": "37827a50-29a1-b070-0e99-532bd0d2b1ca",
      "Constructor": "TagGreeting",
      "EndNode": true,
      "Root": true,
      "ShowOnce": false,
      "SpeakerNo": 0,
      "AddressedSpeaker": -1,
      "Children": [],
      "CheckFlags": [],
      "SetFlags": [],
      "TaggedTextList": [
        {
          "HasTagRule": false,
          "RuleGroup": {
            "TagCombineOp": 0,
            "Rules": [],
            "RuleString": ""
          },
          "TagTexts": [
            {
              "LineId": "647f7da6-de21-09bd-b15e-9dbf247b9c48",
              "Text": {
                "Handle": "h3b6af522g6168g4515gb49bg8c79eb9b6043",
                "Value": "For the Absolute!"
              }
            }
          ]
        }
      ],
      "EditorData": {
        "AnimationTags": "Goblin carrying explosives",
        "Attitude": "Default",
        "CinematicNodeContext": "",
        "CinematicObjects": "Explosives",
        "CustomCineArtKeysPresent": "False",
        "CustomLightingPresent": "False",
        "CustomSoundPresent": "False",
        "CustomVFXPresent": "False",
        "Emotion": "Default",
        "ForceDisableIsCustomNode": "False",
        "ID": "N2",
        "InternalNodeContext": "",
        "IsCustomNode": "False",
        "MusicTags": "",
        "NodeContext": "a war cry",
        "Quality": "Silver",
        "SFXTags": "",
        "StateChangeTags": "",
        "TemplateNodeUUID": "00000000-0000-0000-0000-000000000000",
        "TemplateVersion": "0",
        "VFXTags": "",
        "collapsed": "False",
        "logicalname": "Greeting",
        "position": "15;15",
        "sourcetemplate": ""
      }
    }
  },
  "SpeakerDict": {
    "0": {
      "IsPeanutSpeaker": false,
      "SpeakerMappingId": "b1941b10-ad9e-f101-3e3a-0eaad83209a7",
      "Index": 0,
      "List": [
        "1b6dba51-be8b-47ac-a73b-94c29e56bbad"
      ],
      "SpeakerCharacter": {
        "DisplayName": "Sapper Gald",
        "Type": "character",
        "MapKey": "1b6dba51-be8b-47ac-a73b-94c29e56bbad",
        "Name": "S_GOB_AttackOnDen_Sapper_004",
        "ParentTemplateId": null,
        "TemplateName": "55b35e6f-67e5-47f9-824b-ebf20ecd2b4a"
      },
      "SpeakerGroupName": null
    },
    "1": {
      "IsPeanutSpeaker": false,
      "SpeakerMappingId": "06034798-7c64-7bcf-70b3-29e53fe91a71",
      "Index": 1,
      "List": [
        "e0d1ff71-04a8-4340-ae64-9684d846eb83"
      ],
      "SpeakerCharacter": {
        "DisplayName": "Player",
        "Type": "character",
        "MapKey": "e2badbf0-159a-4ef5-9e73-7bbeb3d1015a",
        "Name": "S_GLO_CharacterCreationDummy_001",
        "ParentTemplateId": null,
        "TemplateName": "fd7f2707-8f86-4836-bda8-e0db99c389cc"
      },
      "SpeakerGroupName": "GROUP_Players"
    }
  },
  "Synopsis": "a goblin carrying explosives into the attack on the grove"
}