{
  "Path": "Mods/Gustav/Story/Dialogs/Act1/DEN/DEN_AdventurersQuest_AD_AdventurerCleaningWound.lsj",
  "UUID": "32baa075-7c99-da85-daeb-8158ba286852",
  "Category": "Repeated automated NPC Dialog",
  "DefaultAddressedSpeakers": {
    "0": -1,
    "1": -1
  },
  "RootNodes": [
    "0f5c201b-eab2-d09c-f4f4-e42241ff2c1e",
    "ee1b8050-9f6d-4848-1325-df251bd1c46a",
    "ff0c477f-328c-7a75-4b5a-5ff4bd51b397",
    "865ab55b-e1c5-54be-d80d-a60657fb0fa7"
  ],
  "Nodes": {
    "0f5c201b-eab2-d09c-f4f4-e42241ff2c1e": {
      "UUID": "0f5c201b-eab2-d09c-f4f4-e42241ff2c1e",
      "Constructor": "TagGreeting",
      "EndNode": true,
      "Root": true,
      "ShowOnce": false,
      "SpeakerNo": 0,
      "AddressedSpeaker": 0,
      "Children": [],
      "CheckFlags": [
        {
          "Flags": [
            {
              "UUID": "a2d0bd49-4d4e-5e71-edca-9fdca94befe4",
              "value": true,
              "paramval": 0,
              "Name": "DEN_AdventurersQuest_State_CleanedWound"
            }
          ],
          "Type": "Object"
        }
      ],
      "SetFlags": [],
      "TaggedTextList": [
        {
          "HasTagRule": false,
          "RuleGroup": {
            "TagCombineOp": 0,
            "Rules": [],
            "RuleString": ""
          },
          "TagTexts": [
            {
              "LineId": "8050f42b-5a17-f9b0-657d-b03a6ab9917c",
              "Text": {
                "Handle": "hd8396ec4g037bg4042gafd9g6a49cd808c27",
                "Value": "Wound looks clean. Small mercies."
              }
            }
          ]
        }
      ],
      "EditorData": {
        "AnimationTags": "",
        "Attitude": "Default",
        "CinematicNodeContext": "",
        "CinematicObjects": "",
        "CustomCineArtKeysPresent": "False",
        "CustomLightingPresent": "False",
        "CustomSoundPresent": "False",
        "CustomVFXPresent": "False",
        "Emotion": "Default",
        "ForceDisableIsCustomNode": "False",
        "ID": "N31",
        "InternalNodeContext": "",
        "IsCustomNode": "False",
        "MusicTags": "",
        "NodeContext": "",
        "Quality": "Bronze",
        "SFXTags": "",
        "StateChangeTags": "",
        "TemplateNodeUUID": "00000000-0000-0000-0000-000000000000",
        "TemplateVersion": "0",
        "VFXTags": "",
        "collapsed": "False",
        "logicalname": "Greeting",
        "position": "15;-642",
        "sourcetemplate": ""
      }
    },
    "865ab55b-e1c5-54be-d80d-a60657fb0fa7": {
      "UUID": "865ab55b-e1c5-54be-d80d-a60657fb0fa7",
      "Constructor": "TagGreeting",
      "EndNode": true,
      "Root": true,
      "ShowOnce": false,
      "SpeakerNo": 0,
      "AddressedSpeaker": 0,
      "Children": [],
      "CheckFlags": [],
      "SetFlags": [
        {
          "Flags": [
            {
              "UUID": "208fbd85-548c-41e2-1c57-821074af0dac",
              "value": true,
              "paramval": null,
              "Name": "32baa075-7c99-da85-daeb-8158ba286852_Flow1"
            }
          ],
          "Type": "Local"
        }
      ],
      "TaggedTextList": [
        {
          "HasTagRule": false,
          "RuleGroup": {
            "TagCombineOp": 0,
            "Rules": [],
            "RuleString": ""
          },
          "TagTexts": [
            {
              "LineId": "b1906362-fb23-f012-47e8-7b3f16b4c227",
              "Text": {
                "Handle": "hfa19a7c0g2e94g4a8cg9465g6f0cc89524cf",
                "Value": "Nnggh! Hells."
              }
            }
          ]
        }
      ],
      "EditorData": {
        "AnimationTags": "",
        "Attitude": "Default",
        "CinematicNodeContext": "",
        "CinematicObjects": "",
        "CustomCineArtKeysPresent": "False",
        "CustomLightingPresent": "False",
        "CustomSoundPresent": "False",
        "CustomVFXPresent": "False",
        "Emotion": "Default",
        "ForceDisableIsCustomNode": "False",
        "ID": "N30",
        "InternalNodeContext": "",
        "IsCustomNode": "False",
        "MusicTags": "",
        "NodeContext": "Nnggh = grunt of pain while tending to her wound.",
        "Quality": "Bronze",
        "SFXTags": "",
        "StateChangeTags": "",
        "TemplateNodeUUID": "00000000-0000-0000-0000-000000000000",
        "TemplateVersion": "0",
        "VFXTags": "",
        "collapsed": "False",
        "logicalname": "Greeting",
        "position": "15;234",
        "sourcetemplate": ""
      }
    },
    "ee1b8050-9f6d-4848-1325-df251bd1c46a": {
      "UUID": "ee1b8050-9f6d-4848-1325-df251bd1c46a",
      "Constructor": "TagGreeting",
      "EndNode": true,
      "Root": true,
      "ShowOnce": false,
      "SpeakerNo": 0,
      "AddressedSpeaker": 0,
      "Children": [],
      "CheckFlags": [
        {
          "Flags": [
            {
              "UUID": "25db4886-bfe0-381d-e376-16986f9ac726",
              "value": true,
              "paramval": null,
              "Name": "32baa075-7c99-da85-daeb-8158ba286852_Flow2"
            }
          ],
          "Type": "Local"
        }
      ],
      "SetFlags": [
        {
          "Flags": [
            {
              "UUID": "208fbd85-548c-41e2-1c57-821074af0dac",
              "value": true,
              "paramval": null,
              "Name": "32baa075-7c99-da85-daeb-8158ba286852_Flow1"
            },
            {
              "UUID": "25db4886-bfe0-381d-e376-16986f9ac726",
              "value": true,
              "paramval": null,
              "Name": "32baa075-7c99-da85-daeb-8158ba286852_Flow2"
            }
          ],
          "Type": "Local"
        }
      ],
      "TaggedTextList": [
        {
          "HasTagRule": false,
          "RuleGroup": {
            "TagCombineOp": 0,
            "Rules": [],
            "RuleString": ""
          },
          "TagTexts": [
            {
              "LineId": "a9a2ccc5-3871-45a5-246e-150c30328092",
              "Text": {
                "Handle": "h06b482c6g7d21g4c47g86a5gcea36db4ff44",
                "Value": "Hope the goblins aren't smart enough to poison their blades...<br>"
              }
            }
          ]
        }
      ],
      "EditorData": {
        "AnimationTags": "",
        "Attitude": "Default",
        "CinematicNodeContext": "",
        "CinematicObjects": "",
        "CustomCineArtKeysPresent": "False",
        "CustomLightingPresent": "False",
        "CustomSoundPresent": "False",
        "CustomVFXPresent": "False",
        "Emotion": "Default",
        "ForceDisableIsCustomNode": "False",
        "ID": "N28",
        "InternalNodeContext": "",
        "IsCustomNode": "False",
        "MusicTags": "",
        "NodeContext": "",
        "Quality": "Bronze",
        "SFXTags": "",
        "StateChangeTags": "",
        "TemplateNodeUUID": "00000000-0000-0000-0000-000000000000",
        "TemplateVersion": "0",
        "VFXTags": "",
        "collapsed": "False",
        "logicalname": "Greeting",
        "position": "15;-204",
        "sourcetemplate": ""
      }
    },
    "ff0c477f-328c-7a75-4b5a-5ff4bd51b397": {
      "UUID": "ff0c477f-328c-7a75-4b5a-5ff4bd51b397",
      "Constructor": "TagGreeting",
      "EndNode": true,
      "Root": true,
      "ShowOnce": false,
      "SpeakerNo": 0,
      "AddressedSpeaker": 0,
      "Children": [],
      "CheckFlags": [
        {
          "Flags": [
            {
              "UUID": "208fbd85-548c-41e2-1c57-821074af0dac",
              "value": true,
              "paramval": null,
              "Name": "32baa075-7c99-da85-daeb-8158ba286852_Flow1"
            }
          ],
          "Type": "Local"
        }
      ],
      "SetFlags": [
        {
          "Flags": [
            {
              "UUID": "25db4886-bfe0-381d-e376-16986f9ac726",
              "value": true,
              "paramval": null,
              "Name": "32baa075-7c99-da85-daeb-8158ba286852_Flow2"
            }
          ],
          "Type": "Local"
        }
      ],
      "TaggedTextList": [
        {
          "HasTagRule": false,
          "RuleGroup": {
            "TagCombineOp": 0,
            "Rules": [],
            "RuleString": ""
          },
          "TagTexts": [
            {
              "LineId": "d7b63715-4343-c845-8f77-27551d141eb4",
              "Text": {
                "Handle": "hdc408f1fg9bd1g436fgaaa2g401efb91f580",
                "Value": "Agh... this'll leave a mark. Bloody goblins."
              }
            }
          ]
        }
      ],
      "EditorData": {
        "AnimationTags": "",
        "Attitude": "Default",
        "CinematicNodeContext": "",
        "CinematicObjects": "",
        "CustomCineArtKeysPresent": "False",
        "CustomLightingPresent": "False",
        "CustomSoundPresent": "False",
        "CustomVFXPresent": "False",
        "Emotion": "Default",
        "ForceDisableIsCustomNode": "False",
        "ID": "N29",
        "InternalNodeContext": "",
        "IsCustomNode": "False",
        "MusicTags": "",
        "NodeContext": "",
        "Quality": "Bronze",
        "SFXTags": "",
        "StateChangeTags": "",
        "TemplateNodeUUID": "00000000-0000-0000-0000-000000000000",
        "TemplateVersion": "0",
        "VFXTags": "",
        "collapsed": "False",
        "logicalname": "Greeting",
        "position": "15;15",
        "sourcetemplate": ""
      }
    }
  },
  "SpeakerDict": {
    "0": {
      "IsPeanutSpeaker": false,
      "SpeakerMappingId": "bd217a12-9ea3-5042-2054-8a4e54565798",
      "Index": 0,
      "List": [
        "4faf77a0-b883-4f7b-acbf-4500973f446d"
      ],
      "SpeakerCharacter": {
        "DisplayName": "Remira",
        "Type": "character",
        "MapKey": "4faf77a0-b883-4f7b-acbf-4500973f446d",
        "Name": "S_DEN_RaidAdventurer",
        "ParentTemplateId": null,
        "TemplateName": "19dc6cab-aa38-4f09-b9cf-546e1c0ecb8a"
      },
      "SpeakerGroupName": null
    }
  },
  "Synopsis": "Remira is cleaning a wound she got from the goblins. She winces and grunts in pain while checking out the damage."
}