{
  "Path": "Mods/Gustav/Story/Dialogs/Act1/DEN/DEN_Apprentice_AD_WithBird.lsj",
  "UUID": "b8958184-8715-01f5-4668-f08390d1151e",
  "Category": "Repeated automated NPC Dialog",
  "DefaultAddressedSpeakers": {
    "0": 1,
    "1": 0
  },
  "RootNodes": [
    "28937d0a-e11a-0799-cfd5-ac6116616063",
    "98e63caf-af7d-f4d5-e6c1-b849ec59b854",
    "a153c39f-d8b1-1fbe-19c3-e5be138e50ef",
    "8f1ebd9c-d417-548f-a615-ee890dc9e381"
  ],
  "Nodes": {
    "06abb20b-b63f-a921-6b3d-458ddc27ea1a": {
      "UUID": "06abb20b-b63f-a921-6b3d-458ddc27ea1a",
      "Constructor": "TagAnswer",
      "EndNode": false,
      "Root": false,
      "ShowOnce": false,
      "SpeakerNo": 1,
      "AddressedSpeaker": 0,
      "Children": [
        "778a2ad0-b62c-aaf2-5ba8-922203971f85"
      ],
      "CheckFlags": [],
      "SetFlags": [],
      "TaggedTextList": [
        {
          "HasTagRule": false,
          "RuleGroup": {
            "TagCombineOp": 0,
            "Rules": [],
            "RuleString": ""
          },
          "TagTexts": [
            {
              "LineId": "3619f6ef-116a-a323-f8c0-1e714063abc0",
              "Text": {
                "Handle": "hd0228c42g0b6dg4f09g8753gac74654b78b1",
                "Value": "*Chirp!*"
              }
            }
          ]
        }
      ],
      "EditorData": {
        "AnimationTags": "",
        "Attitude": "Default",
        "CinematicNodeContext": "",
        "CinematicObjects": "",
        "CustomCineArtKeysPresent": "False",
        "CustomLightingPresent": "False",
        "CustomSoundPresent": "False",
        "CustomVFXPresent": "False",
        "Emotion": "Determination",
        "ForceDisableIsCustomNode": "False",
        "ID": "N2",
        "InternalNodeContext": "",
        "IsCustomNode": "False",
        "MusicTags": "",
        "NodeContext": "Pained chirp",
        "Quality": "Bronze",
        "SFXTags": "",
        "StateChangeTags": "",
        "TemplateNodeUUID": "00000000-0000-0000-0000-000000000000",
        "TemplateVersion": "0",
        "VFXTags": "",
        "collapsed": "False",
        "logicalname": "Answer",
        "position": "655;15",
        "sourcetemplate": ""
      }
    },
    "28937d0a-e11a-0799-cfd5-ac6116616063": {
      "UUID": "28937d0a-e11a-0799-cfd5-ac6116616063",
      "Constructor": "TagGreeting",
      "EndNode": false,
      "Root": true,
      "ShowOnce": false,
      "SpeakerNo": 0,
      "AddressedSpeaker": 0,
      "Children": [
        "94bbe155-3df6-5b42-a3fb-e553644cc9e2"
      ],
      "CheckFlags": [
        {
          "Flags": [
            {
              "UUID": "eaaa50bf-8362-25ac-4679-c39251cf0e32",
              "value": false,
              "paramval": null,
              "Name": "b8958184-8715-01f5-4668-f08390d1151e_Intro"
            }
          ],
          "Type": "Local"
        }
      ],
      "SetFlags": [
        {
          "Flags": [
            {
              "UUID": "eaaa50bf-8362-25ac-4679-c39251cf0e32",
              "value": true,
              "paramval": null,
              "Name": "b8958184-8715-01f5-4668-f08390d1151e_Intro"
            }
          ],
          "Type": "Local"
        }
      ],
      "TaggedTextList": [
        {
          "HasTagRule": false,
          "RuleGroup": {
            "TagCombineOp": 0,
            "Rules": [],
            "RuleString": ""
          },
          "TagTexts": [
            {
              "LineId": "eb3c18a5-ba4d-e0d7-8144-ae9acad0156a",
              "Text": {
                "Handle": "h425e7779gfccdg49cbgaa0fg0be8e91767cf",
                "Value": "They did a number on you, didn't they?"
              }
            }
          ]
        }
      ],
      "EditorData": {
        "AnimationTags": "",
        "Attitude": "Default",
        "CinematicNodeContext": "Hunched over the bird, moving hands over it.",
        "CinematicObjects": "",
        "CustomCineArtKeysPresent": "False",
        "CustomLightingPresent": "False",
        "CustomSoundPresent": "False",
        "CustomVFXPresent": "False",
        "Emotion": "Determination",
        "ForceDisableIsCustomNode": "False",
        "ID": "N1",
        "InternalNodeContext": "",
        "IsCustomNode": "True",
        "MusicTags": "",
        "NodeContext": "Sadly",
        "Quality": "Bronze",
        "SFXTags": "",
        "StateChangeTags": "",
        "TemplateNodeUUID": "00000000-0000-0000-0000-000000000000",
        "TemplateVersion": "0",
        "VFXTags": "",
        "collapsed": "False",
        "logicalname": "Greeting",
        "position": "15;15",
        "sourcetemplate": ""
      }
    },
    "6a352c29-e6a7-d0fd-798b-e628554b4037": {
      "UUID": "6a352c29-e6a7-d0fd-798b-e628554b4037",
      "Constructor": "TagAnswer",
      "EndNode": true,
      "Root": false,
      "ShowOnce": false,
      "SpeakerNo": 0,
      "AddressedSpeaker": 0,
      "Children": [],
      "CheckFlags": [],
      "SetFlags": [],
      "TaggedTextList": [
        {
          "HasTagRule": false,
          "RuleGroup": {
            "TagCombineOp": 0,
            "Rules": [],
            "RuleString": ""
          },
          "TagTexts": [
            {
              "LineId": "d94a7fc3-932a-b7d6-816e-00b38cc627b1",
              "Text": {
                "Handle": "h6722a206g6cf4g4b55gb080g9d325125434a",
                "Value": "Shhh. Nearly there."
              }
            }
          ]
        }
      ],
      "EditorData": {
        "AnimationTags": "",
        "Attitude": "Default",
        "CinematicNodeContext": "",
        "CinematicObjects": "",
        "CustomCineArtKeysPresent": "False",
        "CustomLightingPresent": "False",
        "CustomSoundPresent": "False",
        "CustomVFXPresent": "False",
        "Emotion": "Default",
        "ForceDisableIsCustomNode": "False",
        "ID": "N18",
        "InternalNodeContext": "",
        "IsCustomNode": "False",
        "MusicTags": "",
        "NodeContext": "",
        "Quality": "Bronze",
        "SFXTags": "",
        "StateChangeTags": "",
        "TemplateNodeUUID": "00000000-0000-0000-0000-000000000000",
        "TemplateVersion": "0",
        "VFXTags": "",
        "collapsed": "False",
        "logicalname": "Answer",
        "position": "335;234",
        "sourcetemplate": ""
      }
    },
    "778a2ad0-b62c-aaf2-5ba8-922203971f85": {
      "UUID": "778a2ad0-b62c-aaf2-5ba8-922203971f85",
      "Constructor": "TagAnswer",
      "EndNode": true,
      "Root": false,
      "ShowOnce": false,
      "SpeakerNo": 0,
      "AddressedSpeaker": 0,
      "Children": [],
      "CheckFlags": [],
      "SetFlags": [],
      "TaggedTextList": [
        {
          "HasTagRule": false,
          "RuleGroup": {
            "TagCombineOp": 0,
            "Rules": [],
            "RuleString": ""
          },
          "TagTexts": [
            {
              "LineId": "955b340e-1849-35d0-3c36-c4ca533f91de",
              "Text": {
                "Handle": "h7f21ca50g0ad5g4406gbff9g08b4bb6234b9",
                "Value": "I know. We're nearly done."
              }
            }
          ]
        }
      ],
      "EditorData": {
        "AnimationTags": "",
        "Attitude": "Default",
        "CinematicNodeContext": "",
        "CinematicObjects": "",
        "CustomCineArtKeysPresent": "False",
        "CustomLightingPresent": "False",
        "CustomSoundPresent": "False",
        "CustomVFXPresent": "False",
        "Emotion": "Default",
        "ForceDisableIsCustomNode": "False",
        "ID": "N11",
        "InternalNodeContext": "",
        "IsCustomNode": "False",
        "MusicTags": "",
        "NodeContext": "Sympathetic",
        "Quality": "Bronze",
        "SFXTags": "",
        "StateChangeTags": "",
        "TemplateNodeUUID": "00000000-0000-0000-0000-000000000000",
        "TemplateVersion": "0",
        "VFXTags": "",
        "collapsed": "False",
        "logicalname": "Answer",
        "position": "975;15",
        "sourcetemplate": ""
      }
    },
    "8f1ebd9c-d417-548f-a615-ee890dc9e381": {
      "UUID": "8f1ebd9c-d417-548f-a615-ee890dc9e381",
      "Constructor": "TagGreeting",
      "EndNode": false,
      "Root": true,
      "ShowOnce": false,
      "SpeakerNo": 0,
      "AddressedSpeaker": 0,
      "Children": [
        "f19ad64d-4a03-d5c5-8fed-aed4ef4131b6"
      ],
      "CheckFlags": [
        {
          "Flags": [
            {
              "UUID": "56a8c66a-1486-5b28-f1b2-da58fc879593",
              "value": true,
              "paramval": null,
              "Name": "b8958184-8715-01f5-4668-f08390d1151e_Loop 2"
            },
            {
              "UUID": "64cc35a5-7ba8-d723-10b0-03c419402cb4",
              "value": true,
              "paramval": null,
              "Name": "b8958184-8715-01f5-4668-f08390d1151e_Loop 1"
            },
            {
              "UUID": "eaaa50bf-8362-25ac-4679-c39251cf0e32",
              "value": true,
              "paramval": null,
              "Name": "b8958184-8715-01f5-4668-f08390d1151e_Intro"
            }
          ],
          "Type": "Local"
        }
      ],
      "SetFlags": [
        {
          "Flags": [
            {
              "UUID": "56a8c66a-1486-5b28-f1b2-da58fc879593",
              "value": false,
              "paramval": null,
              "Name": "b8958184-8715-01f5-4668-f08390d1151e_Loop 2"
            },
            {
              "UUID": "64cc35a5-7ba8-d723-10b0-03c419402cb4",
              "value": false,
              "paramval": null,
              "Name": "b8958184-8715-01f5-4668-f08390d1151e_Loop 1"
            }
          ],
          "Type": "Local"
        }
      ],
      "TaggedTextList": [
        {
          "HasTagRule": false,
          "RuleGroup": {
            "TagCombineOp": 0,
            "Rules": [],
            "RuleString": ""
          },
          "TagTexts": [
            {
              "LineId": "ac4075a7-c243-83a3-f3e3-1a961db97451",
              "Text": {
                "Handle": "hdfc7ba8cgfef0g4e0cga3ddg3a217573c731",
                "Value": "It's messy, but we'll fix you up."
              }
            }
          ]
        }
      ],
      "EditorData": {
        "AnimationTags": "",
        "Attitude": "Default",
        "CinematicNodeContext": "",
        "CinematicObjects": "",
        "CustomCineArtKeysPresent": "False",
        "CustomLightingPresent": "False",
        "CustomSoundPresent": "False",
        "CustomVFXPresent": "False",
        "Emotion": "Default",
        "ForceDisableIsCustomNode": "False",
        "ID": "N27",
        "InternalNodeContext": "",
        "IsCustomNode": "False",
        "MusicTags": "",
        "NodeContext": "",
        "Quality": "Bronze",
        "SFXTags": "",
        "StateChangeTags": "",
        "TemplateNodeUUID": "00000000-0000-0000-0000-000000000000",
        "TemplateVersion": "0",
        "VFXTags": "",
        "collapsed": "False",
        "logicalname": "Greeting",
        "position": "15;672",
        "sourcetemplate": ""
      }
    },
    "94bbe155-3df6-5b42-a3fb-e553644cc9e2": {
      "UUID": "94bbe155-3df6-5b42-a3fb-e553644cc9e2",
      "Constructor": "TagAnswer",
      "EndNode": false,
      "Root": false,
      "ShowOnce": false,
      "SpeakerNo": 0,
      "AddressedSpeaker": 0,
      "Children": [
        "06abb20b-b63f-a921-6b3d-458ddc27ea1a"
      ],
      "CheckFlags": [],
      "SetFlags": [],
      "TaggedTextList": [
        {
          "HasTagRule": false,
          "RuleGroup": {
            "TagCombineOp": 0,
            "Rules": [],
            "RuleString": ""
          },
          "TagTexts": [
            {
              "LineId": "64118b87-ae08-615b-b639-d9490f2cfc85",
              "Text": {
                "Handle": "hd9183066gb45bg4658ga4e8g4fe492113b79",
                "Value": "Does that hurt?"
              }
            }
          ]
        }
      ],
      "EditorData": {
        "AnimationTags": "",
        "Attitude": "Default",
        "CinematicNodeContext": "Hunched over the bird, moving hands over it.",
        "CinematicObjects": "",
        "CustomCineArtKeysPresent": "False",
        "CustomLightingPresent": "False",
        "CustomSoundPresent": "False",
        "CustomVFXPresent": "False",
        "Emotion": "Default",
        "ForceDisableIsCustomNode": "False",
        "ID": "N12",
        "InternalNodeContext": "",
        "IsCustomNode": "True",
        "MusicTags": "",
        "NodeContext": "Gently, as if to a child",
        "Quality": "Bronze",
        "SFXTags": "",
        "StateChangeTags": "",
        "TemplateNodeUUID": "00000000-0000-0000-0000-000000000000",
        "TemplateVersion": "0",
        "VFXTags": "",
        "collapsed": "False",
        "logicalname": "Answer",
        "position": "335;15",
        "sourcetemplate": ""
      }
    },
    "98e63caf-af7d-f4d5-e6c1-b849ec59b854": {
      "UUID": "98e63caf-af7d-f4d5-e6c1-b849ec59b854",
      "Constructor": "TagGreeting",
      "EndNode": false,
      "Root": true,
      "ShowOnce": false,
      "SpeakerNo": 1,
      "AddressedSpeaker": 0,
      "Children": [
        "6a352c29-e6a7-d0fd-798b-e628554b4037"
      ],
      "CheckFlags": [
        {
          "Flags": [
            {
              "UUID": "56a8c66a-1486-5b28-f1b2-da58fc879593",
              "value": false,
              "paramval": null,
              "Name": "b8958184-8715-01f5-4668-f08390d1151e_Loop 2"
            },
            {
              "UUID": "64cc35a5-7ba8-d723-10b0-03c419402cb4",
              "value": false,
              "paramval": null,
              "Name": "b8958184-8715-01f5-4668-f08390d1151e_Loop 1"
            },
            {
              "UUID": "eaaa50bf-8362-25ac-4679-c39251cf0e32",
              "value": true,
              "paramval": null,
              "Name": "b8958184-8715-01f5-4668-f08390d1151e_Intro"
            }
          ],
          "Type": "Local"
        }
      ],
      "SetFlags": [
        {
          "Flags": [
            {
              "UUID": "56a8c66a-1486-5b28-f1b2-da58fc879593",
              "value": false,
              "paramval": null,
              "Name": "b8958184-8715-01f5-4668-f08390d1151e_Loop 2"
            },
            {
              "UUID": "64cc35a5-7ba8-d723-10b0-03c419402cb4",
              "value": true,
              "paramval": null,
              "Name": "b8958184-8715-01f5-4668-f08390d1151e_Loop 1"
            }
          ],
          "Type": "Local"
        }
      ],
      "TaggedTextList": [
        {
          "HasTagRule": false,
          "RuleGroup": {
            "TagCombineOp": 0,
            "Rules": [],
            "RuleString": ""
          },
          "TagTexts": [
            {
              "LineId": "33104e90-b3bf-a36b-a5a2-e520fd930273",
              "Text": {
                "Handle": "h7084fcd5gb8c2g4c6fgb644g58728f264e69",
                "Value": "*Chirp!*"
              }
            }
          ]
        }
      ],
      "EditorData": {
        "AnimationTags": "",
        "Attitude": "Default",
        "CinematicNodeContext": "",
        "CinematicObjects": "",
        "CustomCineArtKeysPresent": "False",
        "CustomLightingPresent": "False",
        "CustomSoundPresent": "False",
        "CustomVFXPresent": "False",
        "Emotion": "Default",
        "ForceDisableIsCustomNode": "False",
        "ID": "N17",
        "InternalNodeContext": "",
        "IsCustomNode": "False",
        "MusicTags": "",
        "NodeContext": "",
        "Quality": "Bronze",
        "SFXTags": "",
        "StateChangeTags": "",
        "TemplateNodeUUID": "00000000-0000-0000-0000-000000000000",
        "TemplateVersion": "0",
        "VFXTags": "",
        "collapsed": "False",
        "logicalname": "Greeting",
        "position": "15;234",
        "sourcetemplate": ""
      }
    },
    "a153c39f-d8b1-1fbe-19c3-e5be138e50ef": {
      "UUID": "a153c39f-d8b1-1fbe-19c3-e5be138e50ef",
      "Constructor": "TagGreeting",
      "EndNode": false,
      "Root": true,
      "ShowOnce": false,
      "SpeakerNo": 0,
      "AddressedSpeaker": 0,
      "Children": [
        "ad396a11-d928-cc95-d44c-624863739d47"
      ],
      "CheckFlags": [
        {
          "Flags": [
            {
              "UUID": "56a8c66a-1486-5b28-f1b2-da58fc879593",
              "value": false,
              "paramval": null,
              "Name": "b8958184-8715-01f5-4668-f08390d1151e_Loop 2"
            },
            {
              "UUID": "64cc35a5-7ba8-d723-10b0-03c419402cb4",
              "value": true,
              "paramval": null,
              "Name": "b8958184-8715-01f5-4668-f08390d1151e_Loop 1"
            },
            {
              "UUID": "eaaa50bf-8362-25ac-4679-c39251cf0e32",
              "value": true,
              "paramval": null,
              "Name": "b8958184-8715-01f5-4668-f08390d1151e_Intro"
            }
          ],
          "Type": "Local"
        }
      ],
      "SetFlags": [
        {
          "Flags": [
            {
              "UUID": "56a8c66a-1486-5b28-f1b2-da58fc879593",
              "value": true,
              "paramval": null,
              "Name": "b8958184-8715-01f5-4668-f08390d1151e_Loop 2"
            },
            {
              "UUID": "64cc35a5-7ba8-d723-10b0-03c419402cb4",
              "value": true,
              "paramval": null,
              "Name": "b8958184-8715-01f5-4668-f08390d1151e_Loop 1"
            }
          ],
          "Type": "Local"
        }
      ],
      "TaggedTextList": [
        {
          "HasTagRule": false,
          "RuleGroup": {
            "TagCombineOp": 0,
            "Rules": [],
            "RuleString": ""
          },
          "TagTexts": [
            {
              "LineId": "6c72adbe-4569-0581-6f18-d9dff6836bb3",
              "Text": {
                "Handle": "hf34bb887g59c0g42ecga388g7215180d1ffa",
                "Value": "Just hold still."
              }
            }
          ]
        }
      ],
      "EditorData": {
        "AnimationTags": "",
        "Attitude": "Default",
        "CinematicNodeContext": "",
        "CinematicObjects": "",
        "CustomCineArtKeysPresent": "False",
        "CustomLightingPresent": "False",
        "CustomSoundPresent": "False",
        "CustomVFXPresent": "False",
        "Emotion": "Default",
        "ForceDisableIsCustomNode": "False",
        "ID": "N19",
        "InternalNodeContext": "",
        "IsCustomNode": "False",
        "MusicTags": "",
        "NodeContext": "",
        "Quality": "Bronze",
        "SFXTags": "",
        "StateChangeTags": "",
        "TemplateNodeUUID": "00000000-0000-0000-0000-000000000000",
        "TemplateVersion": "0",
        "VFXTags": "",
        "collapsed": "False",
        "logicalname": "Greeting",
        "position": "15;453",
        "sourcetemplate": ""
      }
    },
    "ad396a11-d928-cc95-d44c-624863739d47": {
      "UUID": "ad396a11-d928-cc95-d44c-624863739d47",
      "Constructor": "TagAnswer",
      "EndNode": true,
      "Root": false,
      "ShowOnce": false,
      "SpeakerNo": 1,
      "AddressedSpeaker": 0,
      "Children": [],
      "CheckFlags": [],
      "SetFlags": [],
      "TaggedTextList": [
        {
          "HasTagRule": false,
          "RuleGroup": {
            "TagCombineOp": 0,
            "Rules": [],
            "RuleString": ""
          },
          "TagTexts": [
            {
              "LineId": "d024e390-a2cf-ac27-83cf-d7e9da901179",
              "Text": {
                "Handle": "h8a51f977g39b8g49adg842fg108e06021d8a",
                "Value": "*Chirp.*"
              }
            }
          ]
        }
      ],
      "EditorData": {
        "AnimationTags": "",
        "Attitude": "Default",
        "CinematicNodeContext": "",
        "CinematicObjects": "",
        "CustomCineArtKeysPresent": "False",
        "CustomLightingPresent": "False",
        "CustomSoundPresent": "False",
        "CustomVFXPresent": "False",
        "Emotion": "Determination",
        "ForceDisableIsCustomNode": "False",
        "ID": "N23",
        "InternalNodeContext": "",
        "IsCustomNode": "False",
        "MusicTags": "",
        "NodeContext": "Pained chirp",
        "Quality": "Bronze",
        "SFXTags": "",
        "StateChangeTags": "",
        "TemplateNodeUUID": "00000000-0000-0000-0000-000000000000",
        "TemplateVersion": "0",
        "VFXTags": "",
        "collapsed": "False",
        "logicalname": "Answer",
        "position": "335;453",
        "sourcetemplate": ""
      }
    },
    "f19ad64d-4a03-d5c5-8fed-aed4ef4131b6": {
      "UUID": "f19ad64d-4a03-d5c5-8fed-aed4ef4131b6",
      "Constructor": "TagAnswer",
      "EndNode": true,
      "Root": false,
      "ShowOnce": false,
      "SpeakerNo": 1,
      "AddressedSpeaker": 0,
      "Children": [],
      "CheckFlags": [],
      "SetFlags": [],
      "TaggedTextList": [
        {
          "HasTagRule": false,
          "RuleGroup": {
            "TagCombineOp": 0,
            "Rules": [],
            "RuleString": ""
          },
          "TagTexts": [
            {
              "LineId": "44e828a9-7a62-9375-2b9c-497efbb8d9d2",
              "Text": {
                "Handle": "h02a49ee2ga263g44ecgafd4ga45994964b73",
                "Value": "*Chirp.*"
              }
            }
          ]
        }
      ],
      "EditorData": {
        "AnimationTags": "",
        "Attitude": "Default",
        "CinematicNodeContext": "",
        "CinematicObjects": "",
        "CustomCineArtKeysPresent": "False",
        "CustomLightingPresent": "False",
        "CustomSoundPresent": "False",
        "CustomVFXPresent": "False",
        "Emotion": "Determination",
        "ForceDisableIsCustomNode": "False",
        "ID": "N31",
        "InternalNodeContext": "",
        "IsCustomNode": "False",
        "MusicTags": "",
        "NodeContext": "Pained chirp",
        "Quality": "Bronze",
        "SFXTags": "",
        "StateChangeTags": "",
        "TemplateNodeUUID": "00000000-0000-0000-0000-000000000000",
        "TemplateVersion": "0",
        "VFXTags": "",
        "collapsed": "False",
        "logicalname": "Answer",
        "position": "335;672",
        "sourcetemplate": ""
      }
    }
  },
  "SpeakerDict": {
    "0": {
      "IsPeanutSpeaker": false,
      "SpeakerMappingId": "84e53f8c-243c-91fa-b88a-f9880d1c74f7",
      "Index": 0,
      "List": [
        "7cabf226-e34b-4556-8903-a45d0fe26caf"
      ],
      "SpeakerCharacter": {
        "DisplayName": "Nettie",
        "Type": "character",
        "MapKey": "7cabf226-e34b-4556-8903-a45d0fe26caf",
        "Name": "S_DEN_Apprentice",
        "ParentTemplateId": null,
        "TemplateName": "1ad176b6-d4df-49b9-b487-c0751c39e55e"
      },
      "SpeakerGroupName": null
    },
    "1": {
      "IsPeanutSpeaker": false,
      "SpeakerMappingId": "ac563786-ca33-0b31-69da-cdf947861fbb",
      "Index": 1,
      "List": [
        "200bc56e-f3e1-445b-8b75-a5ddb541e123"
      ],
      "SpeakerCharacter": {
        "DisplayName": "Wounded Bird",
        "Type": "character",
        "MapKey": "200bc56e-f3e1-445b-8b75-a5ddb541e123",
        "Name": "S_DEN_WoundedBird",
        "ParentTemplateId": null,
        "TemplateName": "e32a1c7a-93db-4a3d-b21f-ca9cbff85190"
      },
      "SpeakerGroupName": null
    }
  },
  "Synopsis": "Nettie is tending to a badly wounded bird. The bird is weak, its life hangs in the balance, but Nettie is doing what she can."
}