{
  "Path": "Mods/Gustav/Story/Dialogs/Act1/DEN/DEN_General_AD_TieflingGuard3.lsj",
  "UUID": "762626d4-3ff0-0c33-8d3e-4abf44e8c2b4",
  "Category": "Repeated automated NPC Dialog",
  "DefaultAddressedSpeakers": {
    "0": -1
  },
  "RootNodes": [
    "88987e42-7d01-8851-9b83-79aabef766b6",
    "3a310d8d-6be3-292a-5f11-12646d5a489c",
    "8fe36166-7ea5-d757-8d9f-8937d6909ecf",
    "d49e3572-25fa-1b36-c744-aabfaae99866"
  ],
  "Nodes": {
    "3a310d8d-6be3-292a-5f11-12646d5a489c": {
      "UUID": "3a310d8d-6be3-292a-5f11-12646d5a489c",
      "Constructor": "TagGreeting",
      "EndNode": true,
      "Root": true,
      "ShowOnce": false,
      "SpeakerNo": 0,
      "AddressedSpeaker": 0,
      "Children": [],
      "CheckFlags": [
        {
          "Flags": [
            {
              "UUID": "4ec62874-a74d-74da-cb5f-4a6d0ff3ccad",
              "value": false,
              "paramval": null,
              "Name": "762626d4-3ff0-0c33-8d3e-4abf44e8c2b4_Node1"
            },
            {
              "UUID": "b7010e03-4203-402f-4fdf-7e92cbb17b93",
              "value": false,
              "paramval": null,
              "Name": "762626d4-3ff0-0c33-8d3e-4abf44e8c2b4_Node2"
            }
          ],
          "Type": "Local"
        }
      ],
      "SetFlags": [
        {
          "Flags": [
            {
              "UUID": "4ec62874-a74d-74da-cb5f-4a6d0ff3ccad",
              "value": true,
              "paramval": null,
              "Name": "762626d4-3ff0-0c33-8d3e-4abf44e8c2b4_Node1"
            },
            {
              "UUID": "b7010e03-4203-402f-4fdf-7e92cbb17b93",
              "value": false,
              "paramval": null,
              "Name": "762626d4-3ff0-0c33-8d3e-4abf44e8c2b4_Node2"
            }
          ],
          "Type": "Local"
        }
      ],
      "TaggedTextList": [
        {
          "HasTagRule": false,
          "RuleGroup": {
            "TagCombineOp": 0,
            "Rules": [],
            "RuleString": ""
          },
          "TagTexts": [
            {
              "LineId": "a29e235f-3088-382e-adce-4cc97d40007f",
              "Text": {
                "Handle": "h6f3493f6g78a6g4fbegaf42gef6ac78b3fd9",
                "Value": "What I'd do for some salt..."
              }
            }
          ]
        }
      ],
      "EditorData": {
        "AnimationTags": "",
        "Attitude": "Neutral",
        "CinematicNodeContext": "Leaning over cooking pot - cooking. ",
        "CinematicObjects": "",
        "CustomCineArtKeysPresent": "False",
        "CustomLightingPresent": "False",
        "CustomSoundPresent": "False",
        "CustomVFXPresent": "False",
        "Emotion": "Determination",
        "ForceDisableIsCustomNode": "False",
        "ID": "N3",
        "InternalNodeContext": "",
        "IsCustomNode": "True",
        "MusicTags": "",
        "NodeContext": "Slightly gruff. Talking to herself. ",
        "Quality": "Bronze",
        "SFXTags": "",
        "StateChangeTags": "",
        "TemplateNodeUUID": "00000000-0000-0000-0000-000000000000",
        "TemplateVersion": "0",
        "VFXTags": "",
        "collapsed": "False",
        "logicalname": "Greeting",
        "position": "655;453",
        "sourcetemplate": ""
      }
    },
    "88987e42-7d01-8851-9b83-79aabef766b6": {
      "UUID": "88987e42-7d01-8851-9b83-79aabef766b6",
      "Constructor": "TagGreeting",
      "EndNode": true,
      "Root": true,
      "ShowOnce": false,
      "SpeakerNo": 0,
      "AddressedSpeaker": 0,
      "Children": [],
      "CheckFlags": [
        {
          "Flags": [
            {
              "UUID": "1e6a42ed-8313-4f46-57e2-20dbdb2df923",
              "value": true,
              "paramval": null,
              "Name": "DEN_Refugees_State_LeadersAreDead"
            }
          ],
          "Type": "Global"
        }
      ],
      "SetFlags": [],
      "TaggedTextList": [
        {
          "HasTagRule": false,
          "RuleGroup": {
            "TagCombineOp": 0,
            "Rules": [],
            "RuleString": ""
          },
          "TagTexts": [
            {
              "LineId": "42fd4307-bc87-76ee-9aa8-b9d08627d6a4",
              "Text": {
                "Handle": "h127317c1gd87cg46d5gb631g9017d3bd807d",
                "Value": "Slimy bastards are dead. Hope it wasn't pretty. "
              }
            }
          ]
        }
      ],
      "EditorData": {
        "AnimationTags": "",
        "Attitude": "Neutral",
        "CinematicNodeContext": "",
        "CinematicObjects": "",
        "CustomCineArtKeysPresent": "False",
        "CustomLightingPresent": "False",
        "CustomSoundPresent": "False",
        "CustomVFXPresent": "False",
        "Emotion": "Anger",
        "ForceDisableIsCustomNode": "False",
        "ID": "N4",
        "InternalNodeContext": "",
        "IsCustomNode": "False",
        "MusicTags": "",
        "NodeContext": "Slightly gruff and angry.",
        "Quality": "Bronze",
        "SFXTags": "",
        "StateChangeTags": "",
        "TemplateNodeUUID": "00000000-0000-0000-0000-000000000000",
        "TemplateVersion": "0",
        "VFXTags": "",
        "collapsed": "False",
        "logicalname": "Greeting",
        "position": "655;234",
        "sourcetemplate": ""
      }
    },
    "8fe36166-7ea5-d757-8d9f-8937d6909ecf": {
      "UUID": "8fe36166-7ea5-d757-8d9f-8937d6909ecf",
      "Constructor": "TagGreeting",
      "EndNode": true,
      "Root": true,
      "ShowOnce": false,
      "SpeakerNo": 0,
      "AddressedSpeaker": 0,
      "Children": [],
      "CheckFlags": [
        {
          "Flags": [
            {
              "UUID": "4ec62874-a74d-74da-cb5f-4a6d0ff3ccad",
              "value": true,
              "paramval": null,
              "Name": "762626d4-3ff0-0c33-8d3e-4abf44e8c2b4_Node1"
            },
            {
              "UUID": "b7010e03-4203-402f-4fdf-7e92cbb17b93",
              "value": false,
              "paramval": null,
              "Name": "762626d4-3ff0-0c33-8d3e-4abf44e8c2b4_Node2"
            }
          ],
          "Type": "Local"
        }
      ],
      "SetFlags": [
        {
          "Flags": [
            {
              "UUID": "4ec62874-a74d-74da-cb5f-4a6d0ff3ccad",
              "value": false,
              "paramval": null,
              "Name": "762626d4-3ff0-0c33-8d3e-4abf44e8c2b4_Node1"
            },
            {
              "UUID": "b7010e03-4203-402f-4fdf-7e92cbb17b93",
              "value": true,
              "paramval": null,
              "Name": "762626d4-3ff0-0c33-8d3e-4abf44e8c2b4_Node2"
            }
          ],
          "Type": "Local"
        }
      ],
      "TaggedTextList": [
        {
          "HasTagRule": false,
          "RuleGroup": {
            "TagCombineOp": 0,
            "Rules": [],
            "RuleString": ""
          },
          "TagTexts": [
            {
              "LineId": "4a3b9411-f590-c9b5-914f-465b84280cdc",
              "Text": {
                "Handle": "hf35f7a7fg23eeg4189g84bbg8bd924d3b7aa",
                "Value": "Where'd I put that oat bucket?"
              }
            }
          ]
        }
      ],
      "EditorData": {
        "AnimationTags": "",
        "Attitude": "Default",
        "CinematicNodeContext": "Leaning over cooking pot - cooking. ",
        "CinematicObjects": "",
        "CustomCineArtKeysPresent": "False",
        "CustomLightingPresent": "False",
        "CustomSoundPresent": "False",
        "CustomVFXPresent": "False",
        "Emotion": "Determination",
        "ForceDisableIsCustomNode": "False",
        "ID": "N22",
        "InternalNodeContext": "",
        "IsCustomNode": "True",
        "MusicTags": "",
        "NodeContext": "Slightly gruff. Talking to herself. ",
        "Quality": "Bronze",
        "SFXTags": "",
        "StateChangeTags": "",
        "TemplateNodeUUID": "00000000-0000-0000-0000-000000000000",
        "TemplateVersion": "0",
        "VFXTags": "",
        "collapsed": "False",
        "logicalname": "Greeting",
        "position": "655;672",
        "sourcetemplate": ""
      }
    },
    "d49e3572-25fa-1b36-c744-aabfaae99866": {
      "UUID": "d49e3572-25fa-1b36-c744-aabfaae99866",
      "Constructor": "TagGreeting",
      "EndNode": true,
      "Root": true,
      "ShowOnce": false,
      "SpeakerNo": 0,
      "AddressedSpeaker": 0,
      "Children": [],
      "CheckFlags": [
        {
          "Flags": [
            {
              "UUID": "4ec62874-a74d-74da-cb5f-4a6d0ff3ccad",
              "value": false,
              "paramval": null,
              "Name": "762626d4-3ff0-0c33-8d3e-4abf44e8c2b4_Node1"
            },
            {
              "UUID": "b7010e03-4203-402f-4fdf-7e92cbb17b93",
              "value": true,
              "paramval": null,
              "Name": "762626d4-3ff0-0c33-8d3e-4abf44e8c2b4_Node2"
            }
          ],
          "Type": "Local"
        }
      ],
      "SetFlags": [
        {
          "Flags": [
            {
              "UUID": "4ec62874-a74d-74da-cb5f-4a6d0ff3ccad",
              "value": false,
              "paramval": null,
              "Name": "762626d4-3ff0-0c33-8d3e-4abf44e8c2b4_Node1"
            },
            {
              "UUID": "b7010e03-4203-402f-4fdf-7e92cbb17b93",
              "value": false,
              "paramval": null,
              "Name": "762626d4-3ff0-0c33-8d3e-4abf44e8c2b4_Node2"
            }
          ],
          "Type": "Local"
        }
      ],
      "TaggedTextList": [
        {
          "HasTagRule": false,
          "RuleGroup": {
            "TagCombineOp": 0,
            "Rules": [],
            "RuleString": ""
          },
          "TagTexts": [
            {
              "LineId": "5f780020-aa7b-7b4a-0290-13ac9f8873dc",
              "Text": {
                "Handle": "hd274733egcca4g47a2g8731g5f27dd12cfe4",
                "Value": "Hm - doesn't taste half bad. "
              }
            }
          ]
        }
      ],
      "EditorData": {
        "AnimationTags": "",
        "Attitude": "Default",
        "CinematicNodeContext": "Leaning over cooking pot - cooking. ",
        "CinematicObjects": "",
        "CustomCineArtKeysPresent": "False",
        "CustomLightingPresent": "False",
        "CustomSoundPresent": "False",
        "CustomVFXPresent": "False",
        "Emotion": "Surprise",
        "ForceDisableIsCustomNode": "False",
        "ID": "N23",
        "InternalNodeContext": "",
        "IsCustomNode": "True",
        "MusicTags": "",
        "NodeContext": "Slightly gruff. Talking to herself. Surprised. ",
        "Quality": "Bronze",
        "SFXTags": "",
        "StateChangeTags": "",
        "TemplateNodeUUID": "00000000-0000-0000-0000-000000000000",
        "TemplateVersion": "0",
        "VFXTags": "",
        "collapsed": "False",
        "logicalname": "Greeting",
        "position": "655;891",
        "sourcetemplate": ""
      }
    }
  },
  "SpeakerDict": {
    "0": {
      "IsPeanutSpeaker": false,
      "SpeakerMappingId": "b967cfac-75b7-d5d9-06a1-5f767b787434",
      "Index": 0,
      "List": [
        "1b35671b-e5d7-4943-bbd0-4c816b69b7cb"
      ],
      "SpeakerCharacter": {
        "DisplayName": "Okta",
        "Type": "character",
        "MapKey": "1b35671b-e5d7-4943-bbd0-4c816b69b7cb",
        "Name": "S_DEN_Tiefling_FoodTrader_001",
        "ParentTemplateId": null,
        "TemplateName": "9103fce3-6423-4f8a-af04-83ac1af2a1d7"
      },
      "SpeakerGroupName": null
    }
  },
  "Synopsis": "Okta is leaning over her cooking pot, trying to make something edible as she mutters to herself. "
}