{
  "Path": "Mods/Gustav/Story/Dialogs/Act1/DEN/DEN_DruidPet_AD_BirdStealReaction.lsj",
  "UUID": "8651d78f-1dd6-c425-6a2a-6293cd1d21c2",
  "Category": "Automated NPC Dialog",
  "DefaultAddressedSpeakers": {
    "0": -1
  },
  "RootNodes": [
    "739f70da-975f-b1cc-6b61-bba5b80268b4"
  ],
  "Nodes": {
    "739f70da-975f-b1cc-6b61-bba5b80268b4": {
      "UUID": "739f70da-975f-b1cc-6b61-bba5b80268b4",
      "Constructor": "TagGreeting",
      "EndNode": true,
      "Root": true,
      "ShowOnce": false,
      "SpeakerNo": 0,
      "AddressedSpeaker": 0,
      "Children": [],
      "CheckFlags": [],
      "SetFlags": [],
      "TaggedTextList": [
        {
          "HasTagRule": false,
          "RuleGroup": {
            "TagCombineOp": 0,
            "Rules": [],
            "RuleString": ""
          },
          "TagTexts": [
            {
              "LineId": "b3a75e7a-a7f5-646d-1b5e-d6502012ea88",
              "Text": {
                "Handle": "h0d6a6ba3g41c6g498dg91cfgb8feb716ffb8",
                "Value": "*Screech!*"
              }
            }
          ]
        }
      ],
      "EditorData": {
        "AnimationTags": "",
        "Attitude": "Default",
        "CinematicNodeContext": "",
        "CinematicObjects": "",
        "CustomCineArtKeysPresent": "False",
        "CustomLightingPresent": "False",
        "CustomSoundPresent": "False",
        "CustomVFXPresent": "False",
        "Emotion": "Default",
        "ForceDisableIsCustomNode": "False",
        "ID": "N1",
        "InternalNodeContext": "Custom crime reaction exclusive to the blue jay in this booster",
        "IsCustomNode": "False",
        "MusicTags": "",
        "NodeContext": "",
        "Quality": "Bronze",
        "SFXTags": "",
        "StateChangeTags": "",
        "TemplateNodeUUID": "00000000-0000-0000-0000-000000000000",
        "TemplateVersion": "0",
        "VFXTags": "",
        "collapsed": "False",
        "logicalname": "Greeting",
        "position": "655;-204",
        "sourcetemplate": ""
      }
    }
  },
  "SpeakerDict": {
    "0": {
      "IsPeanutSpeaker": false,
      "SpeakerMappingId": "25f17988-8400-69ce-d085-1f9356b68474",
      "Index": 0,
      "List": [
        "72bd7f25-0644-4323-a428-85ba5630e6ea"
      ],
      "SpeakerCharacter": {
        "DisplayName": "Topaz",
        "Type": "character",
        "MapKey": "72bd7f25-0644-4323-a428-85ba5630e6ea",
        "Name": "S_DEN_PetBird",
        "ParentTemplateId": null,
        "TemplateName": "e32a1c7a-93db-4a3d-b21f-ca9cbff85190"
      },
      "SpeakerGroupName": null
    }
  },
  "Synopsis": "AD of blue jay reacting to you stealing from its nest."
}