{
  "Path": "Mods/Gustav/Story/Dialogs/Act1/DEN/DEN_GuardedEntrance_SoloParentA.lsj",
  "UUID": "f922db9c-1abf-0a35-63c4-f6733a7a2d7f",
  "Category": "Generic NPC Dialog",
  "DefaultAddressedSpeakers": {
    "0": -1,
    "1": -1
  },
  "RootNodes": [
    "aa309fb2-225f-fc52-f900-63e335c43f27",
    "9b4166cc-fd09-f4cb-da72-e59d2229462a",
    "16eaacdf-e6c4-a624-b206-d2b852f3021a",
    "84c857d5-9521-a08e-96f5-c81166c2651f",
    "a4b1520a-ef46-ec14-1b36-d7e685cf88ad",
    "0bcce09b-914a-99fa-8261-cc42410c86ba",
    "80ae5893-955e-9ec2-143f-a896237dee03",
    "85d37cea-5238-511a-7f06-120217f97b62",
    "9314e2eb-9d73-7454-4c00-1a2e0bac5837",
    "44c55800-f830-2577-2070-065b87f997e0",
    "1b271097-6af0-6ddf-1689-06acf1fb83b9"
  ],
  "Nodes": {
    "0bcce09b-914a-99fa-8261-cc42410c86ba": {
      "UUID": "0bcce09b-914a-99fa-8261-cc42410c86ba",
      "Constructor": "TagGreeting",
      "EndNode": false,
      "Root": true,
      "ShowOnce": false,
      "SpeakerNo": 0,
      "AddressedSpeaker": -1,
      "Children": [
        "54e10ed7-7582-1676-345b-04887a1ee7ec"
      ],
      "CheckFlags": [
        {
          "Flags": [
            {
              "UUID": "6e3c7f4b-cdc6-d7c7-475e-bf38a397bed8",
              "value": false,
              "paramval": 1,
              "Name": "DEN_HasMet_SoloParentB"
            }
          ],
          "Type": "Dialog"
        },
        {
          "Flags": [
            {
              "UUID": "72f1c56c-3368-920b-165f-457bd1c6db87",
              "value": false,
              "paramval": null,
              "Name": "DEN_GuardedEntrance_HasMet_PlayerAnnouncedDeath"
            }
          ],
          "Type": "Global"
        }
      ],
      "SetFlags": [
        {
          "Flags": [
            {
              "UUID": "6e3c7f4b-cdc6-d7c7-475e-bf38a397bed8",
              "value": true,
              "paramval": 1,
              "Name": "DEN_HasMet_SoloParentB"
            }
          ],
          "Type": "Dialog"
        },
        {
          "Flags": [
            {
              "UUID": "25af4786-de3e-a2dd-8fdf-2fb56ac44483",
              "value": true,
              "paramval": 1,
              "Name": "DEN_GuardedEntrance_HasMet_Parents"
            }
          ],
          "Type": "User"
        }
      ],
      "TaggedTextList": [
        {
          "HasTagRule": false,
          "RuleGroup": {
            "TagCombineOp": 0,
            "Rules": [],
            "RuleString": ""
          },
          "TagTexts": [
            {
              "LineId": "1d128b0d-2fd3-e0e2-7c12-b73d1246cc75",
              "Text": {
                "Handle": "h6ac9410eg3712g4965g8d05gc5d426eaf1a9",
                "Value": "All Arabella wanted to do is help. But you and half the grove stood by and let her die - alone. "
              }
            }
          ]
        }
      ],
      "EditorData": {
        "AnimationTags": "",
        "Attitude": "Default",
        "CinematicNodeContext": "",
        "CinematicObjects": "",
        "CustomCineArtKeysPresent": "False",
        "CustomLightingPresent": "False",
        "CustomSoundPresent": "False",
        "CustomVFXPresent": "False",
        "Emotion": "Default",
        "ForceDisableIsCustomNode": "False",
        "ID": "N197",
        "InternalNodeContext": "",
        "IsCustomNode": "False",
        "MusicTags": "",
        "NodeContext": "Cold fury",
        "Quality": "Bronze",
        "SFXTags": "",
        "StateChangeTags": "",
        "TemplateNodeUUID": "00000000-0000-0000-0000-000000000000",
        "TemplateVersion": "0",
        "VFXTags": "",
        "collapsed": "False",
        "logicalname": "Death/said nothing",
        "position": "15;-204",
        "sourcetemplate": ""
      }
    },
    "16eaacdf-e6c4-a624-b206-d2b852f3021a": {
      "UUID": "16eaacdf-e6c4-a624-b206-d2b852f3021a",
      "Constructor": "TagGreeting",
      "EndNode": true,
      "Root": true,
      "ShowOnce": false,
      "SpeakerNo": 0,
      "AddressedSpeaker": -1,
      "Children": [],
      "CheckFlags": [
        {
          "Flags": [
            {
              "UUID": "02c01ed4-a534-d52a-c7d4-28dc1d166457",
              "value": false,
              "paramval": 1,
              "Name": "DEN_HasMet_SoloParentA"
            }
          ],
          "Type": "Dialog"
        },
        {
          "Flags": [
            {
              "UUID": "9da2a326-fc9f-f67c-d839-adc2122a2485",
              "value": true,
              "paramval": null,
              "Name": "DEN_GuardedEntrance_State_KidIsBack"
            }
          ],
          "Type": "Global"
        }
      ],
      "SetFlags": [
        {
          "Flags": [
            {
              "UUID": "02c01ed4-a534-d52a-c7d4-28dc1d166457",
              "value": true,
              "paramval": 1,
              "Name": "DEN_HasMet_SoloParentA"
            }
          ],
          "Type": "Dialog"
        }
      ],
      "TaggedTextList": [
        {
          "HasTagRule": false,
          "RuleGroup": {
            "TagCombineOp": 0,
            "Rules": [],
            "RuleString": ""
          },
          "TagTexts": [
            {
              "LineId": "b320d8f6-6802-482f-2f91-1d4f090acabd",
              "Text": {
                "Handle": "h4e688affg8e89g4bc2g8175g327e1cad44a9",
                "Value": "The road to Baldur's Gate looks a little less daunting now that we're all back together. "
              }
            }
          ]
        }
      ],
      "EditorData": {
        "AnimationTags": "",
        "Attitude": "Default",
        "CinematicNodeContext": "",
        "CinematicObjects": "",
        "CustomCineArtKeysPresent": "False",
        "CustomLightingPresent": "False",
        "CustomSoundPresent": "False",
        "CustomVFXPresent": "False",
        "Emotion": "Default",
        "ForceDisableIsCustomNode": "False",
        "ID": "N170",
        "InternalNodeContext": "",
        "IsCustomNode": "False",
        "MusicTags": "",
        "NodeContext": "Sincere and grateful",
        "Quality": "Bronze",
        "SFXTags": "",
        "StateChangeTags": "",
        "TemplateNodeUUID": "00000000-0000-0000-0000-000000000000",
        "TemplateVersion": "0",
        "VFXTags": "",
        "collapsed": "False",
        "logicalname": "Kid back! ",
        "position": "15;-1299",
        "sourcetemplate": ""
      }
    },
    "1b271097-6af0-6ddf-1689-06acf1fb83b9": {
      "UUID": "1b271097-6af0-6ddf-1689-06acf1fb83b9",
      "Constructor": "TagGreeting",
      "EndNode": true,
      "Root": true,
      "ShowOnce": false,
      "SpeakerNo": 0,
      "AddressedSpeaker": -1,
      "Children": [],
      "CheckFlags": [],
      "SetFlags": [],
      "TaggedTextList": [
        {
          "HasTagRule": false,
          "RuleGroup": {
            "TagCombineOp": 0,
            "Rules": [],
            "RuleString": ""
          },
          "TagTexts": [
            {
              "LineId": "daa77c3b-91a2-b15d-94da-73fe23a0b382",
              "Text": {
                "Handle": "ha58634bdgaab5g4cabgb676g2a3f9f1bb3f4",
                "Value": "<i>Get away.</i>"
              }
            }
          ]
        }
      ],
      "EditorData": {
        "AnimationTags": "",
        "Attitude": "Default",
        "CinematicNodeContext": "",
        "CinematicObjects": "",
        "CustomCineArtKeysPresent": "False",
        "CustomLightingPresent": "False",
        "CustomSoundPresent": "False",
        "CustomVFXPresent": "False",
        "Emotion": "Default",
        "ForceDisableIsCustomNode": "False",
        "ID": "N237",
        "InternalNodeContext": "",
        "IsCustomNode": "False",
        "MusicTags": "",
        "NodeContext": "Grieving - furious",
        "Quality": "Bronze",
        "SFXTags": "",
        "StateChangeTags": "",
        "TemplateNodeUUID": "00000000-0000-0000-0000-000000000000",
        "TemplateVersion": "0",
        "VFXTags": "",
        "collapsed": "False",
        "logicalname": "Death/HasMet/told truth+default",
        "position": "15;1329",
        "sourcetemplate": ""
      }
    },
    "44c55800-f830-2577-2070-065b87f997e0": {
      "UUID": "44c55800-f830-2577-2070-065b87f997e0",
      "Constructor": "TagGreeting",
      "EndNode": true,
      "Root": true,
      "ShowOnce": false,
      "SpeakerNo": 0,
      "AddressedSpeaker": -1,
      "Children": [],
      "CheckFlags": [
        {
          "Flags": [
            {
              "UUID": "72f1c56c-3368-920b-165f-457bd1c6db87",
              "value": false,
              "paramval": null,
              "Name": "DEN_GuardedEntrance_HasMet_PlayerAnnouncedDeath"
            }
          ],
          "Type": "Global"
        }
      ],
      "SetFlags": [],
      "TaggedTextList": [
        {
          "HasTagRule": false,
          "RuleGroup": {
            "TagCombineOp": 0,
            "Rules": [],
            "RuleString": ""
          },
          "TagTexts": [
            {
              "LineId": "a74a77e6-9e06-efea-dae1-ce9496c73a09",
              "Text": {
                "Handle": "h3f1adb17gb1b7g4ff1ga428gf78313a36878",
                "Value": "<i>Get away.</i>"
              }
            }
          ]
        }
      ],
      "EditorData": {
        "AnimationTags": "",
        "Attitude": "Default",
        "CinematicNodeContext": "",
        "CinematicObjects": "",
        "CustomCineArtKeysPresent": "False",
        "CustomLightingPresent": "False",
        "CustomSoundPresent": "False",
        "CustomVFXPresent": "False",
        "Emotion": "Default",
        "ForceDisableIsCustomNode": "False",
        "ID": "N233",
        "InternalNodeContext": "",
        "IsCustomNode": "False",
        "MusicTags": "",
        "NodeContext": "Grieving - furious",
        "Quality": "Bronze",
        "SFXTags": "",
        "StateChangeTags": "",
        "TemplateNodeUUID": "00000000-0000-0000-0000-000000000000",
        "TemplateVersion": "0",
        "VFXTags": "",
        "collapsed": "False",
        "logicalname": "Death/HasMet/Didn't talk to them",
        "position": "15;1110",
        "sourcetemplate": ""
      }
    },
    "54e10ed7-7582-1676-345b-04887a1ee7ec": {
      "UUID": "54e10ed7-7582-1676-345b-04887a1ee7ec",
      "Constructor": "TagAnswer",
      "EndNode": true,
      "Root": false,
      "ShowOnce": false,
      "SpeakerNo": 0,
      "AddressedSpeaker": -1,
      "Children": [],
      "CheckFlags": [],
      "SetFlags": [],
      "TaggedTextList": [
        {
          "HasTagRule": false,
          "RuleGroup": {
            "TagCombineOp": 0,
            "Rules": [],
            "RuleString": ""
          },
          "TagTexts": [
            {
              "LineId": "07853a64-2be4-f69a-7f13-72100c120bef",
              "Text": {
                "Handle": "h6d6986d8g76dag4bb9g9b6agcc6fe6ab157c",
                "Value": "Get out of my sight. For your own good. "
              }
            }
          ]
        }
      ],
      "EditorData": {
        "AnimationTags": "",
        "Attitude": "Default",
        "CinematicNodeContext": "",
        "CinematicObjects": "",
        "CustomCineArtKeysPresent": "False",
        "CustomLightingPresent": "False",
        "CustomSoundPresent": "False",
        "CustomVFXPresent": "False",
        "Emotion": "Default",
        "ForceDisableIsCustomNode": "False",
        "ID": "N242",
        "InternalNodeContext": "",
        "IsCustomNode": "False",
        "MusicTags": "",
        "NodeContext": "Cold fury",
        "Quality": "Bronze",
        "SFXTags": "",
        "StateChangeTags": "",
        "TemplateNodeUUID": "00000000-0000-0000-0000-000000000000",
        "TemplateVersion": "0",
        "VFXTags": "",
        "collapsed": "False",
        "logicalname": "Answer",
        "position": "335;-423",
        "sourcetemplate": ""
      }
    },
    "80ae5893-955e-9ec2-143f-a896237dee03": {
      "UUID": "80ae5893-955e-9ec2-143f-a896237dee03",
      "Constructor": "TagGreeting",
      "EndNode": true,
      "Root": true,
      "ShowOnce": false,
      "SpeakerNo": 0,
      "AddressedSpeaker": -1,
      "Children": [],
      "CheckFlags": [
        {
          "Flags": [
            {
              "UUID": "6e3c7f4b-cdc6-d7c7-475e-bf38a397bed8",
              "value": false,
              "paramval": 1,
              "Name": "DEN_HasMet_SoloParentB"
            }
          ],
          "Type": "Dialog"
        }
      ],
      "SetFlags": [
        {
          "Flags": [
            {
              "UUID": "6e3c7f4b-cdc6-d7c7-475e-bf38a397bed8",
              "value": true,
              "paramval": 1,
              "Name": "DEN_HasMet_SoloParentB"
            }
          ],
          "Type": "Dialog"
        },
        {
          "Flags": [
            {
              "UUID": "25af4786-de3e-a2dd-8fdf-2fb56ac44483",
              "value": true,
              "paramval": 1,
              "Name": "DEN_GuardedEntrance_HasMet_Parents"
            }
          ],
          "Type": "User"
        }
      ],
      "TaggedTextList": [
        {
          "HasTagRule": false,
          "RuleGroup": {
            "TagCombineOp": 0,
            "Rules": [],
            "RuleString": ""
          },
          "TagTexts": [
            {
              "LineId": "730d7b9b-b30d-7bbb-fc10-617a96f36798",
              "Text": {
                "Handle": "h35fb9948ga681g4493gb337g376b60700d4e",
                "Value": "Leave me. "
              }
            }
          ]
        }
      ],
      "EditorData": {
        "AnimationTags": "",
        "Attitude": "Default",
        "CinematicNodeContext": "",
        "CinematicObjects": "",
        "CustomCineArtKeysPresent": "False",
        "CustomLightingPresent": "False",
        "CustomSoundPresent": "False",
        "CustomVFXPresent": "False",
        "Emotion": "Default",
        "ForceDisableIsCustomNode": "False",
        "ID": "N205",
        "InternalNodeContext": "",
        "IsCustomNode": "False",
        "MusicTags": "",
        "NodeContext": "Cold fury",
        "Quality": "Bronze",
        "SFXTags": "",
        "StateChangeTags": "",
        "TemplateNodeUUID": "00000000-0000-0000-0000-000000000000",
        "TemplateVersion": "0",
        "VFXTags": "",
        "collapsed": "False",
        "logicalname": "Death/player told her (her didn't lie at least)",
        "position": "15;15",
        "sourcetemplate": ""
      }
    },
    "84c857d5-9521-a08e-96f5-c81166c2651f": {
      "UUID": "84c857d5-9521-a08e-96f5-c81166c2651f",
      "Constructor": "TagGreeting",
      "EndNode": true,
      "Root": true,
      "ShowOnce": false,
      "SpeakerNo": 0,
      "AddressedSpeaker": -1,
      "Children": [],
      "CheckFlags": [
        {
          "Flags": [
            {
              "UUID": "02c01ed4-a534-d52a-c7d4-28dc1d166457",
              "value": true,
              "paramval": 1,
              "Name": "DEN_HasMet_SoloParentA"
            }
          ],
          "Type": "Dialog"
        },
        {
          "Flags": [
            {
              "UUID": "9da2a326-fc9f-f67c-d839-adc2122a2485",
              "value": true,
              "paramval": null,
              "Name": "DEN_GuardedEntrance_State_KidIsBack"
            }
          ],
          "Type": "Global"
        }
      ],
      "SetFlags": [],
      "TaggedTextList": [
        {
          "HasTagRule": false,
          "RuleGroup": {
            "TagCombineOp": 0,
            "Rules": [],
            "RuleString": ""
          },
          "TagTexts": [
            {
              "LineId": "ceaf3ae9-3978-f76c-0ab2-136fcba77ccc",
              "Text": {
                "Handle": "hc8a499f2g3eb2g4ca4g9a42ga0c6826dc7bd",
                "Value": "Arabella has behaved herself - so far. A miracle in itself. Thank you again."
              }
            }
          ]
        }
      ],
      "EditorData": {
        "AnimationTags": "",
        "Attitude": "Default",
        "CinematicNodeContext": "",
        "CinematicObjects": "",
        "CustomCineArtKeysPresent": "False",
        "CustomLightingPresent": "False",
        "CustomSoundPresent": "False",
        "CustomVFXPresent": "False",
        "Emotion": "Default",
        "ForceDisableIsCustomNode": "False",
        "ID": "N174",
        "InternalNodeContext": "",
        "IsCustomNode": "False",
        "MusicTags": "",
        "NodeContext": "Sincere and grateful",
        "Quality": "Bronze",
        "SFXTags": "",
        "StateChangeTags": "",
        "TemplateNodeUUID": "00000000-0000-0000-0000-000000000000",
        "TemplateVersion": "0",
        "VFXTags": "",
        "collapsed": "False",
        "logicalname": "Kid back! HasMet",
        "position": "15;-1080",
        "sourcetemplate": ""
      }
    },
    "85d37cea-5238-511a-7f06-120217f97b62": {
      "UUID": "85d37cea-5238-511a-7f06-120217f97b62",
      "Constructor": "TagGreeting",
      "EndNode": true,
      "Root": true,
      "ShowOnce": false,
      "SpeakerNo": 0,
      "AddressedSpeaker": -1,
      "Children": [],
      "CheckFlags": [
        {
          "Flags": [
            {
              "UUID": "9b038394-9b73-37f6-d94c-923f264d7455",
              "value": false,
              "paramval": 1,
              "Name": "DEN_GuardedEntrance_HasMet_SoloParentBPacified"
            }
          ],
          "Type": "Dialog"
        },
        {
          "Flags": [
            {
              "UUID": "0f747b55-d68d-436f-ac33-9fecaf30387d",
              "value": true,
              "paramval": null,
              "Name": "DEN_GroveConflict_State_DruidsPacified"
            }
          ],
          "Type": "Global"
        }
      ],
      "SetFlags": [
        {
          "Flags": [
            {
              "UUID": "9b038394-9b73-37f6-d94c-923f264d7455",
              "value": true,
              "paramval": 1,
              "Name": "DEN_GuardedEntrance_HasMet_SoloParentBPacified"
            }
          ],
          "Type": "Dialog"
        }
      ],
      "TaggedTextList": [
        {
          "HasTagRule": false,
          "RuleGroup": {
            "TagCombineOp": 0,
            "Rules": [],
            "RuleString": ""
          },
          "TagTexts": [
            {
              "LineId": "6a084b92-cbd7-1395-b2e1-7e96c7d2c6b3",
              "Text": {
                "Handle": "hbe458621gf8d6g428ag85b0g153463da1929",
                "Value": "Everyone is so excited about leaving now. But without Arabella - it doesn't matter. None of it matters. "
              }
            }
          ]
        }
      ],
      "EditorData": {
        "AnimationTags": "",
        "Attitude": "Default",
        "CinematicNodeContext": "",
        "CinematicObjects": "",
        "CustomCineArtKeysPresent": "False",
        "CustomLightingPresent": "False",
        "CustomSoundPresent": "False",
        "CustomVFXPresent": "False",
        "Emotion": "Default",
        "ForceDisableIsCustomNode": "False",
        "ID": "N217",
        "InternalNodeContext": "",
        "IsCustomNode": "False",
        "MusicTags": "",
        "NodeContext": "Grieving",
        "Quality": "Bronze",
        "SFXTags": "",
        "StateChangeTags": "",
        "TemplateNodeUUID": "00000000-0000-0000-0000-000000000000",
        "TemplateVersion": "0",
        "VFXTags": "",
        "collapsed": "False",
        "logicalname": "React to ritual stopped",
        "position": "15;453",
        "sourcetemplate": ""
      }
    },
    "9314e2eb-9d73-7454-4c00-1a2e0bac5837": {
      "UUID": "9314e2eb-9d73-7454-4c00-1a2e0bac5837",
      "Constructor": "TagGreeting",
      "EndNode": true,
      "Root": true,
      "ShowOnce": false,
      "SpeakerNo": 0,
      "AddressedSpeaker": -1,
      "Children": [],
      "CheckFlags": [
        {
          "Flags": [
            {
              "UUID": "07e7ca4e-6a96-9d36-87cf-40d3b3d5bcb5",
              "value": true,
              "paramval": 1,
              "Name": "DEN_GuardedEntrance_HasMet_LiedAboutDeath"
            }
          ],
          "Type": "Dialog"
        }
      ],
      "SetFlags": [],
      "TaggedTextList": [
        {
          "HasTagRule": false,
          "RuleGroup": {
            "TagCombineOp": 0,
            "Rules": [],
            "RuleString": ""
          },
          "TagTexts": [
            {
              "LineId": "34628e13-43c9-e93b-4815-24c5e3020678",
              "Text": {
                "Handle": "h1c8416a2gcc03g4769gbee8g19f65f293b00",
                "Value": "<i>Get away.</i>"
              }
            }
          ]
        }
      ],
      "EditorData": {
        "AnimationTags": "",
        "Attitude": "Default",
        "CinematicNodeContext": "",
        "CinematicObjects": "",
        "CustomCineArtKeysPresent": "False",
        "CustomLightingPresent": "False",
        "CustomSoundPresent": "False",
        "CustomVFXPresent": "False",
        "Emotion": "Default",
        "ForceDisableIsCustomNode": "False",
        "ID": "N8",
        "InternalNodeContext": "",
        "IsCustomNode": "False",
        "MusicTags": "",
        "NodeContext": "Grieving - furious",
        "Quality": "Bronze",
        "SFXTags": "",
        "StateChangeTags": "",
        "TemplateNodeUUID": "00000000-0000-0000-0000-000000000000",
        "TemplateVersion": "0",
        "VFXTags": "",
        "collapsed": "False",
        "logicalname": "Death/HasMet/Lied",
        "position": "15;891",
        "sourcetemplate": ""
      }
    },
    "9b4166cc-fd09-f4cb-da72-e59d2229462a": {
      "UUID": "9b4166cc-fd09-f4cb-da72-e59d2229462a",
      "Constructor": "TagGreeting",
      "EndNode": true,
      "Root": true,
      "ShowOnce": false,
      "SpeakerNo": 0,
      "AddressedSpeaker": -1,
      "Children": [],
      "CheckFlags": [
        {
          "Flags": [
            {
              "UUID": "b0c5ba30-6408-3ed0-eaaa-b96bcd669b06",
              "value": true,
              "paramval": 1,
              "Name": "DEN_GuardedEntrance_HasMet_SoloParentAPacified"
            }
          ],
          "Type": "Dialog"
        },
        {
          "Flags": [
            {
              "UUID": "0f747b55-d68d-436f-ac33-9fecaf30387d",
              "value": true,
              "paramval": null,
              "Name": "DEN_GroveConflict_State_DruidsPacified"
            },
            {
              "UUID": "9da2a326-fc9f-f67c-d839-adc2122a2485",
              "value": true,
              "paramval": null,
              "Name": "DEN_GuardedEntrance_State_KidIsBack"
            }
          ],
          "Type": "Global"
        }
      ],
      "SetFlags": [],
      "TaggedTextList": [
        {
          "HasTagRule": false,
          "RuleGroup": {
            "TagCombineOp": 0,
            "Rules": [],
            "RuleString": ""
          },
          "TagTexts": [
            {
              "LineId": "9e9a8d30-88c8-c28b-1320-d73df4e53dde",
              "Text": {
                "Handle": "h86358213gd1b7g4386g902cg213c6852be9b",
                "Value": "We can prepare for the journey to Baldur's Gate in peace now. "
              }
            }
          ]
        }
      ],
      "EditorData": {
        "AnimationTags": "",
        "Attitude": "Default",
        "CinematicNodeContext": "",
        "CinematicObjects": "",
        "CustomCineArtKeysPresent": "False",
        "CustomLightingPresent": "False",
        "CustomSoundPresent": "False",
        "CustomVFXPresent": "False",
        "Emotion": "Default",
        "ForceDisableIsCustomNode": "False",
        "ID": "N185",
        "InternalNodeContext": "",
        "IsCustomNode": "False",
        "MusicTags": "",
        "NodeContext": "Sincere and grateful",
        "Quality": "Bronze",
        "SFXTags": "",
        "StateChangeTags": "",
        "TemplateNodeUUID": "00000000-0000-0000-0000-000000000000",
        "TemplateVersion": "0",
        "VFXTags": "",
        "collapsed": "False",
        "logicalname": "Kid back + ritual stopped + HasMet",
        "position": "15;-1518",
        "sourcetemplate": ""
      }
    },
    "a4b1520a-ef46-ec14-1b36-d7e685cf88ad": {
      "UUID": "a4b1520a-ef46-ec14-1b36-d7e685cf88ad",
      "Constructor": "TagGreeting",
      "EndNode": false,
      "Root": true,
      "ShowOnce": false,
      "SpeakerNo": 0,
      "AddressedSpeaker": -1,
      "Children": [
        "54e10ed7-7582-1676-345b-04887a1ee7ec"
      ],
      "CheckFlags": [
        {
          "Flags": [
            {
              "UUID": "07e7ca4e-6a96-9d36-87cf-40d3b3d5bcb5",
              "value": true,
              "paramval": 1,
              "Name": "DEN_GuardedEntrance_HasMet_LiedAboutDeath"
            },
            {
              "UUID": "6e3c7f4b-cdc6-d7c7-475e-bf38a397bed8",
              "value": false,
              "paramval": 1,
              "Name": "DEN_HasMet_SoloParentB"
            }
          ],
          "Type": "Dialog"
        }
      ],
      "SetFlags": [
        {
          "Flags": [
            {
              "UUID": "6e3c7f4b-cdc6-d7c7-475e-bf38a397bed8",
              "value": true,
              "paramval": 1,
              "Name": "DEN_HasMet_SoloParentB"
            }
          ],
          "Type": "Dialog"
        },
        {
          "Flags": [
            {
              "UUID": "25af4786-de3e-a2dd-8fdf-2fb56ac44483",
              "value": true,
              "paramval": 1,
              "Name": "DEN_GuardedEntrance_HasMet_Parents"
            }
          ],
          "Type": "User"
        }
      ],
      "TaggedTextList": [
        {
          "HasTagRule": false,
          "RuleGroup": {
            "TagCombineOp": 0,
            "Rules": [],
            "RuleString": ""
          },
          "TagTexts": [
            {
              "LineId": "d0078668-ce9a-d341-ef9b-bea9c79ff73b",
              "Text": {
                "Handle": "h32d70194g2d3eg4acegab99g210abb625895",
                "Value": "I am not a violent man. But lying to us about Arabella? "
              }
            }
          ]
        }
      ],
      "EditorData": {
        "AnimationTags": "",
        "Attitude": "Default",
        "CinematicNodeContext": "",
        "CinematicObjects": "",
        "CustomCineArtKeysPresent": "False",
        "CustomLightingPresent": "False",
        "CustomSoundPresent": "False",
        "CustomVFXPresent": "False",
        "Emotion": "Default",
        "ForceDisableIsCustomNode": "False",
        "ID": "N193",
        "InternalNodeContext": "",
        "IsCustomNode": "False",
        "MusicTags": "",
        "NodeContext": "Cold fury",
        "Quality": "Bronze",
        "SFXTags": "",
        "StateChangeTags": "",
        "TemplateNodeUUID": "00000000-0000-0000-0000-000000000000",
        "TemplateVersion": "0",
        "VFXTags": "",
        "collapsed": "False",
        "logicalname": "Death/player lied",
        "position": "15;-423",
        "sourcetemplate": ""
      }
    },
    "aa309fb2-225f-fc52-f900-63e335c43f27": {
      "UUID": "aa309fb2-225f-fc52-f900-63e335c43f27",
      "Constructor": "TagGreeting",
      "EndNode": true,
      "Root": true,
      "ShowOnce": false,
      "SpeakerNo": 0,
      "AddressedSpeaker": -1,
      "Children": [],
      "CheckFlags": [
        {
          "Flags": [
            {
              "UUID": "b0c5ba30-6408-3ed0-eaaa-b96bcd669b06",
              "value": false,
              "paramval": 1,
              "Name": "DEN_GuardedEntrance_HasMet_SoloParentAPacified"
            }
          ],
          "Type": "Dialog"
        },
        {
          "Flags": [
            {
              "UUID": "0f747b55-d68d-436f-ac33-9fecaf30387d",
              "value": true,
              "paramval": null,
              "Name": "DEN_GroveConflict_State_DruidsPacified"
            },
            {
              "UUID": "9da2a326-fc9f-f67c-d839-adc2122a2485",
              "value": true,
              "paramval": null,
              "Name": "DEN_GuardedEntrance_State_KidIsBack"
            }
          ],
          "Type": "Global"
        }
      ],
      "SetFlags": [
        {
          "Flags": [
            {
              "UUID": "b0c5ba30-6408-3ed0-eaaa-b96bcd669b06",
              "value": true,
              "paramval": 1,
              "Name": "DEN_GuardedEntrance_HasMet_SoloParentAPacified"
            }
          ],
          "Type": "Dialog"
        }
      ],
      "TaggedTextList": [
        {
          "HasTagRule": false,
          "RuleGroup": {
            "TagCombineOp": 0,
            "Rules": [],
            "RuleString": ""
          },
          "TagTexts": [
            {
              "LineId": "d846e5f5-abc0-5ebe-27ba-dd2b34cfeb0b",
              "Text": {
                "Handle": "h52e6fc6cgcf29g4ac2g8eabg95100cf53f26",
                "Value": "You got our little girl home safe, and I can rest easy knowing we won't be turned out on our backsides. I can't say thanks enough. "
              }
            }
          ]
        }
      ],
      "EditorData": {
        "AnimationTags": "",
        "Attitude": "Default",
        "CinematicNodeContext": "",
        "CinematicObjects": "",
        "CustomCineArtKeysPresent": "False",
        "CustomLightingPresent": "False",
        "CustomSoundPresent": "False",
        "CustomVFXPresent": "False",
        "Emotion": "Default",
        "ForceDisableIsCustomNode": "False",
        "ID": "N181",
        "InternalNodeContext": "",
        "IsCustomNode": "False",
        "MusicTags": "",
        "NodeContext": "Sincere and grateful",
        "Quality": "Bronze",
        "SFXTags": "",
        "StateChangeTags": "",
        "TemplateNodeUUID": "00000000-0000-0000-0000-000000000000",
        "TemplateVersion": "0",
        "VFXTags": "",
        "collapsed": "False",
        "logicalname": "Kid back + ritual stopped + no hasmet",
        "position": "15;-1737",
        "sourcetemplate": ""
      }
    }
  },
  "SpeakerDict": {
    "0": {
      "IsPeanutSpeaker": false,
      "SpeakerMappingId": "7e529f73-0b2b-8346-3460-66fd5d40bbe7",
      "Index": 0,
      "List": [
        "d6d88c8b-6ba7-4350-b3b3-d60565a44e90"
      ],
      "SpeakerCharacter": {
        "DisplayName": "Locke",
        "Type": "character",
        "MapKey": "d6d88c8b-6ba7-4350-b3b3-d60565a44e90",
        "Name": "S_DEN_ParentA",
        "ParentTemplateId": null,
        "TemplateName": "a5856190-08e3-4741-b697-8b1cbf03eaa1"
      },
      "SpeakerGroupName": null
    },
    "1": {
      "IsPeanutSpeaker": false,
      "SpeakerMappingId": "9722b005-bce1-871e-423a-8355f441472a",
      "Index": 1,
      "List": [
        "e0d1ff71-04a8-4340-ae64-9684d846eb83"
      ],
      "SpeakerCharacter": {
        "DisplayName": "Player",
        "Type": "character",
        "MapKey": "e2badbf0-159a-4ef5-9e73-7bbeb3d1015a",
        "Name": "S_GLO_CharacterCreationDummy_001",
        "ParentTemplateId": null,
        "TemplateName": "fd7f2707-8f86-4836-bda8-e0db99c389cc"
      },
      "SpeakerGroupName": "GROUP_Players"
    }
  },
  "Synopsis": "This is for the edgecase in which one of the parents has died. In this case - Locke, the husband survives. In the first scenarion he rewards and thanks the player for saving his daughter's life - lamenting briefly on their lives without Arabella's mother.\r\n\r\nIn the second, he learns that Arabella has died. He is overcome with grief and rage at losing both his wife and daughter. "
}