{
  "Path": "Mods/Gustav/Story/Dialogs/Act1/DEN/DEN_GoblinScouts_AD_Captive.lsj",
  "UUID": "683cb55e-08b9-c865-78a6-4e047ee62a24",
  "Category": "Repeated automated NPC Dialog",
  "DefaultAddressedSpeakers": {
    "0": -1
  },
  "RootNodes": [
    "d41a28b8-09e0-4feb-8b71-addd3f53b310",
    "65c98d0d-ea84-4762-a3fa-7709626526ce",
    "32ecd52a-0506-4100-87db-88f3e56fd2aa",
    "d2c0a716-d10b-4d51-b492-3837a64913e7"
  ],
  "Nodes": {
    "32ecd52a-0506-4100-87db-88f3e56fd2aa": {
      "UUID": "32ecd52a-0506-4100-87db-88f3e56fd2aa",
      "Constructor": "TagGreeting",
      "EndNode": true,
      "Root": true,
      "ShowOnce": false,
      "SpeakerNo": 0,
      "AddressedSpeaker": 0,
      "Children": [],
      "CheckFlags": [
        {
          "Flags": [
            {
              "UUID": "dcf5adf6-d186-35c7-456f-570ed563cc17",
              "value": true,
              "paramval": null,
              "Name": "683cb55e-08b9-c865-78a6-4e047ee62a24_A"
            }
          ],
          "Type": "Local"
        }
      ],
      "SetFlags": [
        {
          "Flags": [
            {
              "UUID": "47731438-ac38-c0c0-ec30-9cc7362f24b5",
              "value": true,
              "paramval": null,
              "Name": "683cb55e-08b9-c865-78a6-4e047ee62a24_B"
            }
          ],
          "Type": "Local"
        }
      ],
      "TaggedTextList": [
        {
          "HasTagRule": false,
          "RuleGroup": {
            "TagCombineOp": 0,
            "Rules": [],
            "RuleString": ""
          },
          "TagTexts": [
            {
              "LineId": "5ade4363-93b9-44c5-abdb-d392456fc566",
              "Text": {
                "Handle": "h90f160b5g1f19g4325ga47eg515de5ec7c76",
                "Value": "The little thieves would have picked the whole grove clean."
              }
            }
          ]
        }
      ],
      "EditorData": {
        "AnimationTags": "",
        "Attitude": "Default",
        "CinematicNodeContext": "",
        "CinematicObjects": "",
        "CustomCineArtKeysPresent": "False",
        "CustomLightingPresent": "False",
        "CustomSoundPresent": "False",
        "CustomVFXPresent": "False",
        "Emotion": "Default",
        "ForceDisableIsCustomNode": "False",
        "ID": "N9",
        "InternalNodeContext": "",
        "IsCustomNode": "False",
        "MusicTags": "",
        "NodeContext": "muttering to himself as he searches through stolen goods",
        "Quality": "Bronze",
        "SFXTags": "",
        "StateChangeTags": "",
        "TemplateNodeUUID": "00000000-0000-0000-0000-000000000000",
        "TemplateVersion": "0",
        "VFXTags": "",
        "collapsed": "False",
        "logicalname": "Greeting",
        "position": "15;453",
        "sourcetemplate": "Sequential_AD"
      }
    },
    "65c98d0d-ea84-4762-a3fa-7709626526ce": {
      "UUID": "65c98d0d-ea84-4762-a3fa-7709626526ce",
      "Constructor": "TagGreeting",
      "EndNode": true,
      "Root": true,
      "ShowOnce": false,
      "SpeakerNo": 0,
      "AddressedSpeaker": 0,
      "Children": [],
      "CheckFlags": [
        {
          "Flags": [
            {
              "UUID": "47731438-ac38-c0c0-ec30-9cc7362f24b5",
              "value": true,
              "paramval": null,
              "Name": "683cb55e-08b9-c865-78a6-4e047ee62a24_B"
            }
          ],
          "Type": "Local"
        }
      ],
      "SetFlags": [
        {
          "Flags": [
            {
              "UUID": "66d78a2c-ae67-f733-c0a8-481f9ac4cebb",
              "value": true,
              "paramval": null,
              "Name": "683cb55e-08b9-c865-78a6-4e047ee62a24_C"
            }
          ],
          "Type": "Local"
        }
      ],
      "TaggedTextList": [
        {
          "HasTagRule": false,
          "RuleGroup": {
            "TagCombineOp": 0,
            "Rules": [],
            "RuleString": ""
          },
          "TagTexts": [
            {
              "LineId": "8030a2b5-d16f-4cb0-bc5e-8bbb29df101f",
              "Text": {
                "Handle": "h2683d677ga72dg4f49g94a3g56da716c115b",
                "Value": "Worthless junk."
              }
            }
          ]
        }
      ],
      "EditorData": {
        "AnimationTags": "",
        "Attitude": "Default",
        "CinematicNodeContext": "",
        "CinematicObjects": "",
        "CustomCineArtKeysPresent": "False",
        "CustomLightingPresent": "False",
        "CustomSoundPresent": "False",
        "CustomVFXPresent": "False",
        "Emotion": "Default",
        "ForceDisableIsCustomNode": "False",
        "ID": "N5",
        "InternalNodeContext": "",
        "IsCustomNode": "False",
        "MusicTags": "",
        "NodeContext": "muttering to himself as he searches through junk",
        "Quality": "Bronze",
        "SFXTags": "",
        "StateChangeTags": "",
        "TemplateNodeUUID": "00000000-0000-0000-0000-000000000000",
        "TemplateVersion": "0",
        "VFXTags": "",
        "collapsed": "False",
        "logicalname": "Greeting",
        "position": "15;234",
        "sourcetemplate": "Sequential_AD"
      }
    },
    "d2c0a716-d10b-4d51-b492-3837a64913e7": {
      "UUID": "d2c0a716-d10b-4d51-b492-3837a64913e7",
      "Constructor": "TagGreeting",
      "EndNode": true,
      "Root": true,
      "ShowOnce": false,
      "SpeakerNo": 0,
      "AddressedSpeaker": 0,
      "Children": [],
      "CheckFlags": [],
      "SetFlags": [
        {
          "Flags": [
            {
              "UUID": "dcf5adf6-d186-35c7-456f-570ed563cc17",
              "value": true,
              "paramval": null,
              "Name": "683cb55e-08b9-c865-78a6-4e047ee62a24_A"
            }
          ],
          "Type": "Local"
        }
      ],
      "TaggedTextList": [
        {
          "HasTagRule": false,
          "RuleGroup": {
            "TagCombineOp": 0,
            "Rules": [],
            "RuleString": ""
          },
          "TagTexts": [
            {
              "LineId": "c871b327-1533-4101-8bc7-8ecd38a23713",
              "Text": {
                "Handle": "h54436054gf858g4dc8gb72eg182a5569b2cb",
                "Value": "Where did they find all of this clutter?"
              }
            }
          ]
        }
      ],
      "EditorData": {
        "AnimationTags": "",
        "Attitude": "Default",
        "CinematicNodeContext": "",
        "CinematicObjects": "",
        "CustomCineArtKeysPresent": "False",
        "CustomLightingPresent": "False",
        "CustomSoundPresent": "False",
        "CustomVFXPresent": "False",
        "Emotion": "Default",
        "ForceDisableIsCustomNode": "False",
        "ID": "N13",
        "InternalNodeContext": "",
        "IsCustomNode": "False",
        "MusicTags": "",
        "NodeContext": "muttering to himself as he searches through junk",
        "Quality": "Bronze",
        "SFXTags": "",
        "StateChangeTags": "",
        "TemplateNodeUUID": "00000000-0000-0000-0000-000000000000",
        "TemplateVersion": "0",
        "VFXTags": "",
        "collapsed": "False",
        "logicalname": "Greeting",
        "position": "15;672",
        "sourcetemplate": "Sequential_AD"
      }
    },
    "d41a28b8-09e0-4feb-8b71-addd3f53b310": {
      "UUID": "d41a28b8-09e0-4feb-8b71-addd3f53b310",
      "Constructor": "TagGreeting",
      "EndNode": true,
      "Root": true,
      "ShowOnce": false,
      "SpeakerNo": 0,
      "AddressedSpeaker": 0,
      "Children": [],
      "CheckFlags": [
        {
          "Flags": [
            {
              "UUID": "66d78a2c-ae67-f733-c0a8-481f9ac4cebb",
              "value": true,
              "paramval": null,
              "Name": "683cb55e-08b9-c865-78a6-4e047ee62a24_C"
            }
          ],
          "Type": "Local"
        }
      ],
      "SetFlags": [
        {
          "Flags": [
            {
              "UUID": "47731438-ac38-c0c0-ec30-9cc7362f24b5",
              "value": false,
              "paramval": null,
              "Name": "683cb55e-08b9-c865-78a6-4e047ee62a24_B"
            },
            {
              "UUID": "66d78a2c-ae67-f733-c0a8-481f9ac4cebb",
              "value": false,
              "paramval": null,
              "Name": "683cb55e-08b9-c865-78a6-4e047ee62a24_C"
            },
            {
              "UUID": "dcf5adf6-d186-35c7-456f-570ed563cc17",
              "value": false,
              "paramval": null,
              "Name": "683cb55e-08b9-c865-78a6-4e047ee62a24_A"
            }
          ],
          "Type": "Local"
        }
      ],
      "TaggedTextList": [
        {
          "HasTagRule": false,
          "RuleGroup": {
            "TagCombineOp": 0,
            "Rules": [],
            "RuleString": ""
          },
          "TagTexts": [
            {
              "LineId": "a7601455-e14b-4461-bc37-839f83b48189",
              "Text": {
                "Handle": "h955e84cag6a19g4b06ga78eg7fb513050420",
                "Value": "A litter of piglets would have kept the place tidier."
              }
            }
          ]
        }
      ],
      "EditorData": {
        "AnimationTags": "",
        "Attitude": "Default",
        "CinematicNodeContext": "",
        "CinematicObjects": "",
        "CustomCineArtKeysPresent": "False",
        "CustomLightingPresent": "False",
        "CustomSoundPresent": "False",
        "CustomVFXPresent": "False",
        "Emotion": "Default",
        "ForceDisableIsCustomNode": "False",
        "ID": "N1",
        "InternalNodeContext": "",
        "IsCustomNode": "False",
        "MusicTags": "",
        "NodeContext": "muttering to himself as he searches through junk",
        "Quality": "Bronze",
        "SFXTags": "",
        "StateChangeTags": "",
        "TemplateNodeUUID": "00000000-0000-0000-0000-000000000000",
        "TemplateVersion": "0",
        "VFXTags": "",
        "collapsed": "False",
        "logicalname": "Greeting",
        "position": "15;15",
        "sourcetemplate": "Sequential_AD"
      }
    }
  },
  "SpeakerDict": {
    "0": {
      "IsPeanutSpeaker": false,
      "SpeakerMappingId": "f1bd04a6-cbb6-20bb-4a10-c9fbde43f4d5",
      "Index": 0,
      "List": [
        "f5b5819f-1636-4f2e-82bb-709522cc399f"
      ],
      "SpeakerCharacter": {
        "DisplayName": "Findal",
        "Type": "character",
        "MapKey": "f5b5819f-1636-4f2e-82bb-709522cc399f",
        "Name": "S_DEN_ScoutCaptive",
        "ParentTemplateId": null,
        "TemplateName": "a477d5fb-0a41-4c40-9d03-332236e744ec"
      },
      "SpeakerGroupName": null
    }
  },
  "Synopsis": "ADs for druid scout when he returns to the tiefling kids' area and finds it full of stolen goods, after the tieflings are gone"
}