{
  "Path": "Mods/Gustav/Story/Dialogs/Act1/DEN/DEN_DruidAttack_RitualDruid3.lsj",
  "UUID": "79f3ccf4-5aa7-44e1-9df8-608b0038d86c",
  "Category": "Generic NPC Dialog",
  "DefaultAddressedSpeakers": {
    "0": -1,
    "1": -1
  },
  "RootNodes": [
    "1ecf9c5d-1bbd-4a8f-777a-a7b78c7f8cc7"
  ],
  "Nodes": {
    "1ecf9c5d-1bbd-4a8f-777a-a7b78c7f8cc7": {
      "UUID": "1ecf9c5d-1bbd-4a8f-777a-a7b78c7f8cc7",
      "Constructor": "TagGreeting",
      "EndNode": true,
      "Root": true,
      "ShowOnce": false,
      "SpeakerNo": 0,
      "AddressedSpeaker": -1,
      "Children": [],
      "CheckFlags": [],
      "SetFlags": [],
      "TaggedTextList": [
        {
          "HasTagRule": false,
          "RuleGroup": {
            "TagCombineOp": 0,
            "Rules": [],
            "RuleString": ""
          },
          "TagTexts": [
            {
              "LineId": "5c059f55-0e7b-7c96-9c3e-6fc132324ad5",
              "Text": {
                "Handle": "hfc1ea41fg9b75g46aegb8f8gc1f3d7d47276",
                "Value": "We <i>will </i>protect this grove."
              }
            }
          ]
        }
      ],
      "EditorData": {
        "AnimationTags": "",
        "Attitude": "Default",
        "CinematicNodeContext": "",
        "CinematicObjects": "",
        "CustomCineArtKeysPresent": "False",
        "CustomLightingPresent": "False",
        "CustomSoundPresent": "False",
        "CustomVFXPresent": "False",
        "Emotion": "Default",
        "ForceDisableIsCustomNode": "False",
        "ID": "N1",
        "InternalNodeContext": "",
        "IsCustomNode": "False",
        "MusicTags": "",
        "NodeContext": "Emphasis on 'will'. The druids are preparing to attack the tieflings in the grove - and the player.",
        "Quality": "Bronze",
        "SFXTags": "",
        "StateChangeTags": "",
        "TemplateNodeUUID": "00000000-0000-0000-0000-000000000000",
        "TemplateVersion": "0",
        "VFXTags": "",
        "collapsed": "False",
        "logicalname": "Druid Attack is under way.",
        "position": "15;-423",
        "sourcetemplate": ""
      }
    }
  },
  "SpeakerDict": {
    "0": {
      "IsPeanutSpeaker": false,
      "SpeakerMappingId": "e6c71c1e-83f1-479d-584e-28e341327934",
      "Index": 0,
      "List": [
        "7cae8e24-d610-4229-859d-7b2da7c5d162"
      ],
      "SpeakerCharacter": {
        "DisplayName": "Inwe",
        "Type": "character",
        "MapKey": "7cae8e24-d610-4229-859d-7b2da7c5d162",
        "Name": "S_DEN_RitualDruid_003",
        "ParentTemplateId": null,
        "TemplateName": "ffcf9408-6695-4e7a-9e57-749da0992df7"
      },
      "SpeakerGroupName": null
    },
    "1": {
      "IsPeanutSpeaker": false,
      "SpeakerMappingId": "4f672771-f43a-bea6-5607-ce39eaa420ab",
      "Index": 1,
      "List": [
        "e0d1ff71-04a8-4340-ae64-9684d846eb83"
      ],
      "SpeakerCharacter": {
        "DisplayName": "Player",
        "Type": "character",
        "MapKey": "e2badbf0-159a-4ef5-9e73-7bbeb3d1015a",
        "Name": "S_GLO_CharacterCreationDummy_001",
        "ParentTemplateId": null,
        "TemplateName": "fd7f2707-8f86-4836-bda8-e0db99c389cc"
      },
      "SpeakerGroupName": "GROUP_Players"
    }
  },
  "Synopsis": "Inwe has stopped chanting as the druids prepare to battle the tieflings in a fight to the death. She's calm and serious - she doesn't want to fight, but she will."
}