{
  "Path": "Mods/Gustav/Story/Dialogs/Act1/DEN/DEN_AttackOnDen_OpenGateBetrayal.lsj",
  "UUID": "3fa1ae3c-f762-4708-3625-2089747cc173",
  "Category": "Generic NPC Dialog",
  "DefaultAddressedSpeakers": {
    "0": 1,
    "1": 2
  },
  "RootNodes": [
    "829d1585-2ca9-f331-d2a2-682a317e8463",
    "e5fc34c1-3383-8660-ea15-4e1c436de3e0"
  ],
  "Nodes": {
    "0c3f40a9-a025-430d-c0d1-aba2181e36fc": {
      "UUID": "0c3f40a9-a025-430d-c0d1-aba2181e36fc",
      "Constructor": "TagAnswer",
      "EndNode": false,
      "Root": false,
      "ShowOnce": false,
      "SpeakerNo": 0,
      "AddressedSpeaker": -1,
      "Children": [
        "273041a1-995e-87ca-7021-dbbdcbfee8e8"
      ],
      "CheckFlags": [],
      "SetFlags": [],
      "TaggedTextList": [
        {
          "HasTagRule": false,
          "RuleGroup": {
            "TagCombineOp": 0,
            "Rules": [],
            "RuleString": ""
          },
          "TagTexts": [
            {
              "LineId": "b693f8c7-504b-da14-36ff-795868ed7648",
              "Text": {
                "Handle": "h86891ec3g614ag4fe4gb165gcffa80412ba1",
                "Value": "You're... with <i>them, </i>aren't you?"
              }
            }
          ]
        }
      ],
      "EditorData": {
        "AnimationTags": "",
        "Attitude": "Default",
        "CinematicNodeContext": "",
        "CinematicObjects": "",
        "CustomCineArtKeysPresent": "False",
        "CustomLightingPresent": "False",
        "CustomSoundPresent": "False",
        "CustomVFXPresent": "False",
        "Emotion": "Surprise",
        "ForceDisableIsCustomNode": "False",
        "ID": "N25",
        "InternalNodeContext": "",
        "IsCustomNode": "False",
        "MusicTags": "",
        "NodeContext": "incredulous - speaking to the player, who just opened the gate during a siege, effectively letting the attackers swam in and kill him and the people he's trying to protect. At this moment, realising this was a betrayal of the worst sort, and he's doomed. Second line is delivered to alert other guards rather than shouted to self.",
        "Quality": "Bronze",
        "SFXTags": "",
        "StateChangeTags": "",
        "TemplateNodeUUID": "00000000-0000-0000-0000-000000000000",
        "TemplateVersion": "0",
        "VFXTags": "",
        "collapsed": "False",
        "logicalname": "Answer",
        "position": "335;234",
        "sourcetemplate": ""
      }
    },
    "273041a1-995e-87ca-7021-dbbdcbfee8e8": {
      "UUID": "273041a1-995e-87ca-7021-dbbdcbfee8e8",
      "Constructor": "TagAnswer",
      "EndNode": true,
      "Root": false,
      "ShowOnce": false,
      "SpeakerNo": 0,
      "AddressedSpeaker": -1,
      "Children": [],
      "CheckFlags": [],
      "SetFlags": [
        {
          "Flags": [
            {
              "UUID": "1de63f35-f895-ee70-93b3-55aec390a976",
              "value": true,
              "paramval": null,
              "Name": "DEN_AttackOnDen_Event_TieflingsGoHostile"
            }
          ],
          "Type": "Global"
        }
      ],
      "TaggedTextList": [
        {
          "HasTagRule": false,
          "RuleGroup": {
            "TagCombineOp": 0,
            "Rules": [],
            "RuleString": ""
          },
          "TagTexts": [
            {
              "LineId": "bd52bf77-7447-ac28-42f5-f76620b34d18",
              "Text": {
                "Handle": "h6d7311b0ga9d4g4477ga244g733f4005b560",
                "Value": "<i>Birna mrag. </i>May the crows feed on you<i>,</i> you godsdamned <i>zurgnak </i>bastard!"
              }
            }
          ]
        }
      ],
      "EditorData": {
        "AnimationTags": "",
        "Attitude": "Default",
        "CinematicNodeContext": "",
        "CinematicObjects": "",
        "CustomCineArtKeysPresent": "False",
        "CustomLightingPresent": "False",
        "CustomSoundPresent": "False",
        "CustomVFXPresent": "False",
        "Emotion": "Anger",
        "ForceDisableIsCustomNode": "False",
        "ID": "N29",
        "InternalNodeContext": "",
        "IsCustomNode": "False",
        "MusicTags": "",
        "NodeContext": "The player has just betrayed him during a siege, allowing the attackers to swarm in. At this point, he knows he's probably going to die, but he's determined to take the player with him. Pronounce ZURg-NAK",
        "Quality": "Bronze",
        "SFXTags": "",
        "StateChangeTags": "",
        "TemplateNodeUUID": "00000000-0000-0000-0000-000000000000",
        "TemplateVersion": "0",
        "VFXTags": "",
        "collapsed": "False",
        "logicalname": "Answer",
        "position": "655;234",
        "sourcetemplate": ""
      }
    },
    "675419cb-f3cf-7db3-d382-8dec6792f49d": {
      "UUID": "675419cb-f3cf-7db3-d382-8dec6792f49d",
      "Constructor": "TagAnswer",
      "EndNode": false,
      "Root": false,
      "ShowOnce": false,
      "SpeakerNo": 1,
      "AddressedSpeaker": -1,
      "Children": [
        "7dddd16b-c75f-e7ec-3770-4168362b73c0"
      ],
      "CheckFlags": [],
      "SetFlags": [],
      "TaggedTextList": [
        {
          "HasTagRule": false,
          "RuleGroup": {
            "TagCombineOp": 0,
            "Rules": [],
            "RuleString": ""
          },
          "TagTexts": [
            {
              "LineId": "9c83eea1-92ac-388c-8c4b-daf3aa555ed9",
              "Text": {
                "Handle": "ha7f34eeag337dg43b0gac15g2464239bb9d5",
                "Value": "Oh, <i>mrag.</i> You sold us out? To the bloody <i>drow?</i>"
              }
            }
          ]
        }
      ],
      "EditorData": {
        "AnimationTags": "",
        "Attitude": "Default",
        "CinematicNodeContext": "",
        "CinematicObjects": "",
        "CustomCineArtKeysPresent": "False",
        "CustomLightingPresent": "False",
        "CustomSoundPresent": "False",
        "CustomVFXPresent": "False",
        "Emotion": "Surprise",
        "ForceDisableIsCustomNode": "False",
        "ID": "N3",
        "InternalNodeContext": "",
        "IsCustomNode": "False",
        "MusicTags": "",
        "NodeContext": "The player has just betrayed him during a battle, and the realisation hits him. He's doomed and still trying to deny it to himself. Pronounced mRAG",
        "Quality": "Bronze",
        "SFXTags": "",
        "StateChangeTags": "",
        "TemplateNodeUUID": "00000000-0000-0000-0000-000000000000",
        "TemplateVersion": "0",
        "VFXTags": "",
        "collapsed": "False",
        "logicalname": "Answer",
        "position": "335;15",
        "sourcetemplate": ""
      }
    },
    "7dddd16b-c75f-e7ec-3770-4168362b73c0": {
      "UUID": "7dddd16b-c75f-e7ec-3770-4168362b73c0",
      "Constructor": "TagAnswer",
      "EndNode": true,
      "Root": false,
      "ShowOnce": false,
      "SpeakerNo": 1,
      "AddressedSpeaker": -1,
      "Children": [],
      "CheckFlags": [],
      "SetFlags": [
        {
          "Flags": [
            {
              "UUID": "1de63f35-f895-ee70-93b3-55aec390a976",
              "value": true,
              "paramval": null,
              "Name": "DEN_AttackOnDen_Event_TieflingsGoHostile"
            }
          ],
          "Type": "Global"
        }
      ],
      "TaggedTextList": [
        {
          "HasTagRule": false,
          "RuleGroup": {
            "TagCombineOp": 0,
            "Rules": [],
            "RuleString": ""
          },
          "TagTexts": [
            {
              "LineId": "2a4b45b1-fb11-01d4-3e15-4b97c178b95a",
              "Text": {
                "Handle": "hbe5f3406g2429g4652g89fegc8109be441a2",
                "Value": "<i>Birna mrag. </i>May the crows feed on you<i>,</i> you godsdamned turncoat!"
              }
            }
          ]
        }
      ],
      "EditorData": {
        "AnimationTags": "CDavis: Use look-ats and construction anims.",
        "Attitude": "Default",
        "CinematicNodeContext": "Speaking to the other tieflings defending the grove rather than to the player",
        "CinematicObjects": "",
        "CustomCineArtKeysPresent": "False",
        "CustomLightingPresent": "False",
        "CustomSoundPresent": "False",
        "CustomVFXPresent": "False",
        "Emotion": "Anger",
        "ForceDisableIsCustomNode": "False",
        "ID": "N2",
        "InternalNodeContext": "",
        "IsCustomNode": "True",
        "MusicTags": "",
        "NodeContext": "Speaking to the defenders during a siege and referring to the player characters as 'traitors'. He's in the middle of a fight and the player just switched sides and betrayed him. Pronounced BIRna mRAG",
        "Quality": "Bronze",
        "SFXTags": "",
        "StateChangeTags": "",
        "TemplateNodeUUID": "00000000-0000-0000-0000-000000000000",
        "TemplateVersion": "0",
        "VFXTags": "",
        "collapsed": "False",
        "logicalname": "Answer",
        "position": "655;15",
        "sourcetemplate": ""
      }
    },
    "829d1585-2ca9-f331-d2a2-682a317e8463": {
      "UUID": "829d1585-2ca9-f331-d2a2-682a317e8463",
      "Constructor": "TagGreeting",
      "EndNode": false,
      "Root": true,
      "ShowOnce": false,
      "SpeakerNo": 1,
      "AddressedSpeaker": -1,
      "Children": [
        "675419cb-f3cf-7db3-d382-8dec6792f49d"
      ],
      "CheckFlags": [
        {
          "Flags": [
            {
              "UUID": "25c1ac70-f65f-4869-8a74-eff5827d9cde",
              "value": true,
              "paramval": null,
              "Name": "GEN_IsSpeakerPresent_2"
            }
          ],
          "Type": "Script"
        }
      ],
      "SetFlags": [],
      "TaggedTextList": [
        {
          "HasTagRule": false,
          "RuleGroup": {
            "TagCombineOp": 0,
            "Rules": [],
            "RuleString": ""
          },
          "TagTexts": [
            {
              "LineId": "91d77287-1d99-16a8-3499-bf0db7a1747f",
              "Text": {
                "Handle": "h45d8b0c5gac95g4169gaa84ga8f2b221cc54",
                "Value": "What in the Nine Hells -"
              }
            }
          ]
        }
      ],
      "EditorData": {
        "AnimationTags": "",
        "Attitude": "Default",
        "CinematicNodeContext": "",
        "CinematicObjects": "",
        "CustomCineArtKeysPresent": "False",
        "CustomLightingPresent": "False",
        "CustomSoundPresent": "False",
        "CustomVFXPresent": "False",
        "Emotion": "Surprise",
        "ForceDisableIsCustomNode": "False",
        "ID": "N1",
        "InternalNodeContext": "",
        "IsCustomNode": "False",
        "MusicTags": "",
        "NodeContext": "Shouted to the player, who has opened a gate during a siege, allowing the attackers to get inside. The speaker is the leader of the defense, who thought the player was on his side.",
        "Quality": "Bronze",
        "SFXTags": "",
        "StateChangeTags": "",
        "TemplateNodeUUID": "00000000-0000-0000-0000-000000000000",
        "TemplateVersion": "0",
        "VFXTags": "",
        "collapsed": "False",
        "logicalname": "Greeting",
        "position": "15;15",
        "sourcetemplate": ""
      }
    },
    "e5fc34c1-3383-8660-ea15-4e1c436de3e0": {
      "UUID": "e5fc34c1-3383-8660-ea15-4e1c436de3e0",
      "Constructor": "TagGreeting",
      "EndNode": false,
      "Root": true,
      "ShowOnce": false,
      "SpeakerNo": 0,
      "AddressedSpeaker": -1,
      "Children": [
        "0c3f40a9-a025-430d-c0d1-aba2181e36fc"
      ],
      "CheckFlags": [],
      "SetFlags": [],
      "TaggedTextList": [
        {
          "HasTagRule": false,
          "RuleGroup": {
            "TagCombineOp": 0,
            "Rules": [],
            "RuleString": ""
          },
          "TagTexts": [
            {
              "LineId": "f945165f-a192-a45f-8a86-423899951448",
              "Text": {
                "Handle": "h66e66030gceaeg4db1gae2dg74efed6bd274",
                "Value": "<i>Are you mad?! Close the gate before -</i>"
              }
            }
          ]
        }
      ],
      "EditorData": {
        "AnimationTags": "",
        "Attitude": "Default",
        "CinematicNodeContext": "",
        "CinematicObjects": "",
        "CustomCineArtKeysPresent": "False",
        "CustomLightingPresent": "False",
        "CustomSoundPresent": "False",
        "CustomVFXPresent": "False",
        "Emotion": "Surprise",
        "ForceDisableIsCustomNode": "False",
        "ID": "N21",
        "InternalNodeContext": "",
        "IsCustomNode": "False",
        "MusicTags": "",
        "NodeContext": "incredulous - speaking to the player, who just opened the gate during a siege, effectively letting the attackers swam in and kill him and the people he's trying to protect",
        "Quality": "Bronze",
        "SFXTags": "",
        "StateChangeTags": "",
        "TemplateNodeUUID": "00000000-0000-0000-0000-000000000000",
        "TemplateVersion": "0",
        "VFXTags": "",
        "collapsed": "False",
        "logicalname": "Greeting",
        "position": "15;234",
        "sourcetemplate": ""
      }
    }
  },
  "SpeakerDict": {
    "0": {
      "IsPeanutSpeaker": false,
      "SpeakerMappingId": "cb702b14-8ac1-b183-8485-276dbf2da395",
      "Index": 0,
      "List": [
        "475200ee-cc3c-4dbe-84b1-1820c02ea26a"
      ],
      "SpeakerCharacter": {
        "DisplayName": "Zevlor",
        "Type": "character",
        "MapKey": "475200ee-cc3c-4dbe-84b1-1820c02ea26a",
        "Name": "S_DEN_TieflingLeader",
        "ParentTemplateId": null,
        "TemplateName": "a5856190-08e3-4741-b697-8b1cbf03eaa1"
      },
      "SpeakerGroupName": null
    },
    "1": {
      "IsPeanutSpeaker": false,
      "SpeakerMappingId": "b5a79baa-8712-d4bd-1ae0-65f27a908457",
      "Index": 1,
      "List": [
        "02025646-347a-4235-aef7-e46b7c94b435"
      ],
      "SpeakerCharacter": {
        "DisplayName": "Asharak",
        "Type": "character",
        "MapKey": "02025646-347a-4235-aef7-e46b7c94b435",
        "Name": "S_DEN_Trainer",
        "ParentTemplateId": null,
        "TemplateName": "a5856190-08e3-4741-b697-8b1cbf03eaa1"
      },
      "SpeakerGroupName": null
    },
    "2": {
      "IsPeanutSpeaker": false,
      "SpeakerMappingId": "5c01a350-8600-0b03-98f2-cb92619e8cec",
      "Index": 2,
      "List": [
        "e0d1ff71-04a8-4340-ae64-9684d846eb83"
      ],
      "SpeakerCharacter": {
        "DisplayName": "Player",
        "Type": "character",
        "MapKey": "e2badbf0-159a-4ef5-9e73-7bbeb3d1015a",
        "Name": "S_GLO_CharacterCreationDummy_001",
        "ParentTemplateId": null,
        "TemplateName": "fd7f2707-8f86-4836-bda8-e0db99c389cc"
      },
      "SpeakerGroupName": "GROUP_Players"
    }
  },
  "Synopsis": "The player has opened the gates during a siege, allowing enemies to attack. The speakers here are leading the defense, and by opening the gate, the player has betrayed them, working with the enemy on the outside."
}