{
  "Path": "Mods/Gustav/Story/Dialogs/Act1/DEN/DEN_AttackOnDen_AD_TrainerAndGatekeeper.lsj",
  "UUID": "98423a2d-7b47-e379-6526-c435773e3cff",
  "Category": "Repeated automated NPC Dialog",
  "DefaultAddressedSpeakers": {
    "0": -1,
    "1": -1
  },
  "RootNodes": [
    "099e0465-7e9a-a67b-7e85-df2d5c9523fd",
    "f769198b-7ce0-1355-4d07-f52efa58b584",
    "9f7fe9b9-8b7e-12e0-3ee6-1367f10cee00",
    "03805018-b1ad-1cbd-d0fc-85d1df6b5858"
  ],
  "Nodes": {
    "03805018-b1ad-1cbd-d0fc-85d1df6b5858": {
      "UUID": "03805018-b1ad-1cbd-d0fc-85d1df6b5858",
      "Constructor": "TagGreeting",
      "EndNode": false,
      "Root": true,
      "ShowOnce": false,
      "SpeakerNo": 0,
      "AddressedSpeaker": 0,
      "Children": [
        "d402998f-3d90-2938-3c50-d7e99ccfa3ba"
      ],
      "CheckFlags": [],
      "SetFlags": [
        {
          "Flags": [
            {
              "UUID": "68546660-c6ce-465e-94d8-828aaf86e71b",
              "value": true,
              "paramval": null,
              "Name": "98423a2d-7b47-e379-6526-c435773e3cff_A"
            }
          ],
          "Type": "Local"
        }
      ],
      "TaggedTextList": [
        {
          "HasTagRule": false,
          "RuleGroup": {
            "TagCombineOp": 0,
            "Rules": [],
            "RuleString": ""
          },
          "TagTexts": [
            {
              "LineId": "2c84c884-9210-adcb-1904-07ea6686f509",
              "Text": {
                "Handle": "hf74cc8b7gace8g4775g8d58gd43313e60bde",
                "Value": "Holding up all right?<br>"
              }
            }
          ]
        }
      ],
      "EditorData": {
        "AnimationTags": "",
        "Attitude": "Default",
        "CinematicNodeContext": "",
        "CinematicObjects": "",
        "CustomCineArtKeysPresent": "False",
        "CustomLightingPresent": "False",
        "CustomSoundPresent": "False",
        "CustomVFXPresent": "False",
        "Emotion": "Default",
        "ForceDisableIsCustomNode": "False",
        "ID": "N9",
        "InternalNodeContext": "",
        "IsCustomNode": "False",
        "MusicTags": "",
        "NodeContext": "",
        "Quality": "Bronze",
        "SFXTags": "",
        "StateChangeTags": "",
        "TemplateNodeUUID": "00000000-0000-0000-0000-000000000000",
        "TemplateVersion": "0",
        "VFXTags": "",
        "collapsed": "False",
        "logicalname": "Greeting",
        "position": "15;234",
        "sourcetemplate": ""
      }
    },
    "099e0465-7e9a-a67b-7e85-df2d5c9523fd": {
      "UUID": "099e0465-7e9a-a67b-7e85-df2d5c9523fd",
      "Constructor": "TagGreeting",
      "EndNode": false,
      "Root": true,
      "ShowOnce": false,
      "SpeakerNo": 1,
      "AddressedSpeaker": 0,
      "Children": [
        "78670912-d7cc-f5fb-695d-803f58619727"
      ],
      "CheckFlags": [
        {
          "Flags": [
            {
              "UUID": "fca6fe85-2a3f-0bde-fb1e-e083dd023ac7",
              "value": true,
              "paramval": null,
              "Name": "98423a2d-7b47-e379-6526-c435773e3cff_C"
            }
          ],
          "Type": "Local"
        }
      ],
      "SetFlags": [
        {
          "Flags": [
            {
              "UUID": "68546660-c6ce-465e-94d8-828aaf86e71b",
              "value": false,
              "paramval": null,
              "Name": "98423a2d-7b47-e379-6526-c435773e3cff_A"
            },
            {
              "UUID": "bbd5c09b-9236-7fb6-4e1e-e2e5e4380181",
              "value": false,
              "paramval": null,
              "Name": "98423a2d-7b47-e379-6526-c435773e3cff_B"
            },
            {
              "UUID": "fca6fe85-2a3f-0bde-fb1e-e083dd023ac7",
              "value": false,
              "paramval": null,
              "Name": "98423a2d-7b47-e379-6526-c435773e3cff_C"
            }
          ],
          "Type": "Local"
        }
      ],
      "TaggedTextList": [
        {
          "HasTagRule": false,
          "RuleGroup": {
            "TagCombineOp": 0,
            "Rules": [],
            "RuleString": ""
          },
          "TagTexts": [
            {
              "LineId": "8e7f73be-c4e1-880d-21c1-bd8805f5c515",
              "Text": {
                "Handle": "hf243095ag90d1g4478gbb96gf86953b660e2",
                "Value": "Nock. Draw. <i>Breathe</i>. Loose."
              }
            }
          ]
        }
      ],
      "EditorData": {
        "AnimationTags": "",
        "Attitude": "Default",
        "CinematicNodeContext": "",
        "CinematicObjects": "",
        "CustomCineArtKeysPresent": "False",
        "CustomLightingPresent": "False",
        "CustomSoundPresent": "False",
        "CustomVFXPresent": "False",
        "Emotion": "Default",
        "ForceDisableIsCustomNode": "False",
        "ID": "N6",
        "InternalNodeContext": "",
        "IsCustomNode": "False",
        "MusicTags": "",
        "NodeContext": "Standing on a wall before a battle, repeating as if a mantra. She's not a soldier and is trying to focus on the basics.",
        "Quality": "Bronze",
        "SFXTags": "",
        "StateChangeTags": "",
        "TemplateNodeUUID": "00000000-0000-0000-0000-000000000000",
        "TemplateVersion": "0",
        "VFXTags": "",
        "collapsed": "False",
        "logicalname": "Greeting",
        "position": "15;-423",
        "sourcetemplate": ""
      }
    },
    "29d5a132-8a4e-6b56-9e2f-2c87b2e023d3": {
      "UUID": "29d5a132-8a4e-6b56-9e2f-2c87b2e023d3",
      "Constructor": "TagAnswer",
      "EndNode": true,
      "Root": false,
      "ShowOnce": false,
      "SpeakerNo": 1,
      "AddressedSpeaker": 0,
      "Children": [],
      "CheckFlags": [],
      "SetFlags": [],
      "TaggedTextList": [
        {
          "HasTagRule": false,
          "RuleGroup": {
            "TagCombineOp": 0,
            "Rules": [],
            "RuleString": ""
          },
          "TagTexts": [
            {
              "LineId": "e1ba0c96-41fd-2995-416f-3abefd5d3dac",
              "Text": {
                "Handle": "hea07a923gca5ag47c8g961bge914e08f10b1",
                "Value": "Yeah. Yeah, fine day for it."
              }
            }
          ]
        }
      ],
      "EditorData": {
        "AnimationTags": "",
        "Attitude": "Default",
        "CinematicNodeContext": "",
        "CinematicObjects": "",
        "CustomCineArtKeysPresent": "False",
        "CustomLightingPresent": "False",
        "CustomSoundPresent": "False",
        "CustomVFXPresent": "False",
        "Emotion": "Default",
        "ForceDisableIsCustomNode": "False",
        "ID": "N17",
        "InternalNodeContext": "",
        "IsCustomNode": "False",
        "MusicTags": "",
        "NodeContext": "",
        "Quality": "Bronze",
        "SFXTags": "",
        "StateChangeTags": "",
        "TemplateNodeUUID": "00000000-0000-0000-0000-000000000000",
        "TemplateVersion": "0",
        "VFXTags": "",
        "collapsed": "False",
        "logicalname": "Answer",
        "position": "975;-204",
        "sourcetemplate": ""
      }
    },
    "2cf12e0f-f541-dbf9-ce01-2ba09a50131f": {
      "UUID": "2cf12e0f-f541-dbf9-ce01-2ba09a50131f",
      "Constructor": "TagAnswer",
      "EndNode": true,
      "Root": false,
      "ShowOnce": false,
      "SpeakerNo": 0,
      "AddressedSpeaker": 0,
      "Children": [],
      "CheckFlags": [],
      "SetFlags": [],
      "TaggedTextList": [
        {
          "HasTagRule": false,
          "RuleGroup": {
            "TagCombineOp": 0,
            "Rules": [],
            "RuleString": ""
          },
          "TagTexts": [
            {
              "LineId": "29b638a5-75c4-1c5b-4650-7c57bdf825bd",
              "Text": {
                "Handle": "h2771c1ecg5049g4453gabb4g72be906694de",
                "Value": "It's this, or sitting and waiting. So I'll be back, if it's all the same to you."
              }
            }
          ]
        }
      ],
      "EditorData": {
        "AnimationTags": "",
        "Attitude": "Default",
        "CinematicNodeContext": "",
        "CinematicObjects": "",
        "CustomCineArtKeysPresent": "False",
        "CustomLightingPresent": "False",
        "CustomSoundPresent": "False",
        "CustomVFXPresent": "False",
        "Emotion": "Default",
        "ForceDisableIsCustomNode": "False",
        "ID": "N11",
        "InternalNodeContext": "",
        "IsCustomNode": "False",
        "MusicTags": "",
        "NodeContext": "",
        "Quality": "Bronze",
        "SFXTags": "",
        "StateChangeTags": "",
        "TemplateNodeUUID": "00000000-0000-0000-0000-000000000000",
        "TemplateVersion": "0",
        "VFXTags": "",
        "collapsed": "False",
        "logicalname": "Answer",
        "position": "655;234",
        "sourcetemplate": ""
      }
    },
    "34eb83f4-7c40-256b-95df-a319d1224563": {
      "UUID": "34eb83f4-7c40-256b-95df-a319d1224563",
      "Constructor": "TagAnswer",
      "EndNode": false,
      "Root": false,
      "ShowOnce": false,
      "SpeakerNo": 1,
      "AddressedSpeaker": 0,
      "Children": [
        "8b1f2e0d-b84a-241c-e98c-f12390129964"
      ],
      "CheckFlags": [],
      "SetFlags": [],
      "TaggedTextList": [
        {
          "HasTagRule": false,
          "RuleGroup": {
            "TagCombineOp": 0,
            "Rules": [],
            "RuleString": ""
          },
          "TagTexts": [
            {
              "LineId": "c1b47491-ac96-2fac-1503-26d279fa4d75",
              "Text": {
                "Handle": "h7e56bf61g541dg4c08g9a50g9789d0d737df",
                "Value": "What does that mean?"
              }
            }
          ]
        }
      ],
      "EditorData": {
        "AnimationTags": "",
        "Attitude": "Default",
        "CinematicNodeContext": "",
        "CinematicObjects": "",
        "CustomCineArtKeysPresent": "False",
        "CustomLightingPresent": "False",
        "CustomSoundPresent": "False",
        "CustomVFXPresent": "False",
        "Emotion": "Default",
        "ForceDisableIsCustomNode": "False",
        "ID": "N15",
        "InternalNodeContext": "",
        "IsCustomNode": "False",
        "MusicTags": "",
        "NodeContext": "",
        "Quality": "Bronze",
        "SFXTags": "",
        "StateChangeTags": "",
        "TemplateNodeUUID": "00000000-0000-0000-0000-000000000000",
        "TemplateVersion": "0",
        "VFXTags": "",
        "collapsed": "False",
        "logicalname": "Answer",
        "position": "335;-204",
        "sourcetemplate": ""
      }
    },
    "78670912-d7cc-f5fb-695d-803f58619727": {
      "UUID": "78670912-d7cc-f5fb-695d-803f58619727",
      "Constructor": "TagAnswer",
      "EndNode": true,
      "Root": false,
      "ShowOnce": false,
      "SpeakerNo": 1,
      "AddressedSpeaker": 0,
      "Children": [],
      "CheckFlags": [],
      "SetFlags": [],
      "TaggedTextList": [
        {
          "HasTagRule": false,
          "RuleGroup": {
            "TagCombineOp": 0,
            "Rules": [],
            "RuleString": ""
          },
          "TagTexts": [
            {
              "LineId": "c2712d3a-655f-ba7f-f134-e508b56686fb",
              "Text": {
                "Handle": "h5da72461gbc1cg49bdg897bg7dc6568a9aa9",
                "Value": "Nock. Draw. <i>Breathe</i>. Loose.<br>"
              }
            }
          ]
        }
      ],
      "EditorData": {
        "AnimationTags": "",
        "Attitude": "Default",
        "CinematicNodeContext": "",
        "CinematicObjects": "",
        "CustomCineArtKeysPresent": "False",
        "CustomLightingPresent": "False",
        "CustomSoundPresent": "False",
        "CustomVFXPresent": "False",
        "Emotion": "Default",
        "ForceDisableIsCustomNode": "False",
        "ID": "N22",
        "InternalNodeContext": "",
        "IsCustomNode": "False",
        "MusicTags": "",
        "NodeContext": "Holding back tears of fear towards the end, powering through.",
        "Quality": "Bronze",
        "SFXTags": "",
        "StateChangeTags": "",
        "TemplateNodeUUID": "00000000-0000-0000-0000-000000000000",
        "TemplateVersion": "0",
        "VFXTags": "",
        "collapsed": "False",
        "logicalname": "Answer",
        "position": "335;-423",
        "sourcetemplate": ""
      }
    },
    "8b1f2e0d-b84a-241c-e98c-f12390129964": {
      "UUID": "8b1f2e0d-b84a-241c-e98c-f12390129964",
      "Constructor": "TagAnswer",
      "EndNode": false,
      "Root": false,
      "ShowOnce": false,
      "SpeakerNo": 0,
      "AddressedSpeaker": 0,
      "Children": [
        "29d5a132-8a4e-6b56-9e2f-2c87b2e023d3"
      ],
      "CheckFlags": [],
      "SetFlags": [],
      "TaggedTextList": [
        {
          "HasTagRule": false,
          "RuleGroup": {
            "TagCombineOp": 0,
            "Rules": [],
            "RuleString": ""
          },
          "TagTexts": [
            {
              "LineId": "7187b140-8f8c-0e1e-0de3-76a0f3dbebf8",
              "Text": {
                "Handle": "h48dd455cgad99g4d12ga42dge329e0489399",
                "Value": "Not a notion. Talking beats thinking, though."
              }
            }
          ]
        }
      ],
      "EditorData": {
        "AnimationTags": "",
        "Attitude": "Default",
        "CinematicNodeContext": "",
        "CinematicObjects": "",
        "CustomCineArtKeysPresent": "False",
        "CustomLightingPresent": "False",
        "CustomSoundPresent": "False",
        "CustomVFXPresent": "False",
        "Emotion": "Default",
        "ForceDisableIsCustomNode": "False",
        "ID": "N16",
        "InternalNodeContext": "",
        "IsCustomNode": "False",
        "MusicTags": "",
        "NodeContext": "",
        "Quality": "Bronze",
        "SFXTags": "",
        "StateChangeTags": "",
        "TemplateNodeUUID": "00000000-0000-0000-0000-000000000000",
        "TemplateVersion": "0",
        "VFXTags": "",
        "collapsed": "False",
        "logicalname": "Answer",
        "position": "655;-204",
        "sourcetemplate": ""
      }
    },
    "9f7fe9b9-8b7e-12e0-3ee6-1367f10cee00": {
      "UUID": "9f7fe9b9-8b7e-12e0-3ee6-1367f10cee00",
      "Constructor": "TagGreeting",
      "EndNode": false,
      "Root": true,
      "ShowOnce": false,
      "SpeakerNo": 1,
      "AddressedSpeaker": 0,
      "Children": [
        "d014cd10-ea48-2789-c689-1e5da679eb8e"
      ],
      "CheckFlags": [
        {
          "Flags": [
            {
              "UUID": "68546660-c6ce-465e-94d8-828aaf86e71b",
              "value": true,
              "paramval": null,
              "Name": "98423a2d-7b47-e379-6526-c435773e3cff_A"
            }
          ],
          "Type": "Local"
        }
      ],
      "SetFlags": [
        {
          "Flags": [
            {
              "UUID": "bbd5c09b-9236-7fb6-4e1e-e2e5e4380181",
              "value": true,
              "paramval": null,
              "Name": "98423a2d-7b47-e379-6526-c435773e3cff_B"
            }
          ],
          "Type": "Local"
        }
      ],
      "TaggedTextList": [
        {
          "HasTagRule": false,
          "RuleGroup": {
            "TagCombineOp": 0,
            "Rules": [],
            "RuleString": ""
          },
          "TagTexts": [
            {
              "LineId": "020b09a5-2b23-b425-ee2f-cb514a4eb317",
              "Text": {
                "Handle": "h599a825dgafb6g4c33ga69ag5044a6777350",
                "Value": "You've actually fought goblins before, haven't you?"
              }
            }
          ]
        }
      ],
      "EditorData": {
        "AnimationTags": "",
        "Attitude": "Default",
        "CinematicNodeContext": "",
        "CinematicObjects": "",
        "CustomCineArtKeysPresent": "False",
        "CustomLightingPresent": "False",
        "CustomSoundPresent": "False",
        "CustomVFXPresent": "False",
        "Emotion": "Default",
        "ForceDisableIsCustomNode": "False",
        "ID": "N8",
        "InternalNodeContext": "",
        "IsCustomNode": "False",
        "MusicTags": "",
        "NodeContext": "",
        "Quality": "Bronze",
        "SFXTags": "",
        "StateChangeTags": "",
        "TemplateNodeUUID": "00000000-0000-0000-0000-000000000000",
        "TemplateVersion": "0",
        "VFXTags": "",
        "collapsed": "False",
        "logicalname": "Greeting",
        "position": "15;15",
        "sourcetemplate": ""
      }
    },
    "a356f7e6-913a-3655-0ba3-5e86a29e4fcc": {
      "UUID": "a356f7e6-913a-3655-0ba3-5e86a29e4fcc",
      "Constructor": "TagAnswer",
      "EndNode": true,
      "Root": false,
      "ShowOnce": false,
      "SpeakerNo": 0,
      "AddressedSpeaker": 0,
      "Children": [],
      "CheckFlags": [],
      "SetFlags": [],
      "TaggedTextList": [
        {
          "HasTagRule": false,
          "RuleGroup": {
            "TagCombineOp": 0,
            "Rules": [],
            "RuleString": ""
          },
          "TagTexts": [
            {
              "LineId": "b1ae1aa7-0666-7bc3-726a-da84b6c67471",
              "Text": {
                "Handle": "hfde14a29gf7a4g48efgb453gb673436c135c",
                "Value": "Hah - sounds <i>exactly </i>the same, then."
              }
            }
          ]
        }
      ],
      "EditorData": {
        "AnimationTags": "",
        "Attitude": "Default",
        "CinematicNodeContext": "",
        "CinematicObjects": "",
        "CustomCineArtKeysPresent": "False",
        "CustomLightingPresent": "False",
        "CustomSoundPresent": "False",
        "CustomVFXPresent": "False",
        "Emotion": "Default",
        "ForceDisableIsCustomNode": "False",
        "ID": "N13",
        "InternalNodeContext": "",
        "IsCustomNode": "False",
        "MusicTags": "",
        "NodeContext": "",
        "Quality": "Bronze",
        "SFXTags": "",
        "StateChangeTags": "",
        "TemplateNodeUUID": "00000000-0000-0000-0000-000000000000",
        "TemplateVersion": "0",
        "VFXTags": "",
        "collapsed": "False",
        "logicalname": "Answer",
        "position": "975;15",
        "sourcetemplate": ""
      }
    },
    "d014cd10-ea48-2789-c689-1e5da679eb8e": {
      "UUID": "d014cd10-ea48-2789-c689-1e5da679eb8e",
      "Constructor": "TagAnswer",
      "EndNode": false,
      "Root": false,
      "ShowOnce": false,
      "SpeakerNo": 0,
      "AddressedSpeaker": 0,
      "Children": [
        "d504e129-c1f6-1f54-728e-4cee9eb720bd"
      ],
      "CheckFlags": [],
      "SetFlags": [],
      "TaggedTextList": [
        {
          "HasTagRule": false,
          "RuleGroup": {
            "TagCombineOp": 0,
            "Rules": [],
            "RuleString": ""
          },
          "TagTexts": [
            {
              "LineId": "71bbfb16-2d7d-fafd-eece-b1fe97a72399",
              "Text": {
                "Handle": "h23ce516bg89a0g4116gb6b3g848216650929",
                "Value": "So have you, if I'm not mistaken."
              }
            }
          ]
        }
      ],
      "EditorData": {
        "AnimationTags": "",
        "Attitude": "Default",
        "CinematicNodeContext": "",
        "CinematicObjects": "",
        "CustomCineArtKeysPresent": "False",
        "CustomLightingPresent": "False",
        "CustomSoundPresent": "False",
        "CustomVFXPresent": "False",
        "Emotion": "Default",
        "ForceDisableIsCustomNode": "False",
        "ID": "N12",
        "InternalNodeContext": "",
        "IsCustomNode": "False",
        "MusicTags": "",
        "NodeContext": "",
        "Quality": "Bronze",
        "SFXTags": "",
        "StateChangeTags": "",
        "TemplateNodeUUID": "00000000-0000-0000-0000-000000000000",
        "TemplateVersion": "0",
        "VFXTags": "",
        "collapsed": "False",
        "logicalname": "Answer",
        "position": "335;15",
        "sourcetemplate": ""
      }
    },
    "d402998f-3d90-2938-3c50-d7e99ccfa3ba": {
      "UUID": "d402998f-3d90-2938-3c50-d7e99ccfa3ba",
      "Constructor": "TagAnswer",
      "EndNode": false,
      "Root": false,
      "ShowOnce": false,
      "SpeakerNo": 1,
      "AddressedSpeaker": 0,
      "Children": [
        "2cf12e0f-f541-dbf9-ce01-2ba09a50131f"
      ],
      "CheckFlags": [],
      "SetFlags": [],
      "TaggedTextList": [
        {
          "HasTagRule": false,
          "RuleGroup": {
            "TagCombineOp": 0,
            "Rules": [],
            "RuleString": ""
          },
          "TagTexts": [
            {
              "LineId": "c13b37d1-c8c8-f0c3-fac0-4bca03bfaccb",
              "Text": {
                "Handle": "h7ffb74a8ga5dag455aga1b3g4dcb77642401",
                "Value": "I'm fine. You don't have to keep checking."
              }
            }
          ]
        }
      ],
      "EditorData": {
        "AnimationTags": "",
        "Attitude": "Default",
        "CinematicNodeContext": "",
        "CinematicObjects": "",
        "CustomCineArtKeysPresent": "False",
        "CustomLightingPresent": "False",
        "CustomSoundPresent": "False",
        "CustomVFXPresent": "False",
        "Emotion": "Default",
        "ForceDisableIsCustomNode": "False",
        "ID": "N10",
        "InternalNodeContext": "",
        "IsCustomNode": "False",
        "MusicTags": "",
        "NodeContext": "",
        "Quality": "Bronze",
        "SFXTags": "",
        "StateChangeTags": "",
        "TemplateNodeUUID": "00000000-0000-0000-0000-000000000000",
        "TemplateVersion": "0",
        "VFXTags": "",
        "collapsed": "False",
        "logicalname": "Answer",
        "position": "335;234",
        "sourcetemplate": ""
      }
    },
    "d504e129-c1f6-1f54-728e-4cee9eb720bd": {
      "UUID": "d504e129-c1f6-1f54-728e-4cee9eb720bd",
      "Constructor": "TagAnswer",
      "EndNode": false,
      "Root": false,
      "ShowOnce": false,
      "SpeakerNo": 1,
      "AddressedSpeaker": 0,
      "Children": [
        "a356f7e6-913a-3655-0ba3-5e86a29e4fcc"
      ],
      "CheckFlags": [],
      "SetFlags": [],
      "TaggedTextList": [
        {
          "HasTagRule": false,
          "RuleGroup": {
            "TagCombineOp": 0,
            "Rules": [],
            "RuleString": ""
          },
          "TagTexts": [
            {
              "LineId": "7c31f505-6fcb-c5f9-1bcf-82ea02804917",
              "Text": {
                "Handle": "h695f0ce4gf551g4354g98e4gfc98edef87ae",
                "Value": "That wasn't - that's not the same. I was terrified the whole time."
              }
            }
          ]
        }
      ],
      "EditorData": {
        "AnimationTags": "",
        "Attitude": "Default",
        "CinematicNodeContext": "",
        "CinematicObjects": "",
        "CustomCineArtKeysPresent": "False",
        "CustomLightingPresent": "False",
        "CustomSoundPresent": "False",
        "CustomVFXPresent": "False",
        "Emotion": "Default",
        "ForceDisableIsCustomNode": "False",
        "ID": "N14",
        "InternalNodeContext": "",
        "IsCustomNode": "False",
        "MusicTags": "",
        "NodeContext": "",
        "Quality": "Bronze",
        "SFXTags": "",
        "StateChangeTags": "",
        "TemplateNodeUUID": "00000000-0000-0000-0000-000000000000",
        "TemplateVersion": "0",
        "VFXTags": "",
        "collapsed": "False",
        "logicalname": "Answer",
        "position": "655;15",
        "sourcetemplate": ""
      }
    },
    "f769198b-7ce0-1355-4d07-f52efa58b584": {
      "UUID": "f769198b-7ce0-1355-4d07-f52efa58b584",
      "Constructor": "TagGreeting",
      "EndNode": false,
      "Root": true,
      "ShowOnce": false,
      "SpeakerNo": 0,
      "AddressedSpeaker": 0,
      "Children": [
        "34eb83f4-7c40-256b-95df-a319d1224563"
      ],
      "CheckFlags": [
        {
          "Flags": [
            {
              "UUID": "bbd5c09b-9236-7fb6-4e1e-e2e5e4380181",
              "value": true,
              "paramval": null,
              "Name": "98423a2d-7b47-e379-6526-c435773e3cff_B"
            }
          ],
          "Type": "Local"
        }
      ],
      "SetFlags": [
        {
          "Flags": [
            {
              "UUID": "fca6fe85-2a3f-0bde-fb1e-e083dd023ac7",
              "value": true,
              "paramval": null,
              "Name": "98423a2d-7b47-e379-6526-c435773e3cff_C"
            }
          ],
          "Type": "Local"
        }
      ],
      "TaggedTextList": [
        {
          "HasTagRule": false,
          "RuleGroup": {
            "TagCombineOp": 0,
            "Rules": [],
            "RuleString": ""
          },
          "TagTexts": [
            {
              "LineId": "7fb4ed97-e11c-b2f5-17c6-632acbf4e0e2",
              "Text": {
                "Handle": "hdb0eceb8g1613g4d87ga88ag6e540cfbdcd9",
                "Value": "Fine day for it, I reckon."
              }
            }
          ]
        }
      ],
      "EditorData": {
        "AnimationTags": "",
        "Attitude": "Default",
        "CinematicNodeContext": "",
        "CinematicObjects": "",
        "CustomCineArtKeysPresent": "False",
        "CustomLightingPresent": "False",
        "CustomSoundPresent": "False",
        "CustomVFXPresent": "False",
        "Emotion": "Default",
        "ForceDisableIsCustomNode": "False",
        "ID": "N7",
        "InternalNodeContext": "",
        "IsCustomNode": "False",
        "MusicTags": "",
        "NodeContext": "",
        "Quality": "Bronze",
        "SFXTags": "",
        "StateChangeTags": "",
        "TemplateNodeUUID": "00000000-0000-0000-0000-000000000000",
        "TemplateVersion": "0",
        "VFXTags": "",
        "collapsed": "False",
        "logicalname": "Greeting",
        "position": "15;-204",
        "sourcetemplate": ""
      }
    }
  },
  "SpeakerDict": {
    "0": {
      "IsPeanutSpeaker": false,
      "SpeakerMappingId": "66db9cef-3815-2e04-f8e1-be1cb2d79cfa",
      "Index": 0,
      "List": [
        "02025646-347a-4235-aef7-e46b7c94b435"
      ],
      "SpeakerCharacter": {
        "DisplayName": "Asharak",
        "Type": "character",
        "MapKey": "02025646-347a-4235-aef7-e46b7c94b435",
        "Name": "S_DEN_Trainer",
        "ParentTemplateId": null,
        "TemplateName": "a5856190-08e3-4741-b697-8b1cbf03eaa1"
      },
      "SpeakerGroupName": null
    },
    "1": {
      "IsPeanutSpeaker": false,
      "SpeakerMappingId": "2edd693a-429e-96d9-b515-87894d8fff41",
      "Index": 1,
      "List": [
        "847717b3-82eb-45a7-b875-78665c12ce9a"
      ],
      "SpeakerCharacter": {
        "DisplayName": "Elegis",
        "Type": "character",
        "MapKey": "847717b3-82eb-45a7-b875-78665c12ce9a",
        "Name": "S_DEN_Gatekeeper",
        "ParentTemplateId": null,
        "TemplateName": "9103fce3-6423-4f8a-af04-83ac1af2a1d7"
      },
      "SpeakerGroupName": null
    }
  },
  "Synopsis": "Small talk between Asharak and Elegis at the gate. They're both frightened and looking for distraction."
}