{
  "Path": "Mods/Gustav/Story/Dialogs/Act1/DEN/DEN_Apprentice_Bird.lsj",
  "UUID": "a8f321c6-b0ca-ef3b-1f47-a9163d1734fb",
  "Category": "Generic NPC Dialog",
  "DefaultAddressedSpeakers": {
    "0": -1,
    "1": -1
  },
  "RootNodes": [
    "1235862f-7462-3164-7949-7109331069aa",
    "5f765554-b242-aa36-0523-4bddcedce20c"
  ],
  "Nodes": {
    "073ded13-cd2b-24ca-acd9-75b0c24ee5e5": {
      "UUID": "073ded13-cd2b-24ca-acd9-75b0c24ee5e5",
      "Constructor": "TagQuestion",
      "EndNode": false,
      "Root": false,
      "ShowOnce": true,
      "SpeakerNo": 1,
      "AddressedSpeaker": -1,
      "Children": [
        "fc1a3c91-203a-3177-2cfb-d9f496cc9880"
      ],
      "CheckFlags": [],
      "SetFlags": [],
      "TaggedTextList": [
        {
          "HasTagRule": false,
          "RuleGroup": {
            "TagCombineOp": 0,
            "Rules": [],
            "RuleString": ""
          },
          "TagTexts": [
            {
              "LineId": "01e7c260-3719-74cd-82d1-6460c29ae50e",
              "Text": {
                "Handle": "h78392a96ge3acg49e1ga255g5d108c1166b8",
                "Value": "Where are you going?"
              }
            }
          ]
        }
      ],
      "EditorData": {
        "AnimationTags": "",
        "Attitude": "Default",
        "CinematicNodeContext": "",
        "CinematicObjects": "",
        "CustomCineArtKeysPresent": "False",
        "CustomLightingPresent": "False",
        "CustomSoundPresent": "False",
        "CustomVFXPresent": "False",
        "Emotion": "Default",
        "ForceDisableIsCustomNode": "False",
        "ID": "N63",
        "InternalNodeContext": "",
        "IsCustomNode": "False",
        "MusicTags": "",
        "NodeContext": "",
        "Quality": "Bronze",
        "SFXTags": "",
        "StateChangeTags": "",
        "TemplateNodeUUID": "00000000-0000-0000-0000-000000000000",
        "TemplateVersion": "0",
        "VFXTags": "",
        "collapsed": "False",
        "logicalname": "Question",
        "position": "335;-1518",
        "sourcetemplate": ""
      }
    },
    "1235862f-7462-3164-7949-7109331069aa": {
      "UUID": "1235862f-7462-3164-7949-7109331069aa",
      "Constructor": "TagGreeting",
      "EndNode": true,
      "Root": true,
      "ShowOnce": false,
      "SpeakerNo": 0,
      "AddressedSpeaker": -1,
      "Children": [],
      "CheckFlags": [
        {
          "Flags": [
            {
              "UUID": "dc860a81-f3c2-4c1a-ab90-e7583324845c",
              "value": false,
              "paramval": 1,
              "Name": "PETPAL"
            }
          ],
          "Type": "Tag"
        }
      ],
      "SetFlags": [],
      "TaggedTextList": [
        {
          "HasTagRule": false,
          "RuleGroup": {
            "TagCombineOp": 0,
            "Rules": [],
            "RuleString": ""
          },
          "TagTexts": [
            {
              "LineId": "bc4e274d-5d22-827c-7152-ecf63c8873e1",
              "Text": {
                "Handle": "h255bc9bcgfed7g41ebgb675ga888a3bc9772",
                "Value": "*Chirp!*"
              }
            }
          ]
        }
      ],
      "EditorData": {
        "AnimationTags": "Bird",
        "Attitude": "Default",
        "CinematicNodeContext": "",
        "CinematicObjects": "Bird",
        "CustomCineArtKeysPresent": "True",
        "CustomLightingPresent": "False",
        "CustomSoundPresent": "True",
        "CustomVFXPresent": "False",
        "Emotion": "Default",
        "ForceDisableIsCustomNode": "False",
        "ID": "N1",
        "InternalNodeContext": "",
        "IsCustomNode": "False",
        "MusicTags": "",
        "NodeContext": "",
        "Quality": "Silver",
        "SFXTags": "Bird",
        "StateChangeTags": "",
        "TemplateNodeUUID": "00000000-0000-0000-0000-000000000000",
        "TemplateVersion": "0",
        "VFXTags": "Petpal",
        "collapsed": "False",
        "logicalname": "Greeting",
        "position": "15;-1518",
        "sourcetemplate": ""
      }
    },
    "1edefcc4-807e-da42-6559-56b8ec3292ea": {
      "UUID": "1edefcc4-807e-da42-6559-56b8ec3292ea",
      "Constructor": "TagQuestion",
      "EndNode": false,
      "Root": false,
      "ShowOnce": true,
      "SpeakerNo": 1,
      "AddressedSpeaker": -1,
      "Children": [
        "af2c82b5-249c-2e88-d228-659c01352871"
      ],
      "CheckFlags": [],
      "SetFlags": [],
      "TaggedTextList": [
        {
          "HasTagRule": false,
          "RuleGroup": {
            "TagCombineOp": 0,
            "Rules": [],
            "RuleString": ""
          },
          "TagTexts": [
            {
              "LineId": "671d97ca-dba7-e105-07d6-02d6293b1b51",
              "Text": {
                "Handle": "h07d8fdd8ga3cfg4993g849bgd8d20bf3e870",
                "Value": "What's the rush?"
              }
            }
          ]
        }
      ],
      "EditorData": {
        "AnimationTags": "",
        "Attitude": "Default",
        "CinematicNodeContext": "",
        "CinematicObjects": "",
        "CustomCineArtKeysPresent": "False",
        "CustomLightingPresent": "False",
        "CustomSoundPresent": "False",
        "CustomVFXPresent": "False",
        "Emotion": "Default",
        "ForceDisableIsCustomNode": "False",
        "ID": "N92",
        "InternalNodeContext": "",
        "IsCustomNode": "False",
        "MusicTags": "",
        "NodeContext": "",
        "Quality": "Bronze",
        "SFXTags": "",
        "StateChangeTags": "",
        "TemplateNodeUUID": "00000000-0000-0000-0000-000000000000",
        "TemplateVersion": "0",
        "VFXTags": "",
        "collapsed": "False",
        "logicalname": "Question",
        "position": "335;-1299",
        "sourcetemplate": ""
      }
    },
    "2bf8753e-1525-5e24-2317-f2e98b426822": {
      "UUID": "2bf8753e-1525-5e24-2317-f2e98b426822",
      "Constructor": "TagQuestion",
      "EndNode": false,
      "Root": false,
      "ShowOnce": true,
      "SpeakerNo": 1,
      "AddressedSpeaker": -1,
      "Children": [
        "dcea68e3-9bd2-07d9-d79e-8997c4899a55"
      ],
      "CheckFlags": [
        {
          "Flags": [
            {
              "UUID": "44ac4317-4d38-4d28-80e2-94024c6e42f0",
              "value": true,
              "paramval": 1,
              "Name": "DRUID"
            }
          ],
          "Type": "Tag"
        }
      ],
      "SetFlags": [],
      "TaggedTextList": [
        {
          "HasTagRule": false,
          "RuleGroup": {
            "TagCombineOp": 0,
            "Rules": [],
            "RuleString": ""
          },
          "TagTexts": [
            {
              "LineId": "b191b975-0221-3290-b137-27785a5d3760",
              "Text": {
                "Handle": "h6a331bbdg9e60g4d88gad3fg01be8493d9c6",
                "Value": "I need information, friend. Spare me a moment?"
              }
            }
          ]
        }
      ],
      "EditorData": {
        "AnimationTags": "",
        "Attitude": "Default",
        "CinematicNodeContext": "",
        "CinematicObjects": "",
        "CustomCineArtKeysPresent": "False",
        "CustomLightingPresent": "False",
        "CustomSoundPresent": "False",
        "CustomVFXPresent": "False",
        "Emotion": "Default",
        "ForceDisableIsCustomNode": "False",
        "ID": "N68",
        "InternalNodeContext": "",
        "IsCustomNode": "False",
        "MusicTags": "",
        "NodeContext": "",
        "Quality": "Bronze",
        "SFXTags": "",
        "StateChangeTags": "",
        "TemplateNodeUUID": "00000000-0000-0000-0000-000000000000",
        "TemplateVersion": "0",
        "VFXTags": "",
        "collapsed": "False",
        "logicalname": "Question",
        "position": "335;-1080",
        "sourcetemplate": ""
      }
    },
    "38bac0e7-fb31-780c-de83-70a234267706": {
      "UUID": "38bac0e7-fb31-780c-de83-70a234267706",
      "Constructor": "TagAnswer",
      "EndNode": false,
      "Root": false,
      "ShowOnce": false,
      "SpeakerNo": 0,
      "AddressedSpeaker": -1,
      "Children": [
        "63c70028-672a-341e-34bc-221e5916b753"
      ],
      "CheckFlags": [],
      "SetFlags": [],
      "TaggedTextList": [
        {
          "HasTagRule": true,
          "RuleGroup": {
            "TagCombineOp": 0,
            "Rules": [
              {
                "HasChildRules": false,
                "TagCombineOp": 2,
                "Tags": [
                  "a672ac1d-d088-451a-9537-3da4bf74466c",
                  "351f4e42-1217-4c06-b47a-443dcf69b111",
                  "34317158-8e6e-45a2-bd1e-6604d82fdda2"
                ],
                "TagNames": [
                  "DROWELF",
                  "ELF",
                  "HALFELF"
                ]
              }
            ],
            "RuleString": "!(DROWELF and ELF and HALFELF)"
          },
          "TagTexts": [
            {
              "LineId": "2c4c7571-043f-e2bd-64a5-75b9d8525912",
              "Text": {
                "Handle": "hc78af089gf901g4f4fgb4e6ga6893da76e87",
                "Value": "Goblins. Gnolls. All manner of monsters!"
              }
            }
          ]
        },
        {
          "HasTagRule": true,
          "RuleGroup": {
            "TagCombineOp": 0,
            "Rules": [
              {
                "HasChildRules": false,
                "TagCombineOp": 0,
                "Tags": [
                  "a672ac1d-d088-451a-9537-3da4bf74466c"
                ],
                "TagNames": [
                  "DROWELF"
                ]
              }
            ],
            "RuleString": "DROWELF"
          },
          "TagTexts": [
            {
              "LineId": "df3ad1d7-c3c4-f085-c489-3f99bf8b526a",
              "Text": {
                "Handle": "hb2a12d91gb2cag4614gb836g768e620c6f56",
                "Value": "Goblins. Gnolls. Even elves that look like you."
              }
            }
          ]
        },
        {
          "HasTagRule": true,
          "RuleGroup": {
            "TagCombineOp": 0,
            "Rules": [
              {
                "HasChildRules": false,
                "TagCombineOp": 1,
                "Tags": [
                  "351f4e42-1217-4c06-b47a-443dcf69b111",
                  "34317158-8e6e-45a2-bd1e-6604d82fdda2"
                ],
                "TagNames": [
                  "ELF",
                  "HALFELF"
                ]
              }
            ],
            "RuleString": "ELF or HALFELF"
          },
          "TagTexts": [
            {
              "LineId": "ad89583f-189b-2851-df9f-1edb9e90cd14",
              "Text": {
                "Handle": "hb922667cg88c5g441bgaa8cg9ac6b06e8bf2",
                "Value": "Goblins. Gnolls. Even a couple of your underground cousins. "
              }
            }
          ]
        }
      ],
      "EditorData": {
        "AnimationTags": "Idle Peaceful flying (WilsonLee)",
        "Attitude": "Default",
        "CinematicNodeContext": "Bird caws",
        "CinematicObjects": "bird",
        "CustomCineArtKeysPresent": "True",
        "CustomLightingPresent": "False",
        "CustomSoundPresent": "False",
        "CustomVFXPresent": "False",
        "Emotion": "Default",
        "ForceDisableIsCustomNode": "False",
        "ID": "N71",
        "InternalNodeContext": "",
        "IsCustomNode": "True",
        "MusicTags": "",
        "NodeContext": "",
        "Quality": "Silver",
        "SFXTags": "ruffled her feathers and chirped harshly, mimicking a goblin's cry",
        "StateChangeTags": "",
        "TemplateNodeUUID": "00000000-0000-0000-0000-000000000000",
        "TemplateVersion": "0",
        "VFXTags": "",
        "collapsed": "False",
        "logicalname": "Answer",
        "position": "1295;-1080",
        "sourcetemplate": ""
      }
    },
    "529a8474-d9a2-b9af-8f5b-a984e96e322f": {
      "UUID": "529a8474-d9a2-b9af-8f5b-a984e96e322f",
      "Constructor": "TagQuestion",
      "EndNode": false,
      "Root": false,
      "ShowOnce": true,
      "SpeakerNo": 1,
      "AddressedSpeaker": -1,
      "Children": [
        "96b2acfd-3cf4-3e35-bced-7103a312c831"
      ],
      "CheckFlags": [
        {
          "Flags": [
            {
              "UUID": "f15e9b0d-676c-4f52-9abf-365cff89ef0f",
              "value": true,
              "paramval": 1,
              "Name": "BALDURIAN"
            }
          ],
          "Type": "Tag"
        }
      ],
      "SetFlags": [],
      "TaggedTextList": [
        {
          "HasTagRule": false,
          "RuleGroup": {
            "TagCombineOp": 0,
            "Rules": [],
            "RuleString": ""
          },
          "TagTexts": [
            {
              "LineId": "ca0043ee-02fa-299f-6b5e-2fa653b00a95",
              "Text": {
                "Handle": "h16888ef5g620fg4e5ag8c45g94c0fac439ce",
                "Value": "Do you know Baldur's Gate? Is the city far?"
              }
            }
          ]
        }
      ],
      "EditorData": {
        "AnimationTags": "",
        "Attitude": "Default",
        "CinematicNodeContext": "",
        "CinematicObjects": "",
        "CustomCineArtKeysPresent": "False",
        "CustomLightingPresent": "False",
        "CustomSoundPresent": "False",
        "CustomVFXPresent": "False",
        "Emotion": "Default",
        "ForceDisableIsCustomNode": "False",
        "ID": "N75",
        "InternalNodeContext": "",
        "IsCustomNode": "False",
        "MusicTags": "",
        "NodeContext": "",
        "Quality": "Bronze",
        "SFXTags": "",
        "StateChangeTags": "",
        "TemplateNodeUUID": "00000000-0000-0000-0000-000000000000",
        "TemplateVersion": "0",
        "VFXTags": "",
        "collapsed": "False",
        "logicalname": "Question",
        "position": "975;-861",
        "sourcetemplate": ""
      }
    },
    "5f765554-b242-aa36-0523-4bddcedce20c": {
      "UUID": "5f765554-b242-aa36-0523-4bddcedce20c",
      "Constructor": "TagGreeting",
      "EndNode": false,
      "Root": true,
      "ShowOnce": false,
      "SpeakerNo": 0,
      "AddressedSpeaker": -1,
      "Children": [
        "073ded13-cd2b-24ca-acd9-75b0c24ee5e5",
        "1edefcc4-807e-da42-6559-56b8ec3292ea",
        "2bf8753e-1525-5e24-2317-f2e98b426822",
        "678173aa-2844-63fd-14de-2e3845a1d6cb"
      ],
      "CheckFlags": [
        {
          "Flags": [
            {
              "UUID": "dc860a81-f3c2-4c1a-ab90-e7583324845c",
              "value": true,
              "paramval": 1,
              "Name": "PETPAL"
            }
          ],
          "Type": "Tag"
        }
      ],
      "SetFlags": [],
      "TaggedTextList": [
        {
          "HasTagRule": false,
          "RuleGroup": {
            "TagCombineOp": 0,
            "Rules": [],
            "RuleString": ""
          },
          "TagTexts": [
            {
              "LineId": "14247d98-da5a-96d1-9403-abaef8eb25a9",
              "Text": {
                "Handle": "h94faf687g8f32g45cfg9b59gc348ce2e3903",
                "Value": "Not now. Places to be."
              }
            }
          ]
        }
      ],
      "EditorData": {
        "AnimationTags": "Idle Irritating flying (WilsonLee)",
        "Attitude": "Default",
        "CinematicNodeContext": "",
        "CinematicObjects": "Bird",
        "CustomCineArtKeysPresent": "True",
        "CustomLightingPresent": "False",
        "CustomSoundPresent": "False",
        "CustomVFXPresent": "False",
        "Emotion": "Default",
        "ForceDisableIsCustomNode": "False",
        "ID": "N2",
        "InternalNodeContext": "",
        "IsCustomNode": "False",
        "MusicTags": "",
        "NodeContext": "",
        "Quality": "Silver",
        "SFXTags": "Impatient feather ruffle",
        "StateChangeTags": "",
        "TemplateNodeUUID": "00000000-0000-0000-0000-000000000000",
        "TemplateVersion": "0",
        "VFXTags": "Petpal",
        "collapsed": "False",
        "logicalname": "Greeting",
        "position": "15;-1299",
        "sourcetemplate": ""
      }
    },
    "60367e26-3a45-40fd-cc8d-893e7323b29b": {
      "UUID": "60367e26-3a45-40fd-cc8d-893e7323b29b",
      "Constructor": "TagQuestion",
      "EndNode": false,
      "Root": false,
      "ShowOnce": true,
      "SpeakerNo": 1,
      "AddressedSpeaker": -1,
      "Children": [
        "b500a419-0cbf-5ed3-3ae3-1b8719cfcc1a"
      ],
      "CheckFlags": [
        {
          "Flags": [
            {
              "UUID": "c1645d76-f086-5011-e553-cc573c51478e",
              "value": true,
              "paramval": null,
              "Name": "GLO_Halsin_Knows_IsMissing"
            }
          ],
          "Type": "Global"
        }
      ],
      "SetFlags": [],
      "TaggedTextList": [
        {
          "HasTagRule": false,
          "RuleGroup": {
            "TagCombineOp": 0,
            "Rules": [],
            "RuleString": ""
          },
          "TagTexts": [
            {
              "LineId": "cf47d459-686b-7f74-87c9-928baeb12e77",
              "Text": {
                "Handle": "h82d303bcg9c95g47c7g8a9dgd17845a1ced0",
                "Value": "I'm looking for the druid Halsin. Where is he? "
              }
            }
          ]
        }
      ],
      "EditorData": {
        "AnimationTags": "",
        "Attitude": "Default",
        "CinematicNodeContext": "",
        "CinematicObjects": "",
        "CustomCineArtKeysPresent": "False",
        "CustomLightingPresent": "False",
        "CustomSoundPresent": "False",
        "CustomVFXPresent": "False",
        "Emotion": "Default",
        "ForceDisableIsCustomNode": "False",
        "ID": "N89",
        "InternalNodeContext": "",
        "IsCustomNode": "False",
        "MusicTags": "",
        "NodeContext": "",
        "Quality": "Bronze",
        "SFXTags": "",
        "StateChangeTags": "",
        "TemplateNodeUUID": "00000000-0000-0000-0000-000000000000",
        "TemplateVersion": "0",
        "VFXTags": "",
        "collapsed": "False",
        "logicalname": "Question",
        "position": "975;-642",
        "sourcetemplate": ""
      }
    },
    "63c70028-672a-341e-34bc-221e5916b753": {
      "UUID": "63c70028-672a-341e-34bc-221e5916b753",
      "Constructor": "TagAnswer",
      "EndNode": false,
      "Root": false,
      "ShowOnce": false,
      "SpeakerNo": 0,
      "AddressedSpeaker": -1,
      "Children": [
        "c32bd213-37ac-53f7-396a-7e6c237fecaa"
      ],
      "CheckFlags": [],
      "SetFlags": [],
      "TaggedTextList": [
        {
          "HasTagRule": false,
          "RuleGroup": {
            "TagCombineOp": 0,
            "Rules": [],
            "RuleString": ""
          },
          "TagTexts": [
            {
              "LineId": "585143ad-099d-eb66-aaff-7a286872fc7b",
              "Text": {
                "Handle": "hce88ccb1g0e93g4c44g91e6g82d50dfdf2ed",
                "Value": "Now I have to go. There's not a moment to lose! "
              }
            }
          ]
        }
      ],
      "EditorData": {
        "AnimationTags": "Idle irritating Flying (WilsonLee)",
        "Attitude": "Default",
        "CinematicNodeContext": "",
        "CinematicObjects": "",
        "CustomCineArtKeysPresent": "True",
        "CustomLightingPresent": "False",
        "CustomSoundPresent": "False",
        "CustomVFXPresent": "False",
        "Emotion": "Default",
        "ForceDisableIsCustomNode": "False",
        "ID": "N91",
        "InternalNodeContext": "",
        "IsCustomNode": "False",
        "MusicTags": "",
        "NodeContext": "",
        "Quality": "Silver",
        "SFXTags": "",
        "StateChangeTags": "",
        "TemplateNodeUUID": "00000000-0000-0000-0000-000000000000",
        "TemplateVersion": "0",
        "VFXTags": "",
        "collapsed": "False",
        "logicalname": "Answer",
        "position": "1615;-642",
        "sourcetemplate": ""
      }
    },
    "678173aa-2844-63fd-14de-2e3845a1d6cb": {
      "UUID": "678173aa-2844-63fd-14de-2e3845a1d6cb",
      "Constructor": "TagQuestion",
      "EndNode": true,
      "Root": false,
      "ShowOnce": true,
      "SpeakerNo": 1,
      "AddressedSpeaker": -1,
      "Children": [],
      "CheckFlags": [],
      "SetFlags": [],
      "TaggedTextList": [
        {
          "HasTagRule": false,
          "RuleGroup": {
            "TagCombineOp": 0,
            "Rules": [],
            "RuleString": ""
          },
          "TagTexts": [
            {
              "LineId": "18a51d1d-e307-9d5a-f3ad-b9eb9440c300",
              "Text": {
                "Handle": "haba7c503g2e7dg441agaa36g96d0f2194bd8",
                "Value": "<i>Leave.</i>"
              }
            }
          ]
        }
      ],
      "EditorData": {
        "AnimationTags": "",
        "Attitude": "Default",
        "CinematicNodeContext": "",
        "CinematicObjects": "",
        "CustomCineArtKeysPresent": "False",
        "CustomLightingPresent": "False",
        "CustomSoundPresent": "False",
        "CustomVFXPresent": "False",
        "Emotion": "Default",
        "ForceDisableIsCustomNode": "False",
        "ID": "N65",
        "InternalNodeContext": "",
        "IsCustomNode": "False",
        "MusicTags": "",
        "NodeContext": "",
        "Quality": "Bronze",
        "SFXTags": "",
        "StateChangeTags": "",
        "TemplateNodeUUID": "00000000-0000-0000-0000-000000000000",
        "TemplateVersion": "0",
        "VFXTags": "",
        "collapsed": "False",
        "logicalname": "Question",
        "position": "335;-861",
        "sourcetemplate": ""
      }
    },
    "7d54ebe9-db2a-4536-bbb4-9d4c57bf9638": {
      "UUID": "7d54ebe9-db2a-4536-bbb4-9d4c57bf9638",
      "Constructor": "TagQuestion",
      "EndNode": false,
      "Root": false,
      "ShowOnce": true,
      "SpeakerNo": 1,
      "AddressedSpeaker": -1,
      "Children": [
        "38bac0e7-fb31-780c-de83-70a234267706"
      ],
      "CheckFlags": [],
      "SetFlags": [],
      "TaggedTextList": [
        {
          "HasTagRule": false,
          "RuleGroup": {
            "TagCombineOp": 0,
            "Rules": [],
            "RuleString": ""
          },
          "TagTexts": [
            {
              "LineId": "daa57912-eb16-a19e-7942-640576b0dc45",
              "Text": {
                "Handle": "h3c00603agfe6eg415fg85b3g1d736cc2dae8",
                "Value": "What's waiting for us outside this grove? In the wilds?"
              }
            }
          ]
        }
      ],
      "EditorData": {
        "AnimationTags": "",
        "Attitude": "Default",
        "CinematicNodeContext": "",
        "CinematicObjects": "",
        "CustomCineArtKeysPresent": "False",
        "CustomLightingPresent": "False",
        "CustomSoundPresent": "False",
        "CustomVFXPresent": "False",
        "Emotion": "Default",
        "ForceDisableIsCustomNode": "False",
        "ID": "N70",
        "InternalNodeContext": "",
        "IsCustomNode": "False",
        "MusicTags": "",
        "NodeContext": "",
        "Quality": "Bronze",
        "SFXTags": "",
        "StateChangeTags": "",
        "TemplateNodeUUID": "00000000-0000-0000-0000-000000000000",
        "TemplateVersion": "0",
        "VFXTags": "",
        "collapsed": "False",
        "logicalname": "Question",
        "position": "975;-1080",
        "sourcetemplate": ""
      }
    },
    "90e9b549-9b2e-c0c3-4e88-62e15e7836b1": {
      "UUID": "90e9b549-9b2e-c0c3-4e88-62e15e7836b1",
      "Constructor": "TagQuestion",
      "EndNode": false,
      "Root": false,
      "ShowOnce": true,
      "SpeakerNo": 1,
      "AddressedSpeaker": -1,
      "Children": [
        "c32bd213-37ac-53f7-396a-7e6c237fecaa"
      ],
      "CheckFlags": [],
      "SetFlags": [],
      "TaggedTextList": [
        {
          "HasTagRule": false,
          "RuleGroup": {
            "TagCombineOp": 0,
            "Rules": [],
            "RuleString": ""
          },
          "TagTexts": [
            {
              "LineId": "e0a22c62-d1cb-33b2-8cc5-9dbf6404895d",
              "Text": {
                "Handle": "h871b9593gda91g4d7dg95a5g671c148e629d",
                "Value": "Never mind. Off you go."
              }
            }
          ]
        }
      ],
      "EditorData": {
        "AnimationTags": "",
        "Attitude": "Default",
        "CinematicNodeContext": "",
        "CinematicObjects": "",
        "CustomCineArtKeysPresent": "False",
        "CustomLightingPresent": "False",
        "CustomSoundPresent": "False",
        "CustomVFXPresent": "False",
        "Emotion": "Default",
        "ForceDisableIsCustomNode": "False",
        "ID": "N83",
        "InternalNodeContext": "",
        "IsCustomNode": "False",
        "MusicTags": "",
        "NodeContext": "",
        "Quality": "Bronze",
        "SFXTags": "",
        "StateChangeTags": "",
        "TemplateNodeUUID": "00000000-0000-0000-0000-000000000000",
        "TemplateVersion": "0",
        "VFXTags": "",
        "collapsed": "False",
        "logicalname": "Question",
        "position": "975;-423",
        "sourcetemplate": ""
      }
    },
    "96b2acfd-3cf4-3e35-bced-7103a312c831": {
      "UUID": "96b2acfd-3cf4-3e35-bced-7103a312c831",
      "Constructor": "TagAnswer",
      "EndNode": false,
      "Root": false,
      "ShowOnce": false,
      "SpeakerNo": 0,
      "AddressedSpeaker": -1,
      "Children": [
        "63c70028-672a-341e-34bc-221e5916b753"
      ],
      "CheckFlags": [],
      "SetFlags": [],
      "TaggedTextList": [
        {
          "HasTagRule": false,
          "RuleGroup": {
            "TagCombineOp": 0,
            "Rules": [],
            "RuleString": ""
          },
          "TagTexts": [
            {
              "LineId": "06f3aeb4-d04a-6d8a-6998-e22438adff9f",
              "Text": {
                "Handle": "h0a1c064cga961g4f5agab20g1ab49b9d7916",
                "Value": "I know these hills, and there's no city here."
              }
            }
          ]
        }
      ],
      "EditorData": {
        "AnimationTags": "Idle peace Flying (WilsonLee)",
        "Attitude": "Default",
        "CinematicNodeContext": "Bird looks at you curiously",
        "CinematicObjects": "bird",
        "CustomCineArtKeysPresent": "True",
        "CustomLightingPresent": "False",
        "CustomSoundPresent": "False",
        "CustomVFXPresent": "False",
        "Emotion": "Default",
        "ForceDisableIsCustomNode": "False",
        "ID": "N79",
        "InternalNodeContext": "",
        "IsCustomNode": "True",
        "MusicTags": "",
        "NodeContext": "",
        "Quality": "Silver",
        "SFXTags": "",
        "StateChangeTags": "",
        "TemplateNodeUUID": "00000000-0000-0000-0000-000000000000",
        "TemplateVersion": "0",
        "VFXTags": "",
        "collapsed": "False",
        "logicalname": "Answer",
        "position": "1295;-861",
        "sourcetemplate": ""
      }
    },
    "af2c82b5-249c-2e88-d228-659c01352871": {
      "UUID": "af2c82b5-249c-2e88-d228-659c01352871",
      "Constructor": "TagAnswer",
      "EndNode": true,
      "Root": false,
      "ShowOnce": false,
      "SpeakerNo": 0,
      "AddressedSpeaker": -1,
      "Children": [],
      "CheckFlags": [],
      "SetFlags": [
        {
          "Flags": [
            {
              "UUID": "ce3a4f22-36e7-1763-1eb8-a97f9f182125",
              "value": true,
              "paramval": null,
              "Name": "DEN_SenderBird_Event_TakeOff"
            }
          ],
          "Type": "Global"
        }
      ],
      "TaggedTextList": [
        {
          "HasTagRule": false,
          "RuleGroup": {
            "TagCombineOp": 0,
            "Rules": [],
            "RuleString": ""
          },
          "TagTexts": [
            {
              "LineId": "36d2af5d-5899-c4c6-79c8-9bb3baac00f6",
              "Text": {
                "Handle": "he7eb0423g56c7g4d99gb7a1g727a715f3564",
                "Value": "I have to find Halsin. There's not a moment to lose!"
              }
            }
          ]
        }
      ],
      "EditorData": {
        "AnimationTags": "Idle irritating flying (WilsonLee)",
        "Attitude": "Default",
        "CinematicNodeContext": "",
        "CinematicObjects": "",
        "CustomCineArtKeysPresent": "True",
        "CustomLightingPresent": "False",
        "CustomSoundPresent": "False",
        "CustomVFXPresent": "False",
        "Emotion": "Default",
        "ForceDisableIsCustomNode": "False",
        "ID": "N93",
        "InternalNodeContext": "",
        "IsCustomNode": "False",
        "MusicTags": "",
        "NodeContext": "",
        "Quality": "Bronze",
        "SFXTags": "",
        "StateChangeTags": "",
        "TemplateNodeUUID": "00000000-0000-0000-0000-000000000000",
        "TemplateVersion": "0",
        "VFXTags": "",
        "collapsed": "False",
        "logicalname": "Answer",
        "position": "655;-1299",
        "sourcetemplate": ""
      }
    },
    "b500a419-0cbf-5ed3-3ae3-1b8719cfcc1a": {
      "UUID": "b500a419-0cbf-5ed3-3ae3-1b8719cfcc1a",
      "Constructor": "TagAnswer",
      "EndNode": false,
      "Root": false,
      "ShowOnce": false,
      "SpeakerNo": 0,
      "AddressedSpeaker": -1,
      "Children": [
        "63c70028-672a-341e-34bc-221e5916b753"
      ],
      "CheckFlags": [],
      "SetFlags": [],
      "TaggedTextList": [
        {
          "HasTagRule": false,
          "RuleGroup": {
            "TagCombineOp": 0,
            "Rules": [],
            "RuleString": ""
          },
          "TagTexts": [
            {
              "LineId": "59eb4839-74e3-6615-e2ea-506ed4969ce3",
              "Text": {
                "Handle": "hf5ef66a3g0aedg488eg981agdc0fc4a46be0",
                "Value": "That's what I'm trying to find out! "
              }
            }
          ]
        }
      ],
      "EditorData": {
        "AnimationTags": "Idle Irritating Flying (WilsonLee)",
        "Attitude": "Default",
        "CinematicNodeContext": "",
        "CinematicObjects": "bird",
        "CustomCineArtKeysPresent": "True",
        "CustomLightingPresent": "False",
        "CustomSoundPresent": "False",
        "CustomVFXPresent": "False",
        "Emotion": "Default",
        "ForceDisableIsCustomNode": "False",
        "ID": "N90",
        "InternalNodeContext": "",
        "IsCustomNode": "False",
        "MusicTags": "",
        "NodeContext": "",
        "Quality": "Silver",
        "SFXTags": "flap excitedly",
        "StateChangeTags": "",
        "TemplateNodeUUID": "00000000-0000-0000-0000-000000000000",
        "TemplateVersion": "0",
        "VFXTags": "",
        "collapsed": "False",
        "logicalname": "Answer",
        "position": "1295;-642",
        "sourcetemplate": ""
      }
    },
    "c32bd213-37ac-53f7-396a-7e6c237fecaa": {
      "UUID": "c32bd213-37ac-53f7-396a-7e6c237fecaa",
      "Constructor": "TagAnswer",
      "EndNode": true,
      "Root": false,
      "ShowOnce": false,
      "SpeakerNo": -666,
      "AddressedSpeaker": -1,
      "Children": [],
      "CheckFlags": [],
      "SetFlags": [
        {
          "Flags": [
            {
              "UUID": "ce3a4f22-36e7-1763-1eb8-a97f9f182125",
              "value": true,
              "paramval": null,
              "Name": "DEN_SenderBird_Event_TakeOff"
            }
          ],
          "Type": "Global"
        }
      ],
      "TaggedTextList": [
        {
          "HasTagRule": false,
          "RuleGroup": {
            "TagCombineOp": 0,
            "Rules": [],
            "RuleString": ""
          },
          "TagTexts": [
            {
              "LineId": "952423c5-8dad-968b-ab33-41205572a538",
              "Text": {
                "Handle": "h020c305egff3bg4c12g999cg626031c6bb68",
                "Value": "*He flutters into the air without another word, setting off at a determined pace.*"
              }
            }
          ]
        }
      ],
      "EditorData": {
        "AnimationTags": "flutter into the air, setting off at a determined pace",
        "Attitude": "Friendly",
        "CinematicNodeContext": "",
        "CinematicObjects": "Bird",
        "CustomCineArtKeysPresent": "True",
        "CustomLightingPresent": "False",
        "CustomSoundPresent": "False",
        "CustomVFXPresent": "False",
        "Emotion": "Default",
        "ForceDisableIsCustomNode": "False",
        "ID": "N88",
        "InternalNodeContext": "",
        "IsCustomNode": "False",
        "MusicTags": "",
        "NodeContext": "",
        "Quality": "Silver",
        "SFXTags": "flutter into the air, setting off at a determined pace",
        "StateChangeTags": "",
        "TemplateNodeUUID": "00000000-0000-0000-0000-000000000000",
        "TemplateVersion": "0",
        "VFXTags": "",
        "collapsed": "False",
        "logicalname": "Answer",
        "position": "1935;-423",
        "sourcetemplate": ""
      }
    },
    "dcea68e3-9bd2-07d9-d79e-8997c4899a55": {
      "UUID": "dcea68e3-9bd2-07d9-d79e-8997c4899a55",
      "Constructor": "TagAnswer",
      "EndNode": false,
      "Root": false,
      "ShowOnce": false,
      "SpeakerNo": 0,
      "AddressedSpeaker": -1,
      "Children": [
        "7d54ebe9-db2a-4536-bbb4-9d4c57bf9638",
        "529a8474-d9a2-b9af-8f5b-a984e96e322f",
        "60367e26-3a45-40fd-cc8d-893e7323b29b",
        "90e9b549-9b2e-c0c3-4e88-62e15e7836b1"
      ],
      "CheckFlags": [],
      "SetFlags": [],
      "TaggedTextList": [
        {
          "HasTagRule": false,
          "RuleGroup": {
            "TagCombineOp": 0,
            "Rules": [],
            "RuleString": ""
          },
          "TagTexts": [
            {
              "LineId": "5b07050c-063f-a2d3-7561-aee244c3d088",
              "Text": {
                "Handle": "h09997ca2g3eedg45f4g90a5gcd25d3e8e124",
                "Value": "For one of our own. But be quick."
              }
            }
          ]
        }
      ],
      "EditorData": {
        "AnimationTags": "Idle irritating flying (WilsonLee)",
        "Attitude": "Default",
        "CinematicNodeContext": "",
        "CinematicObjects": "bird",
        "CustomCineArtKeysPresent": "True",
        "CustomLightingPresent": "False",
        "CustomSoundPresent": "False",
        "CustomVFXPresent": "False",
        "Emotion": "Default",
        "ForceDisableIsCustomNode": "False",
        "ID": "N69",
        "InternalNodeContext": "",
        "IsCustomNode": "False",
        "MusicTags": "",
        "NodeContext": "",
        "Quality": "Silver",
        "SFXTags": "The bird hop impatiently",
        "StateChangeTags": "",
        "TemplateNodeUUID": "00000000-0000-0000-0000-000000000000",
        "TemplateVersion": "0",
        "VFXTags": "",
        "collapsed": "False",
        "logicalname": "Answer",
        "position": "655;-1080",
        "sourcetemplate": ""
      }
    },
    "fc1a3c91-203a-3177-2cfb-d9f496cc9880": {
      "UUID": "fc1a3c91-203a-3177-2cfb-d9f496cc9880",
      "Constructor": "TagAnswer",
      "EndNode": true,
      "Root": false,
      "ShowOnce": false,
      "SpeakerNo": 0,
      "AddressedSpeaker": -1,
      "Children": [],
      "CheckFlags": [],
      "SetFlags": [
        {
          "Flags": [
            {
              "UUID": "ce3a4f22-36e7-1763-1eb8-a97f9f182125",
              "value": true,
              "paramval": null,
              "Name": "DEN_SenderBird_Event_TakeOff"
            }
          ],
          "Type": "Global"
        }
      ],
      "TaggedTextList": [
        {
          "HasTagRule": false,
          "RuleGroup": {
            "TagCombineOp": 0,
            "Rules": [],
            "RuleString": ""
          },
          "TagTexts": [
            {
              "LineId": "47cc4a24-9727-6bb0-8bad-3df3ec00c04b",
              "Text": {
                "Handle": "h9c91b21fge5a5g45e6g96acg1ecd2b90b28f",
                "Value": "To find Halsin. There's not a moment to lose!"
              }
            }
          ]
        }
      ],
      "EditorData": {
        "AnimationTags": "Idle irritating flying (WilsonLee)",
        "Attitude": "Default",
        "CinematicNodeContext": "",
        "CinematicObjects": "bird",
        "CustomCineArtKeysPresent": "True",
        "CustomLightingPresent": "False",
        "CustomSoundPresent": "False",
        "CustomVFXPresent": "False",
        "Emotion": "Default",
        "ForceDisableIsCustomNode": "False",
        "ID": "N67",
        "InternalNodeContext": "",
        "IsCustomNode": "False",
        "MusicTags": "",
        "NodeContext": "",
        "Quality": "Silver",
        "SFXTags": "The bird chirped happily and skipped a little",
        "StateChangeTags": "",
        "TemplateNodeUUID": "00000000-0000-0000-0000-000000000000",
        "TemplateVersion": "0",
        "VFXTags": "",
        "collapsed": "False",
        "logicalname": "Answer",
        "position": "655;-1518",
        "sourcetemplate": ""
      }
    }
  },
  "SpeakerDict": {
    "0": {
      "IsPeanutSpeaker": false,
      "SpeakerMappingId": "1d90c129-1158-0b8e-3a63-ee800b6ad633",
      "Index": 0,
      "List": [
        "bf90aa40-232b-40fd-a43e-699bb964e337"
      ],
      "SpeakerCharacter": {
        "DisplayName": "Tingmiaq",
        "Type": "character",
        "MapKey": "bf90aa40-232b-40fd-a43e-699bb964e337",
        "Name": "S_DEN_SenderBird",
        "ParentTemplateId": null,
        "TemplateName": "e32a1c7a-93db-4a3d-b21f-ca9cbff85190"
      },
      "SpeakerGroupName": null
    },
    "1": {
      "IsPeanutSpeaker": false,
      "SpeakerMappingId": "5a1ec99e-300f-9e3d-9da6-13404fb94eca",
      "Index": 1,
      "List": [
        "e0d1ff71-04a8-4340-ae64-9684d846eb83"
      ],
      "SpeakerCharacter": {
        "DisplayName": "Player",
        "Type": "character",
        "MapKey": "e2badbf0-159a-4ef5-9e73-7bbeb3d1015a",
        "Name": "S_GLO_CharacterCreationDummy_001",
        "ParentTemplateId": null,
        "TemplateName": "fd7f2707-8f86-4836-bda8-e0db99c389cc"
      },
      "SpeakerGroupName": "GROUP_Players"
    }
  },
  "Synopsis": "\nThis bird has been told to go and find Halsin and you're interupting him just as he's getting ready to take flight. He's tense and in a hurry to be gone, so he'll only answer one question before taking to the skies and carrying out his mission."
}