{
  "Path": "Mods/Gustav/Story/Dialogs/Act1/DEN/DEN_General_Gatekeeper.lsj",
  "UUID": "b668bca5-86ea-b7a3-f7b5-536487ab68c1",
  "Category": "Generic NPC Dialog",
  "DefaultAddressedSpeakers": {
    "0": 1,
    "1": 0,
    "2": -1,
    "3": -1,
    "4": -1,
    "5": -1,
    "6": -1,
    "7": -1,
    "8": -1,
    "9": -1
  },
  "RootNodes": [
    "19c99658-3378-f4a1-9c75-4fe6c87c6633",
    "12a8f582-c713-dee2-6d5c-112a2f32fa0e",
    "1af06dd8-5c9a-2576-ce58-64f57534acca",
    "8f6f5b40-606b-16f8-1701-77cecb5585fa",
    "a5b71e83-3975-725d-22cd-16676dcf0aaf"
  ],
  "Nodes": {
    "02768fe9-be3a-7033-0521-4df01c30063d": {
      "UUID": "02768fe9-be3a-7033-0521-4df01c30063d",
      "Constructor": "TagQuestion",
      "EndNode": false,
      "Root": false,
      "ShowOnce": true,
      "SpeakerNo": 1,
      "AddressedSpeaker": -1,
      "Children": [
        "5e46ad07-e949-2333-1e1c-d1728dd62e3c"
      ],
      "CheckFlags": [
        {
          "Flags": [
            {
              "UUID": "1ae7017c-4884-4a43-bc4a-742fa0d201c0",
              "value": false,
              "paramval": 1,
              "Name": "FIGHTER"
            }
          ],
          "Type": "Tag"
        }
      ],
      "SetFlags": [],
      "TaggedTextList": [
        {
          "HasTagRule": false,
          "RuleGroup": {
            "TagCombineOp": 0,
            "Rules": [],
            "RuleString": ""
          },
          "TagTexts": [
            {
              "LineId": "01f43a63-a8bb-d681-0bb5-25f0a2c23520",
              "Text": {
                "Handle": "h2b9a675dgeb0fg470dgaeefg1195e450359d",
                "Value": "You could hold off a <i>horde</i> of goblins from this position."
              }
            }
          ]
        }
      ],
      "EditorData": {
        "AnimationTags": "",
        "Attitude": "Neutral",
        "CinematicNodeContext": "",
        "CinematicObjects": "",
        "CustomCineArtKeysPresent": "False",
        "CustomLightingPresent": "False",
        "CustomSoundPresent": "False",
        "CustomVFXPresent": "False",
        "Emotion": "Default",
        "ForceDisableIsCustomNode": "False",
        "ID": "N431",
        "InternalNodeContext": "",
        "IsCustomNode": "False",
        "MusicTags": "",
        "NodeContext": "",
        "Quality": "Bronze",
        "SFXTags": "",
        "StateChangeTags": "",
        "TemplateNodeUUID": "00000000-0000-0000-0000-000000000000",
        "TemplateVersion": "0",
        "VFXTags": "",
        "collapsed": "False",
        "logicalname": "Question",
        "position": "1295;1986",
        "sourcetemplate": ""
      }
    },
    "038e9540-594e-b31f-42e2-ccf040a67570": {
      "UUID": "038e9540-594e-b31f-42e2-ccf040a67570",
      "Constructor": "TagAnswer",
      "EndNode": false,
      "Root": false,
      "ShowOnce": false,
      "SpeakerNo": 0,
      "AddressedSpeaker": -1,
      "Children": [
        "ff47fdc2-3b65-b96c-6c6c-7be1fd9693d1"
      ],
      "CheckFlags": [],
      "SetFlags": [],
      "TaggedTextList": [
        {
          "HasTagRule": false,
          "RuleGroup": {
            "TagCombineOp": 0,
            "Rules": [],
            "RuleString": ""
          },
          "TagTexts": [
            {
              "LineId": "5009c6c0-bb38-d597-ba7c-c45f08c91cb8",
              "Text": {
                "Handle": "hfa936a84gcca4g4e40ga22eg7f1fe937ed81",
                "Value": "I'm guessing you have plenty of both - be nice if I could say the same for myself."
              }
            }
          ]
        }
      ],
      "EditorData": {
        "AnimationTags": "",
        "Attitude": "Default",
        "CinematicNodeContext": "",
        "CinematicObjects": "",
        "CustomCineArtKeysPresent": "False",
        "CustomLightingPresent": "False",
        "CustomSoundPresent": "False",
        "CustomVFXPresent": "False",
        "Emotion": "Determination",
        "ForceDisableIsCustomNode": "False",
        "ID": "N492",
        "InternalNodeContext": "",
        "IsCustomNode": "False",
        "MusicTags": "",
        "NodeContext": "slightly reassured, but still anxious",
        "Quality": "Bronze",
        "SFXTags": "",
        "StateChangeTags": "",
        "TemplateNodeUUID": "00000000-0000-0000-0000-000000000000",
        "TemplateVersion": "0",
        "VFXTags": "",
        "collapsed": "False",
        "logicalname": "Answer",
        "position": "2255;2862",
        "sourcetemplate": ""
      }
    },
    "0f91c392-26f7-b346-4231-e5b3050667dd": {
      "UUID": "0f91c392-26f7-b346-4231-e5b3050667dd",
      "Constructor": "TagAnswer",
      "EndNode": false,
      "Root": false,
      "ShowOnce": false,
      "SpeakerNo": 1,
      "AddressedSpeaker": -1,
      "Children": [
        "b9e0872b-46bb-f750-e9fb-9edf61461a5d",
        "920e5812-a615-d826-2124-66886f11d680",
        "895526ee-99e7-f853-d2de-5e294bbf4cb5",
        "6c85a26d-bd92-15f3-424f-ddab136d1bfa",
        "755bf5d6-05a2-9e96-144c-1a28b5dd874c",
        "344beedf-0d11-3eec-e407-6eda4166ec88"
      ],
      "CheckFlags": [],
      "SetFlags": [
        {
          "Flags": [
            {
              "UUID": "5c169560-2732-c515-9e73-06ba1fd768f0",
              "value": true,
              "paramval": 1,
              "Name": "ORI_Inclusion_Random"
            }
          ],
          "Type": "Object"
        }
      ],
      "TaggedTextList": [],
      "EditorData": {
        "AnimationTags": "",
        "Attitude": "Default",
        "CinematicNodeContext": "",
        "CinematicObjects": "",
        "CustomCineArtKeysPresent": "False",
        "CustomLightingPresent": "False",
        "CustomSoundPresent": "False",
        "CustomVFXPresent": "False",
        "Emotion": "Default",
        "ForceDisableIsCustomNode": "False",
        "ID": "N568",
        "InternalNodeContext": "",
        "IsCustomNode": "False",
        "MusicTags": "",
        "NodeContext": "",
        "Quality": "Bronze",
        "SFXTags": "",
        "StateChangeTags": "",
        "TemplateNodeUUID": "00000000-0000-0000-0000-000000000000",
        "TemplateVersion": "0",
        "VFXTags": "",
        "collapsed": "False",
        "logicalname": "LOGIC NODE",
        "position": "1935;3957",
        "sourcetemplate": ""
      }
    },
    "11262dee-a992-1439-2fa0-1e098720fe21": {
      "UUID": "11262dee-a992-1439-2fa0-1e098720fe21",
      "Constructor": "TagAnswer",
      "EndNode": false,
      "Root": false,
      "ShowOnce": false,
      "SpeakerNo": 0,
      "AddressedSpeaker": -1,
      "Children": [
        "1fb51139-ec24-380d-945f-1dcd260aab7b"
      ],
      "CheckFlags": [],
      "SetFlags": [],
      "TaggedTextList": [
        {
          "HasTagRule": false,
          "RuleGroup": {
            "TagCombineOp": 0,
            "Rules": [],
            "RuleString": ""
          },
          "TagTexts": [
            {
              "LineId": "1db5065a-60ee-71df-2dac-a34311dccc28",
              "Text": {
                "Handle": "h2ad77f58g2e0cg4854gbe85g2084670ac409",
                "Value": "I'm not really keen on fighting <i>or</i> praying."
              }
            }
          ]
        }
      ],
      "EditorData": {
        "AnimationTags": "",
        "Attitude": "Default",
        "CinematicNodeContext": "",
        "CinematicObjects": "",
        "CustomCineArtKeysPresent": "False",
        "CustomLightingPresent": "False",
        "CustomSoundPresent": "False",
        "CustomVFXPresent": "False",
        "Emotion": "Determination",
        "ForceDisableIsCustomNode": "False",
        "ID": "N494",
        "InternalNodeContext": "",
        "IsCustomNode": "False",
        "MusicTags": "",
        "NodeContext": "miserable",
        "Quality": "Bronze",
        "SFXTags": "",
        "StateChangeTags": "",
        "TemplateNodeUUID": "00000000-0000-0000-0000-000000000000",
        "TemplateVersion": "0",
        "VFXTags": "",
        "collapsed": "False",
        "logicalname": "Answer",
        "position": "2255;3081",
        "sourcetemplate": ""
      }
    },
    "12a8f582-c713-dee2-6d5c-112a2f32fa0e": {
      "UUID": "12a8f582-c713-dee2-6d5c-112a2f32fa0e",
      "Constructor": "TagGreeting",
      "EndNode": true,
      "Root": true,
      "ShowOnce": false,
      "SpeakerNo": 0,
      "AddressedSpeaker": -1,
      "Children": [],
      "CheckFlags": [
        {
          "Flags": [
            {
              "UUID": "df392d3d-95e0-7009-2942-d0418a3e344b",
              "value": true,
              "paramval": null,
              "Name": "DEN_CapturedGoblin_State_Resolved"
            }
          ],
          "Type": "Global"
        }
      ],
      "SetFlags": [],
      "TaggedTextList": [
        {
          "HasTagRule": false,
          "RuleGroup": {
            "TagCombineOp": 0,
            "Rules": [],
            "RuleString": ""
          },
          "TagTexts": [
            {
              "LineId": "48ec391f-6f75-7a05-696a-711b87a5633a",
              "Text": {
                "Handle": "h74c1db16ge91cg4276ga6f9g08dbee959ef3",
                "Value": "I haven't seen a single goblin. That's good, isn't it?"
              }
            }
          ]
        }
      ],
      "EditorData": {
        "AnimationTags": "",
        "Attitude": "Default",
        "CinematicNodeContext": "",
        "CinematicObjects": "",
        "CustomCineArtKeysPresent": "False",
        "CustomLightingPresent": "False",
        "CustomSoundPresent": "False",
        "CustomVFXPresent": "False",
        "Emotion": "Determination",
        "ForceDisableIsCustomNode": "False",
        "ID": "N467",
        "InternalNodeContext": "",
        "IsCustomNode": "False",
        "MusicTags": "",
        "NodeContext": "looking for reassurance",
        "Quality": "Bronze",
        "SFXTags": "",
        "StateChangeTags": "",
        "TemplateNodeUUID": "00000000-0000-0000-0000-000000000000",
        "TemplateVersion": "0",
        "VFXTags": "",
        "collapsed": "False",
        "logicalname": "Greeting",
        "position": "335;1548",
        "sourcetemplate": ""
      }
    },
    "17113078-4e27-c177-70ee-465b5f0b6e6a": {
      "UUID": "17113078-4e27-c177-70ee-465b5f0b6e6a",
      "Constructor": "TagAnswer",
      "EndNode": false,
      "Root": false,
      "ShowOnce": false,
      "SpeakerNo": 1,
      "AddressedSpeaker": -1,
      "Children": [
        "9d3a45e9-e9cb-993d-86c5-c0f5a4ca26a4",
        "cb5a6108-9a27-2426-0a2a-5eaa7e499b78"
      ],
      "CheckFlags": [],
      "SetFlags": [
        {
          "Flags": [
            {
              "UUID": "31aca0be-c868-47bb-a1c2-601ff756b863",
              "value": true,
              "paramval": 1,
              "Name": "ORI_Inclusion_Wyll"
            }
          ],
          "Type": "Object"
        }
      ],
      "TaggedTextList": [],
      "EditorData": {
        "AnimationTags": "",
        "Attitude": "Default",
        "CinematicNodeContext": "",
        "CinematicObjects": "",
        "CustomCineArtKeysPresent": "False",
        "CustomLightingPresent": "False",
        "CustomSoundPresent": "False",
        "CustomVFXPresent": "False",
        "Emotion": "Default",
        "ForceDisableIsCustomNode": "False",
        "ID": "N536",
        "InternalNodeContext": "",
        "IsCustomNode": "False",
        "MusicTags": "",
        "NodeContext": "",
        "Quality": "Bronze",
        "SFXTags": "",
        "StateChangeTags": "",
        "TemplateNodeUUID": "00000000-0000-0000-0000-000000000000",
        "TemplateVersion": "0",
        "VFXTags": "",
        "collapsed": "False",
        "logicalname": "LOGIC NODE",
        "position": "2255;3300",
        "sourcetemplate": ""
      }
    },
    "19c99658-3378-f4a1-9c75-4fe6c87c6633": {
      "UUID": "19c99658-3378-f4a1-9c75-4fe6c87c6633",
      "Constructor": "TagGreeting",
      "EndNode": true,
      "Root": true,
      "ShowOnce": false,
      "SpeakerNo": 0,
      "AddressedSpeaker": -1,
      "Children": [],
      "CheckFlags": [
        {
          "Flags": [
            {
              "UUID": "1e6a42ed-8313-4f46-57e2-20dbdb2df923",
              "value": true,
              "paramval": null,
              "Name": "DEN_Refugees_State_LeadersAreDead"
            }
          ],
          "Type": "Global"
        }
      ],
      "SetFlags": [],
      "TaggedTextList": [
        {
          "HasTagRule": false,
          "RuleGroup": {
            "TagCombineOp": 0,
            "Rules": [],
            "RuleString": ""
          },
          "TagTexts": [
            {
              "LineId": "cfb1155f-adae-230b-dcca-bee82b25c7cc",
              "Text": {
                "Handle": "h2a56bc49g899bg4ad6gb3c8ga4c702e2d242",
                "Value": "It was you, wasn't it? You saved us. Thank you."
              }
            }
          ]
        }
      ],
      "EditorData": {
        "AnimationTags": "",
        "Attitude": "Neutral",
        "CinematicNodeContext": "",
        "CinematicObjects": "",
        "CustomCineArtKeysPresent": "False",
        "CustomLightingPresent": "False",
        "CustomSoundPresent": "False",
        "CustomVFXPresent": "False",
        "Emotion": "Awe",
        "ForceDisableIsCustomNode": "False",
        "ID": "N19",
        "InternalNodeContext": "",
        "IsCustomNode": "False",
        "MusicTags": "",
        "NodeContext": "in awe - we're heroes to her. Just saved her life",
        "Quality": "Bronze",
        "SFXTags": "",
        "StateChangeTags": "",
        "TemplateNodeUUID": "00000000-0000-0000-0000-000000000000",
        "TemplateVersion": "0",
        "VFXTags": "",
        "collapsed": "False",
        "logicalname": "Greeting",
        "position": "335;1329",
        "sourcetemplate": ""
      }
    },
    "1af06dd8-5c9a-2576-ce58-64f57534acca": {
      "UUID": "1af06dd8-5c9a-2576-ce58-64f57534acca",
      "Constructor": "TagGreeting",
      "EndNode": false,
      "Root": true,
      "ShowOnce": false,
      "SpeakerNo": 0,
      "AddressedSpeaker": -1,
      "Children": [
        "f5f2a3ef-c05b-612a-1f34-19b4a8688863"
      ],
      "CheckFlags": [
        {
          "Flags": [
            {
              "UUID": "fc9c5892-3790-93f3-eed8-9ab7dd981cc4",
              "value": false,
              "paramval": 1,
              "Name": "DEN_CampGeneral_HasMet_Gatekeeper"
            }
          ],
          "Type": "Dialog"
        }
      ],
      "SetFlags": [
        {
          "Flags": [
            {
              "UUID": "fc9c5892-3790-93f3-eed8-9ab7dd981cc4",
              "value": true,
              "paramval": 1,
              "Name": "DEN_CampGeneral_HasMet_Gatekeeper"
            }
          ],
          "Type": "Dialog"
        }
      ],
      "TaggedTextList": [
        {
          "HasTagRule": false,
          "RuleGroup": {
            "TagCombineOp": 0,
            "Rules": [],
            "RuleString": ""
          },
          "TagTexts": [
            {
              "LineId": "699e7618-ee6c-1092-df1a-92eaac186116",
              "Text": {
                "Handle": "hbe2a367fg1e57g4c8eg8bd3g4b7928829b29",
                "Value": "Glad you made it inside... doubt we'll be safe here for long though."
              }
            }
          ]
        }
      ],
      "EditorData": {
        "AnimationTags": "",
        "Attitude": "Neutral",
        "CinematicNodeContext": "",
        "CinematicObjects": "",
        "CustomCineArtKeysPresent": "False",
        "CustomLightingPresent": "False",
        "CustomSoundPresent": "False",
        "CustomVFXPresent": "False",
        "Emotion": "Fear",
        "ForceDisableIsCustomNode": "False",
        "ID": "N1",
        "InternalNodeContext": "",
        "IsCustomNode": "False",
        "MusicTags": "",
        "NodeContext": "twitchy - she's watching the tree-line as she speaks, expecting an attack",
        "Quality": "Bronze",
        "SFXTags": "",
        "StateChangeTags": "",
        "TemplateNodeUUID": "00000000-0000-0000-0000-000000000000",
        "TemplateVersion": "0",
        "VFXTags": "",
        "collapsed": "False",
        "logicalname": "Greeting",
        "position": "335;2205",
        "sourcetemplate": ""
      }
    },
    "1fb51139-ec24-380d-945f-1dcd260aab7b": {
      "JumpTarget": "c6f20781-02d9-3c56-38d3-ad89b41eaecc",
      "JumpTargetPoint": 1,
      "UUID": "1fb51139-ec24-380d-945f-1dcd260aab7b",
      "Constructor": "Jump",
      "EndNode": false,
      "Root": false,
      "ShowOnce": false,
      "SpeakerNo": 0,
      "AddressedSpeaker": 0,
      "Children": [],
      "CheckFlags": [],
      "SetFlags": [],
      "TaggedTextList": [],
      "EditorData": {
        "ID": "N579",
        "TemplateNodeUUID": "00000000-0000-0000-0000-000000000000",
        "TemplateVersion": "0",
        "collapsed": "False",
        "logicalname": "Jump",
        "position": "2575;3081",
        "sourcetemplate": ""
      }
    },
    "23adffa8-190a-4522-1861-76a293fbbea4": {
      "UUID": "23adffa8-190a-4522-1861-76a293fbbea4",
      "Constructor": "TagQuestion",
      "EndNode": false,
      "Root": false,
      "ShowOnce": true,
      "SpeakerNo": 1,
      "AddressedSpeaker": -1,
      "Children": [
        "3572fcaa-3265-afb5-77fc-721166448fc7"
      ],
      "CheckFlags": [
        {
          "Flags": [
            {
              "UUID": "e49c027c-6ec6-4158-9afb-8b59236d10fd",
              "value": true,
              "paramval": 1,
              "Name": "REALLY_GITHYANKI"
            }
          ],
          "Type": "Tag"
        }
      ],
      "SetFlags": [],
      "TaggedTextList": [
        {
          "HasTagRule": false,
          "RuleGroup": {
            "TagCombineOp": 0,
            "Rules": [],
            "RuleString": ""
          },
          "TagTexts": [
            {
              "LineId": "c64e53e9-9045-922a-7db4-87cbb3ac3200",
              "Text": {
                "Handle": "h0c90e794g9cb1g4b9dgb2f7g28b81e5b61ae",
                "Value": "If a few goblins scare you, you don't deserve to survive."
              }
            }
          ]
        }
      ],
      "EditorData": {
        "AnimationTags": "",
        "Attitude": "Default",
        "CinematicNodeContext": "",
        "CinematicObjects": "",
        "CustomCineArtKeysPresent": "False",
        "CustomLightingPresent": "False",
        "CustomSoundPresent": "False",
        "CustomVFXPresent": "False",
        "Emotion": "Default",
        "ForceDisableIsCustomNode": "False",
        "ID": "N548",
        "InternalNodeContext": "",
        "IsCustomNode": "False",
        "MusicTags": "",
        "NodeContext": "",
        "Quality": "Bronze",
        "SFXTags": "",
        "StateChangeTags": "",
        "TemplateNodeUUID": "00000000-0000-0000-0000-000000000000",
        "TemplateVersion": "0",
        "VFXTags": "",
        "collapsed": "False",
        "logicalname": "Question",
        "position": "1295;2643",
        "sourcetemplate": ""
      }
    },
    "344beedf-0d11-3eec-e407-6eda4166ec88": {
      "UUID": "344beedf-0d11-3eec-e407-6eda4166ec88",
      "Constructor": "TagAnswer",
      "EndNode": false,
      "Root": false,
      "ShowOnce": false,
      "SpeakerNo": 7,
      "AddressedSpeaker": -1,
      "Children": [
        "56cb22d5-693b-d8bf-cb0e-bc8d06d9aa2c"
      ],
      "CheckFlags": [
        {
          "Flags": [
            {
              "UUID": "46a601fb-8cb7-46ed-9856-3d4e38c53a02",
              "value": true,
              "paramval": 7,
              "Name": "ORI_Inclusion_PickedAtRandom"
            }
          ],
          "Type": "Object"
        },
        {
          "Flags": [
            {
              "UUID": "9b0354c0-56d9-4723-8034-918ac9abab19",
              "value": true,
              "paramval": 7,
              "Name": "REALLY_GALE"
            }
          ],
          "Type": "Tag"
        }
      ],
      "SetFlags": [],
      "TaggedTextList": [
        {
          "HasTagRule": false,
          "RuleGroup": {
            "TagCombineOp": 0,
            "Rules": [],
            "RuleString": ""
          },
          "TagTexts": [
            {
              "LineId": "69a2377d-8e3b-fcf7-aec4-3b6191f93be0",
              "Text": {
                "Handle": "had637d64g10aeg40d0ga638gea20f2837c32",
                "Value": "Don't worry too much. A handful of powerful spells go a long way."
              }
            }
          ]
        }
      ],
      "EditorData": {
        "AnimationTags": "",
        "Attitude": "Default",
        "CinematicNodeContext": "",
        "CinematicObjects": "",
        "CustomCineArtKeysPresent": "False",
        "CustomLightingPresent": "False",
        "CustomSoundPresent": "False",
        "CustomVFXPresent": "False",
        "Emotion": "Default",
        "ForceDisableIsCustomNode": "False",
        "ID": "N566",
        "InternalNodeContext": "",
        "IsCustomNode": "False",
        "MusicTags": "",
        "NodeContext": "",
        "Quality": "Bronze",
        "SFXTags": "",
        "StateChangeTags": "",
        "TemplateNodeUUID": "00000000-0000-0000-0000-000000000000",
        "TemplateVersion": "0",
        "VFXTags": "",
        "collapsed": "False",
        "logicalname": "INCLUSION_ORIGIN8",
        "position": "2575;5052",
        "sourcetemplate": ""
      }
    },
    "3572fcaa-3265-afb5-77fc-721166448fc7": {
      "UUID": "3572fcaa-3265-afb5-77fc-721166448fc7",
      "Constructor": "TagAnswer",
      "EndNode": false,
      "Root": false,
      "ShowOnce": false,
      "SpeakerNo": 0,
      "AddressedSpeaker": -1,
      "Children": [
        "9c3877cc-fe40-5cdf-9ec2-37425dfbac47"
      ],
      "CheckFlags": [],
      "SetFlags": [],
      "TaggedTextList": [
        {
          "HasTagRule": false,
          "RuleGroup": {
            "TagCombineOp": 0,
            "Rules": [],
            "RuleString": ""
          },
          "TagTexts": [
            {
              "LineId": "d126746a-5af4-9a4f-8db2-a2ce9e7f51cb",
              "Text": {
                "Handle": "h1659ff52gbc72g41f8gafd5g6f6627e2ef2a",
                "Value": "A <i>few</i> goblins? Felt like a lot more to me."
              }
            }
          ]
        }
      ],
      "EditorData": {
        "AnimationTags": "",
        "Attitude": "Default",
        "CinematicNodeContext": "",
        "CinematicObjects": "",
        "CustomCineArtKeysPresent": "False",
        "CustomLightingPresent": "False",
        "CustomSoundPresent": "False",
        "CustomVFXPresent": "False",
        "Emotion": "Default",
        "ForceDisableIsCustomNode": "False",
        "ID": "N549",
        "InternalNodeContext": "",
        "IsCustomNode": "False",
        "MusicTags": "",
        "NodeContext": "with a shudder of fear",
        "Quality": "Bronze",
        "SFXTags": "",
        "StateChangeTags": "",
        "TemplateNodeUUID": "00000000-0000-0000-0000-000000000000",
        "TemplateVersion": "0",
        "VFXTags": "",
        "collapsed": "False",
        "logicalname": "Answer",
        "position": "1615;2424",
        "sourcetemplate": ""
      }
    },
    "408bd02e-26e6-19ec-b808-7fc05d6f02bc": {
      "UUID": "408bd02e-26e6-19ec-b808-7fc05d6f02bc",
      "Constructor": "TagAnswer",
      "EndNode": true,
      "Root": false,
      "ShowOnce": false,
      "SpeakerNo": 6,
      "AddressedSpeaker": -1,
      "Children": [],
      "CheckFlags": [
        {
          "Flags": [
            {
              "UUID": "5f40def5-d3ec-4698-a367-01a339888956",
              "value": true,
              "paramval": 6,
              "Name": "REALLY_WYLL"
            }
          ],
          "Type": "Tag"
        }
      ],
      "SetFlags": [],
      "TaggedTextList": [
        {
          "HasTagRule": false,
          "RuleGroup": {
            "TagCombineOp": 0,
            "Rules": [],
            "RuleString": ""
          },
          "TagTexts": [
            {
              "LineId": "f930da40-1ada-7c20-b64d-e845157ca6f9",
              "Text": {
                "Handle": "h66a313cegc0f0g4809g9fb2gdff22db295d2",
                "Value": "'Digging their graves'? Why not pass out daggers to stick themselves with, while you're at it?"
              }
            }
          ]
        }
      ],
      "EditorData": {
        "AnimationTags": "",
        "Attitude": "Default",
        "CinematicNodeContext": "",
        "CinematicObjects": "",
        "CustomCineArtKeysPresent": "False",
        "CustomLightingPresent": "False",
        "CustomSoundPresent": "False",
        "CustomVFXPresent": "False",
        "Emotion": "Default",
        "ForceDisableIsCustomNode": "False",
        "ID": "N544",
        "InternalNodeContext": "",
        "IsCustomNode": "False",
        "MusicTags": "",
        "NodeContext": "",
        "Quality": "Bronze",
        "SFXTags": "",
        "StateChangeTags": "",
        "TemplateNodeUUID": "00000000-0000-0000-0000-000000000000",
        "TemplateVersion": "0",
        "VFXTags": "",
        "collapsed": "False",
        "logicalname": "INCLUSION LINE",
        "position": "2895;3300",
        "sourcetemplate": ""
      }
    },
    "4ca8ffe5-03c5-15dc-922c-0f67e3dc0f45": {
      "UUID": "4ca8ffe5-03c5-15dc-922c-0f67e3dc0f45",
      "Constructor": "TagQuestion",
      "EndNode": false,
      "Root": false,
      "ShowOnce": true,
      "SpeakerNo": 1,
      "AddressedSpeaker": -1,
      "Children": [
        "11262dee-a992-1439-2fa0-1e098720fe21"
      ],
      "CheckFlags": [],
      "SetFlags": [],
      "TaggedTextList": [
        {
          "HasTagRule": false,
          "RuleGroup": {
            "TagCombineOp": 0,
            "Rules": [],
            "RuleString": ""
          },
          "TagTexts": [
            {
              "LineId": "3e894968-87c8-e2ab-6d0b-c5e054c1b5ea",
              "Text": {
                "Handle": "h7a73a9cbged53g4a8cg9906gbb9eb186b9ec",
                "Value": "You could try praying."
              }
            }
          ]
        }
      ],
      "EditorData": {
        "AnimationTags": "",
        "Attitude": "Default",
        "CinematicNodeContext": "",
        "CinematicObjects": "",
        "CustomCineArtKeysPresent": "False",
        "CustomLightingPresent": "False",
        "CustomSoundPresent": "False",
        "CustomVFXPresent": "False",
        "Emotion": "Default",
        "ForceDisableIsCustomNode": "False",
        "ID": "N491",
        "InternalNodeContext": "",
        "IsCustomNode": "False",
        "MusicTags": "",
        "NodeContext": "",
        "Quality": "Bronze",
        "SFXTags": "",
        "StateChangeTags": "",
        "TemplateNodeUUID": "00000000-0000-0000-0000-000000000000",
        "TemplateVersion": "0",
        "VFXTags": "",
        "collapsed": "False",
        "logicalname": "Question",
        "position": "1935;3081",
        "sourcetemplate": ""
      }
    },
    "56cb22d5-693b-d8bf-cb0e-bc8d06d9aa2c": {
      "UUID": "56cb22d5-693b-d8bf-cb0e-bc8d06d9aa2c",
      "Constructor": "TagAnswer",
      "EndNode": true,
      "Root": false,
      "ShowOnce": false,
      "SpeakerNo": 1,
      "AddressedSpeaker": -1,
      "Children": [],
      "CheckFlags": [],
      "SetFlags": [
        {
          "Flags": [
            {
              "UUID": "b5261e06-a89e-0ec8-bab9-2329ff72b6d1",
              "value": true,
              "paramval": 1,
              "Name": "ORI_Inclusion_End_Random"
            }
          ],
          "Type": "Object"
        }
      ],
      "TaggedTextList": [],
      "EditorData": {
        "AnimationTags": "",
        "Attitude": "Default",
        "CinematicNodeContext": "",
        "CinematicObjects": "",
        "CustomCineArtKeysPresent": "False",
        "CustomLightingPresent": "False",
        "CustomSoundPresent": "False",
        "CustomVFXPresent": "False",
        "Emotion": "Default",
        "ForceDisableIsCustomNode": "False",
        "ID": "N572",
        "InternalNodeContext": "",
        "IsCustomNode": "False",
        "MusicTags": "",
        "NodeContext": "",
        "Quality": "Bronze",
        "SFXTags": "",
        "StateChangeTags": "",
        "TemplateNodeUUID": "00000000-0000-0000-0000-000000000000",
        "TemplateVersion": "0",
        "VFXTags": "",
        "collapsed": "False",
        "logicalname": "LOGIC NODE",
        "position": "3215;3957",
        "sourcetemplate": ""
      }
    },
    "5e09f2db-8d7e-52e4-12a4-a09e2b6f7eb0": {
      "UUID": "5e09f2db-8d7e-52e4-12a4-a09e2b6f7eb0",
      "Constructor": "TagAnswer",
      "EndNode": false,
      "Root": false,
      "ShowOnce": false,
      "SpeakerNo": 0,
      "AddressedSpeaker": -1,
      "Children": [
        "0f91c392-26f7-b346-4231-e5b3050667dd"
      ],
      "CheckFlags": [],
      "SetFlags": [],
      "TaggedTextList": [
        {
          "HasTagRule": false,
          "RuleGroup": {
            "TagCombineOp": 0,
            "Rules": [],
            "RuleString": ""
          },
          "TagTexts": [
            {
              "LineId": "e723ef04-93df-f662-8da1-ec33c1ff1f33",
              "Text": {
                "Handle": "ha9dac456g650dg48e2g94e5g6c42f607a721",
                "Value": "We need an army, not a hunter. There could be hundreds of them out there."
              }
            }
          ]
        }
      ],
      "EditorData": {
        "AnimationTags": "",
        "Attitude": "Default",
        "CinematicNodeContext": "",
        "CinematicObjects": "",
        "CustomCineArtKeysPresent": "False",
        "CustomLightingPresent": "False",
        "CustomSoundPresent": "False",
        "CustomVFXPresent": "False",
        "Emotion": "Default",
        "ForceDisableIsCustomNode": "False",
        "ID": "N532",
        "InternalNodeContext": "",
        "IsCustomNode": "False",
        "MusicTags": "",
        "NodeContext": "",
        "Quality": "Bronze",
        "SFXTags": "",
        "StateChangeTags": "",
        "TemplateNodeUUID": "00000000-0000-0000-0000-000000000000",
        "TemplateVersion": "0",
        "VFXTags": "",
        "collapsed": "False",
        "logicalname": "Answer",
        "position": "1615;3957",
        "sourcetemplate": ""
      }
    },
    "5e46ad07-e949-2333-1e1c-d1728dd62e3c": {
      "UUID": "5e46ad07-e949-2333-1e1c-d1728dd62e3c",
      "Constructor": "TagAnswer",
      "EndNode": false,
      "Root": false,
      "ShowOnce": false,
      "SpeakerNo": 0,
      "AddressedSpeaker": -1,
      "Children": [
        "c6f20781-02d9-3c56-38d3-ad89b41eaecc"
      ],
      "CheckFlags": [],
      "SetFlags": [],
      "TaggedTextList": [
        {
          "HasTagRule": false,
          "RuleGroup": {
            "TagCombineOp": 0,
            "Rules": [],
            "RuleString": ""
          },
          "TagTexts": [
            {
              "LineId": "2ed9094f-eba8-ac08-ccb8-82c12f5cb935",
              "Text": {
                "Handle": "hbb455794g3437g45beg8f18g896f2108678e",
                "Value": "Maybe - but we're not fighters. If they broke through, it'd be a massacre. "
              }
            }
          ]
        }
      ],
      "EditorData": {
        "AnimationTags": "",
        "Attitude": "Neutral",
        "CinematicNodeContext": "",
        "CinematicObjects": "",
        "CustomCineArtKeysPresent": "False",
        "CustomLightingPresent": "False",
        "CustomSoundPresent": "False",
        "CustomVFXPresent": "False",
        "Emotion": "Determination",
        "ForceDisableIsCustomNode": "False",
        "ID": "N432",
        "InternalNodeContext": "",
        "IsCustomNode": "False",
        "MusicTags": "",
        "NodeContext": "slightly reassured but still anxious",
        "Quality": "Bronze",
        "SFXTags": "",
        "StateChangeTags": "",
        "TemplateNodeUUID": "00000000-0000-0000-0000-000000000000",
        "TemplateVersion": "0",
        "VFXTags": "",
        "collapsed": "False",
        "logicalname": "Answer",
        "position": "1615;1986",
        "sourcetemplate": ""
      }
    },
    "5f5df02d-122e-bdc4-57ae-6f1f74b050b9": {
      "UUID": "5f5df02d-122e-bdc4-57ae-6f1f74b050b9",
      "Constructor": "TagQuestion",
      "EndNode": false,
      "Root": false,
      "ShowOnce": true,
      "SpeakerNo": 1,
      "AddressedSpeaker": -1,
      "Children": [
        "3572fcaa-3265-afb5-77fc-721166448fc7"
      ],
      "CheckFlags": [
        {
          "Flags": [
            {
              "UUID": "e49c027c-6ec6-4158-9afb-8b59236d10fd",
              "value": false,
              "paramval": 1,
              "Name": "REALLY_GITHYANKI"
            }
          ],
          "Type": "Tag"
        }
      ],
      "SetFlags": [],
      "TaggedTextList": [
        {
          "HasTagRule": false,
          "RuleGroup": {
            "TagCombineOp": 0,
            "Rules": [],
            "RuleString": ""
          },
          "TagTexts": [
            {
              "LineId": "285dc04e-8d24-697d-6d7e-7c8810cb7aef",
              "Text": {
                "Handle": "h3a707d88gf1b2g4be8g9715g50af1555a9eb",
                "Value": "You're scared of a few goblins? Pathetic."
              }
            }
          ]
        }
      ],
      "EditorData": {
        "AnimationTags": "",
        "Attitude": "Default",
        "CinematicNodeContext": "",
        "CinematicObjects": "",
        "CustomCineArtKeysPresent": "False",
        "CustomLightingPresent": "False",
        "CustomSoundPresent": "False",
        "CustomVFXPresent": "False",
        "Emotion": "Default",
        "ForceDisableIsCustomNode": "False",
        "ID": "N547",
        "InternalNodeContext": "",
        "IsCustomNode": "False",
        "MusicTags": "",
        "NodeContext": "",
        "Quality": "Bronze",
        "SFXTags": "",
        "StateChangeTags": "",
        "TemplateNodeUUID": "00000000-0000-0000-0000-000000000000",
        "TemplateVersion": "0",
        "VFXTags": "",
        "collapsed": "False",
        "logicalname": "Question",
        "position": "1295;2424",
        "sourcetemplate": ""
      }
    },
    "6a6731bd-3562-ad10-2901-a9f8fcc2a5c8": {
      "UUID": "6a6731bd-3562-ad10-2901-a9f8fcc2a5c8",
      "Constructor": "TagQuestion",
      "EndNode": false,
      "Root": false,
      "ShowOnce": true,
      "SpeakerNo": 1,
      "AddressedSpeaker": -1,
      "Children": [
        "038e9540-594e-b31f-42e2-ccf040a67570"
      ],
      "CheckFlags": [],
      "SetFlags": [],
      "TaggedTextList": [
        {
          "HasTagRule": false,
          "RuleGroup": {
            "TagCombineOp": 0,
            "Rules": [],
            "RuleString": ""
          },
          "TagTexts": [
            {
              "LineId": "fad418fd-57a9-15a1-4c6c-b48bcd40c192",
              "Text": {
                "Handle": "h710a8899g27dcg4c00gbaf9g4084a4a12a4a",
                "Value": "Tactics are more important than training."
              }
            }
          ]
        }
      ],
      "EditorData": {
        "AnimationTags": "",
        "Attitude": "Default",
        "CinematicNodeContext": "",
        "CinematicObjects": "",
        "CustomCineArtKeysPresent": "False",
        "CustomLightingPresent": "False",
        "CustomSoundPresent": "False",
        "CustomVFXPresent": "False",
        "Emotion": "Default",
        "ForceDisableIsCustomNode": "False",
        "ID": "N490",
        "InternalNodeContext": "",
        "IsCustomNode": "False",
        "MusicTags": "",
        "NodeContext": "",
        "Quality": "Bronze",
        "SFXTags": "",
        "StateChangeTags": "",
        "TemplateNodeUUID": "00000000-0000-0000-0000-000000000000",
        "TemplateVersion": "0",
        "VFXTags": "",
        "collapsed": "False",
        "logicalname": "Question",
        "position": "1935;2862",
        "sourcetemplate": ""
      }
    },
    "6c85a26d-bd92-15f3-424f-ddab136d1bfa": {
      "UUID": "6c85a26d-bd92-15f3-424f-ddab136d1bfa",
      "Constructor": "TagAnswer",
      "EndNode": false,
      "Root": false,
      "ShowOnce": false,
      "SpeakerNo": 5,
      "AddressedSpeaker": -1,
      "Children": [
        "56cb22d5-693b-d8bf-cb0e-bc8d06d9aa2c"
      ],
      "CheckFlags": [
        {
          "Flags": [
            {
              "UUID": "46a601fb-8cb7-46ed-9856-3d4e38c53a02",
              "value": true,
              "paramval": 5,
              "Name": "ORI_Inclusion_PickedAtRandom"
            }
          ],
          "Type": "Object"
        },
        {
          "Flags": [
            {
              "UUID": "ffd08582-7396-4cac-bcd4-8f9cd0fd8ef3",
              "value": true,
              "paramval": 5,
              "Name": "REALLY_ASTARION"
            }
          ],
          "Type": "Tag"
        }
      ],
      "SetFlags": [],
      "TaggedTextList": [
        {
          "HasTagRule": false,
          "RuleGroup": {
            "TagCombineOp": 0,
            "Rules": [],
            "RuleString": ""
          },
          "TagTexts": [
            {
              "LineId": "70e82de5-162e-996e-72d2-994dc93447fe",
              "Text": {
                "Handle": "hb6e4f11egbfe1g4eedgb8b3gd0ad4de2ad42",
                "Value": "Hundreds? Urgh, it'll take <i>hours</i> to kill them all. She's right, we should just go."
              }
            }
          ]
        }
      ],
      "EditorData": {
        "AnimationTags": "",
        "Attitude": "Default",
        "CinematicNodeContext": "",
        "CinematicObjects": "",
        "CustomCineArtKeysPresent": "False",
        "CustomLightingPresent": "False",
        "CustomSoundPresent": "False",
        "CustomVFXPresent": "False",
        "Emotion": "Default",
        "ForceDisableIsCustomNode": "False",
        "ID": "N573",
        "InternalNodeContext": "",
        "IsCustomNode": "False",
        "MusicTags": "",
        "NodeContext": "",
        "Quality": "Bronze",
        "SFXTags": "",
        "StateChangeTags": "",
        "TemplateNodeUUID": "00000000-0000-0000-0000-000000000000",
        "TemplateVersion": "0",
        "VFXTags": "",
        "collapsed": "False",
        "logicalname": "INCLUSION_ASTERION",
        "position": "2575;4614",
        "sourcetemplate": ""
      }
    },
    "755bf5d6-05a2-9e96-144c-1a28b5dd874c": {
      "UUID": "755bf5d6-05a2-9e96-144c-1a28b5dd874c",
      "Constructor": "TagAnswer",
      "EndNode": false,
      "Root": false,
      "ShowOnce": false,
      "SpeakerNo": 6,
      "AddressedSpeaker": -1,
      "Children": [
        "56cb22d5-693b-d8bf-cb0e-bc8d06d9aa2c"
      ],
      "CheckFlags": [
        {
          "Flags": [
            {
              "UUID": "46a601fb-8cb7-46ed-9856-3d4e38c53a02",
              "value": true,
              "paramval": 6,
              "Name": "ORI_Inclusion_PickedAtRandom"
            }
          ],
          "Type": "Object"
        },
        {
          "Flags": [
            {
              "UUID": "5f40def5-d3ec-4698-a367-01a339888956",
              "value": true,
              "paramval": 6,
              "Name": "REALLY_WYLL"
            }
          ],
          "Type": "Tag"
        }
      ],
      "SetFlags": [],
      "TaggedTextList": [
        {
          "HasTagRule": false,
          "RuleGroup": {
            "TagCombineOp": 0,
            "Rules": [],
            "RuleString": ""
          },
          "TagTexts": [
            {
              "LineId": "1fddcd42-0488-d638-32fc-801e6ade145a",
              "Text": {
                "Handle": "h203655f3g4f6bg4e30g936cg9d9f98308df9",
                "Value": "I've carved up goblins from here to inner Chult. We will overcome, whatever the odds."
              }
            }
          ]
        }
      ],
      "EditorData": {
        "AnimationTags": "",
        "Attitude": "Default",
        "CinematicNodeContext": "",
        "CinematicObjects": "",
        "CustomCineArtKeysPresent": "False",
        "CustomLightingPresent": "False",
        "CustomSoundPresent": "False",
        "CustomVFXPresent": "False",
        "Emotion": "Default",
        "ForceDisableIsCustomNode": "False",
        "ID": "N569",
        "InternalNodeContext": "",
        "IsCustomNode": "False",
        "MusicTags": "",
        "NodeContext": "",
        "Quality": "Bronze",
        "SFXTags": "",
        "StateChangeTags": "",
        "TemplateNodeUUID": "00000000-0000-0000-0000-000000000000",
        "TemplateVersion": "0",
        "VFXTags": "",
        "collapsed": "False",
        "logicalname": "INCLUSION_WYLL",
        "position": "2575;4833",
        "sourcetemplate": ""
      }
    },
    "895526ee-99e7-f853-d2de-5e294bbf4cb5": {
      "UUID": "895526ee-99e7-f853-d2de-5e294bbf4cb5",
      "Constructor": "TagAnswer",
      "EndNode": false,
      "Root": false,
      "ShowOnce": false,
      "SpeakerNo": 4,
      "AddressedSpeaker": -1,
      "Children": [
        "56cb22d5-693b-d8bf-cb0e-bc8d06d9aa2c"
      ],
      "CheckFlags": [
        {
          "Flags": [
            {
              "UUID": "46a601fb-8cb7-46ed-9856-3d4e38c53a02",
              "value": true,
              "paramval": 4,
              "Name": "ORI_Inclusion_PickedAtRandom"
            }
          ],
          "Type": "Object"
        },
        {
          "Flags": [
            {
              "UUID": "1a2f70d6-8ead-4eb5-a824-79ee1971764a",
              "value": true,
              "paramval": 4,
              "Name": "REALLY_KARLACH"
            }
          ],
          "Type": "Tag"
        }
      ],
      "SetFlags": [],
      "TaggedTextList": [
        {
          "HasTagRule": false,
          "RuleGroup": {
            "TagCombineOp": 0,
            "Rules": [],
            "RuleString": ""
          },
          "TagTexts": [
            {
              "LineId": "37c891e4-3193-f378-ea39-6648cad1f5f2",
              "Text": {
                "Handle": "haf73f0b6gd57ag47f5g9e61gdc49a789c46e",
                "Value": "I've torn demons apart with my bare hands. Goblins won't be a problem."
              }
            }
          ]
        }
      ],
      "EditorData": {
        "AnimationTags": "",
        "Attitude": "Default",
        "CinematicNodeContext": "",
        "CinematicObjects": "",
        "CustomCineArtKeysPresent": "False",
        "CustomLightingPresent": "False",
        "CustomSoundPresent": "False",
        "CustomVFXPresent": "False",
        "Emotion": "Default",
        "ForceDisableIsCustomNode": "False",
        "ID": "N567",
        "InternalNodeContext": "",
        "IsCustomNode": "False",
        "MusicTags": "",
        "NodeContext": "",
        "Quality": "Bronze",
        "SFXTags": "",
        "StateChangeTags": "",
        "TemplateNodeUUID": "00000000-0000-0000-0000-000000000000",
        "TemplateVersion": "0",
        "VFXTags": "",
        "collapsed": "False",
        "logicalname": "INCLUSION_KARLACH",
        "position": "2575;4395",
        "sourcetemplate": ""
      }
    },
    "8e545abe-e611-1e12-431b-ea3a153928be": {
      "UUID": "8e545abe-e611-1e12-431b-ea3a153928be",
      "Constructor": "TagAnswer",
      "EndNode": false,
      "Root": false,
      "ShowOnce": false,
      "SpeakerNo": 0,
      "AddressedSpeaker": -1,
      "Children": [
        "6a6731bd-3562-ad10-2901-a9f8fcc2a5c8",
        "4ca8ffe5-03c5-15dc-922c-0f67e3dc0f45",
        "b371dfbf-a8bb-b09d-93c7-a7254db487f9"
      ],
      "CheckFlags": [],
      "SetFlags": [],
      "TaggedTextList": [
        {
          "HasTagRule": false,
          "RuleGroup": {
            "TagCombineOp": 0,
            "Rules": [],
            "RuleString": ""
          },
          "TagTexts": [
            {
              "LineId": "22fba605-2ccd-0066-16c2-083a3325f38d",
              "Text": {
                "Handle": "h573e20efg673fg490cga8f6g2d09c192202e",
                "Value": "You think? That's something at least. We're not trained fighters though..."
              }
            }
          ]
        }
      ],
      "EditorData": {
        "AnimationTags": "",
        "Attitude": "Default",
        "CinematicNodeContext": "",
        "CinematicObjects": "",
        "CustomCineArtKeysPresent": "False",
        "CustomLightingPresent": "False",
        "CustomSoundPresent": "False",
        "CustomVFXPresent": "False",
        "Emotion": "Determination",
        "ForceDisableIsCustomNode": "False",
        "ID": "N489",
        "InternalNodeContext": "",
        "IsCustomNode": "False",
        "MusicTags": "",
        "NodeContext": "reassured but still nervous",
        "Quality": "Bronze",
        "SFXTags": "",
        "StateChangeTags": "",
        "TemplateNodeUUID": "00000000-0000-0000-0000-000000000000",
        "TemplateVersion": "0",
        "VFXTags": "",
        "collapsed": "False",
        "logicalname": "Answer",
        "position": "1615;3081",
        "sourcetemplate": ""
      }
    },
    "8f6f5b40-606b-16f8-1701-77cecb5585fa": {
      "UUID": "8f6f5b40-606b-16f8-1701-77cecb5585fa",
      "Constructor": "TagGreeting",
      "EndNode": true,
      "Root": true,
      "ShowOnce": false,
      "SpeakerNo": 0,
      "AddressedSpeaker": -1,
      "Children": [],
      "CheckFlags": [
        {
          "Flags": [
            {
              "UUID": "bd97b05c-41dc-61d7-9fd0-e36d315b0af3",
              "value": true,
              "paramval": 1,
              "Name": "DEN_CampGeneral_Gatekeeper_PCPissedHerOff"
            },
            {
              "UUID": "fc9c5892-3790-93f3-eed8-9ab7dd981cc4",
              "value": true,
              "paramval": 1,
              "Name": "DEN_CampGeneral_HasMet_Gatekeeper"
            }
          ],
          "Type": "Dialog"
        }
      ],
      "SetFlags": [],
      "TaggedTextList": [
        {
          "HasTagRule": false,
          "RuleGroup": {
            "TagCombineOp": 0,
            "Rules": [],
            "RuleString": ""
          },
          "TagTexts": [
            {
              "LineId": "95070e2e-0a8f-fc51-9784-d57105606ce4",
              "Text": {
                "Handle": "h6c2714e9g5f09g4175ga848g01f94c2b263d",
                "Value": "Still here? Thought you'd have abandoned us by now."
              }
            }
          ]
        }
      ],
      "EditorData": {
        "AnimationTags": "",
        "Attitude": "Default",
        "CinematicNodeContext": "",
        "CinematicObjects": "",
        "CustomCineArtKeysPresent": "False",
        "CustomLightingPresent": "False",
        "CustomSoundPresent": "False",
        "CustomVFXPresent": "False",
        "Emotion": "Default",
        "ForceDisableIsCustomNode": "False",
        "ID": "N552",
        "InternalNodeContext": "",
        "IsCustomNode": "False",
        "MusicTags": "",
        "NodeContext": "scornful but still nervous",
        "Quality": "Bronze",
        "SFXTags": "",
        "StateChangeTags": "",
        "TemplateNodeUUID": "00000000-0000-0000-0000-000000000000",
        "TemplateVersion": "0",
        "VFXTags": "",
        "collapsed": "False",
        "logicalname": "Greeting",
        "position": "335;2424",
        "sourcetemplate": ""
      }
    },
    "920e5812-a615-d826-2124-66886f11d680": {
      "UUID": "920e5812-a615-d826-2124-66886f11d680",
      "Constructor": "TagAnswer",
      "EndNode": false,
      "Root": false,
      "ShowOnce": false,
      "SpeakerNo": 3,
      "AddressedSpeaker": -1,
      "Children": [
        "56cb22d5-693b-d8bf-cb0e-bc8d06d9aa2c"
      ],
      "CheckFlags": [
        {
          "Flags": [
            {
              "UUID": "46a601fb-8cb7-46ed-9856-3d4e38c53a02",
              "value": true,
              "paramval": 3,
              "Name": "ORI_Inclusion_PickedAtRandom"
            }
          ],
          "Type": "Object"
        },
        {
          "Flags": [
            {
              "UUID": "642d2aee-e3df-47e3-9f47-bbcd441bb9e0",
              "value": true,
              "paramval": 3,
              "Name": "REALLY_SHADOWHEART"
            }
          ],
          "Type": "Tag"
        }
      ],
      "SetFlags": [],
      "TaggedTextList": [
        {
          "HasTagRule": false,
          "RuleGroup": {
            "TagCombineOp": 0,
            "Rules": [],
            "RuleString": ""
          },
          "TagTexts": [
            {
              "LineId": "dd496657-0bc5-cdac-e426-f187ecf6b155",
              "Text": {
                "Handle": "hb22baa2dg9541g4d7ag969agfbfa3e7b58d8",
                "Value": "There could be <i>thousands</i>. But they'd lose their nerve if we found the right weak spot."
              }
            }
          ]
        }
      ],
      "EditorData": {
        "AnimationTags": "",
        "Attitude": "Default",
        "CinematicNodeContext": "",
        "CinematicObjects": "",
        "CustomCineArtKeysPresent": "False",
        "CustomLightingPresent": "False",
        "CustomSoundPresent": "False",
        "CustomVFXPresent": "False",
        "Emotion": "Default",
        "ForceDisableIsCustomNode": "False",
        "ID": "N574",
        "InternalNodeContext": "",
        "IsCustomNode": "False",
        "MusicTags": "",
        "NodeContext": "",
        "Quality": "Bronze",
        "SFXTags": "",
        "StateChangeTags": "",
        "TemplateNodeUUID": "00000000-0000-0000-0000-000000000000",
        "TemplateVersion": "0",
        "VFXTags": "",
        "collapsed": "False",
        "logicalname": "INCLUSION_SHADOWHEART",
        "position": "2575;4176",
        "sourcetemplate": ""
      }
    },
    "9c3877cc-fe40-5cdf-9ec2-37425dfbac47": {
      "UUID": "9c3877cc-fe40-5cdf-9ec2-37425dfbac47",
      "Constructor": "TagAnswer",
      "EndNode": true,
      "Root": false,
      "ShowOnce": false,
      "SpeakerNo": 0,
      "AddressedSpeaker": -1,
      "Children": [],
      "CheckFlags": [],
      "SetFlags": [
        {
          "Flags": [
            {
              "UUID": "bd97b05c-41dc-61d7-9fd0-e36d315b0af3",
              "value": true,
              "paramval": 1,
              "Name": "DEN_CampGeneral_Gatekeeper_PCPissedHerOff"
            }
          ],
          "Type": "Dialog"
        }
      ],
      "TaggedTextList": [
        {
          "HasTagRule": false,
          "RuleGroup": {
            "TagCombineOp": 0,
            "Rules": [],
            "RuleString": ""
          },
          "TagTexts": [
            {
              "LineId": "69925d5e-f9d3-1087-1928-63e05e96a7cf",
              "Text": {
                "Handle": "h8df34ccbgd976g4fe2ga471gd14c7c45cea6",
                "Value": "So, yes. I'm scared. And I'm not ashamed of that."
              }
            }
          ]
        }
      ],
      "EditorData": {
        "AnimationTags": "",
        "Attitude": "Default",
        "CinematicNodeContext": "",
        "CinematicObjects": "",
        "CustomCineArtKeysPresent": "False",
        "CustomLightingPresent": "False",
        "CustomSoundPresent": "False",
        "CustomVFXPresent": "False",
        "Emotion": "Default",
        "ForceDisableIsCustomNode": "False",
        "ID": "N551",
        "InternalNodeContext": "",
        "IsCustomNode": "False",
        "MusicTags": "",
        "NodeContext": "defiant",
        "Quality": "Bronze",
        "SFXTags": "",
        "StateChangeTags": "",
        "TemplateNodeUUID": "00000000-0000-0000-0000-000000000000",
        "TemplateVersion": "0",
        "VFXTags": "",
        "collapsed": "False",
        "logicalname": "Answer",
        "position": "1935;2424",
        "sourcetemplate": ""
      }
    },
    "9d3a45e9-e9cb-993d-86c5-c0f5a4ca26a4": {
      "UUID": "9d3a45e9-e9cb-993d-86c5-c0f5a4ca26a4",
      "Constructor": "TagAnswer",
      "EndNode": false,
      "Root": false,
      "ShowOnce": false,
      "SpeakerNo": 0,
      "AddressedSpeaker": -1,
      "Children": [
        "408bd02e-26e6-19ec-b808-7fc05d6f02bc"
      ],
      "CheckFlags": [
        {
          "Flags": [
            {
              "UUID": "5f40def5-d3ec-4698-a367-01a339888956",
              "value": true,
              "paramval": 6,
              "Name": "REALLY_WYLL"
            }
          ],
          "Type": "Tag"
        }
      ],
      "SetFlags": [],
      "TaggedTextList": [
        {
          "HasTagRule": false,
          "RuleGroup": {
            "TagCombineOp": 0,
            "Rules": [],
            "RuleString": ""
          },
          "TagTexts": [
            {
              "LineId": "fca04fbf-38c0-b93b-724b-e2d575e55468",
              "Text": {
                "Handle": "h6de0932eg422fg4ff4g893agf6306bd9a1f3",
                "Value": "Cold bastard."
              }
            }
          ]
        }
      ],
      "EditorData": {
        "AnimationTags": "",
        "Attitude": "Default",
        "CinematicNodeContext": "",
        "CinematicObjects": "",
        "CustomCineArtKeysPresent": "False",
        "CustomLightingPresent": "False",
        "CustomSoundPresent": "False",
        "CustomVFXPresent": "False",
        "Emotion": "Fear",
        "ForceDisableIsCustomNode": "False",
        "ID": "N540",
        "InternalNodeContext": "",
        "IsCustomNode": "False",
        "MusicTags": "",
        "NodeContext": "not mocking the player or meaning to put them down (they just told her they were hunters) but not convinced they can help",
        "Quality": "Bronze",
        "SFXTags": "",
        "StateChangeTags": "",
        "TemplateNodeUUID": "00000000-0000-0000-0000-000000000000",
        "TemplateVersion": "0",
        "VFXTags": "",
        "collapsed": "False",
        "logicalname": "Answer",
        "position": "2575;3300",
        "sourcetemplate": ""
      }
    },
    "9f2105a2-1f77-9796-b863-96ea13eb3282": {
      "UUID": "9f2105a2-1f77-9796-b863-96ea13eb3282",
      "Constructor": "TagQuestion",
      "EndNode": false,
      "Root": false,
      "ShowOnce": true,
      "SpeakerNo": 1,
      "AddressedSpeaker": -1,
      "Children": [
        "df11a11b-382a-23e2-8127-710be8b30be8"
      ],
      "CheckFlags": [],
      "SetFlags": [],
      "TaggedTextList": [
        {
          "HasTagRule": false,
          "RuleGroup": {
            "TagCombineOp": 0,
            "Rules": [],
            "RuleString": ""
          },
          "TagTexts": [
            {
              "LineId": "e2563c51-6133-bd70-854f-422b4fe410a3",
              "Text": {
                "Handle": "h85f6d100g8b59g4183g8927g47ccb5e42764",
                "Value": "Why not take your chances on the road?"
              }
            }
          ]
        }
      ],
      "EditorData": {
        "AnimationTags": "",
        "Attitude": "Neutral",
        "CinematicNodeContext": "",
        "CinematicObjects": "",
        "CustomCineArtKeysPresent": "False",
        "CustomLightingPresent": "False",
        "CustomSoundPresent": "False",
        "CustomVFXPresent": "False",
        "Emotion": "Default",
        "ForceDisableIsCustomNode": "False",
        "ID": "N429",
        "InternalNodeContext": "",
        "IsCustomNode": "False",
        "MusicTags": "",
        "NodeContext": "",
        "Quality": "Bronze",
        "SFXTags": "",
        "StateChangeTags": "",
        "TemplateNodeUUID": "00000000-0000-0000-0000-000000000000",
        "TemplateVersion": "0",
        "VFXTags": "",
        "collapsed": "False",
        "logicalname": "Question",
        "position": "1295;2205",
        "sourcetemplate": ""
      }
    },
    "a39a8dc1-cc1e-cb1a-b99d-9ecd32744081": {
      "UUID": "a39a8dc1-cc1e-cb1a-b99d-9ecd32744081",
      "Constructor": "TagQuestion",
      "EndNode": true,
      "Root": false,
      "ShowOnce": true,
      "SpeakerNo": 1,
      "AddressedSpeaker": -1,
      "Children": [],
      "CheckFlags": [],
      "SetFlags": [],
      "TaggedTextList": [
        {
          "HasTagRule": false,
          "RuleGroup": {
            "TagCombineOp": 0,
            "Rules": [],
            "RuleString": ""
          },
          "TagTexts": [
            {
              "LineId": "d4ae968a-fb23-be0d-8cc6-0a23ebd299c4",
              "Text": {
                "Handle": "hba1db855g35fdg4115g917dge0a92b48e201",
                "Value": "<i>Leave.</i>"
              }
            }
          ]
        }
      ],
      "EditorData": {
        "AnimationTags": "",
        "Attitude": "Default",
        "CinematicNodeContext": "",
        "CinematicObjects": "",
        "CustomCineArtKeysPresent": "False",
        "CustomLightingPresent": "False",
        "CustomSoundPresent": "False",
        "CustomVFXPresent": "False",
        "Emotion": "Default",
        "ForceDisableIsCustomNode": "False",
        "ID": "N476",
        "InternalNodeContext": "",
        "IsCustomNode": "False",
        "MusicTags": "",
        "NodeContext": "",
        "Quality": "Bronze",
        "SFXTags": "",
        "StateChangeTags": "",
        "TemplateNodeUUID": "00000000-0000-0000-0000-000000000000",
        "TemplateVersion": "0",
        "VFXTags": "",
        "collapsed": "False",
        "logicalname": "Question",
        "position": "1295;4176",
        "sourcetemplate": ""
      }
    },
    "a5b71e83-3975-725d-22cd-16676dcf0aaf": {
      "UUID": "a5b71e83-3975-725d-22cd-16676dcf0aaf",
      "Constructor": "TagGreeting",
      "EndNode": true,
      "Root": true,
      "ShowOnce": false,
      "SpeakerNo": 0,
      "AddressedSpeaker": -1,
      "Children": [],
      "CheckFlags": [
        {
          "Flags": [
            {
              "UUID": "fc9c5892-3790-93f3-eed8-9ab7dd981cc4",
              "value": true,
              "paramval": 1,
              "Name": "DEN_CampGeneral_HasMet_Gatekeeper"
            }
          ],
          "Type": "Dialog"
        }
      ],
      "SetFlags": [],
      "TaggedTextList": [
        {
          "HasTagRule": false,
          "RuleGroup": {
            "TagCombineOp": 0,
            "Rules": [],
            "RuleString": ""
          },
          "TagTexts": [
            {
              "LineId": "c84278f9-b313-3baf-9c0c-4f705f8c742c",
              "Text": {
                "Handle": "h3364ff4egaa62g462egbb8bgab1989fbfc43",
                "Value": "If I see a goblin, I'm closing this gate - whether you're inside or not."
              }
            }
          ]
        }
      ],
      "EditorData": {
        "AnimationTags": "",
        "Attitude": "Default",
        "CinematicNodeContext": "",
        "CinematicObjects": "",
        "CustomCineArtKeysPresent": "False",
        "CustomLightingPresent": "False",
        "CustomSoundPresent": "False",
        "CustomVFXPresent": "False",
        "Emotion": "Determination",
        "ForceDisableIsCustomNode": "False",
        "ID": "N466",
        "InternalNodeContext": "",
        "IsCustomNode": "False",
        "MusicTags": "",
        "NodeContext": "doesn't mean to be cruel, but she really will lock you out - very matter of fact",
        "Quality": "Bronze",
        "SFXTags": "",
        "StateChangeTags": "",
        "TemplateNodeUUID": "00000000-0000-0000-0000-000000000000",
        "TemplateVersion": "0",
        "VFXTags": "",
        "collapsed": "False",
        "logicalname": "Greeting",
        "position": "335;2643",
        "sourcetemplate": ""
      }
    },
    "afed4ce6-d2bf-d961-f24b-8f6a10d53140": {
      "UUID": "afed4ce6-d2bf-d961-f24b-8f6a10d53140",
      "Constructor": "TagAnswer",
      "EndNode": true,
      "Root": false,
      "ShowOnce": false,
      "SpeakerNo": 0,
      "AddressedSpeaker": -1,
      "Children": [],
      "CheckFlags": [],
      "SetFlags": [],
      "TaggedTextList": [
        {
          "HasTagRule": false,
          "RuleGroup": {
            "TagCombineOp": 0,
            "Rules": [],
            "RuleString": ""
          },
          "TagTexts": [
            {
              "LineId": "5fe1c053-ca1d-fe9a-62fb-45e9795e62f3",
              "Text": {
                "Handle": "hfdea8a50g0f6eg4a59g8557gf043399d0824",
                "Value": "If the road was clear? A tenday's walk, maybe. But while the goblins are out there, it might as well be the other side of the world."
              }
            }
          ]
        }
      ],
      "EditorData": {
        "AnimationTags": "",
        "Attitude": "Default",
        "CinematicNodeContext": "",
        "CinematicObjects": "",
        "CustomCineArtKeysPresent": "False",
        "CustomLightingPresent": "False",
        "CustomSoundPresent": "False",
        "CustomVFXPresent": "False",
        "Emotion": "Default",
        "ForceDisableIsCustomNode": "False",
        "ID": "N560",
        "InternalNodeContext": "",
        "IsCustomNode": "False",
        "MusicTags": "",
        "NodeContext": "first lines thoughtful - then sadness after 'travel'",
        "Quality": "Bronze",
        "SFXTags": "",
        "StateChangeTags": "",
        "TemplateNodeUUID": "00000000-0000-0000-0000-000000000000",
        "TemplateVersion": "0",
        "VFXTags": "",
        "collapsed": "False",
        "logicalname": "Answer",
        "position": "2575;1767",
        "sourcetemplate": ""
      }
    },
    "b371dfbf-a8bb-b09d-93c7-a7254db487f9": {
      "UUID": "b371dfbf-a8bb-b09d-93c7-a7254db487f9",
      "Constructor": "TagQuestion",
      "EndNode": false,
      "Root": false,
      "ShowOnce": true,
      "SpeakerNo": 1,
      "AddressedSpeaker": -1,
      "Children": [
        "17113078-4e27-c177-70ee-465b5f0b6e6a"
      ],
      "CheckFlags": [],
      "SetFlags": [
        {
          "Flags": [
            {
              "UUID": "bd97b05c-41dc-61d7-9fd0-e36d315b0af3",
              "value": true,
              "paramval": 1,
              "Name": "DEN_CampGeneral_Gatekeeper_PCPissedHerOff"
            }
          ],
          "Type": "Dialog"
        }
      ],
      "TaggedTextList": [
        {
          "HasTagRule": false,
          "RuleGroup": {
            "TagCombineOp": 0,
            "Rules": [],
            "RuleString": ""
          },
          "TagTexts": [
            {
              "LineId": "cc54eff8-fa62-e428-a2d2-832e43fe8d5f",
              "Text": {
                "Handle": "h96939207g12d6g4e31ga8e9gabc481dc9bf6",
                "Value": "Best get to digging your own graves then."
              }
            }
          ]
        }
      ],
      "EditorData": {
        "AnimationTags": "",
        "Attitude": "Default",
        "CinematicNodeContext": "",
        "CinematicObjects": "",
        "CustomCineArtKeysPresent": "False",
        "CustomLightingPresent": "False",
        "CustomSoundPresent": "False",
        "CustomVFXPresent": "False",
        "Emotion": "Default",
        "ForceDisableIsCustomNode": "False",
        "ID": "N502",
        "InternalNodeContext": "",
        "IsCustomNode": "False",
        "MusicTags": "",
        "NodeContext": "",
        "Quality": "Bronze",
        "SFXTags": "",
        "StateChangeTags": "",
        "TemplateNodeUUID": "00000000-0000-0000-0000-000000000000",
        "TemplateVersion": "0",
        "VFXTags": "",
        "collapsed": "False",
        "logicalname": "Question",
        "position": "1935;3300",
        "sourcetemplate": ""
      }
    },
    "b9e0872b-46bb-f750-e9fb-9edf61461a5d": {
      "UUID": "b9e0872b-46bb-f750-e9fb-9edf61461a5d",
      "Constructor": "TagAnswer",
      "EndNode": false,
      "Root": false,
      "ShowOnce": false,
      "SpeakerNo": 2,
      "AddressedSpeaker": -1,
      "Children": [
        "56cb22d5-693b-d8bf-cb0e-bc8d06d9aa2c"
      ],
      "CheckFlags": [
        {
          "Flags": [
            {
              "UUID": "46a601fb-8cb7-46ed-9856-3d4e38c53a02",
              "value": true,
              "paramval": 2,
              "Name": "ORI_Inclusion_PickedAtRandom"
            }
          ],
          "Type": "Object"
        },
        {
          "Flags": [
            {
              "UUID": "b5682d1d-c395-489c-9675-1f9b0c328ea5",
              "value": true,
              "paramval": 2,
              "Name": "REALLY_LAEZEL"
            }
          ],
          "Type": "Tag"
        }
      ],
      "SetFlags": [],
      "TaggedTextList": [
        {
          "HasTagRule": false,
          "RuleGroup": {
            "TagCombineOp": 0,
            "Rules": [],
            "RuleString": ""
          },
          "TagTexts": [
            {
              "LineId": "48368bb3-8ef6-afbe-2033-3d90511fc77c",
              "Text": {
                "Handle": "ha4b15585ge194g4f1agaef0g2f5b1f0b0600",
                "Value": "I will soon be <i>kith'rak</i>. I <i>am</i> an army."
              }
            }
          ]
        }
      ],
      "EditorData": {
        "AnimationTags": "",
        "Attitude": "Default",
        "CinematicNodeContext": "",
        "CinematicObjects": "",
        "CustomCineArtKeysPresent": "False",
        "CustomLightingPresent": "False",
        "CustomSoundPresent": "False",
        "CustomVFXPresent": "False",
        "Emotion": "Default",
        "ForceDisableIsCustomNode": "False",
        "ID": "N571",
        "InternalNodeContext": "",
        "IsCustomNode": "False",
        "MusicTags": "",
        "NodeContext": "",
        "Quality": "Bronze",
        "SFXTags": "",
        "StateChangeTags": "",
        "TemplateNodeUUID": "00000000-0000-0000-0000-000000000000",
        "TemplateVersion": "0",
        "VFXTags": "",
        "collapsed": "False",
        "logicalname": "INCLUSION_LAE'ZEL",
        "position": "2575;3957",
        "sourcetemplate": ""
      }
    },
    "c36bf298-3b33-1abc-6d9a-12bef6290f21": {
      "JumpTarget": "c6f20781-02d9-3c56-38d3-ad89b41eaecc",
      "JumpTargetPoint": 2,
      "UUID": "c36bf298-3b33-1abc-6d9a-12bef6290f21",
      "Constructor": "Jump",
      "EndNode": false,
      "Root": false,
      "ShowOnce": false,
      "SpeakerNo": 0,
      "AddressedSpeaker": 0,
      "Children": [],
      "CheckFlags": [],
      "SetFlags": [],
      "TaggedTextList": [],
      "EditorData": {
        "ID": "N578",
        "TemplateNodeUUID": "00000000-0000-0000-0000-000000000000",
        "TemplateVersion": "0",
        "collapsed": "False",
        "logicalname": "Jump",
        "position": "2895;2862",
        "sourcetemplate": ""
      }
    },
    "c46beed5-cc74-732f-fc3f-91525cf8b4a6": {
      "UUID": "c46beed5-cc74-732f-fc3f-91525cf8b4a6",
      "Constructor": "TagQuestion",
      "EndNode": true,
      "Root": false,
      "ShowOnce": true,
      "SpeakerNo": 1,
      "AddressedSpeaker": -1,
      "Children": [],
      "CheckFlags": [],
      "SetFlags": [],
      "TaggedTextList": [
        {
          "HasTagRule": false,
          "RuleGroup": {
            "TagCombineOp": 0,
            "Rules": [],
            "RuleString": ""
          },
          "TagTexts": [
            {
              "LineId": "3955eb5f-b959-5af8-231d-63f61e08d1d7",
              "Text": {
                "Handle": "hc357b4a0g8598g4095g915agd1b50dbd662a",
                "Value": "<i>Leave.</i>"
              }
            }
          ]
        }
      ],
      "EditorData": {
        "AnimationTags": "",
        "Attitude": "Default",
        "CinematicNodeContext": "",
        "CinematicObjects": "",
        "CustomCineArtKeysPresent": "False",
        "CustomLightingPresent": "False",
        "CustomSoundPresent": "False",
        "CustomVFXPresent": "False",
        "Emotion": "Default",
        "ForceDisableIsCustomNode": "False",
        "ID": "N559",
        "InternalNodeContext": "",
        "IsCustomNode": "False",
        "MusicTags": "",
        "NodeContext": "",
        "Quality": "Bronze",
        "SFXTags": "",
        "StateChangeTags": "",
        "TemplateNodeUUID": "00000000-0000-0000-0000-000000000000",
        "TemplateVersion": "0",
        "VFXTags": "",
        "collapsed": "False",
        "logicalname": "Question",
        "position": "2255;1986",
        "sourcetemplate": ""
      }
    },
    "c6f20781-02d9-3c56-38d3-ad89b41eaecc": {
      "UUID": "c6f20781-02d9-3c56-38d3-ad89b41eaecc",
      "Constructor": "TagAnswer",
      "EndNode": false,
      "Root": false,
      "ShowOnce": false,
      "SpeakerNo": 0,
      "AddressedSpeaker": -1,
      "Children": [
        "ee9e7c54-9352-fb97-2fc1-cd86e3e8629b",
        "c46beed5-cc74-732f-fc3f-91525cf8b4a6"
      ],
      "CheckFlags": [],
      "SetFlags": [],
      "TaggedTextList": [
        {
          "HasTagRule": false,
          "RuleGroup": {
            "TagCombineOp": 0,
            "Rules": [],
            "RuleString": ""
          },
          "TagTexts": [
            {
              "LineId": "0d771040-499a-2636-32d2-9d8ab593eb91",
              "Text": {
                "Handle": "hfb001b15ge078g446fgaf92ga3bb9818c4ed",
                "Value": "The sooner we leave for Baldur's Gate, the better."
              }
            }
          ]
        }
      ],
      "EditorData": {
        "AnimationTags": "",
        "Attitude": "Default",
        "CinematicNodeContext": "",
        "CinematicObjects": "",
        "CustomCineArtKeysPresent": "False",
        "CustomLightingPresent": "False",
        "CustomSoundPresent": "False",
        "CustomVFXPresent": "False",
        "Emotion": "Determination",
        "ForceDisableIsCustomNode": "False",
        "ID": "N463",
        "InternalNodeContext": "",
        "IsCustomNode": "False",
        "MusicTags": "",
        "NodeContext": "with a sigh",
        "Quality": "Bronze",
        "SFXTags": "",
        "StateChangeTags": "",
        "TemplateNodeUUID": "00000000-0000-0000-0000-000000000000",
        "TemplateVersion": "0",
        "VFXTags": "",
        "collapsed": "False",
        "logicalname": "Answer",
        "position": "1935;1986",
        "sourcetemplate": ""
      }
    },
    "cb5a6108-9a27-2426-0a2a-5eaa7e499b78": {
      "SourceNode": "9d3a45e9-e9cb-993d-86c5-c0f5a4ca26a4",
      "UUID": "cb5a6108-9a27-2426-0a2a-5eaa7e499b78",
      "Constructor": "Alias",
      "EndNode": true,
      "Root": false,
      "ShowOnce": false,
      "SpeakerNo": -1,
      "AddressedSpeaker": -1,
      "Children": [],
      "CheckFlags": [],
      "SetFlags": [],
      "TaggedTextList": [],
      "EditorData": {
        "ID": "N580",
        "TemplateNodeUUID": "00000000-0000-0000-0000-000000000000",
        "TemplateVersion": "0",
        "collapsed": "False",
        "logicalname": "Alias",
        "position": "2575;3519",
        "sourcetemplate": ""
      }
    },
    "cdda8fdc-92e3-fc26-0f3f-87e872c27ea2": {
      "UUID": "cdda8fdc-92e3-fc26-0f3f-87e872c27ea2",
      "Constructor": "TagQuestion",
      "EndNode": false,
      "Root": false,
      "ShowOnce": true,
      "SpeakerNo": 1,
      "AddressedSpeaker": -1,
      "Children": [
        "8e545abe-e611-1e12-431b-ea3a153928be"
      ],
      "CheckFlags": [
        {
          "Flags": [
            {
              "UUID": "1ae7017c-4884-4a43-bc4a-742fa0d201c0",
              "value": true,
              "paramval": 1,
              "Name": "FIGHTER"
            }
          ],
          "Type": "Tag"
        }
      ],
      "SetFlags": [],
      "TaggedTextList": [
        {
          "HasTagRule": false,
          "RuleGroup": {
            "TagCombineOp": 0,
            "Rules": [],
            "RuleString": ""
          },
          "TagTexts": [
            {
              "LineId": "07f27d0f-0aad-1843-3bce-203ebc1a81c7",
              "Text": {
                "Handle": "hfbf8bb15g9908g468ag95b6gfa215be8cf35",
                "Value": "Let them come. This position favours the defender."
              }
            }
          ]
        }
      ],
      "EditorData": {
        "AnimationTags": "",
        "Attitude": "Default",
        "CinematicNodeContext": "",
        "CinematicObjects": "",
        "CustomCineArtKeysPresent": "False",
        "CustomLightingPresent": "False",
        "CustomSoundPresent": "False",
        "CustomVFXPresent": "False",
        "Emotion": "Default",
        "ForceDisableIsCustomNode": "False",
        "ID": "N488",
        "InternalNodeContext": "",
        "IsCustomNode": "False",
        "MusicTags": "",
        "NodeContext": "",
        "Quality": "Bronze",
        "SFXTags": "",
        "StateChangeTags": "",
        "TemplateNodeUUID": "00000000-0000-0000-0000-000000000000",
        "TemplateVersion": "0",
        "VFXTags": "",
        "collapsed": "False",
        "logicalname": "Fighter",
        "position": "1295;3081",
        "sourcetemplate": ""
      }
    },
    "df11a11b-382a-23e2-8127-710be8b30be8": {
      "UUID": "df11a11b-382a-23e2-8127-710be8b30be8",
      "Constructor": "TagAnswer",
      "EndNode": false,
      "Root": false,
      "ShowOnce": false,
      "SpeakerNo": 0,
      "AddressedSpeaker": -1,
      "Children": [
        "c6f20781-02d9-3c56-38d3-ad89b41eaecc"
      ],
      "CheckFlags": [],
      "SetFlags": [],
      "TaggedTextList": [
        {
          "HasTagRule": false,
          "RuleGroup": {
            "TagCombineOp": 0,
            "Rules": [],
            "RuleString": ""
          },
          "TagTexts": [
            {
              "LineId": "57f1506d-04c2-a76d-56e8-c7ffe1ff4b8d",
              "Text": {
                "Handle": "h329a78a9g45e1g41e3g846ag7be3a84d7835",
                "Value": "We might have to. But I'd feel better if we at least knew how many are out there."
              }
            }
          ]
        }
      ],
      "EditorData": {
        "AnimationTags": "",
        "Attitude": "Neutral",
        "CinematicNodeContext": "",
        "CinematicObjects": "",
        "CustomCineArtKeysPresent": "False",
        "CustomLightingPresent": "False",
        "CustomSoundPresent": "False",
        "CustomVFXPresent": "False",
        "Emotion": "Determination",
        "ForceDisableIsCustomNode": "False",
        "ID": "N430",
        "InternalNodeContext": "",
        "IsCustomNode": "False",
        "MusicTags": "",
        "NodeContext": "agreeing with the player, but still anxious",
        "Quality": "Bronze",
        "SFXTags": "",
        "StateChangeTags": "",
        "TemplateNodeUUID": "00000000-0000-0000-0000-000000000000",
        "TemplateVersion": "0",
        "VFXTags": "",
        "collapsed": "False",
        "logicalname": "Answer",
        "position": "1615;2205",
        "sourcetemplate": ""
      }
    },
    "e1367c36-85ed-83ac-62b6-f2b76cbca467": {
      "UUID": "e1367c36-85ed-83ac-62b6-f2b76cbca467",
      "Constructor": "TagQuestion",
      "EndNode": false,
      "Root": false,
      "ShowOnce": true,
      "SpeakerNo": 1,
      "AddressedSpeaker": -1,
      "Children": [
        "5e09f2db-8d7e-52e4-12a4-a09e2b6f7eb0"
      ],
      "CheckFlags": [
        {
          "Flags": [
            {
              "UUID": "37a733c1-a862-4157-b92a-9cff46232c6a",
              "value": true,
              "paramval": 1,
              "Name": "RANGER"
            }
          ],
          "Type": "Tag"
        }
      ],
      "SetFlags": [],
      "TaggedTextList": [
        {
          "HasTagRule": true,
          "RuleGroup": {
            "TagCombineOp": 0,
            "Rules": [
              {
                "HasChildRules": false,
                "TagCombineOp": 1,
                "Tags": [
                  "37a733c1-a862-4157-b92a-9cff46232c6a"
                ],
                "TagNames": [
                  "RANGER"
                ]
              }
            ],
            "RuleString": "RANGER"
          },
          "TagTexts": [
            {
              "LineId": "319843a0-f08d-f4dc-f5e1-a9e38d083e65",
              "Text": {
                "Handle": "hb1e80f3egcd52g4134gac95ga5f77220ddb7",
                "Value": "Goblins aren't hunters - they're prey. I'll kill every last one."
              }
            }
          ]
        }
      ],
      "EditorData": {
        "AnimationTags": "",
        "Attitude": "Default",
        "CinematicNodeContext": "",
        "CinematicObjects": "",
        "CustomCineArtKeysPresent": "False",
        "CustomLightingPresent": "False",
        "CustomSoundPresent": "False",
        "CustomVFXPresent": "False",
        "Emotion": "Default",
        "ForceDisableIsCustomNode": "False",
        "ID": "N497",
        "InternalNodeContext": "",
        "IsCustomNode": "False",
        "MusicTags": "",
        "NodeContext": "",
        "Quality": "Bronze",
        "SFXTags": "",
        "StateChangeTags": "",
        "TemplateNodeUUID": "00000000-0000-0000-0000-000000000000",
        "TemplateVersion": "0",
        "VFXTags": "",
        "collapsed": "False",
        "logicalname": "Ranger",
        "position": "1295;3957",
        "sourcetemplate": ""
      }
    },
    "ee9e7c54-9352-fb97-2fc1-cd86e3e8629b": {
      "UUID": "ee9e7c54-9352-fb97-2fc1-cd86e3e8629b",
      "Constructor": "TagQuestion",
      "EndNode": false,
      "Root": false,
      "ShowOnce": true,
      "SpeakerNo": 1,
      "AddressedSpeaker": -1,
      "Children": [
        "afed4ce6-d2bf-d961-f24b-8f6a10d53140"
      ],
      "CheckFlags": [],
      "SetFlags": [],
      "TaggedTextList": [
        {
          "HasTagRule": false,
          "RuleGroup": {
            "TagCombineOp": 0,
            "Rules": [],
            "RuleString": ""
          },
          "TagTexts": [
            {
              "LineId": "04d482e8-95ae-aaa1-a11b-4f159850dd05",
              "Text": {
                "Handle": "h2f2ac8acgeebbg40f6g8c7fgc593f7731e3b",
                "Value": "How far are we from the city?"
              }
            }
          ]
        }
      ],
      "EditorData": {
        "AnimationTags": "",
        "Attitude": "Default",
        "CinematicNodeContext": "",
        "CinematicObjects": "",
        "CustomCineArtKeysPresent": "False",
        "CustomLightingPresent": "False",
        "CustomSoundPresent": "False",
        "CustomVFXPresent": "False",
        "Emotion": "Default",
        "ForceDisableIsCustomNode": "False",
        "ID": "N555",
        "InternalNodeContext": "",
        "IsCustomNode": "False",
        "MusicTags": "",
        "NodeContext": "",
        "Quality": "Bronze",
        "SFXTags": "",
        "StateChangeTags": "",
        "TemplateNodeUUID": "00000000-0000-0000-0000-000000000000",
        "TemplateVersion": "0",
        "VFXTags": "",
        "collapsed": "False",
        "logicalname": "Question",
        "position": "2255;1767",
        "sourcetemplate": ""
      }
    },
    "f5f2a3ef-c05b-612a-1f34-19b4a8688863": {
      "UUID": "f5f2a3ef-c05b-612a-1f34-19b4a8688863",
      "Constructor": "TagAnswer",
      "EndNode": false,
      "Root": false,
      "ShowOnce": false,
      "SpeakerNo": 0,
      "AddressedSpeaker": -1,
      "Children": [
        "02768fe9-be3a-7033-0521-4df01c30063d",
        "9f2105a2-1f77-9796-b863-96ea13eb3282",
        "5f5df02d-122e-bdc4-57ae-6f1f74b050b9",
        "23adffa8-190a-4522-1861-76a293fbbea4",
        "cdda8fdc-92e3-fc26-0f3f-87e872c27ea2",
        "e1367c36-85ed-83ac-62b6-f2b76cbca467",
        "a39a8dc1-cc1e-cb1a-b99d-9ecd32744081"
      ],
      "CheckFlags": [],
      "SetFlags": [],
      "TaggedTextList": [
        {
          "HasTagRule": false,
          "RuleGroup": {
            "TagCombineOp": 0,
            "Rules": [],
            "RuleString": ""
          },
          "TagTexts": [
            {
              "LineId": "3eb6a285-a585-fc2e-5434-c36264af7a54",
              "Text": {
                "Handle": "h976e394fge87dg4614g95b6g94ace7defe36",
                "Value": "There'll be more coming. Goblins hunt in packs."
              }
            }
          ]
        }
      ],
      "EditorData": {
        "AnimationTags": "",
        "Attitude": "Neutral",
        "CinematicNodeContext": "",
        "CinematicObjects": "",
        "CustomCineArtKeysPresent": "False",
        "CustomLightingPresent": "False",
        "CustomSoundPresent": "False",
        "CustomVFXPresent": "False",
        "Emotion": "Determination",
        "ForceDisableIsCustomNode": "False",
        "ID": "N216",
        "InternalNodeContext": "",
        "IsCustomNode": "False",
        "MusicTags": "",
        "NodeContext": "scared but resolute",
        "Quality": "Bronze",
        "SFXTags": "",
        "StateChangeTags": "",
        "TemplateNodeUUID": "00000000-0000-0000-0000-000000000000",
        "TemplateVersion": "0",
        "VFXTags": "",
        "collapsed": "False",
        "logicalname": "Answer",
        "position": "655;2205",
        "sourcetemplate": ""
      }
    },
    "ff47fdc2-3b65-b96c-6c6c-7be1fd9693d1": {
      "UUID": "ff47fdc2-3b65-b96c-6c6c-7be1fd9693d1",
      "Constructor": "TagAnswer",
      "EndNode": false,
      "Root": false,
      "ShowOnce": false,
      "SpeakerNo": 0,
      "AddressedSpeaker": -1,
      "Children": [
        "c36bf298-3b33-1abc-6d9a-12bef6290f21"
      ],
      "CheckFlags": [],
      "SetFlags": [],
      "TaggedTextList": [
        {
          "HasTagRule": false,
          "RuleGroup": {
            "TagCombineOp": 0,
            "Rules": [],
            "RuleString": ""
          },
          "TagTexts": [
            {
              "LineId": "5a665b06-ca0b-1e51-2041-4486ca253906",
              "Text": {
                "Handle": "hec707d65gfefag40cfg90d5g46712f265244",
                "Value": "It'd be even <i>nicer</i> if we were on the road to Baldur's Gate already."
              }
            }
          ]
        }
      ],
      "EditorData": {
        "AnimationTags": "",
        "Attitude": "Default",
        "CinematicNodeContext": "",
        "CinematicObjects": "",
        "CustomCineArtKeysPresent": "False",
        "CustomLightingPresent": "False",
        "CustomSoundPresent": "False",
        "CustomVFXPresent": "False",
        "Emotion": "Sadness",
        "ForceDisableIsCustomNode": "False",
        "ID": "N493",
        "InternalNodeContext": "",
        "IsCustomNode": "False",
        "MusicTags": "",
        "NodeContext": "with a sigh",
        "Quality": "Bronze",
        "SFXTags": "",
        "StateChangeTags": "",
        "TemplateNodeUUID": "00000000-0000-0000-0000-000000000000",
        "TemplateVersion": "0",
        "VFXTags": "",
        "collapsed": "False",
        "logicalname": "Answer",
        "position": "2575;2862",
        "sourcetemplate": ""
      }
    }
  },
  "SpeakerDict": {
    "0": {
      "IsPeanutSpeaker": false,
      "SpeakerMappingId": "8c1b8a63-99fa-f664-f9f0-a8c2397bc4bd",
      "Index": 0,
      "List": [
        "847717b3-82eb-45a7-b875-78665c12ce9a"
      ],
      "SpeakerCharacter": {
        "DisplayName": "Elegis",
        "Type": "character",
        "MapKey": "847717b3-82eb-45a7-b875-78665c12ce9a",
        "Name": "S_DEN_Gatekeeper",
        "ParentTemplateId": null,
        "TemplateName": "9103fce3-6423-4f8a-af04-83ac1af2a1d7"
      },
      "SpeakerGroupName": null
    },
    "1": {
      "IsPeanutSpeaker": false,
      "SpeakerMappingId": "80237d95-8f86-1feb-f74f-616242bee44f",
      "Index": 1,
      "List": [
        "e0d1ff71-04a8-4340-ae64-9684d846eb83"
      ],
      "SpeakerCharacter": {
        "DisplayName": "Player",
        "Type": "character",
        "MapKey": "e2badbf0-159a-4ef5-9e73-7bbeb3d1015a",
        "Name": "S_GLO_CharacterCreationDummy_001",
        "ParentTemplateId": null,
        "TemplateName": "fd7f2707-8f86-4836-bda8-e0db99c389cc"
      },
      "SpeakerGroupName": "GROUP_Players"
    },
    "2": {
      "IsPeanutSpeaker": true,
      "SpeakerMappingId": "a9e92df5-75e1-d9aa-57aa-2bb708f6c503",
      "Index": 2,
      "List": [
        "58a69333-40bf-8358-1d17-fff240d7fb12"
      ],
      "SpeakerCharacter": {
        "DisplayName": "Lae'zel",
        "Type": "character",
        "MapKey": "58a69333-40bf-8358-1d17-fff240d7fb12",
        "Name": "S_Player_Laezel",
        "ParentTemplateId": null,
        "TemplateName": "3a0351bd-0b2f-4fbf-84a6-30ad80bb3100"
      },
      "SpeakerGroupName": null
    },
    "3": {
      "IsPeanutSpeaker": true,
      "SpeakerMappingId": "673da1f1-b9e8-84fc-688f-b988034b21e2",
      "Index": 3,
      "List": [
        "3ed74f06-3c60-42dc-83f6-f034cb47c679"
      ],
      "SpeakerCharacter": {
        "DisplayName": "Shadowheart",
        "Type": "character",
        "MapKey": "3ed74f06-3c60-42dc-83f6-f034cb47c679",
        "Name": "S_Player_ShadowHeart",
        "ParentTemplateId": null,
        "TemplateName": "2ac51f22-e357-4639-b81d-022d462c8c6a"
      },
      "SpeakerGroupName": null
    },
    "4": {
      "IsPeanutSpeaker": true,
      "SpeakerMappingId": "a69a981d-8d96-ece3-bf83-0804fc0285f4",
      "Index": 4,
      "List": [
        "2c76687d-93a2-477b-8b18-8a14b549304c"
      ],
      "SpeakerCharacter": {
        "DisplayName": "Karlach",
        "Type": "character",
        "MapKey": "2c76687d-93a2-477b-8b18-8a14b549304c",
        "Name": "S_Player_Karlach",
        "ParentTemplateId": null,
        "TemplateName": "3ab0a797-0904-47cb-955d-cdc3ec32409c"
      },
      "SpeakerGroupName": null
    },
    "5": {
      "IsPeanutSpeaker": true,
      "SpeakerMappingId": "a0558a93-1913-9adf-18c5-b7ec70507265",
      "Index": 5,
      "List": [
        "c7c13742-bacd-460a-8f65-f864fe41f255"
      ],
      "SpeakerCharacter": {
        "DisplayName": "Astarion",
        "Type": "character",
        "MapKey": "c7c13742-bacd-460a-8f65-f864fe41f255",
        "Name": "S_Player_Astarion",
        "ParentTemplateId": null,
        "TemplateName": "5614c25e-0213-479f-864c-e95895adb30f"
      },
      "SpeakerGroupName": null
    },
    "6": {
      "IsPeanutSpeaker": true,
      "SpeakerMappingId": "084ceb44-78b8-4a90-ab58-12092eae34f4",
      "Index": 6,
      "List": [
        "c774d764-4a17-48dc-b470-32ace9ce447d"
      ],
      "SpeakerCharacter": {
        "DisplayName": "Wyll",
        "Type": "character",
        "MapKey": "c774d764-4a17-48dc-b470-32ace9ce447d",
        "Name": "S_Player_Wyll",
        "ParentTemplateId": null,
        "TemplateName": "159cdf9e-6665-4450-9375-8494e233b0e4"
      },
      "SpeakerGroupName": null
    },
    "7": {
      "IsPeanutSpeaker": true,
      "SpeakerMappingId": "7462f855-ff0e-696d-9931-3b277913af25",
      "Index": 7,
      "List": [
        "ad9af97d-75da-406a-ae13-7071c563f604"
      ],
      "SpeakerCharacter": {
        "DisplayName": "Gale",
        "Type": "character",
        "MapKey": "ad9af97d-75da-406a-ae13-7071c563f604",
        "Name": "S_Player_Gale",
        "ParentTemplateId": null,
        "TemplateName": "7d427a86-81f0-418d-a32a-3b5676c86bfa"
      },
      "SpeakerGroupName": null
    }
  },
  "Synopsis": "Tiefling in charge of operating the gate at the druid's grove. She saw goblins attack and saw the player(s) help to repel them. She's nervous that more attacks will be coming and that the grove's defenses won't hold, which makes her eager to get on the road to Baldur's Gate as soon as possible."
}