{
  "Path": "Mods/Gustav/Story/Dialogs/Act1/DEN/DEN_AttackOnDen_Wyll.lsj",
  "UUID": "c040a9e3-89c9-c2ed-46a4-a8465c69da02",
  "Category": "Generic NPC Dialog",
  "DefaultAddressedSpeakers": {
    "0": 1,
    "1": -1,
    "2": -1,
    "3": -1,
    "4": -1
  },
  "RootNodes": [
    "ea344eec-aff6-213d-8f29-9d1461318322",
    "42874e74-5dae-fd3f-0f91-cecda75c062f",
    "06ef6d7e-2cfd-a9f4-2e16-96d3a4b63c3e"
  ],
  "Nodes": {
    "06ef6d7e-2cfd-a9f4-2e16-96d3a4b63c3e": {
      "UUID": "06ef6d7e-2cfd-a9f4-2e16-96d3a4b63c3e",
      "Constructor": "TagGreeting",
      "EndNode": true,
      "Root": true,
      "ShowOnce": false,
      "SpeakerNo": 0,
      "AddressedSpeaker": 0,
      "Children": [],
      "CheckFlags": [],
      "SetFlags": [
        {
          "Flags": [
            {
              "UUID": "f9a5e62b-0322-654c-a582-1f8c3f79f7ce",
              "value": true,
              "paramval": 1,
              "Name": "DEN_AttackOnDen_HasMet_Wyll"
            }
          ],
          "Type": "Dialog"
        }
      ],
      "TaggedTextList": [
        {
          "HasTagRule": false,
          "RuleGroup": {
            "TagCombineOp": 0,
            "Rules": [],
            "RuleString": ""
          },
          "TagTexts": [
            {
              "LineId": "abc31ca7-10f9-14bd-1bd4-df1b554de569",
              "Text": {
                "Handle": "h52aa77ddg427bg4394ga591g38063f8ef5cb",
                "Value": "Blow the horn - the trap has been set. Today, we write our own legends!"
              }
            }
          ]
        }
      ],
      "EditorData": {
        "AnimationTags": "",
        "Attitude": "Default",
        "CinematicNodeContext": "",
        "CinematicObjects": "",
        "CustomCineArtKeysPresent": "False",
        "CustomLightingPresent": "False",
        "CustomSoundPresent": "False",
        "CustomVFXPresent": "True",
        "Emotion": "Default",
        "ForceDisableIsCustomNode": "False",
        "ID": "N2",
        "InternalNodeContext": "",
        "IsCustomNode": "False",
        "MusicTags": "",
        "NodeContext": "",
        "Quality": "Bronze",
        "SFXTags": "",
        "StateChangeTags": "",
        "TemplateNodeUUID": "00000000-0000-0000-0000-000000000000",
        "TemplateVersion": "0",
        "VFXTags": "",
        "collapsed": "False",
        "logicalname": "Meeting Wyll for first time",
        "position": "335;-2832",
        "sourcetemplate": ""
      }
    },
    "42874e74-5dae-fd3f-0f91-cecda75c062f": {
      "UUID": "42874e74-5dae-fd3f-0f91-cecda75c062f",
      "Constructor": "TagGreeting",
      "EndNode": false,
      "Root": true,
      "ShowOnce": false,
      "SpeakerNo": -666,
      "AddressedSpeaker": 0,
      "Children": [
        "a113fad1-10a0-c364-d1d7-58fb43de76dc"
      ],
      "CheckFlags": [],
      "SetFlags": [],
      "TaggedTextList": [
        {
          "HasTagRule": false,
          "RuleGroup": {
            "TagCombineOp": 0,
            "Rules": [],
            "RuleString": ""
          },
          "TagTexts": [
            {
              "LineId": "b9d4f7c6-6664-41c2-98ad-ce23fff60cfd",
              "Text": {
                "Handle": "hd199d30dg4438g41c5g9af4g77c90eb71f3d",
                "Value": "*You know this man's face - but you can't quite place it. He knows you too, judging from his quizzical expression.*"
              }
            }
          ]
        }
      ],
      "EditorData": {
        "AnimationTags": "",
        "Attitude": "Default",
        "CinematicNodeContext": "",
        "CinematicObjects": "",
        "CustomCineArtKeysPresent": "False",
        "CustomLightingPresent": "False",
        "CustomSoundPresent": "False",
        "CustomVFXPresent": "False",
        "Emotion": "Default",
        "ForceDisableIsCustomNode": "False",
        "ID": "N1519",
        "InternalNodeContext": "",
        "IsCustomNode": "False",
        "MusicTags": "",
        "NodeContext": "",
        "Quality": "Bronze",
        "SFXTags": "",
        "StateChangeTags": "",
        "TemplateNodeUUID": "00000000-0000-0000-0000-000000000000",
        "TemplateVersion": "0",
        "VFXTags": "",
        "collapsed": "False",
        "logicalname": "Meeting Wyll for first time - Karlach",
        "position": "335;-3051",
        "sourcetemplate": ""
      }
    },
    "a113fad1-10a0-c364-d1d7-58fb43de76dc": {
      "UUID": "a113fad1-10a0-c364-d1d7-58fb43de76dc",
      "Constructor": "TagAnswer",
      "EndNode": true,
      "Root": false,
      "ShowOnce": false,
      "SpeakerNo": 0,
      "AddressedSpeaker": 0,
      "Children": [],
      "CheckFlags": [],
      "SetFlags": [
        {
          "Flags": [
            {
              "UUID": "f9a5e62b-0322-654c-a582-1f8c3f79f7ce",
              "value": true,
              "paramval": 1,
              "Name": "DEN_AttackOnDen_HasMet_Wyll"
            }
          ],
          "Type": "Dialog"
        }
      ],
      "TaggedTextList": [
        {
          "HasTagRule": false,
          "RuleGroup": {
            "TagCombineOp": 0,
            "Rules": [],
            "RuleString": ""
          },
          "TagTexts": [
            {
              "LineId": "f854d326-3704-411f-a7e3-94346a4f01d0",
              "Text": {
                "Handle": "h9f2a5e77gcc77g4c2eg90bfga212f9126f92",
                "Value": "Blow the horn - the trap has been set. "
              }
            }
          ]
        }
      ],
      "EditorData": {
        "AnimationTags": "",
        "Attitude": "Default",
        "CinematicNodeContext": "",
        "CinematicObjects": "",
        "CustomCineArtKeysPresent": "False",
        "CustomLightingPresent": "False",
        "CustomSoundPresent": "False",
        "CustomVFXPresent": "False",
        "Emotion": "Default",
        "ForceDisableIsCustomNode": "False",
        "ID": "N1520",
        "InternalNodeContext": "",
        "IsCustomNode": "False",
        "MusicTags": "",
        "NodeContext": "Cautiously.",
        "Quality": "Bronze",
        "SFXTags": "",
        "StateChangeTags": "",
        "TemplateNodeUUID": "00000000-0000-0000-0000-000000000000",
        "TemplateVersion": "0",
        "VFXTags": "",
        "collapsed": "False",
        "logicalname": "Answer",
        "position": "655;-3051",
        "sourcetemplate": ""
      }
    },
    "aa22f413-71f8-356e-11d7-fbefc480f0b3": {
      "UUID": "aa22f413-71f8-356e-11d7-fbefc480f0b3",
      "Constructor": "TagAnswer",
      "EndNode": true,
      "Root": false,
      "ShowOnce": false,
      "SpeakerNo": 0,
      "AddressedSpeaker": 0,
      "Children": [],
      "CheckFlags": [],
      "SetFlags": [],
      "TaggedTextList": [
        {
          "HasTagRule": false,
          "RuleGroup": {
            "TagCombineOp": 0,
            "Rules": [],
            "RuleString": ""
          },
          "TagTexts": [
            {
              "LineId": "c3b9368b-7074-6794-9bdb-9d21a298f0b7",
              "Text": {
                "Handle": "h3f42eadagd5d3g4ba3g850dgb14534af1216",
                "Value": "Blow the horn - the trap has been set. Today, we write our own legends!"
              }
            }
          ]
        }
      ],
      "EditorData": {
        "AnimationTags": "",
        "Attitude": "Default",
        "CinematicNodeContext": "",
        "CinematicObjects": "",
        "CustomCineArtKeysPresent": "False",
        "CustomLightingPresent": "False",
        "CustomSoundPresent": "False",
        "CustomVFXPresent": "False",
        "Emotion": "Default",
        "ForceDisableIsCustomNode": "False",
        "ID": "N89",
        "InternalNodeContext": "",
        "IsCustomNode": "False",
        "MusicTags": "",
        "NodeContext": "",
        "Quality": "Bronze",
        "SFXTags": "",
        "StateChangeTags": "",
        "TemplateNodeUUID": "00000000-0000-0000-0000-000000000000",
        "TemplateVersion": "0",
        "VFXTags": "",
        "collapsed": "False",
        "logicalname": "Answer",
        "position": "975;-3489",
        "sourcetemplate": ""
      }
    },
    "ea344eec-aff6-213d-8f29-9d1461318322": {
      "UUID": "ea344eec-aff6-213d-8f29-9d1461318322",
      "Constructor": "TagGreeting",
      "EndNode": false,
      "Root": true,
      "ShowOnce": false,
      "SpeakerNo": 0,
      "AddressedSpeaker": 0,
      "Children": [
        "fcb6ebdf-fa16-35be-39d4-0dec366a2e0f"
      ],
      "CheckFlags": [
        {
          "Flags": [
            {
              "UUID": "b584ee3a-7673-9945-f6a8-8092da1dbc01",
              "value": true,
              "paramval": 1,
              "Name": "DEN_Wyll_HasMet"
            },
            {
              "UUID": "f9a5e62b-0322-654c-a582-1f8c3f79f7ce",
              "value": false,
              "paramval": 1,
              "Name": "DEN_AttackOnDen_HasMet_Wyll"
            }
          ],
          "Type": "Dialog"
        }
      ],
      "SetFlags": [
        {
          "Flags": [
            {
              "UUID": "f9a5e62b-0322-654c-a582-1f8c3f79f7ce",
              "value": true,
              "paramval": 1,
              "Name": "DEN_AttackOnDen_HasMet_Wyll"
            }
          ],
          "Type": "Dialog"
        }
      ],
      "TaggedTextList": [
        {
          "HasTagRule": false,
          "RuleGroup": {
            "TagCombineOp": 0,
            "Rules": [],
            "RuleString": ""
          },
          "TagTexts": [
            {
              "LineId": "89421b62-1fa7-0923-8262-9a7875a87188",
              "Text": {
                "Handle": "ha2c9caabg725eg40a6g9261g05ce47fe924c",
                "Value": "Ah - a familiar face. Didn't think I'd see you again!"
              }
            }
          ]
        }
      ],
      "EditorData": {
        "AnimationTags": "",
        "Attitude": "Default",
        "CinematicNodeContext": "",
        "CinematicObjects": "",
        "CustomCineArtKeysPresent": "False",
        "CustomLightingPresent": "False",
        "CustomSoundPresent": "False",
        "CustomVFXPresent": "False",
        "Emotion": "Default",
        "ForceDisableIsCustomNode": "False",
        "ID": "N1",
        "InternalNodeContext": "",
        "IsCustomNode": "False",
        "MusicTags": "",
        "NodeContext": "",
        "Quality": "Bronze",
        "SFXTags": "",
        "StateChangeTags": "",
        "TemplateNodeUUID": "00000000-0000-0000-0000-000000000000",
        "TemplateVersion": "0",
        "VFXTags": "",
        "collapsed": "False",
        "logicalname": "HasMet Wyll",
        "position": "335;-3489",
        "sourcetemplate": ""
      }
    },
    "fcb6ebdf-fa16-35be-39d4-0dec366a2e0f": {
      "UUID": "fcb6ebdf-fa16-35be-39d4-0dec366a2e0f",
      "Constructor": "TagAnswer",
      "EndNode": false,
      "Root": false,
      "ShowOnce": false,
      "SpeakerNo": 0,
      "AddressedSpeaker": 0,
      "Children": [
        "aa22f413-71f8-356e-11d7-fbefc480f0b3"
      ],
      "CheckFlags": [],
      "SetFlags": [],
      "TaggedTextList": [
        {
          "HasTagRule": false,
          "RuleGroup": {
            "TagCombineOp": 0,
            "Rules": [],
            "RuleString": ""
          },
          "TagTexts": [
            {
              "LineId": "48434158-d9af-f8c7-3063-76d6d45dddef",
              "Text": {
                "Handle": "h0b8cc840gb635g44cbgbf7bgb1d0514eb564",
                "Value": "I've never been more thrilled to be wrong."
              }
            }
          ]
        }
      ],
      "EditorData": {
        "AnimationTags": "",
        "Attitude": "Default",
        "CinematicNodeContext": "",
        "CinematicObjects": "",
        "CustomCineArtKeysPresent": "False",
        "CustomLightingPresent": "False",
        "CustomSoundPresent": "False",
        "CustomVFXPresent": "False",
        "Emotion": "Default",
        "ForceDisableIsCustomNode": "False",
        "ID": "N88",
        "InternalNodeContext": "",
        "IsCustomNode": "False",
        "MusicTags": "",
        "NodeContext": "",
        "Quality": "Bronze",
        "SFXTags": "",
        "StateChangeTags": "",
        "TemplateNodeUUID": "00000000-0000-0000-0000-000000000000",
        "TemplateVersion": "0",
        "VFXTags": "",
        "collapsed": "False",
        "logicalname": "Answer",
        "position": "655;-3489",
        "sourcetemplate": ""
      }
    }
  },
  "SpeakerDict": {
    "0": {
      "IsPeanutSpeaker": false,
      "SpeakerMappingId": "b3f9b355-8109-7481-3074-59cc59d7081b",
      "Index": 0,
      "List": [
        "c774d764-4a17-48dc-b470-32ace9ce447d"
      ],
      "SpeakerCharacter": {
        "DisplayName": "Wyll",
        "Type": "character",
        "MapKey": "c774d764-4a17-48dc-b470-32ace9ce447d",
        "Name": "S_Player_Wyll",
        "ParentTemplateId": null,
        "TemplateName": "159cdf9e-6665-4450-9375-8494e233b0e4"
      },
      "SpeakerGroupName": null
    },
    "1": {
      "IsPeanutSpeaker": false,
      "SpeakerMappingId": "5269476d-39e4-e020-8c6f-737d39a4f55f",
      "Index": 1,
      "List": [
        "e0d1ff71-04a8-4340-ae64-9684d846eb83"
      ],
      "SpeakerCharacter": {
        "DisplayName": "Player",
        "Type": "character",
        "MapKey": "e2badbf0-159a-4ef5-9e73-7bbeb3d1015a",
        "Name": "S_GLO_CharacterCreationDummy_001",
        "ParentTemplateId": null,
        "TemplateName": "fd7f2707-8f86-4836-bda8-e0db99c389cc"
      },
      "SpeakerGroupName": "GROUP_Players"
    }
  },
  "Synopsis": "Wyll dialogue if he is an NPC and is in the goblin camp after attack on den victory. In paths where the attack has yet to begin, Wyll is enthusiastic for you to blow the horn and call for battle. After battle, you can recruit Wyll."
}