{
  "Path": "Mods/Gustav/Story/Dialogs/Act1/DEN/DEN_DruidAttack_AD_YoungLover01.lsj",
  "UUID": "b8993c89-0c1c-1bb8-4d8d-b49ce9f3c5cc",
  "Category": "Repeated automated NPC Dialog",
  "DefaultAddressedSpeakers": {
    "0": -1
  },
  "RootNodes": [
    "884c78cc-c65f-09e5-d6bf-2aed651a109a",
    "ee145eb1-6300-e832-3e7c-a2056bb78a87",
    "932210fb-79cb-94f7-155d-a00ddd22cf7f",
    "077b3a8f-142c-41fa-bb2c-cae8573fb9b3"
  ],
  "Nodes": {
    "077b3a8f-142c-41fa-bb2c-cae8573fb9b3": {
      "UUID": "077b3a8f-142c-41fa-bb2c-cae8573fb9b3",
      "Constructor": "TagGreeting",
      "EndNode": true,
      "Root": true,
      "ShowOnce": false,
      "SpeakerNo": 0,
      "AddressedSpeaker": 0,
      "Children": [],
      "CheckFlags": [
        {
          "Flags": [
            {
              "UUID": "bc005be4-e29f-7940-00b4-9d4c1f19d698",
              "value": true,
              "paramval": null,
              "Name": "b8993c89-0c1c-1bb8-4d8d-b49ce9f3c5cc_b"
            },
            {
              "UUID": "e546cfe7-1ac3-e14a-6a4c-63e5ae290100",
              "value": true,
              "paramval": null,
              "Name": "b8993c89-0c1c-1bb8-4d8d-b49ce9f3c5cc_a"
            }
          ],
          "Type": "Local"
        }
      ],
      "SetFlags": [
        {
          "Flags": [
            {
              "UUID": "bc005be4-e29f-7940-00b4-9d4c1f19d698",
              "value": false,
              "paramval": null,
              "Name": "b8993c89-0c1c-1bb8-4d8d-b49ce9f3c5cc_b"
            },
            {
              "UUID": "e546cfe7-1ac3-e14a-6a4c-63e5ae290100",
              "value": false,
              "paramval": null,
              "Name": "b8993c89-0c1c-1bb8-4d8d-b49ce9f3c5cc_a"
            }
          ],
          "Type": "Local"
        }
      ],
      "TaggedTextList": [
        {
          "HasTagRule": false,
          "RuleGroup": {
            "TagCombineOp": 0,
            "Rules": [],
            "RuleString": ""
          },
          "TagTexts": [
            {
              "LineId": "93d904f7-1bc8-6646-c754-86c856e91590",
              "Text": {
                "Handle": "h4fdbfbb8g362eg46e7g9e1ag7c69a50dd1b6",
                "Value": "Why're they doing this?!"
              }
            }
          ]
        }
      ],
      "EditorData": {
        "AnimationTags": "",
        "Attitude": "Default",
        "CinematicNodeContext": "",
        "CinematicObjects": "",
        "CustomCineArtKeysPresent": "False",
        "CustomLightingPresent": "False",
        "CustomSoundPresent": "False",
        "CustomVFXPresent": "False",
        "Emotion": "Default",
        "ForceDisableIsCustomNode": "False",
        "ID": "N3",
        "InternalNodeContext": "",
        "IsCustomNode": "False",
        "MusicTags": "",
        "NodeContext": "Urgent. In danger.",
        "Quality": "Bronze",
        "SFXTags": "",
        "StateChangeTags": "",
        "TemplateNodeUUID": "00000000-0000-0000-0000-000000000000",
        "TemplateVersion": "0",
        "VFXTags": "",
        "collapsed": "False",
        "logicalname": "Greeting",
        "position": "15;453",
        "sourcetemplate": ""
      }
    },
    "884c78cc-c65f-09e5-d6bf-2aed651a109a": {
      "UUID": "884c78cc-c65f-09e5-d6bf-2aed651a109a",
      "Constructor": "TagGreeting",
      "EndNode": true,
      "Root": true,
      "ShowOnce": false,
      "SpeakerNo": 0,
      "AddressedSpeaker": 0,
      "Children": [],
      "CheckFlags": [
        {
          "Flags": [
            {
              "UUID": "fb382926-afc1-492c-85ba-65198765b3fd",
              "value": false,
              "paramval": 0,
              "Name": "DEN_DruidAttack_State_InPosition"
            }
          ],
          "Type": "Object"
        }
      ],
      "SetFlags": [],
      "TaggedTextList": [
        {
          "HasTagRule": false,
          "RuleGroup": {
            "TagCombineOp": 0,
            "Rules": [],
            "RuleString": ""
          },
          "TagTexts": [
            {
              "LineId": "3ad7f895-7eb8-5416-c62b-308ae9df3698",
              "Text": {
                "Handle": "hfcb888d0g645eg4d0cg8a1aga4a78cbac457",
                "Value": "Got to hide. Find someplace safe..."
              }
            }
          ]
        }
      ],
      "EditorData": {
        "AnimationTags": "",
        "Attitude": "Default",
        "CinematicNodeContext": "",
        "CinematicObjects": "",
        "CustomCineArtKeysPresent": "False",
        "CustomLightingPresent": "False",
        "CustomSoundPresent": "False",
        "CustomVFXPresent": "False",
        "Emotion": "Default",
        "ForceDisableIsCustomNode": "False",
        "ID": "N13",
        "InternalNodeContext": "",
        "IsCustomNode": "False",
        "MusicTags": "",
        "NodeContext": "Urgent. In danger.",
        "Quality": "Bronze",
        "SFXTags": "",
        "StateChangeTags": "",
        "TemplateNodeUUID": "00000000-0000-0000-0000-000000000000",
        "TemplateVersion": "0",
        "VFXTags": "",
        "collapsed": "False",
        "logicalname": "Greeting",
        "position": "15;-204",
        "sourcetemplate": ""
      }
    },
    "932210fb-79cb-94f7-155d-a00ddd22cf7f": {
      "UUID": "932210fb-79cb-94f7-155d-a00ddd22cf7f",
      "Constructor": "TagGreeting",
      "EndNode": true,
      "Root": true,
      "ShowOnce": false,
      "SpeakerNo": 0,
      "AddressedSpeaker": 0,
      "Children": [],
      "CheckFlags": [
        {
          "Flags": [
            {
              "UUID": "bc005be4-e29f-7940-00b4-9d4c1f19d698",
              "value": false,
              "paramval": null,
              "Name": "b8993c89-0c1c-1bb8-4d8d-b49ce9f3c5cc_b"
            },
            {
              "UUID": "e546cfe7-1ac3-e14a-6a4c-63e5ae290100",
              "value": true,
              "paramval": null,
              "Name": "b8993c89-0c1c-1bb8-4d8d-b49ce9f3c5cc_a"
            }
          ],
          "Type": "Local"
        }
      ],
      "SetFlags": [
        {
          "Flags": [
            {
              "UUID": "bc005be4-e29f-7940-00b4-9d4c1f19d698",
              "value": true,
              "paramval": null,
              "Name": "b8993c89-0c1c-1bb8-4d8d-b49ce9f3c5cc_b"
            }
          ],
          "Type": "Local"
        }
      ],
      "TaggedTextList": [
        {
          "HasTagRule": false,
          "RuleGroup": {
            "TagCombineOp": 0,
            "Rules": [],
            "RuleString": ""
          },
          "TagTexts": [
            {
              "LineId": "613ec77a-6ffe-ec7d-1393-932a93d883d2",
              "Text": {
                "Handle": "h3f73f522gbf36g4bcbgb210gab7cec794249",
                "Value": "The druids have gone mad - keep back!"
              }
            }
          ]
        }
      ],
      "EditorData": {
        "AnimationTags": "",
        "Attitude": "Default",
        "CinematicNodeContext": "",
        "CinematicObjects": "",
        "CustomCineArtKeysPresent": "False",
        "CustomLightingPresent": "False",
        "CustomSoundPresent": "False",
        "CustomVFXPresent": "False",
        "Emotion": "Default",
        "ForceDisableIsCustomNode": "False",
        "ID": "N2",
        "InternalNodeContext": "",
        "IsCustomNode": "False",
        "MusicTags": "",
        "NodeContext": "Urgent. In danger.",
        "Quality": "Bronze",
        "SFXTags": "",
        "StateChangeTags": "",
        "TemplateNodeUUID": "00000000-0000-0000-0000-000000000000",
        "TemplateVersion": "0",
        "VFXTags": "",
        "collapsed": "False",
        "logicalname": "Greeting",
        "position": "15;234",
        "sourcetemplate": ""
      }
    },
    "ee145eb1-6300-e832-3e7c-a2056bb78a87": {
      "UUID": "ee145eb1-6300-e832-3e7c-a2056bb78a87",
      "Constructor": "TagGreeting",
      "EndNode": true,
      "Root": true,
      "ShowOnce": false,
      "SpeakerNo": 0,
      "AddressedSpeaker": 0,
      "Children": [],
      "CheckFlags": [
        {
          "Flags": [
            {
              "UUID": "e546cfe7-1ac3-e14a-6a4c-63e5ae290100",
              "value": false,
              "paramval": null,
              "Name": "b8993c89-0c1c-1bb8-4d8d-b49ce9f3c5cc_a"
            }
          ],
          "Type": "Local"
        }
      ],
      "SetFlags": [
        {
          "Flags": [
            {
              "UUID": "e546cfe7-1ac3-e14a-6a4c-63e5ae290100",
              "value": true,
              "paramval": null,
              "Name": "b8993c89-0c1c-1bb8-4d8d-b49ce9f3c5cc_a"
            }
          ],
          "Type": "Local"
        }
      ],
      "TaggedTextList": [
        {
          "HasTagRule": false,
          "RuleGroup": {
            "TagCombineOp": 0,
            "Rules": [],
            "RuleString": ""
          },
          "TagTexts": [
            {
              "LineId": "5d409834-dd90-ba5b-72ec-31ead20458d9",
              "Text": {
                "Handle": "hebf7a4b0g61c1g457fga658gf6598c96dfc1",
                "Value": "Somebody stop them!"
              }
            }
          ]
        }
      ],
      "EditorData": {
        "AnimationTags": "",
        "Attitude": "Default",
        "CinematicNodeContext": "",
        "CinematicObjects": "",
        "CustomCineArtKeysPresent": "False",
        "CustomLightingPresent": "False",
        "CustomSoundPresent": "False",
        "CustomVFXPresent": "False",
        "Emotion": "Default",
        "ForceDisableIsCustomNode": "False",
        "ID": "N1",
        "InternalNodeContext": "",
        "IsCustomNode": "False",
        "MusicTags": "",
        "NodeContext": "Urgent. In danger.",
        "Quality": "Bronze",
        "SFXTags": "",
        "StateChangeTags": "",
        "TemplateNodeUUID": "00000000-0000-0000-0000-000000000000",
        "TemplateVersion": "0",
        "VFXTags": "",
        "collapsed": "False",
        "logicalname": "Greeting",
        "position": "15;15",
        "sourcetemplate": ""
      }
    }
  },
  "SpeakerDict": {
    "0": {
      "IsPeanutSpeaker": false,
      "SpeakerMappingId": "3d8ef15a-f2ab-a67f-19d2-dd69290fa666",
      "Index": 0,
      "List": [
        "dd9178e7-1e3f-43bc-8a38-666dfcac7d0c"
      ],
      "SpeakerCharacter": {
        "DisplayName": "Danis",
        "Type": "character",
        "MapKey": "dd9178e7-1e3f-43bc-8a38-666dfcac7d0c",
        "Name": "S_GLO_YoungLover_01",
        "ParentTemplateId": null,
        "TemplateName": "a5856190-08e3-4741-b697-8b1cbf03eaa1"
      },
      "SpeakerGroupName": null
    }
  },
  "Synopsis": "Danis reacts to the tiefling refugees (himself included) being attacked by the druids."
}