{
  "Path": "Mods/Gustav/Story/Dialogs/Act1/DEN/DEN_AdventurersQuest_AD_AradinAndRemira.lsj",
  "UUID": "7619c224-45e6-1164-76c3-4530cc109664",
  "Category": "Repeated automated NPC Dialog",
  "DefaultAddressedSpeakers": {
    "0": -1,
    "1": -1
  },
  "RootNodes": [
    "7921ea28-c255-755e-148a-ecf095cd7b4d",
    "214a7204-a1c0-56eb-5ac7-b0ec40848ba8",
    "b7ae87b4-4f3c-753c-d8df-827f1de366a5"
  ],
  "Nodes": {
    "1ea0f1d1-c714-e3c2-e804-93787a16f44e": {
      "UUID": "1ea0f1d1-c714-e3c2-e804-93787a16f44e",
      "Constructor": "TagAnswer",
      "EndNode": false,
      "Root": false,
      "ShowOnce": false,
      "SpeakerNo": 0,
      "AddressedSpeaker": 0,
      "Children": [
        "cde18748-fe27-39d3-79b3-bb2b97b934e7"
      ],
      "CheckFlags": [],
      "SetFlags": [],
      "TaggedTextList": [
        {
          "HasTagRule": false,
          "RuleGroup": {
            "TagCombineOp": 0,
            "Rules": [],
            "RuleString": ""
          },
          "TagTexts": [
            {
              "LineId": "c157905e-4ac9-8ef8-1109-2efc9f2d1cd8",
              "Text": {
                "Handle": "h105db0f9g8a88g4d91gbd4bgcf71d5a62291",
                "Value": "Everyone needs to cut their teeth sometime."
              }
            }
          ]
        }
      ],
      "EditorData": {
        "AnimationTags": "",
        "Attitude": "Default",
        "CinematicNodeContext": "",
        "CinematicObjects": "",
        "CustomCineArtKeysPresent": "False",
        "CustomLightingPresent": "False",
        "CustomSoundPresent": "False",
        "CustomVFXPresent": "False",
        "Emotion": "Default",
        "ForceDisableIsCustomNode": "False",
        "ID": "N15",
        "InternalNodeContext": "",
        "IsCustomNode": "False",
        "MusicTags": "",
        "NodeContext": "",
        "Quality": "Bronze",
        "SFXTags": "",
        "StateChangeTags": "",
        "TemplateNodeUUID": "00000000-0000-0000-0000-000000000000",
        "TemplateVersion": "0",
        "VFXTags": "",
        "collapsed": "False",
        "logicalname": "Answer",
        "position": "335;-204",
        "sourcetemplate": ""
      }
    },
    "214a7204-a1c0-56eb-5ac7-b0ec40848ba8": {
      "UUID": "214a7204-a1c0-56eb-5ac7-b0ec40848ba8",
      "Constructor": "TagGreeting",
      "EndNode": false,
      "Root": true,
      "ShowOnce": false,
      "SpeakerNo": 1,
      "AddressedSpeaker": 0,
      "Children": [
        "1ea0f1d1-c714-e3c2-e804-93787a16f44e"
      ],
      "CheckFlags": [
        {
          "Flags": [
            {
              "UUID": "343f28b3-be09-fb54-6449-1d11876b6f28",
              "value": true,
              "paramval": null,
              "Name": "7619c224-45e6-1164-76c3-4530cc109664_Flow1"
            }
          ],
          "Type": "Local"
        }
      ],
      "SetFlags": [
        {
          "Flags": [
            {
              "UUID": "0ac7f684-7a9d-56f0-bfba-8c79e6c67122",
              "value": true,
              "paramval": null,
              "Name": "7619c224-45e6-1164-76c3-4530cc109664_Flow2"
            }
          ],
          "Type": "Local"
        }
      ],
      "TaggedTextList": [
        {
          "HasTagRule": false,
          "RuleGroup": {
            "TagCombineOp": 0,
            "Rules": [],
            "RuleString": ""
          },
          "TagTexts": [
            {
              "LineId": "3e598e0e-9538-7748-4cd0-aaab4674e74b",
              "Text": {
                "Handle": "h02801b1ag8ba8g45abgbb5dg9bce1455e89f",
                "Value": "You shouldn't have brought Liam along. Lad was too young."
              }
            }
          ]
        }
      ],
      "EditorData": {
        "AnimationTags": "",
        "Attitude": "Neutral",
        "CinematicNodeContext": "",
        "CinematicObjects": "",
        "CustomCineArtKeysPresent": "False",
        "CustomLightingPresent": "False",
        "CustomSoundPresent": "False",
        "CustomVFXPresent": "False",
        "Emotion": "Default",
        "ForceDisableIsCustomNode": "False",
        "ID": "N3",
        "InternalNodeContext": "",
        "IsCustomNode": "False",
        "MusicTags": "",
        "NodeContext": "",
        "Quality": "Bronze",
        "SFXTags": "",
        "StateChangeTags": "",
        "TemplateNodeUUID": "00000000-0000-0000-0000-000000000000",
        "TemplateVersion": "0",
        "VFXTags": "",
        "collapsed": "False",
        "logicalname": "Greeting",
        "position": "15;-204",
        "sourcetemplate": ""
      }
    },
    "3db42d2e-d5c5-c3f8-9544-8a86e68227a5": {
      "UUID": "3db42d2e-d5c5-c3f8-9544-8a86e68227a5",
      "Constructor": "TagAnswer",
      "EndNode": false,
      "Root": false,
      "ShowOnce": false,
      "SpeakerNo": 1,
      "AddressedSpeaker": 0,
      "Children": [
        "df25332e-c0e9-c38e-e1e0-4d626c5f8aaf"
      ],
      "CheckFlags": [],
      "SetFlags": [],
      "TaggedTextList": [
        {
          "HasTagRule": false,
          "RuleGroup": {
            "TagCombineOp": 0,
            "Rules": [],
            "RuleString": ""
          },
          "TagTexts": [
            {
              "LineId": "c51a9d10-9693-4c97-de14-6342d2081b59",
              "Text": {
                "Handle": "h592536b8g2a4cg4ea4g8782g4d696a35daf9",
                "Value": "... how?"
              }
            }
          ]
        }
      ],
      "EditorData": {
        "AnimationTags": "",
        "Attitude": "Default",
        "CinematicNodeContext": "",
        "CinematicObjects": "",
        "CustomCineArtKeysPresent": "False",
        "CustomLightingPresent": "False",
        "CustomSoundPresent": "False",
        "CustomVFXPresent": "False",
        "Emotion": "Default",
        "ForceDisableIsCustomNode": "False",
        "ID": "N10",
        "InternalNodeContext": "",
        "IsCustomNode": "False",
        "MusicTags": "",
        "NodeContext": "",
        "Quality": "Bronze",
        "SFXTags": "",
        "StateChangeTags": "",
        "TemplateNodeUUID": "00000000-0000-0000-0000-000000000000",
        "TemplateVersion": "0",
        "VFXTags": "",
        "collapsed": "False",
        "logicalname": "Answer",
        "position": "335;15",
        "sourcetemplate": ""
      }
    },
    "441188b3-5d04-05a5-31fa-47e93cb0e347": {
      "UUID": "441188b3-5d04-05a5-31fa-47e93cb0e347",
      "Constructor": "TagAnswer",
      "EndNode": true,
      "Root": false,
      "ShowOnce": false,
      "SpeakerNo": 1,
      "AddressedSpeaker": 0,
      "Children": [],
      "CheckFlags": [],
      "SetFlags": [],
      "TaggedTextList": [
        {
          "HasTagRule": false,
          "RuleGroup": {
            "TagCombineOp": 0,
            "Rules": [],
            "RuleString": ""
          },
          "TagTexts": [
            {
              "LineId": "4ec34f45-9407-88a3-7d35-4d1191faded3",
              "Text": {
                "Handle": "hb24a04f4gbf99g4191g9348g8bd3a40babfd",
                "Value": "Not the worst plan you've had lately."
              }
            }
          ]
        }
      ],
      "EditorData": {
        "AnimationTags": "",
        "Attitude": "Default",
        "CinematicNodeContext": "",
        "CinematicObjects": "",
        "CustomCineArtKeysPresent": "False",
        "CustomLightingPresent": "False",
        "CustomSoundPresent": "False",
        "CustomVFXPresent": "False",
        "Emotion": "Default",
        "ForceDisableIsCustomNode": "False",
        "ID": "N27",
        "InternalNodeContext": "",
        "IsCustomNode": "False",
        "MusicTags": "",
        "NodeContext": "",
        "Quality": "Bronze",
        "SFXTags": "",
        "StateChangeTags": "",
        "TemplateNodeUUID": "00000000-0000-0000-0000-000000000000",
        "TemplateVersion": "0",
        "VFXTags": "",
        "collapsed": "False",
        "logicalname": "Answer",
        "position": "655;-423",
        "sourcetemplate": ""
      }
    },
    "7921ea28-c255-755e-148a-ecf095cd7b4d": {
      "UUID": "7921ea28-c255-755e-148a-ecf095cd7b4d",
      "Constructor": "TagGreeting",
      "EndNode": false,
      "Root": true,
      "ShowOnce": false,
      "SpeakerNo": 1,
      "AddressedSpeaker": 0,
      "Children": [
        "e9fba4a4-a3a2-b691-341b-09d2f44d04c4"
      ],
      "CheckFlags": [
        {
          "Flags": [
            {
              "UUID": "0ac7f684-7a9d-56f0-bfba-8c79e6c67122",
              "value": true,
              "paramval": null,
              "Name": "7619c224-45e6-1164-76c3-4530cc109664_Flow2"
            }
          ],
          "Type": "Local"
        }
      ],
      "SetFlags": [
        {
          "Flags": [
            {
              "UUID": "0ac7f684-7a9d-56f0-bfba-8c79e6c67122",
              "value": false,
              "paramval": null,
              "Name": "7619c224-45e6-1164-76c3-4530cc109664_Flow2"
            },
            {
              "UUID": "343f28b3-be09-fb54-6449-1d11876b6f28",
              "value": false,
              "paramval": null,
              "Name": "7619c224-45e6-1164-76c3-4530cc109664_Flow1"
            }
          ],
          "Type": "Local"
        }
      ],
      "TaggedTextList": [
        {
          "HasTagRule": false,
          "RuleGroup": {
            "TagCombineOp": 0,
            "Rules": [],
            "RuleString": ""
          },
          "TagTexts": [
            {
              "LineId": "976bfa64-07b7-3d07-2a3a-e75b429a6262",
              "Text": {
                "Handle": "he78deab4g682fg4704gafa2g7a80bff048ad",
                "Value": "What comes next?"
              }
            }
          ]
        }
      ],
      "EditorData": {
        "AnimationTags": "",
        "Attitude": "Neutral",
        "CinematicNodeContext": "",
        "CinematicObjects": "",
        "CustomCineArtKeysPresent": "False",
        "CustomLightingPresent": "False",
        "CustomSoundPresent": "False",
        "CustomVFXPresent": "False",
        "Emotion": "Default",
        "ForceDisableIsCustomNode": "False",
        "ID": "N1",
        "InternalNodeContext": "",
        "IsCustomNode": "False",
        "MusicTags": "",
        "NodeContext": "",
        "Quality": "Bronze",
        "SFXTags": "",
        "StateChangeTags": "",
        "TemplateNodeUUID": "00000000-0000-0000-0000-000000000000",
        "TemplateVersion": "0",
        "VFXTags": "",
        "collapsed": "False",
        "logicalname": "Greeting",
        "position": "15;-423",
        "sourcetemplate": ""
      }
    },
    "b7ae87b4-4f3c-753c-d8df-827f1de366a5": {
      "UUID": "b7ae87b4-4f3c-753c-d8df-827f1de366a5",
      "Constructor": "TagGreeting",
      "EndNode": false,
      "Root": true,
      "ShowOnce": false,
      "SpeakerNo": 0,
      "AddressedSpeaker": 0,
      "Children": [
        "3db42d2e-d5c5-c3f8-9544-8a86e68227a5"
      ],
      "CheckFlags": [],
      "SetFlags": [
        {
          "Flags": [
            {
              "UUID": "343f28b3-be09-fb54-6449-1d11876b6f28",
              "value": true,
              "paramval": null,
              "Name": "7619c224-45e6-1164-76c3-4530cc109664_Flow1"
            }
          ],
          "Type": "Local"
        }
      ],
      "TaggedTextList": [
        {
          "HasTagRule": false,
          "RuleGroup": {
            "TagCombineOp": 0,
            "Rules": [],
            "RuleString": ""
          },
          "TagTexts": [
            {
              "LineId": "999d1be1-6ac3-4795-cac4-aeffe7253913",
              "Text": {
                "Handle": "ha2b046ddg239fg4d3dg985ag79ed267df508",
                "Value": "It could be worse."
              }
            }
          ]
        }
      ],
      "EditorData": {
        "AnimationTags": "",
        "Attitude": "Neutral",
        "CinematicNodeContext": "",
        "CinematicObjects": "",
        "CustomCineArtKeysPresent": "False",
        "CustomLightingPresent": "False",
        "CustomSoundPresent": "False",
        "CustomVFXPresent": "False",
        "Emotion": "Default",
        "ForceDisableIsCustomNode": "False",
        "ID": "N2",
        "InternalNodeContext": "",
        "IsCustomNode": "False",
        "MusicTags": "",
        "NodeContext": "",
        "Quality": "Bronze",
        "SFXTags": "",
        "StateChangeTags": "",
        "TemplateNodeUUID": "00000000-0000-0000-0000-000000000000",
        "TemplateVersion": "0",
        "VFXTags": "",
        "collapsed": "False",
        "logicalname": "Greeting",
        "position": "15;15",
        "sourcetemplate": ""
      }
    },
    "cde18748-fe27-39d3-79b3-bb2b97b934e7": {
      "UUID": "cde18748-fe27-39d3-79b3-bb2b97b934e7",
      "Constructor": "TagAnswer",
      "EndNode": true,
      "Root": false,
      "ShowOnce": false,
      "SpeakerNo": 1,
      "AddressedSpeaker": 0,
      "Children": [],
      "CheckFlags": [],
      "SetFlags": [],
      "TaggedTextList": [
        {
          "HasTagRule": false,
          "RuleGroup": {
            "TagCombineOp": 0,
            "Rules": [],
            "RuleString": ""
          },
          "TagTexts": [
            {
              "LineId": "218d3afd-4704-1935-3e24-be5da2962098",
              "Text": {
                "Handle": "h8200fa97g0290g4f8fga4fdgd3743855f002",
                "Value": "Cut his teeth?! For his sake, I hope he's dead already."
              }
            }
          ]
        }
      ],
      "EditorData": {
        "AnimationTags": "",
        "Attitude": "Default",
        "CinematicNodeContext": "",
        "CinematicObjects": "",
        "CustomCineArtKeysPresent": "False",
        "CustomLightingPresent": "False",
        "CustomSoundPresent": "False",
        "CustomVFXPresent": "False",
        "Emotion": "Default",
        "ForceDisableIsCustomNode": "False",
        "ID": "N19",
        "InternalNodeContext": "",
        "IsCustomNode": "False",
        "MusicTags": "",
        "NodeContext": "",
        "Quality": "Bronze",
        "SFXTags": "",
        "StateChangeTags": "",
        "TemplateNodeUUID": "00000000-0000-0000-0000-000000000000",
        "TemplateVersion": "0",
        "VFXTags": "",
        "collapsed": "False",
        "logicalname": "Answer",
        "position": "655;-204",
        "sourcetemplate": ""
      }
    },
    "df25332e-c0e9-c38e-e1e0-4d626c5f8aaf": {
      "UUID": "df25332e-c0e9-c38e-e1e0-4d626c5f8aaf",
      "Constructor": "TagAnswer",
      "EndNode": true,
      "Root": false,
      "ShowOnce": false,
      "SpeakerNo": 0,
      "AddressedSpeaker": 0,
      "Children": [],
      "CheckFlags": [],
      "SetFlags": [],
      "TaggedTextList": [
        {
          "HasTagRule": false,
          "RuleGroup": {
            "TagCombineOp": 0,
            "Rules": [],
            "RuleString": ""
          },
          "TagTexts": [
            {
              "LineId": "05b84b00-a01a-2d79-370a-0c2212c4fbdf",
              "Text": {
                "Handle": "h79c786a0g6c75g4c6bg8d86ga43fda54a04c",
                "Value": "Coulda been <i>us </i>they caught."
              }
            }
          ]
        }
      ],
      "EditorData": {
        "AnimationTags": "",
        "Attitude": "Default",
        "CinematicNodeContext": "",
        "CinematicObjects": "",
        "CustomCineArtKeysPresent": "False",
        "CustomLightingPresent": "False",
        "CustomSoundPresent": "False",
        "CustomVFXPresent": "False",
        "Emotion": "Default",
        "ForceDisableIsCustomNode": "False",
        "ID": "N11",
        "InternalNodeContext": "",
        "IsCustomNode": "False",
        "MusicTags": "",
        "NodeContext": "",
        "Quality": "Bronze",
        "SFXTags": "",
        "StateChangeTags": "",
        "TemplateNodeUUID": "00000000-0000-0000-0000-000000000000",
        "TemplateVersion": "0",
        "VFXTags": "",
        "collapsed": "False",
        "logicalname": "Answer",
        "position": "655;15",
        "sourcetemplate": ""
      }
    },
    "e9fba4a4-a3a2-b691-341b-09d2f44d04c4": {
      "UUID": "e9fba4a4-a3a2-b691-341b-09d2f44d04c4",
      "Constructor": "TagAnswer",
      "EndNode": false,
      "Root": false,
      "ShowOnce": false,
      "SpeakerNo": 0,
      "AddressedSpeaker": 0,
      "Children": [
        "441188b3-5d04-05a5-31fa-47e93cb0e347"
      ],
      "CheckFlags": [],
      "SetFlags": [],
      "TaggedTextList": [
        {
          "HasTagRule": false,
          "RuleGroup": {
            "TagCombineOp": 0,
            "Rules": [],
            "RuleString": ""
          },
          "TagTexts": [
            {
              "LineId": "003d5407-5f99-5080-4503-6c062e9e5be3",
              "Text": {
                "Handle": "h031dcbdeg64a8g4c28gbab5ga0c54fa59a2c",
                "Value": "We finish this bottle. Got enough dead to toast, anyway."
              }
            }
          ]
        }
      ],
      "EditorData": {
        "AnimationTags": "",
        "Attitude": "Default",
        "CinematicNodeContext": "",
        "CinematicObjects": "",
        "CustomCineArtKeysPresent": "False",
        "CustomLightingPresent": "False",
        "CustomSoundPresent": "False",
        "CustomVFXPresent": "False",
        "Emotion": "Default",
        "ForceDisableIsCustomNode": "False",
        "ID": "N23",
        "InternalNodeContext": "",
        "IsCustomNode": "False",
        "MusicTags": "",
        "NodeContext": "",
        "Quality": "Bronze",
        "SFXTags": "",
        "StateChangeTags": "",
        "TemplateNodeUUID": "00000000-0000-0000-0000-000000000000",
        "TemplateVersion": "0",
        "VFXTags": "",
        "collapsed": "False",
        "logicalname": "Answer",
        "position": "335;-423",
        "sourcetemplate": ""
      }
    }
  },
  "SpeakerDict": {
    "0": {
      "IsPeanutSpeaker": false,
      "SpeakerMappingId": "511597e6-08c9-a494-f931-65afc532934a",
      "Index": 0,
      "List": [
        "82d1b843-9e8c-48a5-9d87-caddea5c193c"
      ],
      "SpeakerCharacter": {
        "DisplayName": "Aradin",
        "Type": "character",
        "MapKey": "82d1b843-9e8c-48a5-9d87-caddea5c193c",
        "Name": "S_DEN_AdventurerLeader",
        "ParentTemplateId": null,
        "TemplateName": "3278f064-5353-4c08-ab96-c2f432d0fda0"
      },
      "SpeakerGroupName": null
    },
    "1": {
      "IsPeanutSpeaker": false,
      "SpeakerMappingId": "467c8329-1069-421c-fddf-1037b5582d10",
      "Index": 1,
      "List": [
        "4faf77a0-b883-4f7b-acbf-4500973f446d"
      ],
      "SpeakerCharacter": {
        "DisplayName": "Remira",
        "Type": "character",
        "MapKey": "4faf77a0-b883-4f7b-acbf-4500973f446d",
        "Name": "S_DEN_RaidAdventurer",
        "ParentTemplateId": null,
        "TemplateName": "19dc6cab-aa38-4f09-b9cf-546e1c0ecb8a"
      },
      "SpeakerGroupName": null
    }
  },
  "Synopsis": "Aradin and Remira are having a drink after arriving back in the Druid Grove."
}