{
  "Path": "Mods/Gustav/Story/Dialogs/Act1/DEN/DEN_GuardedEntrance_AD_ParentsLeaving.lsj",
  "UUID": "bac9228f-e604-f7bb-3ecd-838890b2b6e5",
  "Category": "Automated NPC Dialog",
  "DefaultAddressedSpeakers": {
    "0": -1,
    "1": -1
  },
  "RootNodes": [
    "f565ab51-744b-ccb4-2620-c1ab7abe5046"
  ],
  "Nodes": {
    "1b9c0aa6-0d62-82ba-1a1d-9ffb07a84fe1": {
      "UUID": "1b9c0aa6-0d62-82ba-1a1d-9ffb07a84fe1",
      "Constructor": "TagAnswer",
      "EndNode": true,
      "Root": false,
      "ShowOnce": false,
      "SpeakerNo": 0,
      "AddressedSpeaker": 0,
      "Children": [],
      "CheckFlags": [],
      "SetFlags": [],
      "TaggedTextList": [
        {
          "HasTagRule": false,
          "RuleGroup": {
            "TagCombineOp": 0,
            "Rules": [],
            "RuleString": ""
          },
          "TagTexts": [
            {
              "LineId": "3b1e5ec7-ab9b-80a1-8bef-a8e810b3e372",
              "Text": {
                "Handle": "h5e8dfa14g632bg41f1gb81fg7f075ad1ffc1",
                "Value": "I'd rather you not get eaten by a <i>bear.</i>"
              }
            }
          ]
        }
      ],
      "EditorData": {
        "AnimationTags": "",
        "Attitude": "Default",
        "CinematicNodeContext": "",
        "CinematicObjects": "",
        "CustomCineArtKeysPresent": "False",
        "CustomLightingPresent": "False",
        "CustomSoundPresent": "False",
        "CustomVFXPresent": "False",
        "Emotion": "Default",
        "ForceDisableIsCustomNode": "False",
        "ID": "N2",
        "InternalNodeContext": "",
        "IsCustomNode": "False",
        "MusicTags": "",
        "NodeContext": "",
        "Quality": "Bronze",
        "SFXTags": "",
        "StateChangeTags": "",
        "TemplateNodeUUID": "00000000-0000-0000-0000-000000000000",
        "TemplateVersion": "0",
        "VFXTags": "",
        "collapsed": "False",
        "logicalname": "Answer",
        "position": "335;15",
        "sourcetemplate": ""
      }
    },
    "f565ab51-744b-ccb4-2620-c1ab7abe5046": {
      "UUID": "f565ab51-744b-ccb4-2620-c1ab7abe5046",
      "Constructor": "TagGreeting",
      "EndNode": false,
      "Root": true,
      "ShowOnce": false,
      "SpeakerNo": 1,
      "AddressedSpeaker": 0,
      "Children": [
        "1b9c0aa6-0d62-82ba-1a1d-9ffb07a84fe1"
      ],
      "CheckFlags": [],
      "SetFlags": [],
      "TaggedTextList": [
        {
          "HasTagRule": false,
          "RuleGroup": {
            "TagCombineOp": 0,
            "Rules": [],
            "RuleString": ""
          },
          "TagTexts": [
            {
              "LineId": "d9f0529a-1423-33a1-e5bd-47552932b415",
              "Text": {
                "Handle": "hab360f3dg87c6g4610g85b2g7056db887a36",
                "Value": "Damn it. We could have taken those guards."
              }
            }
          ]
        }
      ],
      "EditorData": {
        "AnimationTags": "",
        "Attitude": "Default",
        "CinematicNodeContext": "",
        "CinematicObjects": "",
        "CustomCineArtKeysPresent": "False",
        "CustomLightingPresent": "False",
        "CustomSoundPresent": "False",
        "CustomVFXPresent": "False",
        "Emotion": "Default",
        "ForceDisableIsCustomNode": "False",
        "ID": "N1",
        "InternalNodeContext": "",
        "IsCustomNode": "False",
        "MusicTags": "",
        "NodeContext": "",
        "Quality": "Bronze",
        "SFXTags": "",
        "StateChangeTags": "",
        "TemplateNodeUUID": "00000000-0000-0000-0000-000000000000",
        "TemplateVersion": "0",
        "VFXTags": "",
        "collapsed": "False",
        "logicalname": "Greeting",
        "position": "15;15",
        "sourcetemplate": ""
      }
    }
  },
  "SpeakerDict": {
    "0": {
      "IsPeanutSpeaker": false,
      "SpeakerMappingId": "7d09223a-3bfa-b05c-8437-0a12ccecabda",
      "Index": 0,
      "List": [
        "d6d88c8b-6ba7-4350-b3b3-d60565a44e90"
      ],
      "SpeakerCharacter": {
        "DisplayName": "Locke",
        "Type": "character",
        "MapKey": "d6d88c8b-6ba7-4350-b3b3-d60565a44e90",
        "Name": "S_DEN_ParentA",
        "ParentTemplateId": null,
        "TemplateName": "a5856190-08e3-4741-b697-8b1cbf03eaa1"
      },
      "SpeakerGroupName": null
    },
    "1": {
      "IsPeanutSpeaker": false,
      "SpeakerMappingId": "52ac17a2-4ea6-4cf7-3f8f-9d8b40c891db",
      "Index": 1,
      "List": [
        "397467d4-1631-447b-a505-d44275dca78e"
      ],
      "SpeakerCharacter": {
        "DisplayName": "Komira",
        "Type": "character",
        "MapKey": "397467d4-1631-447b-a505-d44275dca78e",
        "Name": "S_DEN_ParentB",
        "ParentTemplateId": null,
        "TemplateName": "9103fce3-6423-4f8a-af04-83ac1af2a1d7"
      },
      "SpeakerGroupName": null
    }
  },
  "Synopsis": "Parents have just walked away from guards after being threatened. The situation has dissolved but they are tense - the wife in particular. "
}