{
  "Path": "Mods/Gustav/Story/Dialogs/Act1/DEN/DEN_AttackOnDen_ProdigySister.lsj",
  "UUID": "2124d8e0-7864-fc31-e257-82b692579395",
  "Category": "Generic NPC Dialog",
  "DefaultAddressedSpeakers": {
    "0": 1,
    "1": 0
  },
  "RootNodes": [
    "7415d555-99c1-30ae-3323-b4335299d739",
    "cf0d1645-278c-5f2c-d417-9370e4132565",
    "43ed4429-95b3-f043-70c4-dcef73cd4121",
    "d8a069b0-252d-3024-bf7a-fe0fec02cd87"
  ],
  "Nodes": {
    "43ed4429-95b3-f043-70c4-dcef73cd4121": {
      "UUID": "43ed4429-95b3-f043-70c4-dcef73cd4121",
      "Constructor": "TagGreeting",
      "EndNode": true,
      "Root": true,
      "ShowOnce": false,
      "SpeakerNo": 0,
      "AddressedSpeaker": -1,
      "Children": [],
      "CheckFlags": [
        {
          "Flags": [
            {
              "UUID": "80aef762-cd84-e666-968d-520f1380abde",
              "value": true,
              "paramval": 1,
              "Name": "DEN_AttackOnDen_HasMet_ProdigySister"
            }
          ],
          "Type": "Dialog"
        }
      ],
      "SetFlags": [],
      "TaggedTextList": [
        {
          "HasTagRule": false,
          "RuleGroup": {
            "TagCombineOp": 0,
            "Rules": [],
            "RuleString": ""
          },
          "TagTexts": [
            {
              "LineId": "233eb6a2-8b7c-aeb0-db15-23b1e115ca28",
              "Text": {
                "Handle": "hcf38a429gc687g4a5fg8608gc2e3e8ee3062",
                "Value": "I don't think there's a bit of me that isn't hurting after that fight. Worth it, though."
              }
            }
          ]
        }
      ],
      "EditorData": {
        "AnimationTags": "",
        "Attitude": "Default",
        "CinematicNodeContext": "",
        "CinematicObjects": "",
        "CustomCineArtKeysPresent": "False",
        "CustomLightingPresent": "False",
        "CustomSoundPresent": "False",
        "CustomVFXPresent": "False",
        "Emotion": "Default",
        "ForceDisableIsCustomNode": "False",
        "ID": "N1",
        "InternalNodeContext": "",
        "IsCustomNode": "False",
        "MusicTags": "",
        "NodeContext": "",
        "Quality": "Bronze",
        "SFXTags": "",
        "StateChangeTags": "",
        "TemplateNodeUUID": "00000000-0000-0000-0000-000000000000",
        "TemplateVersion": "0",
        "VFXTags": "",
        "collapsed": "False",
        "logicalname": "Den Victory / Has Met",
        "position": "15;15",
        "sourcetemplate": ""
      }
    },
    "7415d555-99c1-30ae-3323-b4335299d739": {
      "UUID": "7415d555-99c1-30ae-3323-b4335299d739",
      "Constructor": "TagGreeting",
      "EndNode": true,
      "Root": true,
      "ShowOnce": false,
      "SpeakerNo": 0,
      "AddressedSpeaker": -1,
      "Children": [],
      "CheckFlags": [
        {
          "Flags": [
            {
              "UUID": "80aef762-cd84-e666-968d-520f1380abde",
              "value": true,
              "paramval": 1,
              "Name": "DEN_AttackOnDen_HasMet_ProdigySister"
            }
          ],
          "Type": "Dialog"
        },
        {
          "Flags": [
            {
              "UUID": "1e6a42ed-8313-4f46-57e2-20dbdb2df923",
              "value": true,
              "paramval": null,
              "Name": "DEN_Refugees_State_LeadersAreDead"
            }
          ],
          "Type": "Global"
        }
      ],
      "SetFlags": [],
      "TaggedTextList": [
        {
          "HasTagRule": false,
          "RuleGroup": {
            "TagCombineOp": 0,
            "Rules": [],
            "RuleString": ""
          },
          "TagTexts": [
            {
              "LineId": "95b12936-ee08-49d7-46c3-f52e8aecd814",
              "Text": {
                "Handle": "hcdcd331agabe1g43fdg869dgbdebede6feba",
                "Value": "Looks like we're good to go. I'm glad."
              }
            }
          ]
        }
      ],
      "EditorData": {
        "AnimationTags": "",
        "Attitude": "Default",
        "CinematicNodeContext": "",
        "CinematicObjects": "",
        "CustomCineArtKeysPresent": "False",
        "CustomLightingPresent": "False",
        "CustomSoundPresent": "False",
        "CustomVFXPresent": "False",
        "Emotion": "Default",
        "ForceDisableIsCustomNode": "False",
        "ID": "N78",
        "InternalNodeContext": "",
        "IsCustomNode": "False",
        "MusicTags": "",
        "NodeContext": "",
        "Quality": "Bronze",
        "SFXTags": "",
        "StateChangeTags": "",
        "TemplateNodeUUID": "00000000-0000-0000-0000-000000000000",
        "TemplateVersion": "0",
        "VFXTags": "",
        "collapsed": "False",
        "logicalname": "Goblin Leadership Dead",
        "position": "15;-423",
        "sourcetemplate": ""
      }
    },
    "cf0d1645-278c-5f2c-d417-9370e4132565": {
      "UUID": "cf0d1645-278c-5f2c-d417-9370e4132565",
      "Constructor": "TagGreeting",
      "EndNode": true,
      "Root": true,
      "ShowOnce": false,
      "SpeakerNo": 0,
      "AddressedSpeaker": -1,
      "Children": [],
      "CheckFlags": [
        {
          "Flags": [
            {
              "UUID": "1e6a42ed-8313-4f46-57e2-20dbdb2df923",
              "value": true,
              "paramval": null,
              "Name": "DEN_Refugees_State_LeadersAreDead"
            }
          ],
          "Type": "Global"
        }
      ],
      "SetFlags": [
        {
          "Flags": [
            {
              "UUID": "80aef762-cd84-e666-968d-520f1380abde",
              "value": true,
              "paramval": 1,
              "Name": "DEN_AttackOnDen_HasMet_ProdigySister"
            }
          ],
          "Type": "Dialog"
        }
      ],
      "TaggedTextList": [
        {
          "HasTagRule": false,
          "RuleGroup": {
            "TagCombineOp": 0,
            "Rules": [],
            "RuleString": ""
          },
          "TagTexts": [
            {
              "LineId": "e1b8fff8-6d81-c90c-389f-5d9051881ba4",
              "Text": {
                "Handle": "h3b3641d6gf70eg44b6g87d5ga33b3c2aed6e",
                "Value": "It was you, right? Who took care of the goblins? I knew you were a good one."
              }
            }
          ]
        }
      ],
      "EditorData": {
        "AnimationTags": "",
        "Attitude": "Default",
        "CinematicNodeContext": "",
        "CinematicObjects": "",
        "CustomCineArtKeysPresent": "False",
        "CustomLightingPresent": "False",
        "CustomSoundPresent": "False",
        "CustomVFXPresent": "False",
        "Emotion": "Default",
        "ForceDisableIsCustomNode": "False",
        "ID": "N82",
        "InternalNodeContext": "",
        "IsCustomNode": "False",
        "MusicTags": "",
        "NodeContext": "",
        "Quality": "Bronze",
        "SFXTags": "",
        "StateChangeTags": "",
        "TemplateNodeUUID": "00000000-0000-0000-0000-000000000000",
        "TemplateVersion": "0",
        "VFXTags": "",
        "collapsed": "False",
        "logicalname": "Goblin Leadership Dead",
        "position": "15;-204",
        "sourcetemplate": ""
      }
    },
    "d6f25ae9-d674-3e95-1d14-f25a1859f127": {
      "UUID": "d6f25ae9-d674-3e95-1d14-f25a1859f127",
      "Constructor": "TagAnswer",
      "EndNode": true,
      "Root": false,
      "ShowOnce": false,
      "SpeakerNo": 0,
      "AddressedSpeaker": -1,
      "Children": [],
      "CheckFlags": [],
      "SetFlags": [],
      "TaggedTextList": [
        {
          "HasTagRule": false,
          "RuleGroup": {
            "TagCombineOp": 0,
            "Rules": [],
            "RuleString": ""
          },
          "TagTexts": [
            {
              "LineId": "f3de0655-6132-ed07-cab4-21911b6036b6",
              "Text": {
                "Handle": "h8f5481afg328eg43cfg9d17g5637bb92673e",
                "Value": "Thanks - for keeping these people safe. For keeping <i>us </i>safe. "
              }
            }
          ]
        }
      ],
      "EditorData": {
        "AnimationTags": "",
        "Attitude": "Default",
        "CinematicNodeContext": "",
        "CinematicObjects": "",
        "CustomCineArtKeysPresent": "False",
        "CustomLightingPresent": "False",
        "CustomSoundPresent": "False",
        "CustomVFXPresent": "False",
        "Emotion": "Default",
        "ForceDisableIsCustomNode": "False",
        "ID": "N74",
        "InternalNodeContext": "",
        "IsCustomNode": "False",
        "MusicTags": "",
        "NodeContext": "",
        "Quality": "Bronze",
        "SFXTags": "",
        "StateChangeTags": "",
        "TemplateNodeUUID": "00000000-0000-0000-0000-000000000000",
        "TemplateVersion": "0",
        "VFXTags": "",
        "collapsed": "False",
        "logicalname": "Answer",
        "position": "335;234",
        "sourcetemplate": ""
      }
    },
    "d8a069b0-252d-3024-bf7a-fe0fec02cd87": {
      "UUID": "d8a069b0-252d-3024-bf7a-fe0fec02cd87",
      "Constructor": "TagGreeting",
      "EndNode": false,
      "Root": true,
      "ShowOnce": false,
      "SpeakerNo": 0,
      "AddressedSpeaker": -1,
      "Children": [
        "d6f25ae9-d674-3e95-1d14-f25a1859f127"
      ],
      "CheckFlags": [],
      "SetFlags": [
        {
          "Flags": [
            {
              "UUID": "80aef762-cd84-e666-968d-520f1380abde",
              "value": true,
              "paramval": 1,
              "Name": "DEN_AttackOnDen_HasMet_ProdigySister"
            }
          ],
          "Type": "Dialog"
        }
      ],
      "TaggedTextList": [
        {
          "HasTagRule": false,
          "RuleGroup": {
            "TagCombineOp": 0,
            "Rules": [],
            "RuleString": ""
          },
          "TagTexts": [
            {
              "LineId": "0c74c0d1-160d-82c8-1084-5f94698be2e3",
              "Text": {
                "Handle": "h69b41ac8g2323g4666gad91gb4523abb638c",
                "Value": "The road to Baldur's Gate will be easy compared to that."
              }
            }
          ]
        }
      ],
      "EditorData": {
        "AnimationTags": "",
        "Attitude": "Default",
        "CinematicNodeContext": "",
        "CinematicObjects": "",
        "CustomCineArtKeysPresent": "False",
        "CustomLightingPresent": "False",
        "CustomSoundPresent": "False",
        "CustomVFXPresent": "False",
        "Emotion": "Default",
        "ForceDisableIsCustomNode": "False",
        "ID": "N2",
        "InternalNodeContext": "",
        "IsCustomNode": "False",
        "MusicTags": "",
        "NodeContext": "",
        "Quality": "Bronze",
        "SFXTags": "",
        "StateChangeTags": "",
        "TemplateNodeUUID": "00000000-0000-0000-0000-000000000000",
        "TemplateVersion": "0",
        "VFXTags": "",
        "collapsed": "False",
        "logicalname": "Den Victory / Has not met",
        "position": "15;234",
        "sourcetemplate": ""
      }
    }
  },
  "SpeakerDict": {
    "0": {
      "IsPeanutSpeaker": false,
      "SpeakerMappingId": "dd2b54c2-1f40-a07c-2e16-a58755cfb653",
      "Index": 0,
      "List": [
        "44d09b0b-0568-456c-b18d-559a0a3f981d"
      ],
      "SpeakerCharacter": {
        "DisplayName": "Lia",
        "Type": "character",
        "MapKey": "44d09b0b-0568-456c-b18d-559a0a3f981d",
        "Name": "S_GLO_ProdigySister",
        "ParentTemplateId": null,
        "TemplateName": "9103fce3-6423-4f8a-af04-83ac1af2a1d7"
      },
      "SpeakerGroupName": null
    },
    "1": {
      "IsPeanutSpeaker": false,
      "SpeakerMappingId": "d8029c3a-1645-9eb9-b6aa-34edea2de90f",
      "Index": 1,
      "List": [
        "e0d1ff71-04a8-4340-ae64-9684d846eb83"
      ],
      "SpeakerCharacter": {
        "DisplayName": "Player",
        "Type": "character",
        "MapKey": "e2badbf0-159a-4ef5-9e73-7bbeb3d1015a",
        "Name": "S_GLO_CharacterCreationDummy_001",
        "ParentTemplateId": null,
        "TemplateName": "fd7f2707-8f86-4836-bda8-e0db99c389cc"
      },
      "SpeakerGroupName": "GROUP_Players"
    }
  },
  "Synopsis": "Lia reacts to the successful defence of the Druid Grove in instances where she was convinced to stay around."
}