{
  "Path": "Mods/Gustav/Story/Dialogs/Act1/DEN/DEN_Apprentice_WoundedBird.lsj",
  "UUID": "4dfd595b-1a21-2437-f04f-8826b5a7c536",
  "Category": "Generic NPC Dialog",
  "DefaultAddressedSpeakers": {
    "0": -1,
    "1": -1
  },
  "RootNodes": [
    "ebaa8427-2383-8100-b647-9d17c4288400",
    "f7106dec-f726-a559-53e6-fbd5b028ea51",
    "1ca8da43-2929-181d-cba0-e978180f47ab",
    "de8145a9-78dc-56e7-b4cb-e014c1302fb9"
  ],
  "Nodes": {
    "09a881d7-7713-6f35-5326-c98bcd90ad03": {
      "UUID": "09a881d7-7713-6f35-5326-c98bcd90ad03",
      "Constructor": "TagAnswer",
      "EndNode": false,
      "Root": false,
      "ShowOnce": false,
      "SpeakerNo": -666,
      "AddressedSpeaker": 0,
      "Children": [
        "325d6fd6-cf18-0dfd-a7e2-019f5e570b55",
        "b6e16113-52a4-78e5-bbf0-0adb8f6e9ce1"
      ],
      "CheckFlags": [],
      "SetFlags": [],
      "TaggedTextList": [
        {
          "HasTagRule": false,
          "RuleGroup": {
            "TagCombineOp": 0,
            "Rules": [],
            "RuleString": ""
          },
          "TagTexts": [
            {
              "LineId": "42016b1b-f406-205a-5d6c-a5daa2de9d32",
              "Text": {
                "Handle": "hf347a308g3d25g43dagab00geceb6cf14556",
                "Value": "*The bird says nothing, trying to rest.*"
              }
            }
          ]
        }
      ],
      "EditorData": {
        "AnimationTags": "",
        "Attitude": "Default",
        "CinematicNodeContext": "",
        "CinematicObjects": "",
        "CustomCineArtKeysPresent": "True",
        "CustomLightingPresent": "False",
        "CustomSoundPresent": "False",
        "CustomVFXPresent": "False",
        "Emotion": "Default",
        "ForceDisableIsCustomNode": "False",
        "ID": "N11",
        "InternalNodeContext": "",
        "IsCustomNode": "False",
        "MusicTags": "",
        "NodeContext": "",
        "Quality": "Bronze",
        "SFXTags": "",
        "StateChangeTags": "",
        "TemplateNodeUUID": "00000000-0000-0000-0000-000000000000",
        "TemplateVersion": "0",
        "VFXTags": "",
        "collapsed": "False",
        "logicalname": "Answer",
        "position": "655;-423",
        "sourcetemplate": ""
      }
    },
    "13b674d6-967e-b058-796b-c3b774f8fc93": {
      "UUID": "13b674d6-967e-b058-796b-c3b774f8fc93",
      "Constructor": "TagAnswer",
      "EndNode": false,
      "Root": false,
      "ShowOnce": false,
      "SpeakerNo": 0,
      "AddressedSpeaker": 0,
      "Children": [
        "c6e0b535-343e-5f06-d5f6-32bcb406e60b"
      ],
      "CheckFlags": [],
      "SetFlags": [],
      "TaggedTextList": [
        {
          "HasTagRule": false,
          "RuleGroup": {
            "TagCombineOp": 0,
            "Rules": [],
            "RuleString": ""
          },
          "TagTexts": [
            {
              "LineId": "44759fac-703b-9d31-6fc1-68a803f2dc90",
              "Text": {
                "Handle": "h3331ba5fg9048g43d7g9c2eg6a7c48ea84c7",
                "Value": "Hills... near road..."
              }
            }
          ]
        }
      ],
      "EditorData": {
        "AnimationTags": "",
        "Attitude": "Default",
        "CinematicNodeContext": "",
        "CinematicObjects": "",
        "CustomCineArtKeysPresent": "True",
        "CustomLightingPresent": "False",
        "CustomSoundPresent": "False",
        "CustomVFXPresent": "False",
        "Emotion": "Default",
        "ForceDisableIsCustomNode": "False",
        "ID": "N17",
        "InternalNodeContext": "",
        "IsCustomNode": "False",
        "MusicTags": "",
        "NodeContext": "",
        "Quality": "Bronze",
        "SFXTags": "",
        "StateChangeTags": "",
        "TemplateNodeUUID": "00000000-0000-0000-0000-000000000000",
        "TemplateVersion": "0",
        "VFXTags": "FX_SpeakWithAnimal_Spell",
        "collapsed": "False",
        "logicalname": "Answer",
        "position": "2255;-423",
        "sourcetemplate": ""
      }
    },
    "196661ed-639d-cea1-4833-017b145ae391": {
      "UUID": "196661ed-639d-cea1-4833-017b145ae391",
      "Constructor": "TagAnswer",
      "EndNode": true,
      "Root": false,
      "ShowOnce": false,
      "SpeakerNo": 0,
      "AddressedSpeaker": 0,
      "Children": [],
      "CheckFlags": [],
      "SetFlags": [],
      "TaggedTextList": [
        {
          "HasTagRule": true,
          "RuleGroup": {
            "TagCombineOp": 0,
            "Rules": [
              {
                "HasChildRules": false,
                "TagCombineOp": 0,
                "Tags": [
                  "8f74d144-041e-4035-a9ac-72f41fc32de7"
                ],
                "TagNames": [
                  "MALE"
                ]
              }
            ],
            "RuleString": "MALE"
          },
          "TagTexts": [
            {
              "LineId": "526cb0b8-fb95-2cdc-6ff6-a10728257f1b",
              "Text": {
                "Handle": "h17b8e386gfe18g4b64ga20bg68d8d7af88ca",
                "Value": "Yes sir!"
              }
            }
          ]
        },
        {
          "HasTagRule": true,
          "RuleGroup": {
            "TagCombineOp": 0,
            "Rules": [
              {
                "HasChildRules": false,
                "TagCombineOp": 0,
                "Tags": [
                  "3806477c-65a7-4100-9f92-be4c12c4fa4f"
                ],
                "TagNames": [
                  "FEMALE"
                ]
              }
            ],
            "RuleString": "FEMALE"
          },
          "TagTexts": [
            {
              "LineId": "97dc473e-5179-9c18-9607-d7173b324ca2",
              "Text": {
                "Handle": "hdf467d2eg9c79g497cg9313g43ca0c007108",
                "Value": "Yes ma'am!"
              }
            }
          ]
        },
        {
          "HasTagRule": false,
          "RuleGroup": {
            "TagCombineOp": 0,
            "Rules": [],
            "RuleString": ""
          },
          "TagTexts": [
            {
              "LineId": "71dd8d38-37c8-45b6-af82-b48d8b24084a",
              "Text": {
                "Handle": "hc52e85efgcf9cg4a1cg84a8gf5c3cb51bcb0",
                "Value": "I will - thanks to you!"
              }
            }
          ]
        }
      ],
      "EditorData": {
        "AnimationTags": "",
        "Attitude": "Default",
        "CinematicNodeContext": "",
        "CinematicObjects": "",
        "CustomCineArtKeysPresent": "True",
        "CustomLightingPresent": "False",
        "CustomSoundPresent": "False",
        "CustomVFXPresent": "False",
        "Emotion": "Default",
        "ForceDisableIsCustomNode": "False",
        "ID": "N39",
        "InternalNodeContext": "",
        "IsCustomNode": "False",
        "MusicTags": "",
        "NodeContext": "",
        "Quality": "Bronze",
        "SFXTags": "",
        "StateChangeTags": "",
        "TemplateNodeUUID": "00000000-0000-0000-0000-000000000000",
        "TemplateVersion": "0",
        "VFXTags": "FX_SpeakWithAnimal_Spell",
        "collapsed": "False",
        "logicalname": "Answer",
        "position": "655;-861",
        "sourcetemplate": ""
      }
    },
    "1ca8da43-2929-181d-cba0-e978180f47ab": {
      "UUID": "1ca8da43-2929-181d-cba0-e978180f47ab",
      "Constructor": "TagGreeting",
      "EndNode": false,
      "Root": true,
      "ShowOnce": false,
      "SpeakerNo": -666,
      "AddressedSpeaker": 0,
      "Children": [
        "dbbbffaf-b7ab-016b-cc3a-10a59443b5db",
        "9b6c22a6-15b7-3cf0-e60a-a5397b764a85"
      ],
      "CheckFlags": [
        {
          "Flags": [
            {
              "UUID": "cd611d7d-b67d-42b4-a75c-a0c6091ef8a2",
              "value": true,
              "paramval": 1,
              "Name": "REALLY_DARK_URGE"
            }
          ],
          "Type": "Tag"
        }
      ],
      "SetFlags": [],
      "TaggedTextList": [
        {
          "HasTagRule": false,
          "RuleGroup": {
            "TagCombineOp": 0,
            "Rules": [],
            "RuleString": ""
          },
          "TagTexts": [
            {
              "LineId": "2a9b18fd-d67e-c194-36bb-5fec04fb99dc",
              "Text": {
                "Handle": "h5d65237fgea54g4481gb7fcg16680f76f6b9",
                "Value": "*The bird's eyes are glassy, its breathing weak.*"
              }
            }
          ]
        }
      ],
      "EditorData": {
        "AnimationTags": "",
        "Attitude": "Default",
        "CinematicNodeContext": "",
        "CinematicObjects": "",
        "CustomCineArtKeysPresent": "True",
        "CustomLightingPresent": "False",
        "CustomSoundPresent": "False",
        "CustomVFXPresent": "True",
        "Emotion": "Default",
        "ForceDisableIsCustomNode": "False",
        "ID": "N1",
        "InternalNodeContext": "",
        "IsCustomNode": "False",
        "MusicTags": "",
        "NodeContext": "",
        "Quality": "Bronze",
        "SFXTags": "[Wounded bird] breaths weakly",
        "StateChangeTags": "",
        "TemplateNodeUUID": "00000000-0000-0000-0000-000000000000",
        "TemplateVersion": "0",
        "VFXTags": "",
        "collapsed": "False",
        "logicalname": "DARK URGE",
        "position": "15;672",
        "sourcetemplate": ""
      }
    },
    "325d6fd6-cf18-0dfd-a7e2-019f5e570b55": {
      "UUID": "325d6fd6-cf18-0dfd-a7e2-019f5e570b55",
      "Constructor": "TagQuestion",
      "EndNode": false,
      "Root": false,
      "ShowOnce": true,
      "SpeakerNo": 1,
      "AddressedSpeaker": 0,
      "Children": [
        "ef43b8ee-e2e4-a4e7-f4bc-92965aa9c379"
      ],
      "CheckFlags": [],
      "SetFlags": [
        {
          "Flags": [
            {
              "UUID": "0246da96-5ef8-4c65-9f0d-c2856bd17674",
              "value": true,
              "paramval": 1,
              "Name": "GLO_PaladinOathbreaker_Event_BrokeOath"
            }
          ],
          "Type": "Object"
        }
      ],
      "TaggedTextList": [
        {
          "HasTagRule": false,
          "RuleGroup": {
            "TagCombineOp": 0,
            "Rules": [],
            "RuleString": ""
          },
          "TagTexts": [
            {
              "LineId": "45bee10a-cf0e-b5e8-7773-28a56a5c2b03",
              "Text": {
                "Handle": "he9a65b35ga290g4539g8b7cg40515c24d50c",
                "Value": "<i>Prod the bird's wing.</i>"
              }
            }
          ]
        }
      ],
      "EditorData": {
        "AnimationTags": "",
        "Attitude": "Default",
        "CinematicNodeContext": "",
        "CinematicObjects": "",
        "CustomCineArtKeysPresent": "False",
        "CustomLightingPresent": "False",
        "CustomSoundPresent": "False",
        "CustomVFXPresent": "False",
        "Emotion": "Default",
        "ForceDisableIsCustomNode": "False",
        "ID": "N13",
        "InternalNodeContext": "",
        "IsCustomNode": "False",
        "MusicTags": "",
        "NodeContext": "",
        "Quality": "Bronze",
        "SFXTags": "",
        "StateChangeTags": "",
        "TemplateNodeUUID": "00000000-0000-0000-0000-000000000000",
        "TemplateVersion": "0",
        "VFXTags": "",
        "collapsed": "False",
        "logicalname": "Question",
        "position": "975;-423",
        "sourcetemplate": ""
      }
    },
    "3c2119bd-28b3-3b82-1ec8-cf29d08a7db1": {
      "JumpTarget": "f7106dec-f726-a559-53e6-fbd5b028ea51",
      "JumpTargetPoint": 2,
      "UUID": "3c2119bd-28b3-3b82-1ec8-cf29d08a7db1",
      "Constructor": "Jump",
      "EndNode": false,
      "Root": false,
      "ShowOnce": false,
      "SpeakerNo": 0,
      "AddressedSpeaker": 0,
      "Children": [],
      "CheckFlags": [],
      "SetFlags": [],
      "TaggedTextList": [],
      "EditorData": {
        "ID": "N19",
        "TemplateNodeUUID": "00000000-0000-0000-0000-000000000000",
        "TemplateVersion": "0",
        "collapsed": "False",
        "logicalname": "Jump",
        "position": "1935;-204",
        "sourcetemplate": ""
      }
    },
    "517e4f44-583a-10a2-7408-b1c5c105338c": {
      "UUID": "517e4f44-583a-10a2-7408-b1c5c105338c",
      "Constructor": "TagQuestion",
      "EndNode": false,
      "Root": false,
      "ShowOnce": true,
      "SpeakerNo": 1,
      "AddressedSpeaker": 0,
      "Children": [
        "13b674d6-967e-b058-796b-c3b774f8fc93"
      ],
      "CheckFlags": [],
      "SetFlags": [
        {
          "Flags": [
            {
              "UUID": "0246da96-5ef8-4c65-9f0d-c2856bd17674",
              "value": true,
              "paramval": 1,
              "Name": "GLO_PaladinOathbreaker_Event_BrokeOath"
            }
          ],
          "Type": "Object"
        }
      ],
      "TaggedTextList": [
        {
          "HasTagRule": false,
          "RuleGroup": {
            "TagCombineOp": 0,
            "Rules": [],
            "RuleString": ""
          },
          "TagTexts": [
            {
              "LineId": "6cdfdcc2-a04c-760f-f697-a35916529a9e",
              "Text": {
                "Handle": "h46ec615cg5e8eg480fg9e4dg51b9e274e708",
                "Value": "Where did you see these gnolls?"
              }
            }
          ]
        }
      ],
      "EditorData": {
        "AnimationTags": "",
        "Attitude": "Default",
        "CinematicNodeContext": "",
        "CinematicObjects": "",
        "CustomCineArtKeysPresent": "False",
        "CustomLightingPresent": "False",
        "CustomSoundPresent": "False",
        "CustomVFXPresent": "False",
        "Emotion": "Default",
        "ForceDisableIsCustomNode": "False",
        "ID": "N16",
        "InternalNodeContext": "",
        "IsCustomNode": "False",
        "MusicTags": "",
        "NodeContext": "",
        "Quality": "Bronze",
        "SFXTags": "",
        "StateChangeTags": "",
        "TemplateNodeUUID": "00000000-0000-0000-0000-000000000000",
        "TemplateVersion": "0",
        "VFXTags": "",
        "collapsed": "False",
        "logicalname": "Question",
        "position": "1935;-423",
        "sourcetemplate": ""
      }
    },
    "71d9a4a2-2dca-017b-a910-29e4b6e8d901": {
      "UUID": "71d9a4a2-2dca-017b-a910-29e4b6e8d901",
      "Constructor": "TagQuestion",
      "EndNode": true,
      "Root": false,
      "ShowOnce": true,
      "SpeakerNo": 1,
      "AddressedSpeaker": 0,
      "Children": [],
      "CheckFlags": [],
      "SetFlags": [],
      "TaggedTextList": [
        {
          "HasTagRule": false,
          "RuleGroup": {
            "TagCombineOp": 0,
            "Rules": [],
            "RuleString": ""
          },
          "TagTexts": [
            {
              "LineId": "cfcd8103-ae2d-0182-008e-29e14238bf6b",
              "Text": {
                "Handle": "h89d15b24g7b6cg40f5g91fdgfc60c563308a",
                "Value": "<i>Leave.</i>"
              }
            }
          ]
        }
      ],
      "EditorData": {
        "AnimationTags": "",
        "Attitude": "Default",
        "CinematicNodeContext": "",
        "CinematicObjects": "",
        "CustomCineArtKeysPresent": "False",
        "CustomLightingPresent": "False",
        "CustomSoundPresent": "False",
        "CustomVFXPresent": "False",
        "Emotion": "Default",
        "ForceDisableIsCustomNode": "False",
        "ID": "N34",
        "InternalNodeContext": "",
        "IsCustomNode": "False",
        "MusicTags": "",
        "NodeContext": "",
        "Quality": "Bronze",
        "SFXTags": "",
        "StateChangeTags": "",
        "TemplateNodeUUID": "00000000-0000-0000-0000-000000000000",
        "TemplateVersion": "0",
        "VFXTags": "",
        "collapsed": "False",
        "logicalname": "Question",
        "position": "335;-642",
        "sourcetemplate": ""
      }
    },
    "72d8e5ae-8b3d-8a44-94f1-082772963aad": {
      "UUID": "72d8e5ae-8b3d-8a44-94f1-082772963aad",
      "Constructor": "TagAnswer",
      "EndNode": false,
      "Root": false,
      "ShowOnce": false,
      "SpeakerNo": 0,
      "AddressedSpeaker": 0,
      "Children": [
        "517e4f44-583a-10a2-7408-b1c5c105338c",
        "3c2119bd-28b3-3b82-1ec8-cf29d08a7db1"
      ],
      "CheckFlags": [],
      "SetFlags": [],
      "TaggedTextList": [
        {
          "HasTagRule": false,
          "RuleGroup": {
            "TagCombineOp": 0,
            "Rules": [],
            "RuleString": ""
          },
          "TagTexts": [
            {
              "LineId": "ed0860e5-54e7-3949-6bf1-6fbf224721e1",
              "Text": {
                "Handle": "h8f0f5effg67fbg44c8gb9aag62caed6816b3",
                "Value": "Big dog - gnoll... I got too close..."
              }
            }
          ]
        }
      ],
      "EditorData": {
        "AnimationTags": "",
        "Attitude": "Default",
        "CinematicNodeContext": "",
        "CinematicObjects": "",
        "CustomCineArtKeysPresent": "True",
        "CustomLightingPresent": "False",
        "CustomSoundPresent": "False",
        "CustomVFXPresent": "False",
        "Emotion": "Default",
        "ForceDisableIsCustomNode": "False",
        "ID": "N15",
        "InternalNodeContext": "",
        "IsCustomNode": "False",
        "MusicTags": "",
        "NodeContext": "",
        "Quality": "Bronze",
        "SFXTags": "",
        "StateChangeTags": "",
        "TemplateNodeUUID": "00000000-0000-0000-0000-000000000000",
        "TemplateVersion": "0",
        "VFXTags": "FX_SpeakWithAnimal_Spell",
        "collapsed": "False",
        "logicalname": "Answer",
        "position": "1615;-423",
        "sourcetemplate": ""
      }
    },
    "76c03dcd-2dae-6ad0-efd0-f00ad79c9945": {
      "UUID": "76c03dcd-2dae-6ad0-efd0-f00ad79c9945",
      "Constructor": "TagAnswer",
      "EndNode": true,
      "Root": false,
      "ShowOnce": false,
      "SpeakerNo": -666,
      "AddressedSpeaker": 0,
      "Children": [],
      "CheckFlags": [],
      "SetFlags": [],
      "TaggedTextList": [
        {
          "HasTagRule": false,
          "RuleGroup": {
            "TagCombineOp": 0,
            "Rules": [],
            "RuleString": ""
          },
          "TagTexts": [
            {
              "LineId": "71bd01cc-987c-9dca-563d-beb2c3be06ba",
              "Text": {
                "Handle": "h8dc3dddcg3d4fg4d6aga0afg4f64a797a40d",
                "Value": "*The bird says nothing. Only the sound of its laboured breath fills the silence.*"
              }
            }
          ]
        }
      ],
      "EditorData": {
        "AnimationTags": "weak laboured breathing",
        "Attitude": "Default",
        "CinematicNodeContext": "",
        "CinematicObjects": "",
        "CustomCineArtKeysPresent": "True",
        "CustomLightingPresent": "False",
        "CustomSoundPresent": "False",
        "CustomVFXPresent": "False",
        "Emotion": "Default",
        "ForceDisableIsCustomNode": "False",
        "ID": "N10",
        "InternalNodeContext": "",
        "IsCustomNode": "False",
        "MusicTags": "",
        "NodeContext": "",
        "Quality": "Bronze",
        "SFXTags": "[Wounded bird] breaths laboriously",
        "StateChangeTags": "",
        "TemplateNodeUUID": "00000000-0000-0000-0000-000000000000",
        "TemplateVersion": "0",
        "VFXTags": "",
        "collapsed": "False",
        "logicalname": "Answer",
        "position": "655;-204",
        "sourcetemplate": ""
      }
    },
    "7ac29f02-4e6f-dd81-a000-197e7bed602a": {
      "UUID": "7ac29f02-4e6f-dd81-a000-197e7bed602a",
      "Constructor": "TagAnswer",
      "EndNode": false,
      "Root": false,
      "ShowOnce": false,
      "SpeakerNo": -666,
      "AddressedSpeaker": 0,
      "Children": [
        "bb1aab5e-275b-39ce-8003-bae0e5e2e200",
        "fb7e5ede-8714-bce8-3a31-1a2b7bee31ed"
      ],
      "CheckFlags": [],
      "SetFlags": [
        {
          "Flags": [
            {
              "UUID": "f2d614bb-fc65-1356-8a75-502b6dcb4701",
              "value": true,
              "paramval": null,
              "Name": "ORI_DarkUrge_State_WoundedBird_PulledWings"
            }
          ],
          "Type": "Global"
        },
        {
          "Flags": [
            {
              "UUID": "fb62f715-13c3-c967-13f4-91f9231f8243",
              "value": true,
              "paramval": 0,
              "Name": "CharacterDieAfterDialog"
            }
          ],
          "Type": "Object"
        }
      ],
      "TaggedTextList": [
        {
          "HasTagRule": false,
          "RuleGroup": {
            "TagCombineOp": 0,
            "Rules": [],
            "RuleString": ""
          },
          "TagTexts": [
            {
              "LineId": "6752bd6f-6fcf-4432-be60-f9b37a594b64",
              "Text": {
                "Handle": "h7339163egeae5g4397g9a36g375ac18c2f14",
                "Value": "*Tearing, you play with the broken tissue. The wing is delicately airy.*"
              }
            }
          ]
        }
      ],
      "EditorData": {
        "AnimationTags": "",
        "Attitude": "Default",
        "CinematicNodeContext": "Sees dark urge approaching bird, reds-out",
        "CinematicObjects": "",
        "CustomCineArtKeysPresent": "True",
        "CustomLightingPresent": "False",
        "CustomSoundPresent": "False",
        "CustomVFXPresent": "True",
        "Emotion": "Default",
        "ForceDisableIsCustomNode": "True",
        "ID": "N46",
        "InternalNodeContext": "",
        "IsCustomNode": "False",
        "MusicTags": "",
        "NodeContext": "",
        "Quality": "Bronze",
        "SFXTags": "",
        "StateChangeTags": "",
        "TemplateNodeUUID": "00000000-0000-0000-0000-000000000000",
        "TemplateVersion": "0",
        "VFXTags": "",
        "collapsed": "False",
        "logicalname": "DARK URGE RAGE GRAPHIC",
        "position": "655;672",
        "sourcetemplate": ""
      }
    },
    "94eb1b83-aa53-f31d-761b-676e2e94c841": {
      "UUID": "94eb1b83-aa53-f31d-761b-676e2e94c841",
      "Constructor": "TagAnswer",
      "EndNode": false,
      "Root": false,
      "ShowOnce": false,
      "SpeakerNo": 0,
      "AddressedSpeaker": 0,
      "Children": [
        "aae0c3ae-907e-51a8-31e9-d8eb3663859e"
      ],
      "CheckFlags": [],
      "SetFlags": [],
      "TaggedTextList": [
        {
          "HasTagRule": false,
          "RuleGroup": {
            "TagCombineOp": 0,
            "Rules": [],
            "RuleString": ""
          },
          "TagTexts": [
            {
              "LineId": "a2be4d96-f2f6-030e-c9a6-4027080c2721",
              "Text": {
                "Handle": "hd1a4e92cg39deg4511gaa52g54b43a8e9905",
                "Value": "They're everywhere up there. Stay away if you can."
              }
            }
          ]
        }
      ],
      "EditorData": {
        "AnimationTags": "",
        "Attitude": "Default",
        "CinematicNodeContext": "",
        "CinematicObjects": "",
        "CustomCineArtKeysPresent": "True",
        "CustomLightingPresent": "False",
        "CustomSoundPresent": "False",
        "CustomVFXPresent": "False",
        "Emotion": "Default",
        "ForceDisableIsCustomNode": "False",
        "ID": "N38",
        "InternalNodeContext": "",
        "IsCustomNode": "False",
        "MusicTags": "",
        "NodeContext": "",
        "Quality": "Bronze",
        "SFXTags": "",
        "StateChangeTags": "",
        "TemplateNodeUUID": "00000000-0000-0000-0000-000000000000",
        "TemplateVersion": "0",
        "VFXTags": "FX_SpeakWithAnimal_Spell",
        "collapsed": "False",
        "logicalname": "Answer",
        "position": "975;-1080",
        "sourcetemplate": ""
      }
    },
    "9b6c22a6-15b7-3cf0-e60a-a5397b764a85": {
      "UUID": "9b6c22a6-15b7-3cf0-e60a-a5397b764a85",
      "Constructor": "TagQuestion",
      "EndNode": false,
      "Root": false,
      "ShowOnce": true,
      "SpeakerNo": 1,
      "AddressedSpeaker": 0,
      "Children": [
        "e9720654-05af-485c-6096-e7da14f579b7"
      ],
      "CheckFlags": [],
      "SetFlags": [],
      "TaggedTextList": [
        {
          "HasTagRule": false,
          "RuleGroup": {
            "TagCombineOp": 0,
            "Rules": [],
            "RuleString": ""
          },
          "TagTexts": [
            {
              "LineId": "800d2450-0643-4cbf-bf9d-a76a3f09d62b",
              "Text": {
                "Handle": "hbc7135beg715bg4374g8db9ga2f258a57ef3",
                "Value": "<i>Pull yourself away. Leave her alone.</i>"
              }
            }
          ]
        }
      ],
      "EditorData": {
        "AnimationTags": "",
        "Attitude": "Default",
        "CinematicNodeContext": "",
        "CinematicObjects": "",
        "CustomCineArtKeysPresent": "False",
        "CustomLightingPresent": "False",
        "CustomSoundPresent": "False",
        "CustomVFXPresent": "False",
        "Emotion": "Default",
        "ForceDisableIsCustomNode": "False",
        "ID": "N43",
        "InternalNodeContext": "",
        "IsCustomNode": "False",
        "MusicTags": "",
        "NodeContext": "",
        "Quality": "Bronze",
        "SFXTags": "",
        "StateChangeTags": "",
        "TemplateNodeUUID": "00000000-0000-0000-0000-000000000000",
        "TemplateVersion": "0",
        "VFXTags": "",
        "collapsed": "False",
        "logicalname": "Question",
        "position": "335;891",
        "sourcetemplate": ""
      }
    },
    "a1c25cf6-a1cb-7c2f-7a76-a21788174fce": {
      "UUID": "a1c25cf6-a1cb-7c2f-7a76-a21788174fce",
      "Constructor": "TagAnswer",
      "EndNode": true,
      "Root": false,
      "ShowOnce": false,
      "SpeakerNo": -666,
      "AddressedSpeaker": 0,
      "Children": [],
      "CheckFlags": [],
      "SetFlags": [],
      "TaggedTextList": [
        {
          "HasTagRule": false,
          "RuleGroup": {
            "TagCombineOp": 0,
            "Rules": [],
            "RuleString": ""
          },
          "TagTexts": [
            {
              "LineId": "5097080e-908e-bd13-acd6-8882d6ea3754",
              "Text": {
                "Handle": "h996d17d9g5da1g41a1g9e1dg30a817a263be",
                "Value": "*She lies limply on the table, completely still.*"
              }
            }
          ]
        }
      ],
      "EditorData": {
        "AnimationTags": "ChadD: ChadD:<Bird> use Construction anims.  <Nettie> [REUSE] SCENE_DEN_Apprentice_Examine_Bird",
        "Attitude": "Default",
        "CinematicNodeContext": "Player prods the bird. No response.",
        "CinematicObjects": "",
        "CustomCineArtKeysPresent": "True",
        "CustomLightingPresent": "False",
        "CustomSoundPresent": "False",
        "CustomVFXPresent": "False",
        "Emotion": "Default",
        "ForceDisableIsCustomNode": "False",
        "ID": "N23",
        "InternalNodeContext": "",
        "IsCustomNode": "True",
        "MusicTags": "",
        "NodeContext": "",
        "Quality": "Bronze",
        "SFXTags": "",
        "StateChangeTags": "",
        "TemplateNodeUUID": "00000000-0000-0000-0000-000000000000",
        "TemplateVersion": "0",
        "VFXTags": "",
        "collapsed": "False",
        "logicalname": "Answer",
        "position": "3215;-423",
        "sourcetemplate": ""
      }
    },
    "aa72f5c6-8236-9e7a-e174-814d1a5497ea": {
      "UUID": "aa72f5c6-8236-9e7a-e174-814d1a5497ea",
      "Constructor": "TagQuestion",
      "EndNode": false,
      "Root": false,
      "ShowOnce": true,
      "SpeakerNo": 1,
      "AddressedSpeaker": 0,
      "Children": [
        "bb6d7dcc-3be6-edae-d982-e6b9609ff443"
      ],
      "CheckFlags": [],
      "SetFlags": [],
      "TaggedTextList": [
        {
          "HasTagRule": false,
          "RuleGroup": {
            "TagCombineOp": 0,
            "Rules": [],
            "RuleString": ""
          },
          "TagTexts": [
            {
              "LineId": "c046487a-e763-fc62-1ba0-53f969f8d5d3",
              "Text": {
                "Handle": "h9ac4a70cg8f26g47a2g8fa2gd647f78cac96",
                "Value": "Glad you're feeling better. What hurt you?"
              }
            }
          ]
        }
      ],
      "EditorData": {
        "AnimationTags": "",
        "Attitude": "Default",
        "CinematicNodeContext": "",
        "CinematicObjects": "",
        "CustomCineArtKeysPresent": "False",
        "CustomLightingPresent": "False",
        "CustomSoundPresent": "False",
        "CustomVFXPresent": "False",
        "Emotion": "Default",
        "ForceDisableIsCustomNode": "False",
        "ID": "N35",
        "InternalNodeContext": "",
        "IsCustomNode": "False",
        "MusicTags": "",
        "NodeContext": "",
        "Quality": "Bronze",
        "SFXTags": "",
        "StateChangeTags": "",
        "TemplateNodeUUID": "00000000-0000-0000-0000-000000000000",
        "TemplateVersion": "0",
        "VFXTags": "",
        "collapsed": "False",
        "logicalname": "Question",
        "position": "335;-1080",
        "sourcetemplate": ""
      }
    },
    "aae0c3ae-907e-51a8-31e9-d8eb3663859e": {
      "JumpTarget": "71d9a4a2-2dca-017b-a910-29e4b6e8d901",
      "JumpTargetPoint": 1,
      "UUID": "aae0c3ae-907e-51a8-31e9-d8eb3663859e",
      "Constructor": "Jump",
      "EndNode": false,
      "Root": false,
      "ShowOnce": false,
      "SpeakerNo": 0,
      "AddressedSpeaker": 0,
      "Children": [],
      "CheckFlags": [],
      "SetFlags": [],
      "TaggedTextList": [],
      "EditorData": {
        "ID": "N40",
        "TemplateNodeUUID": "00000000-0000-0000-0000-000000000000",
        "TemplateVersion": "0",
        "collapsed": "False",
        "logicalname": "Jump",
        "position": "1295;-1080",
        "sourcetemplate": ""
      }
    },
    "b6e16113-52a4-78e5-bbf0-0adb8f6e9ce1": {
      "JumpTarget": "f7106dec-f726-a559-53e6-fbd5b028ea51",
      "JumpTargetPoint": 2,
      "UUID": "b6e16113-52a4-78e5-bbf0-0adb8f6e9ce1",
      "Constructor": "Jump",
      "EndNode": false,
      "Root": false,
      "ShowOnce": false,
      "SpeakerNo": 0,
      "AddressedSpeaker": 0,
      "Children": [],
      "CheckFlags": [],
      "SetFlags": [],
      "TaggedTextList": [],
      "EditorData": {
        "ID": "N12",
        "TemplateNodeUUID": "00000000-0000-0000-0000-000000000000",
        "TemplateVersion": "0",
        "collapsed": "False",
        "logicalname": "Jump",
        "position": "975;-204",
        "sourcetemplate": ""
      }
    },
    "ba49caf9-500f-e086-e6c0-7ca0086ff523": {
      "UUID": "ba49caf9-500f-e086-e6c0-7ca0086ff523",
      "Constructor": "TagQuestion",
      "EndNode": false,
      "Root": false,
      "ShowOnce": true,
      "SpeakerNo": 1,
      "AddressedSpeaker": 0,
      "Children": [
        "76c03dcd-2dae-6ad0-efd0-f00ad79c9945"
      ],
      "CheckFlags": [],
      "SetFlags": [],
      "TaggedTextList": [
        {
          "HasTagRule": false,
          "RuleGroup": {
            "TagCombineOp": 0,
            "Rules": [],
            "RuleString": ""
          },
          "TagTexts": [
            {
              "LineId": "d966111f-3b4f-5cb2-4b81-7456cc528d53",
              "Text": {
                "Handle": "h4aee005ag72aag4532gbcf0g658960d3bece",
                "Value": "I'm sorry. Didn't mean to disturb you."
              }
            }
          ]
        }
      ],
      "EditorData": {
        "AnimationTags": "",
        "Attitude": "Default",
        "CinematicNodeContext": "",
        "CinematicObjects": "",
        "CustomCineArtKeysPresent": "False",
        "CustomLightingPresent": "False",
        "CustomSoundPresent": "False",
        "CustomVFXPresent": "False",
        "Emotion": "Default",
        "ForceDisableIsCustomNode": "False",
        "ID": "N9",
        "InternalNodeContext": "",
        "IsCustomNode": "False",
        "MusicTags": "",
        "NodeContext": "",
        "Quality": "Bronze",
        "SFXTags": "",
        "StateChangeTags": "",
        "TemplateNodeUUID": "00000000-0000-0000-0000-000000000000",
        "TemplateVersion": "0",
        "VFXTags": "",
        "collapsed": "False",
        "logicalname": "Question",
        "position": "335;-204",
        "sourcetemplate": ""
      }
    },
    "bb1aab5e-275b-39ce-8003-bae0e5e2e200": {
      "UUID": "bb1aab5e-275b-39ce-8003-bae0e5e2e200",
      "Constructor": "TagAnswer",
      "EndNode": true,
      "Root": false,
      "ShowOnce": false,
      "SpeakerNo": -666,
      "AddressedSpeaker": 0,
      "Children": [],
      "CheckFlags": [
        {
          "Flags": [
            {
              "UUID": "44ac4317-4d38-4d28-80e2-94024c6e42f0",
              "value": true,
              "paramval": 1,
              "Name": "DRUID"
            }
          ],
          "Type": "Tag"
        }
      ],
      "SetFlags": [],
      "TaggedTextList": [
        {
          "HasTagRule": false,
          "RuleGroup": {
            "TagCombineOp": 0,
            "Rules": [],
            "RuleString": ""
          },
          "TagTexts": [
            {
              "LineId": "ddb9e6bd-b567-4013-b53b-a11168a24a20",
              "Text": {
                "Handle": "h11685799g6b56g41beg9a57gc1cda5e93af2",
                "Value": "*You are a resplendent carrion eagle before this pitiful jay.*"
              }
            }
          ]
        }
      ],
      "EditorData": {
        "AnimationTags": "",
        "Attitude": "Default",
        "CinematicNodeContext": "If possible, we show the wing in the hand of the dark urge as they reflect on it philosophically",
        "CinematicObjects": "",
        "CustomCineArtKeysPresent": "True",
        "CustomLightingPresent": "False",
        "CustomSoundPresent": "False",
        "CustomVFXPresent": "True",
        "Emotion": "Default",
        "ForceDisableIsCustomNode": "False",
        "ID": "N47",
        "InternalNodeContext": "",
        "IsCustomNode": "True",
        "MusicTags": "",
        "NodeContext": "",
        "Quality": "Bronze",
        "SFXTags": "",
        "StateChangeTags": "",
        "TemplateNodeUUID": "00000000-0000-0000-0000-000000000000",
        "TemplateVersion": "0",
        "VFXTags": "",
        "collapsed": "False",
        "logicalname": "DRUID",
        "position": "975;453",
        "sourcetemplate": ""
      }
    },
    "bb6d7dcc-3be6-edae-d982-e6b9609ff443": {
      "UUID": "bb6d7dcc-3be6-edae-d982-e6b9609ff443",
      "Constructor": "TagAnswer",
      "EndNode": false,
      "Root": false,
      "ShowOnce": false,
      "SpeakerNo": 0,
      "AddressedSpeaker": 0,
      "Children": [
        "94eb1b83-aa53-f31d-761b-676e2e94c841"
      ],
      "CheckFlags": [],
      "SetFlags": [],
      "TaggedTextList": [
        {
          "HasTagRule": false,
          "RuleGroup": {
            "TagCombineOp": 0,
            "Rules": [],
            "RuleString": ""
          },
          "TagTexts": [
            {
              "LineId": "3ea69722-bc58-d606-8f8c-57132b89e5fb",
              "Text": {
                "Handle": "hb462a858g47c6g4797gb681g2f74463ec010",
                "Value": "I was scouting the hills nearby. Got too close to a gnoll."
              }
            }
          ]
        }
      ],
      "EditorData": {
        "AnimationTags": "",
        "Attitude": "Default",
        "CinematicNodeContext": "",
        "CinematicObjects": "",
        "CustomCineArtKeysPresent": "True",
        "CustomLightingPresent": "False",
        "CustomSoundPresent": "False",
        "CustomVFXPresent": "False",
        "Emotion": "Default",
        "ForceDisableIsCustomNode": "False",
        "ID": "N37",
        "InternalNodeContext": "",
        "IsCustomNode": "False",
        "MusicTags": "",
        "NodeContext": "",
        "Quality": "Bronze",
        "SFXTags": "",
        "StateChangeTags": "",
        "TemplateNodeUUID": "00000000-0000-0000-0000-000000000000",
        "TemplateVersion": "0",
        "VFXTags": "FX_SpeakWithAnimal_Spell",
        "collapsed": "False",
        "logicalname": "Answer",
        "position": "655;-1080",
        "sourcetemplate": ""
      }
    },
    "c4e3b402-cf19-bc2c-f6ef-d1bf1dea8389": {
      "UUID": "c4e3b402-cf19-bc2c-f6ef-d1bf1dea8389",
      "Constructor": "TagQuestion",
      "EndNode": false,
      "Root": false,
      "ShowOnce": true,
      "SpeakerNo": 1,
      "AddressedSpeaker": 0,
      "Children": [
        "196661ed-639d-cea1-4833-017b145ae391"
      ],
      "CheckFlags": [],
      "SetFlags": [],
      "TaggedTextList": [
        {
          "HasTagRule": false,
          "RuleGroup": {
            "TagCombineOp": 0,
            "Rules": [],
            "RuleString": ""
          },
          "TagTexts": [
            {
              "LineId": "b3a763b6-1600-a883-8027-8eb864b0b057",
              "Text": {
                "Handle": "hdf02f75dg44e8g425fga90cg918070d429a7",
                "Value": "You're welcome. Rest up."
              }
            }
          ]
        }
      ],
      "EditorData": {
        "AnimationTags": "",
        "Attitude": "Default",
        "CinematicNodeContext": "",
        "CinematicObjects": "",
        "CustomCineArtKeysPresent": "False",
        "CustomLightingPresent": "False",
        "CustomSoundPresent": "False",
        "CustomVFXPresent": "False",
        "Emotion": "Default",
        "ForceDisableIsCustomNode": "False",
        "ID": "N36",
        "InternalNodeContext": "",
        "IsCustomNode": "False",
        "MusicTags": "",
        "NodeContext": "",
        "Quality": "Bronze",
        "SFXTags": "",
        "StateChangeTags": "",
        "TemplateNodeUUID": "00000000-0000-0000-0000-000000000000",
        "TemplateVersion": "0",
        "VFXTags": "",
        "collapsed": "False",
        "logicalname": "Question",
        "position": "335;-861",
        "sourcetemplate": ""
      }
    },
    "c6e0b535-343e-5f06-d5f6-32bcb406e60b": {
      "UUID": "c6e0b535-343e-5f06-d5f6-32bcb406e60b",
      "Constructor": "TagAnswer",
      "EndNode": false,
      "Root": false,
      "ShowOnce": false,
      "SpeakerNo": -666,
      "AddressedSpeaker": 0,
      "Children": [
        "d4b690fe-ce7b-788f-e92c-cbe8c39f99c7",
        "ea02fc59-9c8a-0529-af1c-c55dc0431f98"
      ],
      "CheckFlags": [],
      "SetFlags": [
        {
          "Flags": [
            {
              "UUID": "9f6f8aac-27b6-1d57-38a6-a0f6a7520f56",
              "value": true,
              "paramval": null,
              "Name": "DEN_Apprentice_Event_WoundedBirdDies"
            }
          ],
          "Type": "Global"
        }
      ],
      "TaggedTextList": [
        {
          "HasTagRule": false,
          "RuleGroup": {
            "TagCombineOp": 0,
            "Rules": [],
            "RuleString": ""
          },
          "TagTexts": [
            {
              "LineId": "9c52c964-f247-fe70-084f-2da8728fc859",
              "Text": {
                "Handle": "h5c343798g4cceg49c4gb0b5geea7cf09b9cb",
                "Value": "*The bird lapses into silence, her head lolling to the side.* "
              }
            }
          ]
        }
      ],
      "EditorData": {
        "AnimationTags": "BIrd getting weak/resting, head dips to side",
        "Attitude": "Default",
        "CinematicNodeContext": "",
        "CinematicObjects": "",
        "CustomCineArtKeysPresent": "True",
        "CustomLightingPresent": "False",
        "CustomSoundPresent": "False",
        "CustomVFXPresent": "False",
        "Emotion": "Default",
        "ForceDisableIsCustomNode": "False",
        "ID": "N20",
        "InternalNodeContext": "",
        "IsCustomNode": "False",
        "MusicTags": "",
        "NodeContext": "",
        "Quality": "Silver",
        "SFXTags": "",
        "StateChangeTags": "",
        "TemplateNodeUUID": "00000000-0000-0000-0000-000000000000",
        "TemplateVersion": "0",
        "VFXTags": "",
        "collapsed": "False",
        "logicalname": "YOU KILLED IT",
        "position": "2575;-423",
        "sourcetemplate": ""
      }
    },
    "cb92a99f-5571-e246-2170-f28af71afeca": {
      "UUID": "cb92a99f-5571-e246-2170-f28af71afeca",
      "Constructor": "TagQuestion",
      "EndNode": true,
      "Root": false,
      "ShowOnce": true,
      "SpeakerNo": 1,
      "AddressedSpeaker": 0,
      "Children": [],
      "CheckFlags": [],
      "SetFlags": [],
      "TaggedTextList": [
        {
          "HasTagRule": false,
          "RuleGroup": {
            "TagCombineOp": 0,
            "Rules": [],
            "RuleString": ""
          },
          "TagTexts": [
            {
              "LineId": "cb04c9b3-b3fe-39ec-5c37-5f7df5217a72",
              "Text": {
                "Handle": "h42ad874dg2944g40c4gacf9gaafb40c5b1e9",
                "Value": "<i>Leave.</i>"
              }
            }
          ]
        }
      ],
      "EditorData": {
        "AnimationTags": "",
        "Attitude": "Default",
        "CinematicNodeContext": "",
        "CinematicObjects": "",
        "CustomCineArtKeysPresent": "False",
        "CustomLightingPresent": "False",
        "CustomSoundPresent": "False",
        "CustomVFXPresent": "False",
        "Emotion": "Default",
        "ForceDisableIsCustomNode": "False",
        "ID": "N8",
        "InternalNodeContext": "",
        "IsCustomNode": "False",
        "MusicTags": "",
        "NodeContext": "",
        "Quality": "Bronze",
        "SFXTags": "",
        "StateChangeTags": "",
        "TemplateNodeUUID": "00000000-0000-0000-0000-000000000000",
        "TemplateVersion": "0",
        "VFXTags": "",
        "collapsed": "False",
        "logicalname": "Question",
        "position": "335;15",
        "sourcetemplate": ""
      }
    },
    "d4b690fe-ce7b-788f-e92c-cbe8c39f99c7": {
      "UUID": "d4b690fe-ce7b-788f-e92c-cbe8c39f99c7",
      "Constructor": "TagQuestion",
      "EndNode": false,
      "Root": false,
      "ShowOnce": true,
      "SpeakerNo": 1,
      "AddressedSpeaker": 0,
      "Children": [
        "a1c25cf6-a1cb-7c2f-7a76-a21788174fce"
      ],
      "CheckFlags": [],
      "SetFlags": [],
      "TaggedTextList": [
        {
          "HasTagRule": false,
          "RuleGroup": {
            "TagCombineOp": 0,
            "Rules": [],
            "RuleString": ""
          },
          "TagTexts": [
            {
              "LineId": "941dcd5b-f60f-821e-ffe3-f9530c95598a",
              "Text": {
                "Handle": "hb27d0b8egce32g47d2g93d6g0d8942de02f5",
                "Value": "<i>Prod her again.</i>"
              }
            }
          ]
        }
      ],
      "EditorData": {
        "AnimationTags": "",
        "Attitude": "Default",
        "CinematicNodeContext": "",
        "CinematicObjects": "",
        "CustomCineArtKeysPresent": "False",
        "CustomLightingPresent": "False",
        "CustomSoundPresent": "False",
        "CustomVFXPresent": "False",
        "Emotion": "Default",
        "ForceDisableIsCustomNode": "False",
        "ID": "N21",
        "InternalNodeContext": "",
        "IsCustomNode": "False",
        "MusicTags": "",
        "NodeContext": "",
        "Quality": "Bronze",
        "SFXTags": "",
        "StateChangeTags": "",
        "TemplateNodeUUID": "00000000-0000-0000-0000-000000000000",
        "TemplateVersion": "0",
        "VFXTags": "",
        "collapsed": "False",
        "logicalname": "Question",
        "position": "2895;-423",
        "sourcetemplate": ""
      }
    },
    "dbbbffaf-b7ab-016b-cc3a-10a59443b5db": {
      "UUID": "dbbbffaf-b7ab-016b-cc3a-10a59443b5db",
      "Constructor": "TagQuestion",
      "EndNode": false,
      "Root": false,
      "ShowOnce": true,
      "SpeakerNo": 1,
      "AddressedSpeaker": 0,
      "Children": [
        "7ac29f02-4e6f-dd81-a000-197e7bed602a"
      ],
      "CheckFlags": [],
      "SetFlags": [
        {
          "Flags": [
            {
              "UUID": "0246da96-5ef8-4c65-9f0d-c2856bd17674",
              "value": true,
              "paramval": 1,
              "Name": "GLO_PaladinOathbreaker_Event_BrokeOath"
            },
            {
              "UUID": "ceb8b4c2-b705-c26c-250d-a1c1c32e7cb5",
              "value": true,
              "paramval": 1,
              "Name": "ORI_DarkUrge_Event_IndulgedUrge"
            },
            {
              "UUID": "f6cc5466-1052-4dcd-76da-72680082f795",
              "value": true,
              "paramval": 1,
              "Name": "ORI_DarkUrge_Event_HadUrge"
            }
          ],
          "Type": "Object"
        }
      ],
      "TaggedTextList": [
        {
          "HasTagRule": false,
          "RuleGroup": {
            "TagCombineOp": 0,
            "Rules": [],
            "RuleString": ""
          },
          "TagTexts": [
            {
              "LineId": "b941963d-61fe-43ad-a586-5c5a87a38d1e",
              "Text": {
                "Handle": "h0efc4ec5ge550g4271gb474g27b2e52a4682",
                "Value": "<i>Tear her wings off.</i>"
              }
            }
          ]
        }
      ],
      "EditorData": {
        "AnimationTags": "",
        "Attitude": "Default",
        "CinematicNodeContext": "",
        "CinematicObjects": "",
        "CustomCineArtKeysPresent": "False",
        "CustomLightingPresent": "False",
        "CustomSoundPresent": "False",
        "CustomVFXPresent": "False",
        "Emotion": "Default",
        "ForceDisableIsCustomNode": "False",
        "ID": "N41",
        "InternalNodeContext": "",
        "IsCustomNode": "False",
        "MusicTags": "",
        "NodeContext": "",
        "Quality": "Bronze",
        "SFXTags": "",
        "StateChangeTags": "",
        "TemplateNodeUUID": "00000000-0000-0000-0000-000000000000",
        "TemplateVersion": "0",
        "VFXTags": "",
        "collapsed": "False",
        "logicalname": "Question",
        "position": "335;672",
        "sourcetemplate": ""
      }
    },
    "de8145a9-78dc-56e7-b4cb-e014c1302fb9": {
      "SourceNode": "1ca8da43-2929-181d-cba0-e978180f47ab",
      "UUID": "de8145a9-78dc-56e7-b4cb-e014c1302fb9",
      "Constructor": "Alias",
      "EndNode": true,
      "Root": true,
      "ShowOnce": false,
      "SpeakerNo": -1,
      "AddressedSpeaker": 0,
      "Children": [],
      "CheckFlags": [
        {
          "Flags": [
            {
              "UUID": "cd611d7d-b67d-42b4-a75c-a0c6091ef8a2",
              "value": false,
              "paramval": 1,
              "Name": "REALLY_DARK_URGE"
            }
          ],
          "Type": "Tag"
        }
      ],
      "SetFlags": [],
      "TaggedTextList": [],
      "EditorData": {
        "ID": "N42",
        "TemplateNodeUUID": "00000000-0000-0000-0000-000000000000",
        "TemplateVersion": "0",
        "collapsed": "False",
        "logicalname": "Alias (Greeting)",
        "position": "15;1329",
        "sourcetemplate": ""
      }
    },
    "e1391e70-4130-c8c4-cee7-cea5bef59f02": {
      "UUID": "e1391e70-4130-c8c4-cee7-cea5bef59f02",
      "Constructor": "TagQuestion",
      "EndNode": false,
      "Root": false,
      "ShowOnce": true,
      "SpeakerNo": 1,
      "AddressedSpeaker": 0,
      "Children": [
        "09a881d7-7713-6f35-5326-c98bcd90ad03"
      ],
      "CheckFlags": [],
      "SetFlags": [],
      "TaggedTextList": [
        {
          "HasTagRule": false,
          "RuleGroup": {
            "TagCombineOp": 0,
            "Rules": [],
            "RuleString": ""
          },
          "TagTexts": [
            {
              "LineId": "5dd964f3-937f-c70f-ac70-179094f97aaa",
              "Text": {
                "Handle": "hb5bc83dag86b4g4bcdg9656g4dd795c96949",
                "Value": "Something took a chunk out of you. What happened?"
              }
            }
          ]
        }
      ],
      "EditorData": {
        "AnimationTags": "",
        "Attitude": "Default",
        "CinematicNodeContext": "",
        "CinematicObjects": "",
        "CustomCineArtKeysPresent": "False",
        "CustomLightingPresent": "False",
        "CustomSoundPresent": "False",
        "CustomVFXPresent": "False",
        "Emotion": "Default",
        "ForceDisableIsCustomNode": "False",
        "ID": "N7",
        "InternalNodeContext": "",
        "IsCustomNode": "False",
        "MusicTags": "",
        "NodeContext": "",
        "Quality": "Bronze",
        "SFXTags": "",
        "StateChangeTags": "",
        "TemplateNodeUUID": "00000000-0000-0000-0000-000000000000",
        "TemplateVersion": "0",
        "VFXTags": "",
        "collapsed": "False",
        "logicalname": "Question",
        "position": "335;-423",
        "sourcetemplate": ""
      }
    },
    "e9720654-05af-485c-6096-e7da14f579b7": {
      "UUID": "e9720654-05af-485c-6096-e7da14f579b7",
      "Constructor": "TagAnswer",
      "EndNode": true,
      "Root": false,
      "ShowOnce": false,
      "SpeakerNo": -666,
      "AddressedSpeaker": 0,
      "Children": [],
      "CheckFlags": [],
      "SetFlags": [],
      "TaggedTextList": [
        {
          "HasTagRule": false,
          "RuleGroup": {
            "TagCombineOp": 0,
            "Rules": [],
            "RuleString": ""
          },
          "TagTexts": [
            {
              "LineId": "f67c098a-72f7-4397-a0a4-bde6693ff0b4",
              "Text": {
                "Handle": "hf1bd8ac4g53f4g4cc4gae5eg387edcb3f6f4",
                "Value": "*Your chest tightens, your fingertips shake.*"
              }
            }
          ]
        }
      ],
      "EditorData": {
        "AnimationTags": "",
        "Attitude": "Default",
        "CinematicNodeContext": "",
        "CinematicObjects": "",
        "CustomCineArtKeysPresent": "True",
        "CustomLightingPresent": "False",
        "CustomSoundPresent": "False",
        "CustomVFXPresent": "False",
        "Emotion": "Default",
        "ForceDisableIsCustomNode": "False",
        "ID": "N44",
        "InternalNodeContext": "",
        "IsCustomNode": "False",
        "MusicTags": "",
        "NodeContext": "",
        "Quality": "Bronze",
        "SFXTags": "",
        "StateChangeTags": "",
        "TemplateNodeUUID": "00000000-0000-0000-0000-000000000000",
        "TemplateVersion": "0",
        "VFXTags": "",
        "collapsed": "False",
        "logicalname": "Answer",
        "position": "655;891",
        "sourcetemplate": ""
      }
    },
    "ea02fc59-9c8a-0529-af1c-c55dc0431f98": {
      "JumpTarget": "f7106dec-f726-a559-53e6-fbd5b028ea51",
      "JumpTargetPoint": 2,
      "UUID": "ea02fc59-9c8a-0529-af1c-c55dc0431f98",
      "Constructor": "Jump",
      "EndNode": false,
      "Root": false,
      "ShowOnce": false,
      "SpeakerNo": 0,
      "AddressedSpeaker": 0,
      "Children": [],
      "CheckFlags": [],
      "SetFlags": [],
      "TaggedTextList": [],
      "EditorData": {
        "ID": "N22",
        "TemplateNodeUUID": "00000000-0000-0000-0000-000000000000",
        "TemplateVersion": "0",
        "collapsed": "False",
        "logicalname": "Jump",
        "position": "2895;-204",
        "sourcetemplate": ""
      }
    },
    "ebaa8427-2383-8100-b647-9d17c4288400": {
      "UUID": "ebaa8427-2383-8100-b647-9d17c4288400",
      "Constructor": "TagGreeting",
      "EndNode": false,
      "Root": true,
      "ShowOnce": false,
      "SpeakerNo": 0,
      "AddressedSpeaker": 0,
      "Children": [
        "aa72f5c6-8236-9e7a-e174-814d1a5497ea",
        "c4e3b402-cf19-bc2c-f6ef-d1bf1dea8389",
        "71d9a4a2-2dca-017b-a910-29e4b6e8d901"
      ],
      "CheckFlags": [
        {
          "Flags": [
            {
              "UUID": "863a9e6c-79c2-9843-3f09-56a48d6feb34",
              "value": true,
              "paramval": null,
              "Name": "DEN_Apprentice_State_PlayerHealedBird"
            }
          ],
          "Type": "Global"
        },
        {
          "Flags": [
            {
              "UUID": "dc860a81-f3c2-4c1a-ab90-e7583324845c",
              "value": true,
              "paramval": 1,
              "Name": "PETPAL"
            }
          ],
          "Type": "Tag"
        }
      ],
      "SetFlags": [
        {
          "Flags": [
            {
              "UUID": "352ab466-a13f-ed19-2088-adf348c4ad1b",
              "value": true,
              "paramval": null,
              "Name": "DEN_Apprentice_Event_RemoveBirdExhaustion"
            }
          ],
          "Type": "Global"
        }
      ],
      "TaggedTextList": [
        {
          "HasTagRule": false,
          "RuleGroup": {
            "TagCombineOp": 0,
            "Rules": [],
            "RuleString": ""
          },
          "TagTexts": [
            {
              "LineId": "e47662e5-f34e-b947-4e7b-21c6a2928c2c",
              "Text": {
                "Handle": "h00a27ac3g19d5g4230g99bcg887baa63e289",
                "Value": "That - that feels good. Thank you!"
              }
            }
          ]
        }
      ],
      "EditorData": {
        "AnimationTags": "[Bird] Cycle - seated pose, head low, weak laboured breathing, recovering from injury",
        "Attitude": "Default",
        "CinematicNodeContext": "",
        "CinematicObjects": "",
        "CustomCineArtKeysPresent": "True",
        "CustomLightingPresent": "False",
        "CustomSoundPresent": "False",
        "CustomVFXPresent": "True",
        "Emotion": "Happiness",
        "ForceDisableIsCustomNode": "False",
        "ID": "N24",
        "InternalNodeContext": "",
        "IsCustomNode": "False",
        "MusicTags": "",
        "NodeContext": "",
        "Quality": "Bronze",
        "SFXTags": "",
        "StateChangeTags": "",
        "TemplateNodeUUID": "00000000-0000-0000-0000-000000000000",
        "TemplateVersion": "0",
        "VFXTags": "FX_SpeakWithAnimal_Spell",
        "collapsed": "False",
        "logicalname": "Healed by player",
        "position": "15;-1080",
        "sourcetemplate": ""
      }
    },
    "ef43b8ee-e2e4-a4e7-f4bc-92965aa9c379": {
      "UUID": "ef43b8ee-e2e4-a4e7-f4bc-92965aa9c379",
      "Constructor": "TagAnswer",
      "EndNode": false,
      "Root": false,
      "ShowOnce": false,
      "SpeakerNo": 0,
      "AddressedSpeaker": 0,
      "Children": [
        "72d8e5ae-8b3d-8a44-94f1-082772963aad"
      ],
      "CheckFlags": [],
      "SetFlags": [],
      "TaggedTextList": [
        {
          "HasTagRule": false,
          "RuleGroup": {
            "TagCombineOp": 0,
            "Rules": [],
            "RuleString": ""
          },
          "TagTexts": [
            {
              "LineId": "29899248-eb22-a02d-506b-cc0f2c0a31c5",
              "Text": {
                "Handle": "h918976a5g5d48g4d67g9664g1a1b911a2b2a",
                "Value": "Argh!"
              }
            }
          ]
        }
      ],
      "EditorData": {
        "AnimationTags": "Resting Bird reacts in pain to having sore wing poked [player] - poke with one finger, ChadD:<Bird> use Construction anims.  <Nettie> [REUSE] SCENE_DEN_Apprentice_Examine_Bird",
        "Attitude": "Default",
        "CinematicNodeContext": "Player prods the bird's injured wing",
        "CinematicObjects": "",
        "CustomCineArtKeysPresent": "True",
        "CustomLightingPresent": "False",
        "CustomSoundPresent": "False",
        "CustomVFXPresent": "False",
        "Emotion": "Default",
        "ForceDisableIsCustomNode": "False",
        "ID": "N14",
        "InternalNodeContext": "",
        "IsCustomNode": "True",
        "MusicTags": "",
        "NodeContext": "",
        "Quality": "Bronze",
        "SFXTags": "",
        "StateChangeTags": "",
        "TemplateNodeUUID": "00000000-0000-0000-0000-000000000000",
        "TemplateVersion": "0",
        "VFXTags": "FX_SpeakWithAnimal_Spell",
        "collapsed": "False",
        "logicalname": "Answer",
        "position": "1295;-423",
        "sourcetemplate": ""
      }
    },
    "f7106dec-f726-a559-53e6-fbd5b028ea51": {
      "UUID": "f7106dec-f726-a559-53e6-fbd5b028ea51",
      "Constructor": "TagGreeting",
      "EndNode": false,
      "Root": true,
      "ShowOnce": false,
      "SpeakerNo": 0,
      "AddressedSpeaker": 0,
      "Children": [
        "e1391e70-4130-c8c4-cee7-cea5bef59f02",
        "ba49caf9-500f-e086-e6c0-7ca0086ff523",
        "cb92a99f-5571-e246-2170-f28af71afeca"
      ],
      "CheckFlags": [
        {
          "Flags": [
            {
              "UUID": "d1864465-10c1-10ed-0bc3-54d4e867736d",
              "value": false,
              "paramval": 1,
              "Name": "DEN_Apprentice_HasMet_WoundedBird"
            }
          ],
          "Type": "Dialog"
        },
        {
          "Flags": [
            {
              "UUID": "dc860a81-f3c2-4c1a-ab90-e7583324845c",
              "value": true,
              "paramval": 1,
              "Name": "PETPAL"
            }
          ],
          "Type": "Tag"
        }
      ],
      "SetFlags": [
        {
          "Flags": [
            {
              "UUID": "d1864465-10c1-10ed-0bc3-54d4e867736d",
              "value": true,
              "paramval": 1,
              "Name": "DEN_Apprentice_HasMet_WoundedBird"
            }
          ],
          "Type": "Dialog"
        }
      ],
      "TaggedTextList": [
        {
          "HasTagRule": false,
          "RuleGroup": {
            "TagCombineOp": 0,
            "Rules": [],
            "RuleString": ""
          },
          "TagTexts": [
            {
              "LineId": "824868f3-7bc8-06d7-6809-c7aa6522c294",
              "Text": {
                "Handle": "h11beaa08g674eg4b56gb89ag8877c40ebe21",
                "Value": "Please... I'm resting..."
              }
            }
          ]
        }
      ],
      "EditorData": {
        "AnimationTags": "",
        "Attitude": "Default",
        "CinematicNodeContext": "",
        "CinematicObjects": "",
        "CustomCineArtKeysPresent": "True",
        "CustomLightingPresent": "False",
        "CustomSoundPresent": "False",
        "CustomVFXPresent": "True",
        "Emotion": "Default",
        "ForceDisableIsCustomNode": "False",
        "ID": "N6",
        "InternalNodeContext": "",
        "IsCustomNode": "False",
        "MusicTags": "",
        "NodeContext": "",
        "Quality": "Bronze",
        "SFXTags": "",
        "StateChangeTags": "",
        "TemplateNodeUUID": "00000000-0000-0000-0000-000000000000",
        "TemplateVersion": "0",
        "VFXTags": "FX_SpeakWithAnimal_Spell",
        "collapsed": "False",
        "logicalname": "Greeting",
        "position": "15;-423",
        "sourcetemplate": ""
      }
    },
    "fb7e5ede-8714-bce8-3a31-1a2b7bee31ed": {
      "UUID": "fb7e5ede-8714-bce8-3a31-1a2b7bee31ed",
      "Constructor": "TagAnswer",
      "EndNode": true,
      "Root": false,
      "ShowOnce": false,
      "SpeakerNo": -666,
      "AddressedSpeaker": 0,
      "Children": [],
      "CheckFlags": [],
      "SetFlags": [],
      "TaggedTextList": [
        {
          "HasTagRule": false,
          "RuleGroup": {
            "TagCombineOp": 0,
            "Rules": [],
            "RuleString": ""
          },
          "TagTexts": [
            {
              "LineId": "f67e3e62-d37e-457d-8773-4a87effb0020",
              "Text": {
                "Handle": "h8981d27dg7360g43begb851g74acdec88d9f",
                "Value": "*You wonder what it would be like to fly as the birds do.*"
              }
            }
          ]
        }
      ],
      "EditorData": {
        "AnimationTags": "",
        "Attitude": "Default",
        "CinematicNodeContext": "If possible, we show the wing in the hand of the dark urge as they reflect on it philosophically",
        "CinematicObjects": "",
        "CustomCineArtKeysPresent": "True",
        "CustomLightingPresent": "False",
        "CustomSoundPresent": "False",
        "CustomVFXPresent": "True",
        "Emotion": "Default",
        "ForceDisableIsCustomNode": "False",
        "ID": "N48",
        "InternalNodeContext": "",
        "IsCustomNode": "True",
        "MusicTags": "",
        "NodeContext": "",
        "Quality": "Bronze",
        "SFXTags": "",
        "StateChangeTags": "",
        "TemplateNodeUUID": "00000000-0000-0000-0000-000000000000",
        "TemplateVersion": "0",
        "VFXTags": "",
        "collapsed": "False",
        "logicalname": "Answer",
        "position": "975;672",
        "sourcetemplate": ""
      }
    }
  },
  "SpeakerDict": {
    "0": {
      "IsPeanutSpeaker": false,
      "SpeakerMappingId": "b2dc042d-5767-3844-90ca-59d46137e41d",
      "Index": 0,
      "List": [
        "200bc56e-f3e1-445b-8b75-a5ddb541e123"
      ],
      "SpeakerCharacter": {
        "DisplayName": "Wounded Bird",
        "Type": "character",
        "MapKey": "200bc56e-f3e1-445b-8b75-a5ddb541e123",
        "Name": "S_DEN_WoundedBird",
        "ParentTemplateId": null,
        "TemplateName": "e32a1c7a-93db-4a3d-b21f-ca9cbff85190"
      },
      "SpeakerGroupName": null
    },
    "1": {
      "IsPeanutSpeaker": false,
      "SpeakerMappingId": "c404e889-cd62-27ab-bd8b-40a8f5468e07",
      "Index": 1,
      "List": [
        "e0d1ff71-04a8-4340-ae64-9684d846eb83"
      ],
      "SpeakerCharacter": {
        "DisplayName": "Player",
        "Type": "character",
        "MapKey": "e2badbf0-159a-4ef5-9e73-7bbeb3d1015a",
        "Name": "S_GLO_CharacterCreationDummy_001",
        "ParentTemplateId": null,
        "TemplateName": "fd7f2707-8f86-4836-bda8-e0db99c389cc"
      },
      "SpeakerGroupName": "GROUP_Players"
    }
  },
  "Synopsis": "Wounded bird is resting on the table after being treated by Nettie. It's probably going to die. If you poke it repeatedly, it will die."
}