{
  "Path": "Mods/Gustav/Story/Dialogs/Act1/DEN/DEN_DruidAttack_Trainer.lsj",
  "UUID": "b936aff5-13a9-46f4-f919-206f7421f552",
  "Category": "Generic NPC Dialog",
  "DefaultAddressedSpeakers": {
    "0": -1,
    "1": -1
  },
  "RootNodes": [
    "170933ac-0330-b2b3-4488-d921d5f8781f",
    "97b829e7-8791-87e3-5f27-62ffcaddf468",
    "ba21e915-df95-d56f-366f-5097e8932239",
    "8221fd47-86b1-768c-3263-dc7b2ecc803d",
    "404ae5b5-9108-e86c-8046-64909f6aefef",
    "01b00788-91cd-96f4-1345-00e73479fd14"
  ],
  "Nodes": {
    "01b00788-91cd-96f4-1345-00e73479fd14": {
      "UUID": "01b00788-91cd-96f4-1345-00e73479fd14",
      "Constructor": "TagGreeting",
      "EndNode": true,
      "Root": true,
      "ShowOnce": false,
      "SpeakerNo": 0,
      "AddressedSpeaker": -1,
      "Children": [],
      "CheckFlags": [],
      "SetFlags": [],
      "TaggedTextList": [
        {
          "HasTagRule": false,
          "RuleGroup": {
            "TagCombineOp": 0,
            "Rules": [],
            "RuleString": ""
          },
          "TagTexts": [
            {
              "LineId": "def72fe1-8a29-0d6c-0251-c6581d0d79f3",
              "Text": {
                "Handle": "heab36f06g68fcg438bgad0dgefa4c43d83b9",
                "Value": "Get ready. It's happening. Just as I feared..."
              }
            }
          ]
        }
      ],
      "EditorData": {
        "AnimationTags": "",
        "Attitude": "Default",
        "CinematicNodeContext": "",
        "CinematicObjects": "",
        "CustomCineArtKeysPresent": "False",
        "CustomLightingPresent": "False",
        "CustomSoundPresent": "False",
        "CustomVFXPresent": "False",
        "Emotion": "Default",
        "ForceDisableIsCustomNode": "False",
        "ID": "N1",
        "InternalNodeContext": "",
        "IsCustomNode": "False",
        "MusicTags": "",
        "NodeContext": "with quiet resolve.",
        "Quality": "Bronze",
        "SFXTags": "",
        "StateChangeTags": "",
        "TemplateNodeUUID": "00000000-0000-0000-0000-000000000000",
        "TemplateVersion": "0",
        "VFXTags": "",
        "collapsed": "False",
        "logicalname": "Druid Attack is under way.",
        "position": "15;-204",
        "sourcetemplate": ""
      }
    },
    "170933ac-0330-b2b3-4488-d921d5f8781f": {
      "UUID": "170933ac-0330-b2b3-4488-d921d5f8781f",
      "Constructor": "TagGreeting",
      "EndNode": true,
      "Root": true,
      "ShowOnce": false,
      "SpeakerNo": 0,
      "AddressedSpeaker": -1,
      "Children": [],
      "CheckFlags": [
        {
          "Flags": [
            {
              "UUID": "317fea70-509c-4582-f706-9eab89b7d3cf",
              "value": true,
              "paramval": 1,
              "Name": "DEN_DruidAttack_HasMet_TrainerAfterAttack"
            }
          ],
          "Type": "Dialog"
        },
        {
          "Flags": [
            {
              "UUID": "b4754af7-07ec-433c-87d2-e78ef4c79e6e",
              "value": true,
              "paramval": null,
              "Name": "DEN_DruidAttack_State_PrepAfterDeathOfDruids"
            },
            {
              "UUID": "b8eac5ee-2c63-9924-91c2-668d5bffa74c",
              "value": true,
              "paramval": null,
              "Name": "DEN_TieflingLeader_State_PermaDefeated"
            }
          ],
          "Type": "Global"
        }
      ],
      "SetFlags": [],
      "TaggedTextList": [
        {
          "HasTagRule": false,
          "RuleGroup": {
            "TagCombineOp": 0,
            "Rules": [],
            "RuleString": ""
          },
          "TagTexts": [
            {
              "LineId": "1e67730c-db82-f7e2-6a29-a4f8293bf43b",
              "Text": {
                "Handle": "h9ddeb1a2g5b72g4af7ga354g6ae6fb1e190a",
                "Value": "Keep a good eye out. I don't trust anything anymore."
              }
            }
          ]
        }
      ],
      "EditorData": {
        "AnimationTags": "",
        "Attitude": "Default",
        "CinematicNodeContext": "",
        "CinematicObjects": "",
        "CustomCineArtKeysPresent": "False",
        "CustomLightingPresent": "False",
        "CustomSoundPresent": "False",
        "CustomVFXPresent": "False",
        "Emotion": "Default",
        "ForceDisableIsCustomNode": "False",
        "ID": "N2",
        "InternalNodeContext": "",
        "IsCustomNode": "False",
        "MusicTags": "",
        "NodeContext": "",
        "Quality": "Bronze",
        "SFXTags": "",
        "StateChangeTags": "",
        "TemplateNodeUUID": "00000000-0000-0000-0000-000000000000",
        "TemplateVersion": "0",
        "VFXTags": "",
        "collapsed": "False",
        "logicalname": "Druids are dead / Dead Zevlor",
        "position": "15;-1299",
        "sourcetemplate": ""
      }
    },
    "404ae5b5-9108-e86c-8046-64909f6aefef": {
      "UUID": "404ae5b5-9108-e86c-8046-64909f6aefef",
      "Constructor": "TagGreeting",
      "EndNode": false,
      "Root": true,
      "ShowOnce": false,
      "SpeakerNo": 0,
      "AddressedSpeaker": -1,
      "Children": [
        "8bfaf06d-bb83-3200-56d0-d50b2f18aa70"
      ],
      "CheckFlags": [
        {
          "Flags": [
            {
              "UUID": "2d908dbc-1d30-ef8b-6c16-dd4cbce00505",
              "value": true,
              "paramval": null,
              "Name": "DEN_DruidAttack_Event_FactionDeathCheckin"
            }
          ],
          "Type": "Global"
        }
      ],
      "SetFlags": [
        {
          "Flags": [
            {
              "UUID": "b4754af7-07ec-433c-87d2-e78ef4c79e6e",
              "value": true,
              "paramval": null,
              "Name": "DEN_DruidAttack_State_PrepAfterDeathOfDruids"
            }
          ],
          "Type": "Global"
        }
      ],
      "TaggedTextList": [
        {
          "HasTagRule": false,
          "RuleGroup": {
            "TagCombineOp": 0,
            "Rules": [],
            "RuleString": ""
          },
          "TagTexts": [
            {
              "LineId": "5c3915f3-e712-bc57-6d37-3d83107d93d6",
              "Text": {
                "Handle": "h15147039g05adg40ddgac89gaccab8dc44fb",
                "Value": "I can't believe they turned on us. I suppose I <i>can </i>but... there are children here."
              }
            }
          ]
        }
      ],
      "EditorData": {
        "AnimationTags": "",
        "Attitude": "Default",
        "CinematicNodeContext": "",
        "CinematicObjects": "",
        "CustomCineArtKeysPresent": "False",
        "CustomLightingPresent": "False",
        "CustomSoundPresent": "False",
        "CustomVFXPresent": "False",
        "Emotion": "Default",
        "ForceDisableIsCustomNode": "False",
        "ID": "N15",
        "InternalNodeContext": "",
        "IsCustomNode": "False",
        "MusicTags": "",
        "NodeContext": "",
        "Quality": "Bronze",
        "SFXTags": "",
        "StateChangeTags": "",
        "TemplateNodeUUID": "00000000-0000-0000-0000-000000000000",
        "TemplateVersion": "0",
        "VFXTags": "",
        "collapsed": "False",
        "logicalname": "Druids Dead Check In",
        "position": "15;-423",
        "sourcetemplate": ""
      }
    },
    "8221fd47-86b1-768c-3263-dc7b2ecc803d": {
      "UUID": "8221fd47-86b1-768c-3263-dc7b2ecc803d",
      "Constructor": "TagGreeting",
      "EndNode": true,
      "Root": true,
      "ShowOnce": false,
      "SpeakerNo": 0,
      "AddressedSpeaker": -1,
      "Children": [],
      "CheckFlags": [
        {
          "Flags": [
            {
              "UUID": "b4754af7-07ec-433c-87d2-e78ef4c79e6e",
              "value": true,
              "paramval": null,
              "Name": "DEN_DruidAttack_State_PrepAfterDeathOfDruids"
            }
          ],
          "Type": "Global"
        }
      ],
      "SetFlags": [
        {
          "Flags": [
            {
              "UUID": "317fea70-509c-4582-f706-9eab89b7d3cf",
              "value": true,
              "paramval": 1,
              "Name": "DEN_DruidAttack_HasMet_TrainerAfterAttack"
            }
          ],
          "Type": "Dialog"
        }
      ],
      "TaggedTextList": [
        {
          "HasTagRule": false,
          "RuleGroup": {
            "TagCombineOp": 0,
            "Rules": [],
            "RuleString": ""
          },
          "TagTexts": [
            {
              "LineId": "fbfb1b3f-acc1-edd4-b0ac-1975846657f6",
              "Text": {
                "Handle": "h936193dfgd92eg4ce9gbb57gc964e40609be",
                "Value": "We need to prepare the gate. The threat <i>inside </i>is gone, but it's a wild world out here."
              }
            }
          ]
        }
      ],
      "EditorData": {
        "AnimationTags": "",
        "Attitude": "Default",
        "CinematicNodeContext": "",
        "CinematicObjects": "",
        "CustomCineArtKeysPresent": "False",
        "CustomLightingPresent": "False",
        "CustomSoundPresent": "False",
        "CustomVFXPresent": "False",
        "Emotion": "Default",
        "ForceDisableIsCustomNode": "False",
        "ID": "N28",
        "InternalNodeContext": "",
        "IsCustomNode": "False",
        "MusicTags": "",
        "NodeContext": "",
        "Quality": "Bronze",
        "SFXTags": "",
        "StateChangeTags": "",
        "TemplateNodeUUID": "00000000-0000-0000-0000-000000000000",
        "TemplateVersion": "0",
        "VFXTags": "",
        "collapsed": "False",
        "logicalname": "Druids are dead and attack is over.",
        "position": "15;-642",
        "sourcetemplate": ""
      }
    },
    "8bfaf06d-bb83-3200-56d0-d50b2f18aa70": {
      "UUID": "8bfaf06d-bb83-3200-56d0-d50b2f18aa70",
      "Constructor": "TagAnswer",
      "EndNode": false,
      "Root": false,
      "ShowOnce": false,
      "SpeakerNo": 0,
      "AddressedSpeaker": -1,
      "Children": [
        "b5b75e1b-0481-878f-eaed-2276d706c477"
      ],
      "CheckFlags": [],
      "SetFlags": [],
      "TaggedTextList": [
        {
          "HasTagRule": false,
          "RuleGroup": {
            "TagCombineOp": 0,
            "Rules": [],
            "RuleString": ""
          },
          "TagTexts": [
            {
              "LineId": "f5389ab8-e93d-a2ce-7335-1ddb327a0fc1",
              "Text": {
                "Handle": "h3c983a2fg5e07g4132g8a56g4a9c2993bf1e",
                "Value": "I thought druids valued life. Shows what I know."
              }
            }
          ]
        }
      ],
      "EditorData": {
        "AnimationTags": "",
        "Attitude": "Default",
        "CinematicNodeContext": "",
        "CinematicObjects": "",
        "CustomCineArtKeysPresent": "False",
        "CustomLightingPresent": "False",
        "CustomSoundPresent": "False",
        "CustomVFXPresent": "False",
        "Emotion": "Default",
        "ForceDisableIsCustomNode": "False",
        "ID": "N29",
        "InternalNodeContext": "",
        "IsCustomNode": "False",
        "MusicTags": "",
        "NodeContext": "with bitterness",
        "Quality": "Bronze",
        "SFXTags": "",
        "StateChangeTags": "",
        "TemplateNodeUUID": "00000000-0000-0000-0000-000000000000",
        "TemplateVersion": "0",
        "VFXTags": "",
        "collapsed": "False",
        "logicalname": "Answer",
        "position": "335;-423",
        "sourcetemplate": ""
      }
    },
    "97b829e7-8791-87e3-5f27-62ffcaddf468": {
      "UUID": "97b829e7-8791-87e3-5f27-62ffcaddf468",
      "Constructor": "TagGreeting",
      "EndNode": true,
      "Root": true,
      "ShowOnce": false,
      "SpeakerNo": 0,
      "AddressedSpeaker": -1,
      "Children": [],
      "CheckFlags": [
        {
          "Flags": [
            {
              "UUID": "b4754af7-07ec-433c-87d2-e78ef4c79e6e",
              "value": true,
              "paramval": null,
              "Name": "DEN_DruidAttack_State_PrepAfterDeathOfDruids"
            },
            {
              "UUID": "b8eac5ee-2c63-9924-91c2-668d5bffa74c",
              "value": true,
              "paramval": null,
              "Name": "DEN_TieflingLeader_State_PermaDefeated"
            }
          ],
          "Type": "Global"
        }
      ],
      "SetFlags": [
        {
          "Flags": [
            {
              "UUID": "317fea70-509c-4582-f706-9eab89b7d3cf",
              "value": true,
              "paramval": 1,
              "Name": "DEN_DruidAttack_HasMet_TrainerAfterAttack"
            }
          ],
          "Type": "Dialog"
        }
      ],
      "TaggedTextList": [
        {
          "HasTagRule": false,
          "RuleGroup": {
            "TagCombineOp": 0,
            "Rules": [],
            "RuleString": ""
          },
          "TagTexts": [
            {
              "LineId": "f7052909-0488-9400-3f6d-b9a32d3e162d",
              "Text": {
                "Handle": "h0cda9a4fg1bb6g4f08g970fgce697ab9ff5e",
                "Value": "High time we put an end to every enemy that's haunted us here. You've given us that chance. We won't waste it."
              }
            }
          ]
        }
      ],
      "EditorData": {
        "AnimationTags": "",
        "Attitude": "Default",
        "CinematicNodeContext": "",
        "CinematicObjects": "",
        "CustomCineArtKeysPresent": "False",
        "CustomLightingPresent": "False",
        "CustomSoundPresent": "False",
        "CustomVFXPresent": "False",
        "Emotion": "Default",
        "ForceDisableIsCustomNode": "False",
        "ID": "N20",
        "InternalNodeContext": "",
        "IsCustomNode": "False",
        "MusicTags": "",
        "NodeContext": "",
        "Quality": "Bronze",
        "SFXTags": "",
        "StateChangeTags": "",
        "TemplateNodeUUID": "00000000-0000-0000-0000-000000000000",
        "TemplateVersion": "0",
        "VFXTags": "",
        "collapsed": "False",
        "logicalname": "Druids are dead / Dead Zevlor",
        "position": "15;-1080",
        "sourcetemplate": ""
      }
    },
    "b5b75e1b-0481-878f-eaed-2276d706c477": {
      "UUID": "b5b75e1b-0481-878f-eaed-2276d706c477",
      "Constructor": "TagAnswer",
      "EndNode": true,
      "Root": false,
      "ShowOnce": false,
      "SpeakerNo": 0,
      "AddressedSpeaker": -1,
      "Children": [],
      "CheckFlags": [],
      "SetFlags": [],
      "TaggedTextList": [
        {
          "HasTagRule": false,
          "RuleGroup": {
            "TagCombineOp": 0,
            "Rules": [],
            "RuleString": ""
          },
          "TagTexts": [
            {
              "LineId": "67db0db6-89c9-d2d7-767d-cfbc4b797475",
              "Text": {
                "Handle": "h2f958eb3gc564g4106g8ac9g8c7009c0f894",
                "Value": "We'd best prepare for the worst. If more goblins come now, we won't stand a chance. Out of the cookpan..."
              }
            }
          ]
        }
      ],
      "EditorData": {
        "AnimationTags": "",
        "Attitude": "Default",
        "CinematicNodeContext": "",
        "CinematicObjects": "",
        "CustomCineArtKeysPresent": "False",
        "CustomLightingPresent": "False",
        "CustomSoundPresent": "False",
        "CustomVFXPresent": "False",
        "Emotion": "Default",
        "ForceDisableIsCustomNode": "False",
        "ID": "N16",
        "InternalNodeContext": "",
        "IsCustomNode": "False",
        "MusicTags": "",
        "NodeContext": "",
        "Quality": "Bronze",
        "SFXTags": "",
        "StateChangeTags": "",
        "TemplateNodeUUID": "00000000-0000-0000-0000-000000000000",
        "TemplateVersion": "0",
        "VFXTags": "",
        "collapsed": "False",
        "logicalname": "Answer",
        "position": "655;-423",
        "sourcetemplate": ""
      }
    },
    "ba21e915-df95-d56f-366f-5097e8932239": {
      "UUID": "ba21e915-df95-d56f-366f-5097e8932239",
      "Constructor": "TagGreeting",
      "EndNode": true,
      "Root": true,
      "ShowOnce": false,
      "SpeakerNo": 0,
      "AddressedSpeaker": -1,
      "Children": [],
      "CheckFlags": [
        {
          "Flags": [
            {
              "UUID": "317fea70-509c-4582-f706-9eab89b7d3cf",
              "value": true,
              "paramval": 1,
              "Name": "DEN_DruidAttack_HasMet_TrainerAfterAttack"
            }
          ],
          "Type": "Dialog"
        },
        {
          "Flags": [
            {
              "UUID": "b4754af7-07ec-433c-87d2-e78ef4c79e6e",
              "value": true,
              "paramval": null,
              "Name": "DEN_DruidAttack_State_PrepAfterDeathOfDruids"
            }
          ],
          "Type": "Global"
        }
      ],
      "SetFlags": [],
      "TaggedTextList": [
        {
          "HasTagRule": false,
          "RuleGroup": {
            "TagCombineOp": 0,
            "Rules": [],
            "RuleString": ""
          },
          "TagTexts": [
            {
              "LineId": "7a1068d6-9c1f-718a-d946-ff892e52de5f",
              "Text": {
                "Handle": "ha90079a5gd55fg429eg9cb8gfaab88c07024",
                "Value": "We won't forget what you did for us. You're one of <i>us </i>now. Always."
              }
            }
          ]
        }
      ],
      "EditorData": {
        "AnimationTags": "",
        "Attitude": "Default",
        "CinematicNodeContext": "",
        "CinematicObjects": "",
        "CustomCineArtKeysPresent": "False",
        "CustomLightingPresent": "False",
        "CustomSoundPresent": "False",
        "CustomVFXPresent": "False",
        "Emotion": "Default",
        "ForceDisableIsCustomNode": "False",
        "ID": "N24",
        "InternalNodeContext": "",
        "IsCustomNode": "False",
        "MusicTags": "",
        "NodeContext": "",
        "Quality": "Bronze",
        "SFXTags": "",
        "StateChangeTags": "",
        "TemplateNodeUUID": "00000000-0000-0000-0000-000000000000",
        "TemplateVersion": "0",
        "VFXTags": "",
        "collapsed": "False",
        "logicalname": "Druids are dead and attack is over.",
        "position": "15;-861",
        "sourcetemplate": ""
      }
    }
  },
  "SpeakerDict": {
    "0": {
      "IsPeanutSpeaker": false,
      "SpeakerMappingId": "ec2d1e8c-60ca-b1e2-fa62-60db555693ac",
      "Index": 0,
      "List": [
        "02025646-347a-4235-aef7-e46b7c94b435"
      ],
      "SpeakerCharacter": {
        "DisplayName": "Asharak",
        "Type": "character",
        "MapKey": "02025646-347a-4235-aef7-e46b7c94b435",
        "Name": "S_DEN_Trainer",
        "ParentTemplateId": null,
        "TemplateName": "a5856190-08e3-4741-b697-8b1cbf03eaa1"
      },
      "SpeakerGroupName": null
    },
    "1": {
      "IsPeanutSpeaker": false,
      "SpeakerMappingId": "4daceeff-fa4f-cfbc-af58-594eada24695",
      "Index": 1,
      "List": [
        "e0d1ff71-04a8-4340-ae64-9684d846eb83"
      ],
      "SpeakerCharacter": {
        "DisplayName": "Player",
        "Type": "character",
        "MapKey": "e2badbf0-159a-4ef5-9e73-7bbeb3d1015a",
        "Name": "S_GLO_CharacterCreationDummy_001",
        "ParentTemplateId": null,
        "TemplateName": "fd7f2707-8f86-4836-bda8-e0db99c389cc"
      },
      "SpeakerGroupName": "GROUP_Players"
    }
  },
  "Synopsis": "NPC Dialog during and after the Druid Attack state."
}