{
  "Path": "Mods/Gustav/Story/Dialogs/Act1/DEN/DEN_AttackOnDen_Refugee004.lsj",
  "UUID": "34a7e886-37fd-072f-748f-3153efd4fa3a",
  "Category": "Generic NPC Dialog",
  "DefaultAddressedSpeakers": {
    "0": 1,
    "1": 0
  },
  "RootNodes": [
    "b195809b-bdeb-7c2f-63b9-63ce25675df3",
    "24cc9343-b436-207d-34c0-6b3133a46fb5",
    "b73f0b5b-174b-2747-88c5-f9fc463407ec",
    "ac00c9dd-a183-50fb-ed99-185fb3fc36b0",
    "fb132347-8083-6bdc-9e12-ba172d210807",
    "b8cbe821-53d4-d56e-fccf-72c5bf824506"
  ],
  "Nodes": {
    "24cc9343-b436-207d-34c0-6b3133a46fb5": {
      "UUID": "24cc9343-b436-207d-34c0-6b3133a46fb5",
      "Constructor": "TagGreeting",
      "EndNode": true,
      "Root": true,
      "ShowOnce": false,
      "SpeakerNo": 0,
      "AddressedSpeaker": -1,
      "Children": [],
      "CheckFlags": [
        {
          "Flags": [
            {
              "UUID": "1e6a42ed-8313-4f46-57e2-20dbdb2df923",
              "value": true,
              "paramval": null,
              "Name": "DEN_Refugees_State_LeadersAreDead"
            }
          ],
          "Type": "Global"
        }
      ],
      "SetFlags": [
        {
          "Flags": [
            {
              "UUID": "9bccdbc1-f853-2a61-0575-676d3b4bd102",
              "value": true,
              "paramval": 1,
              "Name": "DEN_AttackOnDen_HasMet_Refugee004Victory"
            }
          ],
          "Type": "Dialog"
        }
      ],
      "TaggedTextList": [
        {
          "HasTagRule": false,
          "RuleGroup": {
            "TagCombineOp": 0,
            "Rules": [],
            "RuleString": ""
          },
          "TagTexts": [
            {
              "LineId": "3b0570b5-0ff9-3855-3384-c6393d0bccbc",
              "Text": {
                "Handle": "h5960bf1cg202dg498eg8f04g1838a7dbdd2e",
                "Value": "Thought you'd left us to our fate, running off like you did. Glad I was wrong."
              }
            }
          ]
        }
      ],
      "EditorData": {
        "AnimationTags": "",
        "Attitude": "Friendly",
        "CinematicNodeContext": "",
        "CinematicObjects": "",
        "CustomCineArtKeysPresent": "False",
        "CustomLightingPresent": "False",
        "CustomSoundPresent": "False",
        "CustomVFXPresent": "False",
        "Emotion": "Happiness",
        "ForceDisableIsCustomNode": "False",
        "ID": "N72",
        "InternalNodeContext": "",
        "IsCustomNode": "False",
        "MusicTags": "",
        "NodeContext": "Relieved and grateful",
        "Quality": "Bronze",
        "SFXTags": "",
        "StateChangeTags": "",
        "TemplateNodeUUID": "00000000-0000-0000-0000-000000000000",
        "TemplateVersion": "0",
        "VFXTags": "",
        "collapsed": "False",
        "logicalname": "Goblin Leadership Dead",
        "position": "15;-2175",
        "sourcetemplate": ""
      }
    },
    "ac00c9dd-a183-50fb-ed99-185fb3fc36b0": {
      "UUID": "ac00c9dd-a183-50fb-ed99-185fb3fc36b0",
      "Constructor": "TagGreeting",
      "EndNode": true,
      "Root": true,
      "ShowOnce": false,
      "SpeakerNo": 0,
      "AddressedSpeaker": -1,
      "Children": [],
      "CheckFlags": [
        {
          "Flags": [
            {
              "UUID": "71c7f23e-3ff1-c9b8-3ef5-d75fa1b42c8d",
              "value": true,
              "paramval": null,
              "Name": "DEN_AttackOnDen_State_DenVictory"
            }
          ],
          "Type": "Global"
        }
      ],
      "SetFlags": [
        {
          "Flags": [
            {
              "UUID": "9bccdbc1-f853-2a61-0575-676d3b4bd102",
              "value": true,
              "paramval": 1,
              "Name": "DEN_AttackOnDen_HasMet_Refugee004Victory"
            }
          ],
          "Type": "Dialog"
        }
      ],
      "TaggedTextList": [
        {
          "HasTagRule": false,
          "RuleGroup": {
            "TagCombineOp": 0,
            "Rules": [],
            "RuleString": ""
          },
          "TagTexts": [
            {
              "LineId": "ece65022-4d7c-3023-546b-5439ad0504fa",
              "Text": {
                "Handle": "he9324435g0a38g49c9ga859g9f5930d51fcc",
                "Value": "That was too close, Tymora smile on us."
              }
            }
          ]
        }
      ],
      "EditorData": {
        "AnimationTags": "",
        "Attitude": "Friendly",
        "CinematicNodeContext": "",
        "CinematicObjects": "",
        "CustomCineArtKeysPresent": "False",
        "CustomLightingPresent": "False",
        "CustomSoundPresent": "False",
        "CustomVFXPresent": "False",
        "Emotion": "Happiness",
        "ForceDisableIsCustomNode": "False",
        "ID": "N64",
        "InternalNodeContext": "",
        "IsCustomNode": "False",
        "MusicTags": "",
        "NodeContext": "Relieved",
        "Quality": "Bronze",
        "SFXTags": "",
        "StateChangeTags": "",
        "TemplateNodeUUID": "00000000-0000-0000-0000-000000000000",
        "TemplateVersion": "0",
        "VFXTags": "",
        "collapsed": "False",
        "logicalname": "Den was defended successfully",
        "position": "15;-1737",
        "sourcetemplate": ""
      }
    },
    "b195809b-bdeb-7c2f-63b9-63ce25675df3": {
      "UUID": "b195809b-bdeb-7c2f-63b9-63ce25675df3",
      "Constructor": "TagGreeting",
      "EndNode": true,
      "Root": true,
      "ShowOnce": false,
      "SpeakerNo": 0,
      "AddressedSpeaker": -1,
      "Children": [],
      "CheckFlags": [
        {
          "Flags": [
            {
              "UUID": "9bccdbc1-f853-2a61-0575-676d3b4bd102",
              "value": true,
              "paramval": 1,
              "Name": "DEN_AttackOnDen_HasMet_Refugee004Victory"
            }
          ],
          "Type": "Dialog"
        },
        {
          "Flags": [
            {
              "UUID": "1e6a42ed-8313-4f46-57e2-20dbdb2df923",
              "value": true,
              "paramval": null,
              "Name": "DEN_Refugees_State_LeadersAreDead"
            }
          ],
          "Type": "Global"
        }
      ],
      "SetFlags": [],
      "TaggedTextList": [
        {
          "HasTagRule": false,
          "RuleGroup": {
            "TagCombineOp": 0,
            "Rules": [],
            "RuleString": ""
          },
          "TagTexts": [
            {
              "LineId": "37c409c8-37ae-788d-99ca-d860eeaa7628",
              "Text": {
                "Handle": "h0a42af9cge493g4e94gbab7g62a6403789dd",
                "Value": "The things the children are saying about you. At least when they were scared, they were <i>quiet.</i>"
              }
            }
          ]
        }
      ],
      "EditorData": {
        "AnimationTags": "",
        "Attitude": "Friendly",
        "CinematicNodeContext": "",
        "CinematicObjects": "",
        "CustomCineArtKeysPresent": "False",
        "CustomLightingPresent": "False",
        "CustomSoundPresent": "False",
        "CustomVFXPresent": "False",
        "Emotion": "Happiness",
        "ForceDisableIsCustomNode": "False",
        "ID": "N68",
        "InternalNodeContext": "",
        "IsCustomNode": "False",
        "MusicTags": "",
        "NodeContext": "He's impressed, beneath the wry remark.",
        "Quality": "Bronze",
        "SFXTags": "",
        "StateChangeTags": "",
        "TemplateNodeUUID": "00000000-0000-0000-0000-000000000000",
        "TemplateVersion": "0",
        "VFXTags": "",
        "collapsed": "False",
        "logicalname": "Goblin Leadership Dead",
        "position": "15;-2394",
        "sourcetemplate": ""
      }
    },
    "b73f0b5b-174b-2747-88c5-f9fc463407ec": {
      "UUID": "b73f0b5b-174b-2747-88c5-f9fc463407ec",
      "Constructor": "TagGreeting",
      "EndNode": true,
      "Root": true,
      "ShowOnce": false,
      "SpeakerNo": 0,
      "AddressedSpeaker": -1,
      "Children": [],
      "CheckFlags": [
        {
          "Flags": [
            {
              "UUID": "9bccdbc1-f853-2a61-0575-676d3b4bd102",
              "value": true,
              "paramval": 1,
              "Name": "DEN_AttackOnDen_HasMet_Refugee004Victory"
            }
          ],
          "Type": "Dialog"
        },
        {
          "Flags": [
            {
              "UUID": "71c7f23e-3ff1-c9b8-3ef5-d75fa1b42c8d",
              "value": true,
              "paramval": null,
              "Name": "DEN_AttackOnDen_State_DenVictory"
            }
          ],
          "Type": "Global"
        }
      ],
      "SetFlags": [],
      "TaggedTextList": [
        {
          "HasTagRule": false,
          "RuleGroup": {
            "TagCombineOp": 0,
            "Rules": [],
            "RuleString": ""
          },
          "TagTexts": [
            {
              "LineId": "cc0c45ed-25df-ebd8-02a5-2ecfe768d20d",
              "Text": {
                "Handle": "hfd9489a2g2875g49deg9719g57ba8d6f4ba2",
                "Value": "Let's hope our luck holds out until Baldur's Gate."
              }
            }
          ]
        }
      ],
      "EditorData": {
        "AnimationTags": "",
        "Attitude": "Friendly",
        "CinematicNodeContext": "",
        "CinematicObjects": "",
        "CustomCineArtKeysPresent": "False",
        "CustomLightingPresent": "False",
        "CustomSoundPresent": "False",
        "CustomVFXPresent": "False",
        "Emotion": "Happiness",
        "ForceDisableIsCustomNode": "False",
        "ID": "N60",
        "InternalNodeContext": "",
        "IsCustomNode": "False",
        "MusicTags": "",
        "NodeContext": "Relieved. Still a little anxious for challenges yet to come",
        "Quality": "Bronze",
        "SFXTags": "",
        "StateChangeTags": "",
        "TemplateNodeUUID": "00000000-0000-0000-0000-000000000000",
        "TemplateVersion": "0",
        "VFXTags": "",
        "collapsed": "False",
        "logicalname": "Den was defended successfully",
        "position": "15;-1956",
        "sourcetemplate": ""
      }
    },
    "b8cbe821-53d4-d56e-fccf-72c5bf824506": {
      "UUID": "b8cbe821-53d4-d56e-fccf-72c5bf824506",
      "Constructor": "TagGreeting",
      "EndNode": true,
      "Root": true,
      "ShowOnce": false,
      "SpeakerNo": 0,
      "AddressedSpeaker": -1,
      "Children": [],
      "CheckFlags": [],
      "SetFlags": [
        {
          "Flags": [
            {
              "UUID": "87e65cdf-a527-9223-0c8d-eade281d3172",
              "value": true,
              "paramval": 1,
              "Name": "DEN_AttackOnDen_HasMet_Refugee004"
            }
          ],
          "Type": "Dialog"
        }
      ],
      "TaggedTextList": [
        {
          "HasTagRule": false,
          "RuleGroup": {
            "TagCombineOp": 0,
            "Rules": [],
            "RuleString": ""
          },
          "TagTexts": [
            {
              "LineId": "03dd2058-cadd-0f52-f7d7-834035b428c5",
              "Text": {
                "Handle": "h4434f532g17a1g424dgbadag4bb686d5490e",
                "Value": "We can talk after this is over - if we're alive."
              }
            }
          ]
        }
      ],
      "EditorData": {
        "AnimationTags": "",
        "Attitude": "Default",
        "CinematicNodeContext": "",
        "CinematicObjects": "",
        "CustomCineArtKeysPresent": "False",
        "CustomLightingPresent": "False",
        "CustomSoundPresent": "False",
        "CustomVFXPresent": "False",
        "Emotion": "Default",
        "ForceDisableIsCustomNode": "False",
        "ID": "N1",
        "InternalNodeContext": "",
        "IsCustomNode": "False",
        "MusicTags": "",
        "NodeContext": "Nervous",
        "Quality": "Bronze",
        "SFXTags": "",
        "StateChangeTags": "",
        "TemplateNodeUUID": "00000000-0000-0000-0000-000000000000",
        "TemplateVersion": "0",
        "VFXTags": "",
        "collapsed": "False",
        "logicalname": "Greeting",
        "position": "15;-1299",
        "sourcetemplate": ""
      }
    },
    "fb132347-8083-6bdc-9e12-ba172d210807": {
      "UUID": "fb132347-8083-6bdc-9e12-ba172d210807",
      "Constructor": "TagGreeting",
      "EndNode": true,
      "Root": true,
      "ShowOnce": false,
      "SpeakerNo": 0,
      "AddressedSpeaker": -1,
      "Children": [],
      "CheckFlags": [
        {
          "Flags": [
            {
              "UUID": "87e65cdf-a527-9223-0c8d-eade281d3172",
              "value": true,
              "paramval": 1,
              "Name": "DEN_AttackOnDen_HasMet_Refugee004"
            }
          ],
          "Type": "Dialog"
        }
      ],
      "SetFlags": [],
      "TaggedTextList": [
        {
          "HasTagRule": false,
          "RuleGroup": {
            "TagCombineOp": 0,
            "Rules": [],
            "RuleString": ""
          },
          "TagTexts": [
            {
              "LineId": "5c88fd12-0119-bd00-ac74-bbad039deaad",
              "Text": {
                "Handle": "h078871d0g96c7g4a99gb95bg77e3d43223e5",
                "Value": "Whatever it is, I don't have time."
              }
            }
          ]
        }
      ],
      "EditorData": {
        "AnimationTags": "",
        "Attitude": "Default",
        "CinematicNodeContext": "",
        "CinematicObjects": "",
        "CustomCineArtKeysPresent": "False",
        "CustomLightingPresent": "False",
        "CustomSoundPresent": "False",
        "CustomVFXPresent": "False",
        "Emotion": "Default",
        "ForceDisableIsCustomNode": "False",
        "ID": "N56",
        "InternalNodeContext": "",
        "IsCustomNode": "False",
        "MusicTags": "",
        "NodeContext": "Nervous",
        "Quality": "Bronze",
        "SFXTags": "",
        "StateChangeTags": "",
        "TemplateNodeUUID": "00000000-0000-0000-0000-000000000000",
        "TemplateVersion": "0",
        "VFXTags": "",
        "collapsed": "False",
        "logicalname": "Greeting",
        "position": "15;-1518",
        "sourcetemplate": ""
      }
    }
  },
  "SpeakerDict": {
    "0": {
      "IsPeanutSpeaker": false,
      "SpeakerMappingId": "4d6af731-10fc-2fe2-0831-98cdd362a089",
      "Index": 0,
      "List": [
        "bc4c4282-86b0-4330-9df8-246ed0a704a2"
      ],
      "SpeakerCharacter": {
        "DisplayName": "Toron",
        "Type": "character",
        "MapKey": "bc4c4282-86b0-4330-9df8-246ed0a704a2",
        "Name": "S_DEN_TieflingRefugee_004",
        "ParentTemplateId": null,
        "TemplateName": "a5856190-08e3-4741-b697-8b1cbf03eaa1"
      },
      "SpeakerGroupName": null
    },
    "1": {
      "IsPeanutSpeaker": false,
      "SpeakerMappingId": "cabeb379-b322-c40b-6406-a547a78783bf",
      "Index": 1,
      "List": [
        "e0d1ff71-04a8-4340-ae64-9684d846eb83"
      ],
      "SpeakerCharacter": {
        "DisplayName": "Player",
        "Type": "character",
        "MapKey": "e2badbf0-159a-4ef5-9e73-7bbeb3d1015a",
        "Name": "S_GLO_CharacterCreationDummy_001",
        "ParentTemplateId": null,
        "TemplateName": "fd7f2707-8f86-4836-bda8-e0db99c389cc"
      },
      "SpeakerGroupName": "GROUP_Players"
    }
  },
  "Synopsis": "Refugee on the verge of panic with a battle set to take place outside. Quietly furious the player is not up on the walls protecting them."
}