{
  "Path": "Mods/Gustav/Story/Dialogs/Act1/DEN/DEN_AttackOnDen_AD_CraftyAtPool.lsj",
  "UUID": "5382ef5b-8290-884a-60aa-578feb6cbbbb",
  "Category": "Repeated automated NPC Dialog",
  "DefaultAddressedSpeakers": {
    "0": -1
  },
  "RootNodes": [
    "3bc4c800-6f02-a1d5-ea8f-0134970329a2",
    "ee428a5e-abe4-5c94-512f-dabccce1ad74",
    "014f4644-eaa3-8212-b9c1-c41371ae86da",
    "2673db66-2c8d-42a1-ba50-1d64d4c8e661"
  ],
  "Nodes": {
    "014f4644-eaa3-8212-b9c1-c41371ae86da": {
      "UUID": "014f4644-eaa3-8212-b9c1-c41371ae86da",
      "Constructor": "TagGreeting",
      "EndNode": true,
      "Root": true,
      "ShowOnce": false,
      "SpeakerNo": 0,
      "AddressedSpeaker": 0,
      "Children": [],
      "CheckFlags": [
        {
          "Flags": [
            {
              "UUID": "00e120fe-a9de-8244-931b-86ac959d629a",
              "value": true,
              "paramval": null,
              "Name": "11d70a18-2aae-47a0-1a18-c486858b1eaf_A"
            }
          ],
          "Type": "Local"
        }
      ],
      "SetFlags": [
        {
          "Flags": [
            {
              "UUID": "3267a228-3085-5454-e8fd-523d07461d21",
              "value": true,
              "paramval": null,
              "Name": "11d70a18-2aae-47a0-1a18-c486858b1eaf_B"
            }
          ],
          "Type": "Local"
        }
      ],
      "TaggedTextList": [
        {
          "HasTagRule": false,
          "RuleGroup": {
            "TagCombineOp": 0,
            "Rules": [],
            "RuleString": ""
          },
          "TagTexts": [
            {
              "LineId": "c9da7a7a-ad69-88f1-7824-9aad81a0ae05",
              "Text": {
                "Handle": "hde3329bag5f1bg4c1ega690g2d610bbfe32b",
                "Value": "Think we could get more beer?"
              }
            }
          ]
        }
      ],
      "EditorData": {
        "AnimationTags": "",
        "Attitude": "Default",
        "CinematicNodeContext": "",
        "CinematicObjects": "",
        "CustomCineArtKeysPresent": "False",
        "CustomLightingPresent": "False",
        "CustomSoundPresent": "False",
        "CustomVFXPresent": "False",
        "Emotion": "Default",
        "ForceDisableIsCustomNode": "False",
        "ID": "N28",
        "InternalNodeContext": "",
        "IsCustomNode": "False",
        "MusicTags": "",
        "NodeContext": "",
        "Quality": "Bronze",
        "SFXTags": "",
        "StateChangeTags": "",
        "TemplateNodeUUID": "00000000-0000-0000-0000-000000000000",
        "TemplateVersion": "0",
        "VFXTags": "",
        "collapsed": "False",
        "logicalname": "Greeting",
        "position": "15;-204",
        "sourcetemplate": ""
      }
    },
    "2673db66-2c8d-42a1-ba50-1d64d4c8e661": {
      "UUID": "2673db66-2c8d-42a1-ba50-1d64d4c8e661",
      "Constructor": "TagGreeting",
      "EndNode": true,
      "Root": true,
      "ShowOnce": false,
      "SpeakerNo": 0,
      "AddressedSpeaker": 0,
      "Children": [],
      "CheckFlags": [],
      "SetFlags": [
        {
          "Flags": [
            {
              "UUID": "00e120fe-a9de-8244-931b-86ac959d629a",
              "value": true,
              "paramval": null,
              "Name": "11d70a18-2aae-47a0-1a18-c486858b1eaf_A"
            }
          ],
          "Type": "Local"
        }
      ],
      "TaggedTextList": [
        {
          "HasTagRule": false,
          "RuleGroup": {
            "TagCombineOp": 0,
            "Rules": [],
            "RuleString": ""
          },
          "TagTexts": [
            {
              "LineId": "4a18ee59-226b-168c-69af-dcf1eba196a5",
              "Text": {
                "Handle": "h78238e8dg1105g4ccbgaf1eg9f92e9161def",
                "Value": "Glad I had all that beer before the raid. Heh."
              }
            }
          ]
        }
      ],
      "EditorData": {
        "AnimationTags": "",
        "Attitude": "Default",
        "CinematicNodeContext": "",
        "CinematicObjects": "",
        "CustomCineArtKeysPresent": "False",
        "CustomLightingPresent": "False",
        "CustomSoundPresent": "False",
        "CustomVFXPresent": "False",
        "Emotion": "Default",
        "ForceDisableIsCustomNode": "False",
        "ID": "N30",
        "InternalNodeContext": "",
        "IsCustomNode": "False",
        "MusicTags": "",
        "NodeContext": "",
        "Quality": "Bronze",
        "SFXTags": "",
        "StateChangeTags": "",
        "TemplateNodeUUID": "00000000-0000-0000-0000-000000000000",
        "TemplateVersion": "0",
        "VFXTags": "",
        "collapsed": "False",
        "logicalname": "Greeting",
        "position": "15;15",
        "sourcetemplate": ""
      }
    },
    "3bc4c800-6f02-a1d5-ea8f-0134970329a2": {
      "UUID": "3bc4c800-6f02-a1d5-ea8f-0134970329a2",
      "Constructor": "TagGreeting",
      "EndNode": true,
      "Root": true,
      "ShowOnce": false,
      "SpeakerNo": 0,
      "AddressedSpeaker": 0,
      "Children": [],
      "CheckFlags": [
        {
          "Flags": [
            {
              "UUID": "b92f8b03-2ab2-62f5-f6b6-d3a9aac78a6e",
              "value": true,
              "paramval": null,
              "Name": "11d70a18-2aae-47a0-1a18-c486858b1eaf_C"
            }
          ],
          "Type": "Local"
        }
      ],
      "SetFlags": [
        {
          "Flags": [
            {
              "UUID": "00e120fe-a9de-8244-931b-86ac959d629a",
              "value": false,
              "paramval": null,
              "Name": "11d70a18-2aae-47a0-1a18-c486858b1eaf_A"
            },
            {
              "UUID": "3267a228-3085-5454-e8fd-523d07461d21",
              "value": false,
              "paramval": null,
              "Name": "11d70a18-2aae-47a0-1a18-c486858b1eaf_B"
            },
            {
              "UUID": "b92f8b03-2ab2-62f5-f6b6-d3a9aac78a6e",
              "value": false,
              "paramval": null,
              "Name": "11d70a18-2aae-47a0-1a18-c486858b1eaf_C"
            }
          ],
          "Type": "Local"
        }
      ],
      "TaggedTextList": [
        {
          "HasTagRule": false,
          "RuleGroup": {
            "TagCombineOp": 0,
            "Rules": [],
            "RuleString": ""
          },
          "TagTexts": [
            {
              "LineId": "17d3e191-6d33-6bbe-1468-082169669500",
              "Text": {
                "Handle": "h6c595ba4g02ecg45a5g849ag8a351327fbd6",
                "Value": "That's what the Absolute would want, I bet."
              }
            }
          ]
        }
      ],
      "EditorData": {
        "AnimationTags": "",
        "Attitude": "Default",
        "CinematicNodeContext": "",
        "CinematicObjects": "",
        "CustomCineArtKeysPresent": "False",
        "CustomLightingPresent": "False",
        "CustomSoundPresent": "False",
        "CustomVFXPresent": "False",
        "Emotion": "Default",
        "ForceDisableIsCustomNode": "False",
        "ID": "N29",
        "InternalNodeContext": "",
        "IsCustomNode": "False",
        "MusicTags": "",
        "NodeContext": "",
        "Quality": "Bronze",
        "SFXTags": "",
        "StateChangeTags": "",
        "TemplateNodeUUID": "00000000-0000-0000-0000-000000000000",
        "TemplateVersion": "0",
        "VFXTags": "",
        "collapsed": "False",
        "logicalname": "Greeting",
        "position": "15;-642",
        "sourcetemplate": ""
      }
    },
    "ee428a5e-abe4-5c94-512f-dabccce1ad74": {
      "UUID": "ee428a5e-abe4-5c94-512f-dabccce1ad74",
      "Constructor": "TagGreeting",
      "EndNode": true,
      "Root": true,
      "ShowOnce": false,
      "SpeakerNo": 0,
      "AddressedSpeaker": 0,
      "Children": [],
      "CheckFlags": [
        {
          "Flags": [
            {
              "UUID": "3267a228-3085-5454-e8fd-523d07461d21",
              "value": true,
              "paramval": null,
              "Name": "11d70a18-2aae-47a0-1a18-c486858b1eaf_B"
            }
          ],
          "Type": "Local"
        }
      ],
      "SetFlags": [
        {
          "Flags": [
            {
              "UUID": "b92f8b03-2ab2-62f5-f6b6-d3a9aac78a6e",
              "value": true,
              "paramval": null,
              "Name": "11d70a18-2aae-47a0-1a18-c486858b1eaf_C"
            }
          ],
          "Type": "Local"
        }
      ],
      "TaggedTextList": [
        {
          "HasTagRule": false,
          "RuleGroup": {
            "TagCombineOp": 0,
            "Rules": [],
            "RuleString": ""
          },
          "TagTexts": [
            {
              "LineId": "d7e16a30-1178-45e5-4b1e-f6c68445b4f2",
              "Text": {
                "Handle": "hbbf2c577g6abdg42f5g9e7cgc202d62136a3",
                "Value": "Could stretch the camp all the way through this little grove. "
              }
            }
          ]
        }
      ],
      "EditorData": {
        "AnimationTags": "",
        "Attitude": "Default",
        "CinematicNodeContext": "",
        "CinematicObjects": "",
        "CustomCineArtKeysPresent": "False",
        "CustomLightingPresent": "False",
        "CustomSoundPresent": "False",
        "CustomVFXPresent": "False",
        "Emotion": "Default",
        "ForceDisableIsCustomNode": "False",
        "ID": "N27",
        "InternalNodeContext": "",
        "IsCustomNode": "False",
        "MusicTags": "",
        "NodeContext": "",
        "Quality": "Bronze",
        "SFXTags": "",
        "StateChangeTags": "",
        "TemplateNodeUUID": "00000000-0000-0000-0000-000000000000",
        "TemplateVersion": "0",
        "VFXTags": "",
        "collapsed": "False",
        "logicalname": "Greeting",
        "position": "15;-423",
        "sourcetemplate": ""
      }
    }
  },
  "SpeakerDict": {
    "0": {
      "IsPeanutSpeaker": false,
      "SpeakerMappingId": "f7416049-a069-3afa-e3c4-1c4cb4f9baa2",
      "Index": 0,
      "List": [
        "d0269a95-45f2-4877-b301-0c1740f3dd7d"
      ],
      "SpeakerCharacter": {
        "DisplayName": "Warrior Trunk",
        "Type": "character",
        "MapKey": "d0269a95-45f2-4877-b301-0c1740f3dd7d",
        "Name": "S_GOB_RaiderCrafty",
        "ParentTemplateId": null,
        "TemplateName": "69db8d35-02c6-4a5b-ac5f-719c5ade777b"
      },
      "SpeakerGroupName": null
    }
  },
  "Synopsis": "Raider taking a piss in the Grove sacred pool."
}