{
  "Path": "Mods/Gustav/Story/Dialogs/Act1/DEN/DEN_AttackOnDen_AD_ChefAndSon.lsj",
  "UUID": "90862ae7-46a3-c31e-b50a-bfee262d3184",
  "Category": "Repeated automated NPC Dialog",
  "DefaultAddressedSpeakers": {
    "0": 1,
    "1": 0
  },
  "RootNodes": [
    "49251d4c-3d44-ea2c-6140-4b5d2a40619e",
    "242cd42e-4f57-6b98-7de4-31dd952e8dba"
  ],
  "Nodes": {
    "242cd42e-4f57-6b98-7de4-31dd952e8dba": {
      "UUID": "242cd42e-4f57-6b98-7de4-31dd952e8dba",
      "Constructor": "TagGreeting",
      "EndNode": false,
      "Root": true,
      "ShowOnce": false,
      "SpeakerNo": 0,
      "AddressedSpeaker": 0,
      "Children": [
        "d3f4d3e9-06b8-531b-1a44-ccc91b32f561"
      ],
      "CheckFlags": [],
      "SetFlags": [],
      "TaggedTextList": [
        {
          "HasTagRule": false,
          "RuleGroup": {
            "TagCombineOp": 0,
            "Rules": [],
            "RuleString": ""
          },
          "TagTexts": [
            {
              "LineId": "b46df6ea-0a9d-c75d-650a-7cfeab5918c6",
              "Text": {
                "Handle": "hd112f519g9a83g4cc6gbd24ge399dbe4f21e",
                "Value": "There's barely any rations left."
              }
            }
          ]
        }
      ],
      "EditorData": {
        "AnimationTags": "",
        "Attitude": "Default",
        "CinematicNodeContext": "",
        "CinematicObjects": "",
        "CustomCineArtKeysPresent": "False",
        "CustomLightingPresent": "False",
        "CustomSoundPresent": "False",
        "CustomVFXPresent": "False",
        "Emotion": "Default",
        "ForceDisableIsCustomNode": "False",
        "ID": "N5",
        "InternalNodeContext": "",
        "IsCustomNode": "False",
        "MusicTags": "",
        "NodeContext": "",
        "Quality": "Bronze",
        "SFXTags": "",
        "StateChangeTags": "",
        "TemplateNodeUUID": "00000000-0000-0000-0000-000000000000",
        "TemplateVersion": "0",
        "VFXTags": "",
        "collapsed": "False",
        "logicalname": "Pre-Player Conversation",
        "position": "15;-423",
        "sourcetemplate": ""
      }
    },
    "2a3b5a8f-4690-0106-fe34-16098f77456c": {
      "UUID": "2a3b5a8f-4690-0106-fe34-16098f77456c",
      "Constructor": "TagAnswer",
      "EndNode": false,
      "Root": false,
      "ShowOnce": false,
      "SpeakerNo": 1,
      "AddressedSpeaker": 0,
      "Children": [],
      "CheckFlags": [],
      "SetFlags": [],
      "TaggedTextList": [
        {
          "HasTagRule": false,
          "RuleGroup": {
            "TagCombineOp": 0,
            "Rules": [],
            "RuleString": ""
          },
          "TagTexts": [
            {
              "LineId": "8b91c733-2af1-6a0c-7d32-66bc09910eb9",
              "Text": {
                "Handle": "h48e3323ag9e26g41c1g8523gfdc73b578195",
                "Value": "It'll have to do."
              }
            }
          ]
        }
      ],
      "EditorData": {
        "AnimationTags": "",
        "Attitude": "Default",
        "CinematicNodeContext": "",
        "CinematicObjects": "",
        "CustomCineArtKeysPresent": "False",
        "CustomLightingPresent": "False",
        "CustomSoundPresent": "False",
        "CustomVFXPresent": "False",
        "Emotion": "Default",
        "ForceDisableIsCustomNode": "False",
        "ID": "N8",
        "InternalNodeContext": "",
        "IsCustomNode": "False",
        "MusicTags": "",
        "NodeContext": "",
        "Quality": "Bronze",
        "SFXTags": "",
        "StateChangeTags": "",
        "TemplateNodeUUID": "00000000-0000-0000-0000-000000000000",
        "TemplateVersion": "0",
        "VFXTags": "",
        "collapsed": "False",
        "logicalname": "Answer",
        "position": "975;-423",
        "sourcetemplate": ""
      }
    },
    "317eed91-0fa2-2351-7bab-95741ddd54db": {
      "UUID": "317eed91-0fa2-2351-7bab-95741ddd54db",
      "Constructor": "TagAnswer",
      "EndNode": false,
      "Root": false,
      "ShowOnce": false,
      "SpeakerNo": 1,
      "AddressedSpeaker": 0,
      "Children": [
        "77d00839-97ba-dc04-a62f-b327a6cf4142"
      ],
      "CheckFlags": [],
      "SetFlags": [],
      "TaggedTextList": [
        {
          "HasTagRule": false,
          "RuleGroup": {
            "TagCombineOp": 0,
            "Rules": [],
            "RuleString": ""
          },
          "TagTexts": [
            {
              "LineId": "b60eae23-205b-4f71-aea0-4afe831eeb97",
              "Text": {
                "Handle": "h391383fdgbb05g4960gb28agdfb68cd4d281",
                "Value": "They're cowards, mother. You don't owe them anything."
              }
            }
          ]
        }
      ],
      "EditorData": {
        "AnimationTags": "",
        "Attitude": "Default",
        "CinematicNodeContext": "",
        "CinematicObjects": "",
        "CustomCineArtKeysPresent": "False",
        "CustomLightingPresent": "False",
        "CustomSoundPresent": "False",
        "CustomVFXPresent": "False",
        "Emotion": "Default",
        "ForceDisableIsCustomNode": "False",
        "ID": "N1",
        "InternalNodeContext": "",
        "IsCustomNode": "False",
        "MusicTags": "",
        "NodeContext": "",
        "Quality": "Bronze",
        "SFXTags": "",
        "StateChangeTags": "",
        "TemplateNodeUUID": "00000000-0000-0000-0000-000000000000",
        "TemplateVersion": "0",
        "VFXTags": "",
        "collapsed": "False",
        "logicalname": "Answer",
        "position": "335;-861",
        "sourcetemplate": ""
      }
    },
    "49251d4c-3d44-ea2c-6140-4b5d2a40619e": {
      "UUID": "49251d4c-3d44-ea2c-6140-4b5d2a40619e",
      "Constructor": "TagGreeting",
      "EndNode": false,
      "Root": true,
      "ShowOnce": false,
      "SpeakerNo": 0,
      "AddressedSpeaker": 0,
      "Children": [
        "317eed91-0fa2-2351-7bab-95741ddd54db"
      ],
      "CheckFlags": [
        {
          "Flags": [
            {
              "UUID": "1877570b-a0f3-4d65-bbba-7db56293242a",
              "value": true,
              "paramval": null,
              "Name": "DEN_AttackOnDen_Event_ChefAndSonTalked"
            }
          ],
          "Type": "Global"
        }
      ],
      "SetFlags": [],
      "TaggedTextList": [
        {
          "HasTagRule": false,
          "RuleGroup": {
            "TagCombineOp": 0,
            "Rules": [],
            "RuleString": ""
          },
          "TagTexts": [
            {
              "LineId": "d490755b-b41e-5215-ee2b-1f674506c78f",
              "Text": {
                "Handle": "hdf8dd66cg601cg43d6gae41gc4826c556580",
                "Value": "If I'd known they were leaving, I would have given them an extra helping."
              }
            }
          ]
        }
      ],
      "EditorData": {
        "AnimationTags": "",
        "Attitude": "Default",
        "CinematicNodeContext": "",
        "CinematicObjects": "",
        "CustomCineArtKeysPresent": "False",
        "CustomLightingPresent": "False",
        "CustomSoundPresent": "False",
        "CustomVFXPresent": "False",
        "Emotion": "Default",
        "ForceDisableIsCustomNode": "False",
        "ID": "N2",
        "InternalNodeContext": "",
        "IsCustomNode": "False",
        "MusicTags": "",
        "NodeContext": "",
        "Quality": "Bronze",
        "SFXTags": "",
        "StateChangeTags": "",
        "TemplateNodeUUID": "00000000-0000-0000-0000-000000000000",
        "TemplateVersion": "0",
        "VFXTags": "",
        "collapsed": "False",
        "logicalname": "After Player Conversation",
        "position": "15;-861",
        "sourcetemplate": ""
      }
    },
    "74ca44a6-fe1f-f0d4-9d55-87a7d7c527fd": {
      "UUID": "74ca44a6-fe1f-f0d4-9d55-87a7d7c527fd",
      "Constructor": "TagAnswer",
      "EndNode": true,
      "Root": false,
      "ShowOnce": false,
      "SpeakerNo": 1,
      "AddressedSpeaker": 0,
      "Children": [],
      "CheckFlags": [],
      "SetFlags": [],
      "TaggedTextList": [
        {
          "HasTagRule": false,
          "RuleGroup": {
            "TagCombineOp": 0,
            "Rules": [],
            "RuleString": ""
          },
          "TagTexts": [
            {
              "LineId": "1f4d2fb0-72f4-3ea8-d882-aff3f3347463",
              "Text": {
                "Handle": "hbd801f2dg4f25g4014g87f9g0042149d0cfd",
                "Value": "We can't run forever. I'd rather stand and fight."
              }
            }
          ]
        }
      ],
      "EditorData": {
        "AnimationTags": "",
        "Attitude": "Default",
        "CinematicNodeContext": "",
        "CinematicObjects": "",
        "CustomCineArtKeysPresent": "False",
        "CustomLightingPresent": "False",
        "CustomSoundPresent": "False",
        "CustomVFXPresent": "False",
        "Emotion": "Default",
        "ForceDisableIsCustomNode": "False",
        "ID": "N4",
        "InternalNodeContext": "",
        "IsCustomNode": "False",
        "MusicTags": "",
        "NodeContext": "",
        "Quality": "Bronze",
        "SFXTags": "",
        "StateChangeTags": "",
        "TemplateNodeUUID": "00000000-0000-0000-0000-000000000000",
        "TemplateVersion": "0",
        "VFXTags": "",
        "collapsed": "False",
        "logicalname": "Answer",
        "position": "975;-861",
        "sourcetemplate": ""
      }
    },
    "77d00839-97ba-dc04-a62f-b327a6cf4142": {
      "UUID": "77d00839-97ba-dc04-a62f-b327a6cf4142",
      "Constructor": "TagAnswer",
      "EndNode": false,
      "Root": false,
      "ShowOnce": false,
      "SpeakerNo": 0,
      "AddressedSpeaker": 0,
      "Children": [
        "74ca44a6-fe1f-f0d4-9d55-87a7d7c527fd"
      ],
      "CheckFlags": [],
      "SetFlags": [],
      "TaggedTextList": [
        {
          "HasTagRule": false,
          "RuleGroup": {
            "TagCombineOp": 0,
            "Rules": [],
            "RuleString": ""
          },
          "TagTexts": [
            {
              "LineId": "53f5b19c-4cd9-240b-23af-f9b21bc3d106",
              "Text": {
                "Handle": "hc3f9b1e9g46c3g4e01g97d9gb32d0e2d5670",
                "Value": "But can you really blame them? After Elturel..."
              }
            }
          ]
        }
      ],
      "EditorData": {
        "AnimationTags": "",
        "Attitude": "Default",
        "CinematicNodeContext": "",
        "CinematicObjects": "",
        "CustomCineArtKeysPresent": "False",
        "CustomLightingPresent": "False",
        "CustomSoundPresent": "False",
        "CustomVFXPresent": "False",
        "Emotion": "Default",
        "ForceDisableIsCustomNode": "False",
        "ID": "N3",
        "InternalNodeContext": "",
        "IsCustomNode": "False",
        "MusicTags": "",
        "NodeContext": "",
        "Quality": "Bronze",
        "SFXTags": "",
        "StateChangeTags": "",
        "TemplateNodeUUID": "00000000-0000-0000-0000-000000000000",
        "TemplateVersion": "0",
        "VFXTags": "",
        "collapsed": "False",
        "logicalname": "Answer",
        "position": "655;-861",
        "sourcetemplate": ""
      }
    },
    "b08190c3-540d-d2a7-70d9-c87f581441bb": {
      "UUID": "b08190c3-540d-d2a7-70d9-c87f581441bb",
      "Constructor": "TagAnswer",
      "EndNode": false,
      "Root": false,
      "ShowOnce": false,
      "SpeakerNo": 0,
      "AddressedSpeaker": 0,
      "Children": [
        "2a3b5a8f-4690-0106-fe34-16098f77456c"
      ],
      "CheckFlags": [],
      "SetFlags": [],
      "TaggedTextList": [
        {
          "HasTagRule": false,
          "RuleGroup": {
            "TagCombineOp": 0,
            "Rules": [],
            "RuleString": ""
          },
          "TagTexts": [
            {
              "LineId": "7880b976-a20d-137f-8b25-bf030a53cba4",
              "Text": {
                "Handle": "h1d5055ddga885g49bcg83d3g13fc825ae826",
                "Value": "I can't thin the broth much more than this."
              }
            }
          ]
        }
      ],
      "EditorData": {
        "AnimationTags": "",
        "Attitude": "Default",
        "CinematicNodeContext": "",
        "CinematicObjects": "",
        "CustomCineArtKeysPresent": "False",
        "CustomLightingPresent": "False",
        "CustomSoundPresent": "False",
        "CustomVFXPresent": "False",
        "Emotion": "Default",
        "ForceDisableIsCustomNode": "False",
        "ID": "N7",
        "InternalNodeContext": "",
        "IsCustomNode": "False",
        "MusicTags": "",
        "NodeContext": "",
        "Quality": "Bronze",
        "SFXTags": "",
        "StateChangeTags": "",
        "TemplateNodeUUID": "00000000-0000-0000-0000-000000000000",
        "TemplateVersion": "0",
        "VFXTags": "",
        "collapsed": "False",
        "logicalname": "Answer",
        "position": "655;-423",
        "sourcetemplate": ""
      }
    },
    "d3f4d3e9-06b8-531b-1a44-ccc91b32f561": {
      "UUID": "d3f4d3e9-06b8-531b-1a44-ccc91b32f561",
      "Constructor": "TagAnswer",
      "EndNode": false,
      "Root": false,
      "ShowOnce": false,
      "SpeakerNo": 1,
      "AddressedSpeaker": 0,
      "Children": [
        "b08190c3-540d-d2a7-70d9-c87f581441bb"
      ],
      "CheckFlags": [],
      "SetFlags": [],
      "TaggedTextList": [
        {
          "HasTagRule": false,
          "RuleGroup": {
            "TagCombineOp": 0,
            "Rules": [],
            "RuleString": ""
          },
          "TagTexts": [
            {
              "LineId": "7ab92ce5-92c2-4c01-1c79-aa5a43e042cf",
              "Text": {
                "Handle": "h111c4c54gf9f2g48b7gae8ega942c84e099f",
                "Value": "We'll make it last. We always do."
              }
            }
          ]
        }
      ],
      "EditorData": {
        "AnimationTags": "",
        "Attitude": "Default",
        "CinematicNodeContext": "",
        "CinematicObjects": "",
        "CustomCineArtKeysPresent": "False",
        "CustomLightingPresent": "False",
        "CustomSoundPresent": "False",
        "CustomVFXPresent": "False",
        "Emotion": "Default",
        "ForceDisableIsCustomNode": "False",
        "ID": "N6",
        "InternalNodeContext": "",
        "IsCustomNode": "False",
        "MusicTags": "",
        "NodeContext": "",
        "Quality": "Bronze",
        "SFXTags": "",
        "StateChangeTags": "",
        "TemplateNodeUUID": "00000000-0000-0000-0000-000000000000",
        "TemplateVersion": "0",
        "VFXTags": "",
        "collapsed": "False",
        "logicalname": "Answer",
        "position": "335;-423",
        "sourcetemplate": ""
      }
    }
  },
  "SpeakerDict": {
    "0": {
      "IsPeanutSpeaker": false,
      "SpeakerMappingId": "4794c391-0424-b2b7-5a54-f357e7a3a6a1",
      "Index": 0,
      "List": [
        "1b35671b-e5d7-4943-bbd0-4c816b69b7cb"
      ],
      "SpeakerCharacter": {
        "DisplayName": "Okta",
        "Type": "character",
        "MapKey": "1b35671b-e5d7-4943-bbd0-4c816b69b7cb",
        "Name": "S_DEN_Tiefling_FoodTrader_001",
        "ParentTemplateId": null,
        "TemplateName": "9103fce3-6423-4f8a-af04-83ac1af2a1d7"
      },
      "SpeakerGroupName": null
    },
    "1": {
      "IsPeanutSpeaker": false,
      "SpeakerMappingId": "b84da6fe-7e1e-1796-d72b-6f2e26cf0f8b",
      "Index": 1,
      "List": [
        "03b6fae4-d250-4ce9-9a01-19cb427deb17"
      ],
      "SpeakerCharacter": {
        "DisplayName": "Ikaron",
        "Type": "character",
        "MapKey": "03b6fae4-d250-4ce9-9a01-19cb427deb17",
        "Name": "S_DEN_Tiefling_008",
        "ParentTemplateId": null,
        "TemplateName": "80fa035d-5248-45c3-a9c2-1c74749833dc"
      },
      "SpeakerGroupName": null
    }
  },
  "Synopsis": "Player eavedrops on arguments between Okta and her son Ikaron. Dialogue changes depending on whether or not the player has spoken to Ikaron about the missing tieflings."
}