{
  "Path": "Mods/Gustav/Story/Dialogs/Act1/DEN/DEN_AttackOnDen_AD_InstructionsForKids.lsj",
  "UUID": "4f60df8b-86f4-5db2-c510-99a6f2cbee2a",
  "Category": "Repeated automated NPC Dialog",
  "DefaultAddressedSpeakers": {
    "0": -1,
    "1": 0
  },
  "RootNodes": [
    "d774215a-afae-4a10-e6a6-55866ab71e75",
    "89b20bc4-a6cf-76fd-f821-c857e84dca38",
    "5cf7beb8-20d9-516d-16aa-c11318f2c44e"
  ],
  "Nodes": {
    "5cf7beb8-20d9-516d-16aa-c11318f2c44e": {
      "UUID": "5cf7beb8-20d9-516d-16aa-c11318f2c44e",
      "Constructor": "TagGreeting",
      "EndNode": true,
      "Root": true,
      "ShowOnce": false,
      "SpeakerNo": 0,
      "AddressedSpeaker": 0,
      "Children": [],
      "CheckFlags": [],
      "SetFlags": [
        {
          "Flags": [
            {
              "UUID": "93a63f28-b88b-de92-54b3-96a2c07ac0ff",
              "value": true,
              "paramval": null,
              "Name": "4f60df8b-86f4-5db2-c510-99a6f2cbee2a_Local1"
            }
          ],
          "Type": "Local"
        }
      ],
      "TaggedTextList": [
        {
          "HasTagRule": false,
          "RuleGroup": {
            "TagCombineOp": 0,
            "Rules": [],
            "RuleString": ""
          },
          "TagTexts": [
            {
              "LineId": "da23a2e0-c021-aeaa-4293-bd2903130c5c",
              "Text": {
                "Handle": "hf66c448bg36e4g44ebg9f93gf31956c374ab",
                "Value": "If there's fighting, you run and you do not stop. For <i>anything.</i>"
              }
            }
          ]
        }
      ],
      "EditorData": {
        "AnimationTags": "",
        "Attitude": "Default",
        "CinematicNodeContext": "",
        "CinematicObjects": "",
        "CustomCineArtKeysPresent": "False",
        "CustomLightingPresent": "False",
        "CustomSoundPresent": "False",
        "CustomVFXPresent": "False",
        "Emotion": "Default",
        "ForceDisableIsCustomNode": "False",
        "ID": "N27",
        "InternalNodeContext": "",
        "IsCustomNode": "False",
        "MusicTags": "",
        "NodeContext": "",
        "Quality": "Bronze",
        "SFXTags": "",
        "StateChangeTags": "",
        "TemplateNodeUUID": "00000000-0000-0000-0000-000000000000",
        "TemplateVersion": "0",
        "VFXTags": "",
        "collapsed": "False",
        "logicalname": "Greeting",
        "position": "15;453",
        "sourcetemplate": ""
      }
    },
    "89b20bc4-a6cf-76fd-f821-c857e84dca38": {
      "UUID": "89b20bc4-a6cf-76fd-f821-c857e84dca38",
      "Constructor": "TagGreeting",
      "EndNode": true,
      "Root": true,
      "ShowOnce": false,
      "SpeakerNo": 0,
      "AddressedSpeaker": 0,
      "Children": [],
      "CheckFlags": [
        {
          "Flags": [
            {
              "UUID": "93a63f28-b88b-de92-54b3-96a2c07ac0ff",
              "value": true,
              "paramval": null,
              "Name": "4f60df8b-86f4-5db2-c510-99a6f2cbee2a_Local1"
            }
          ],
          "Type": "Local"
        }
      ],
      "SetFlags": [
        {
          "Flags": [
            {
              "UUID": "16e24c28-4a36-8202-4da4-aa38e5054c2b",
              "value": true,
              "paramval": null,
              "Name": "4f60df8b-86f4-5db2-c510-99a6f2cbee2a_Local2"
            }
          ],
          "Type": "Local"
        }
      ],
      "TaggedTextList": [
        {
          "HasTagRule": false,
          "RuleGroup": {
            "TagCombineOp": 0,
            "Rules": [],
            "RuleString": ""
          },
          "TagTexts": [
            {
              "LineId": "65e5248b-c5fa-b161-b51c-89b7b77e330c",
              "Text": {
                "Handle": "he9f9607fgbce2g47bega19dg09099db3a9b8",
                "Value": "If we get separated or need to break camp fast, remember - find the river and follow it downstream."
              }
            }
          ]
        }
      ],
      "EditorData": {
        "AnimationTags": "",
        "Attitude": "Default",
        "CinematicNodeContext": "",
        "CinematicObjects": "",
        "CustomCineArtKeysPresent": "False",
        "CustomLightingPresent": "False",
        "CustomSoundPresent": "False",
        "CustomVFXPresent": "False",
        "Emotion": "Default",
        "ForceDisableIsCustomNode": "False",
        "ID": "N23",
        "InternalNodeContext": "",
        "IsCustomNode": "False",
        "MusicTags": "",
        "NodeContext": "",
        "Quality": "Bronze",
        "SFXTags": "",
        "StateChangeTags": "",
        "TemplateNodeUUID": "00000000-0000-0000-0000-000000000000",
        "TemplateVersion": "0",
        "VFXTags": "",
        "collapsed": "False",
        "logicalname": "Greeting",
        "position": "15;234",
        "sourcetemplate": ""
      }
    },
    "d774215a-afae-4a10-e6a6-55866ab71e75": {
      "UUID": "d774215a-afae-4a10-e6a6-55866ab71e75",
      "Constructor": "TagGreeting",
      "EndNode": true,
      "Root": true,
      "ShowOnce": false,
      "SpeakerNo": 0,
      "AddressedSpeaker": 0,
      "Children": [],
      "CheckFlags": [
        {
          "Flags": [
            {
              "UUID": "16e24c28-4a36-8202-4da4-aa38e5054c2b",
              "value": true,
              "paramval": null,
              "Name": "4f60df8b-86f4-5db2-c510-99a6f2cbee2a_Local2"
            }
          ],
          "Type": "Local"
        }
      ],
      "SetFlags": [
        {
          "Flags": [
            {
              "UUID": "16e24c28-4a36-8202-4da4-aa38e5054c2b",
              "value": false,
              "paramval": null,
              "Name": "4f60df8b-86f4-5db2-c510-99a6f2cbee2a_Local2"
            },
            {
              "UUID": "93a63f28-b88b-de92-54b3-96a2c07ac0ff",
              "value": false,
              "paramval": null,
              "Name": "4f60df8b-86f4-5db2-c510-99a6f2cbee2a_Local1"
            }
          ],
          "Type": "Local"
        }
      ],
      "TaggedTextList": [
        {
          "HasTagRule": false,
          "RuleGroup": {
            "TagCombineOp": 0,
            "Rules": [],
            "RuleString": ""
          },
          "TagTexts": [
            {
              "LineId": "f021a468-17dc-c9b4-f1c4-2298000aab9f",
              "Text": {
                "Handle": "h9c4a4914g7012g4988gbfcdg7cbc3ed8f72c",
                "Value": "Remember - stay near the centre of the group, all right? No wandering off."
              }
            }
          ]
        }
      ],
      "EditorData": {
        "AnimationTags": "",
        "Attitude": "Default",
        "CinematicNodeContext": "",
        "CinematicObjects": "",
        "CustomCineArtKeysPresent": "False",
        "CustomLightingPresent": "False",
        "CustomSoundPresent": "False",
        "CustomVFXPresent": "False",
        "Emotion": "Default",
        "ForceDisableIsCustomNode": "False",
        "ID": "N6",
        "InternalNodeContext": "",
        "IsCustomNode": "False",
        "MusicTags": "",
        "NodeContext": "",
        "Quality": "Bronze",
        "SFXTags": "",
        "StateChangeTags": "",
        "TemplateNodeUUID": "00000000-0000-0000-0000-000000000000",
        "TemplateVersion": "0",
        "VFXTags": "",
        "collapsed": "False",
        "logicalname": "Greeting",
        "position": "15;15",
        "sourcetemplate": ""
      }
    }
  },
  "SpeakerDict": {
    "0": {
      "IsPeanutSpeaker": false,
      "SpeakerMappingId": "9f240f97-a842-a266-8584-963fbd46942d",
      "Index": 0,
      "List": [
        "82f8662d-76da-4352-b37e-01ba433b5d43"
      ],
      "SpeakerCharacter": {
        "DisplayName": "Rikka",
        "Type": "character",
        "MapKey": "82f8662d-76da-4352-b37e-01ba433b5d43",
        "Name": "S_DEN_Tiefling_001",
        "ParentTemplateId": null,
        "TemplateName": "fc3ff4f7-eff0-4512-a82d-2bac0336f76a"
      },
      "SpeakerGroupName": null
    }
  },
  "Synopsis": "Rikka is firmly giving instructions to children before they depart on a dangerous journey."
}