{
  "Path": "Mods/Gustav/Story/Dialogs/Act1/DEN/DEN_DruidAttack_YoungLover01.lsj",
  "UUID": "a690417b-c82d-0867-6aa8-f26dd20ba82b",
  "Category": "Generic NPC Dialog",
  "DefaultAddressedSpeakers": {
    "0": -1,
    "1": -1
  },
  "RootNodes": [
    "ddad7864-97b1-19c0-7f71-b5360b3d83a8",
    "828704e5-106d-b9c8-801b-4fa33a7bc215",
    "90f11bf8-f563-5a1e-4684-c186485e41f5"
  ],
  "Nodes": {
    "828704e5-106d-b9c8-801b-4fa33a7bc215": {
      "UUID": "828704e5-106d-b9c8-801b-4fa33a7bc215",
      "Constructor": "TagGreeting",
      "EndNode": true,
      "Root": true,
      "ShowOnce": false,
      "SpeakerNo": 0,
      "AddressedSpeaker": -1,
      "Children": [],
      "CheckFlags": [
        {
          "Flags": [
            {
              "UUID": "b4754af7-07ec-433c-87d2-e78ef4c79e6e",
              "value": true,
              "paramval": null,
              "Name": "DEN_DruidAttack_State_PrepAfterDeathOfDruids"
            }
          ],
          "Type": "Global"
        }
      ],
      "SetFlags": [
        {
          "Flags": [
            {
              "UUID": "9c0d7eb9-6a82-5b1b-56d3-0e03dd3f212e",
              "value": true,
              "paramval": 1,
              "Name": "DEN_DruidAttack_HasMet_Lover01AfterAttack"
            }
          ],
          "Type": "Dialog"
        }
      ],
      "TaggedTextList": [
        {
          "HasTagRule": false,
          "RuleGroup": {
            "TagCombineOp": 0,
            "Rules": [],
            "RuleString": ""
          },
          "TagTexts": [
            {
              "LineId": "ef6adfb7-0b5d-23ba-3d0b-2ddcee316749",
              "Text": {
                "Handle": "h06e86829gea46g449cg8fc9ga40e3ebc1fa8",
                "Value": "I thought druids were peaceful sorts - nature-lovers. Shows what I know."
              }
            }
          ]
        }
      ],
      "EditorData": {
        "AnimationTags": "",
        "Attitude": "Default",
        "CinematicNodeContext": "",
        "CinematicObjects": "",
        "CustomCineArtKeysPresent": "False",
        "CustomLightingPresent": "False",
        "CustomSoundPresent": "False",
        "CustomVFXPresent": "False",
        "Emotion": "Default",
        "ForceDisableIsCustomNode": "False",
        "ID": "N1",
        "InternalNodeContext": "",
        "IsCustomNode": "False",
        "MusicTags": "",
        "NodeContext": "Survived the druids, Shocked",
        "Quality": "Bronze",
        "SFXTags": "",
        "StateChangeTags": "",
        "TemplateNodeUUID": "00000000-0000-0000-0000-000000000000",
        "TemplateVersion": "0",
        "VFXTags": "",
        "collapsed": "False",
        "logicalname": "Druids are dead and attack is over.",
        "position": "15;-423",
        "sourcetemplate": ""
      }
    },
    "90f11bf8-f563-5a1e-4684-c186485e41f5": {
      "UUID": "90f11bf8-f563-5a1e-4684-c186485e41f5",
      "Constructor": "TagGreeting",
      "EndNode": true,
      "Root": true,
      "ShowOnce": false,
      "SpeakerNo": 0,
      "AddressedSpeaker": -1,
      "Children": [],
      "CheckFlags": [],
      "SetFlags": [],
      "TaggedTextList": [
        {
          "HasTagRule": false,
          "RuleGroup": {
            "TagCombineOp": 0,
            "Rules": [],
            "RuleString": ""
          },
          "TagTexts": [
            {
              "LineId": "3843a8d0-c9ce-5f44-b169-f5257afc8778",
              "Text": {
                "Handle": "ha27c7339g7daag4affg99f7ge17a4c58381b",
                "Value": "Why are they doing this...?"
              }
            }
          ]
        }
      ],
      "EditorData": {
        "AnimationTags": "",
        "Attitude": "Default",
        "CinematicNodeContext": "",
        "CinematicObjects": "",
        "CustomCineArtKeysPresent": "False",
        "CustomLightingPresent": "False",
        "CustomSoundPresent": "False",
        "CustomVFXPresent": "False",
        "Emotion": "Default",
        "ForceDisableIsCustomNode": "False",
        "ID": "N2",
        "InternalNodeContext": "",
        "IsCustomNode": "False",
        "MusicTags": "",
        "NodeContext": "Urgent. In immediate danger",
        "Quality": "Bronze",
        "SFXTags": "",
        "StateChangeTags": "",
        "TemplateNodeUUID": "00000000-0000-0000-0000-000000000000",
        "TemplateVersion": "0",
        "VFXTags": "",
        "collapsed": "False",
        "logicalname": "Druid Attack is under way.",
        "position": "15;-204",
        "sourcetemplate": ""
      }
    },
    "ddad7864-97b1-19c0-7f71-b5360b3d83a8": {
      "UUID": "ddad7864-97b1-19c0-7f71-b5360b3d83a8",
      "Constructor": "TagGreeting",
      "EndNode": true,
      "Root": true,
      "ShowOnce": false,
      "SpeakerNo": 0,
      "AddressedSpeaker": -1,
      "Children": [],
      "CheckFlags": [
        {
          "Flags": [
            {
              "UUID": "9c0d7eb9-6a82-5b1b-56d3-0e03dd3f212e",
              "value": true,
              "paramval": 1,
              "Name": "DEN_DruidAttack_HasMet_Lover01AfterAttack"
            }
          ],
          "Type": "Dialog"
        },
        {
          "Flags": [
            {
              "UUID": "b4754af7-07ec-433c-87d2-e78ef4c79e6e",
              "value": true,
              "paramval": null,
              "Name": "DEN_DruidAttack_State_PrepAfterDeathOfDruids"
            }
          ],
          "Type": "Global"
        }
      ],
      "SetFlags": [],
      "TaggedTextList": [
        {
          "HasTagRule": false,
          "RuleGroup": {
            "TagCombineOp": 0,
            "Rules": [],
            "RuleString": ""
          },
          "TagTexts": [
            {
              "LineId": "9c6c55dd-1356-5d6b-4b78-0cd38d5181b8",
              "Text": {
                "Handle": "h3db0ebe1gbc1fg4ce0g9e71g80b1b50d76e2",
                "Value": "We were lucky this time. Next time, who knows?"
              }
            }
          ]
        }
      ],
      "EditorData": {
        "AnimationTags": "",
        "Attitude": "Default",
        "CinematicNodeContext": "",
        "CinematicObjects": "",
        "CustomCineArtKeysPresent": "False",
        "CustomLightingPresent": "False",
        "CustomSoundPresent": "False",
        "CustomVFXPresent": "False",
        "Emotion": "Default",
        "ForceDisableIsCustomNode": "False",
        "ID": "N18",
        "InternalNodeContext": "",
        "IsCustomNode": "False",
        "MusicTags": "",
        "NodeContext": "Survived the druids, Shocked",
        "Quality": "Bronze",
        "SFXTags": "",
        "StateChangeTags": "",
        "TemplateNodeUUID": "00000000-0000-0000-0000-000000000000",
        "TemplateVersion": "0",
        "VFXTags": "",
        "collapsed": "False",
        "logicalname": "Druids are dead and attack is over.",
        "position": "15;-642",
        "sourcetemplate": ""
      }
    }
  },
  "SpeakerDict": {
    "0": {
      "IsPeanutSpeaker": false,
      "SpeakerMappingId": "11b763be-1915-db44-73bf-969673ad517f",
      "Index": 0,
      "List": [
        "dd9178e7-1e3f-43bc-8a38-666dfcac7d0c"
      ],
      "SpeakerCharacter": {
        "DisplayName": "Danis",
        "Type": "character",
        "MapKey": "dd9178e7-1e3f-43bc-8a38-666dfcac7d0c",
        "Name": "S_GLO_YoungLover_01",
        "ParentTemplateId": null,
        "TemplateName": "a5856190-08e3-4741-b697-8b1cbf03eaa1"
      },
      "SpeakerGroupName": null
    },
    "1": {
      "IsPeanutSpeaker": false,
      "SpeakerMappingId": "32abba64-87b2-86ce-545d-2f42a590b820",
      "Index": 1,
      "List": [
        "e0d1ff71-04a8-4340-ae64-9684d846eb83"
      ],
      "SpeakerCharacter": {
        "DisplayName": "Player",
        "Type": "character",
        "MapKey": "e2badbf0-159a-4ef5-9e73-7bbeb3d1015a",
        "Name": "S_GLO_CharacterCreationDummy_001",
        "ParentTemplateId": null,
        "TemplateName": "fd7f2707-8f86-4836-bda8-e0db99c389cc"
      },
      "SpeakerGroupName": "GROUP_Players"
    }
  },
  "Synopsis": "Danis reacts to the druids attacking the tieflings."
}