{
  "Path": "Mods/Gustav/Story/Dialogs/Act1/DEN/DEN_DruidAttack_VoloBear.lsj",
  "UUID": "61ab1813-e9d5-b0aa-aafe-4c1afda19f61",
  "Category": "Generic NPC Dialog",
  "DefaultAddressedSpeakers": {
    "0": -1,
    "1": -1
  },
  "RootNodes": [
    "14f8b0b5-34c0-7f42-7c32-06eebc702fcd",
    "f40013e9-c009-79c0-6a70-a4ba53b16b5a",
    "e47d76e8-a362-3a5b-261c-9f936e3c276a"
  ],
  "Nodes": {
    "14f8b0b5-34c0-7f42-7c32-06eebc702fcd": {
      "UUID": "14f8b0b5-34c0-7f42-7c32-06eebc702fcd",
      "Constructor": "TagGreeting",
      "EndNode": true,
      "Root": true,
      "ShowOnce": false,
      "SpeakerNo": 0,
      "AddressedSpeaker": -1,
      "Children": [],
      "CheckFlags": [
        {
          "Flags": [
            {
              "UUID": "dcf14618-e854-1f90-c74d-19c5e3f4da40",
              "value": true,
              "paramval": 1,
              "Name": "DEN_DruidAttack_HasMet_VoloBear"
            }
          ],
          "Type": "Dialog"
        },
        {
          "Flags": [
            {
              "UUID": "dc860a81-f3c2-4c1a-ab90-e7583324845c",
              "value": true,
              "paramval": 1,
              "Name": "PETPAL"
            }
          ],
          "Type": "Tag"
        }
      ],
      "SetFlags": [],
      "TaggedTextList": [
        {
          "HasTagRule": false,
          "RuleGroup": {
            "TagCombineOp": 0,
            "Rules": [],
            "RuleString": ""
          },
          "TagTexts": [
            {
              "LineId": "bced735e-70c5-ee4e-c700-b187e5e30b44",
              "Text": {
                "Handle": "h957e1f8bg3861g48dega79cg13d12701f6f2",
                "Value": "Monsters, all of you."
              }
            }
          ]
        }
      ],
      "EditorData": {
        "AnimationTags": "Bear React Aggressive",
        "Attitude": "Hostile",
        "CinematicNodeContext": "",
        "CinematicObjects": "",
        "CustomCineArtKeysPresent": "True",
        "CustomLightingPresent": "False",
        "CustomSoundPresent": "False",
        "CustomVFXPresent": "False",
        "Emotion": "Anger",
        "ForceDisableIsCustomNode": "False",
        "ID": "N19",
        "InternalNodeContext": "",
        "IsCustomNode": "False",
        "MusicTags": "",
        "NodeContext": "",
        "Quality": "Silver",
        "SFXTags": "",
        "StateChangeTags": "",
        "TemplateNodeUUID": "00000000-0000-0000-0000-000000000000",
        "TemplateVersion": "0",
        "VFXTags": "",
        "collapsed": "False",
        "logicalname": "Greeting",
        "position": "15;-861",
        "sourcetemplate": ""
      }
    },
    "e47d76e8-a362-3a5b-261c-9f936e3c276a": {
      "UUID": "e47d76e8-a362-3a5b-261c-9f936e3c276a",
      "Constructor": "TagGreeting",
      "EndNode": true,
      "Root": true,
      "ShowOnce": false,
      "SpeakerNo": 0,
      "AddressedSpeaker": -1,
      "Children": [],
      "CheckFlags": [],
      "SetFlags": [],
      "TaggedTextList": [
        {
          "HasTagRule": false,
          "RuleGroup": {
            "TagCombineOp": 0,
            "Rules": [],
            "RuleString": ""
          },
          "TagTexts": [
            {
              "LineId": "84b47349-5673-94ca-64ee-52f93cac08e9",
              "Text": {
                "Handle": "h78f440fcgf369g4a81gb27ag6190cedb9c2c",
                "Value": "*Growl.*"
              }
            }
          ]
        }
      ],
      "EditorData": {
        "AnimationTags": "Bear React Aggressive",
        "Attitude": "Hostile",
        "CinematicNodeContext": "",
        "CinematicObjects": "",
        "CustomCineArtKeysPresent": "True",
        "CustomLightingPresent": "False",
        "CustomSoundPresent": "True",
        "CustomVFXPresent": "False",
        "Emotion": "Anger",
        "ForceDisableIsCustomNode": "False",
        "ID": "N1",
        "InternalNodeContext": "",
        "IsCustomNode": "False",
        "MusicTags": "",
        "NodeContext": "",
        "Quality": "Silver",
        "SFXTags": "Very angry bear growl",
        "StateChangeTags": "",
        "TemplateNodeUUID": "00000000-0000-0000-0000-000000000000",
        "TemplateVersion": "0",
        "VFXTags": "",
        "collapsed": "False",
        "logicalname": "Druid Attack is under way.",
        "position": "15;-423",
        "sourcetemplate": ""
      }
    },
    "f40013e9-c009-79c0-6a70-a4ba53b16b5a": {
      "UUID": "f40013e9-c009-79c0-6a70-a4ba53b16b5a",
      "Constructor": "TagGreeting",
      "EndNode": true,
      "Root": true,
      "ShowOnce": false,
      "SpeakerNo": 0,
      "AddressedSpeaker": -1,
      "Children": [],
      "CheckFlags": [
        {
          "Flags": [
            {
              "UUID": "dc860a81-f3c2-4c1a-ab90-e7583324845c",
              "value": true,
              "paramval": 1,
              "Name": "PETPAL"
            }
          ],
          "Type": "Tag"
        }
      ],
      "SetFlags": [
        {
          "Flags": [
            {
              "UUID": "dcf14618-e854-1f90-c74d-19c5e3f4da40",
              "value": true,
              "paramval": 1,
              "Name": "DEN_DruidAttack_HasMet_VoloBear"
            }
          ],
          "Type": "Dialog"
        }
      ],
      "TaggedTextList": [
        {
          "HasTagRule": false,
          "RuleGroup": {
            "TagCombineOp": 0,
            "Rules": [],
            "RuleString": ""
          },
          "TagTexts": [
            {
              "LineId": "5d789f1c-3d20-f9ba-2d8f-b9adc42e61a3",
              "Text": {
                "Handle": "hde41f336g9e89g4acegb9f0gf95a45869446",
                "Value": "We welcomed you, and now <i>this</i>?"
              }
            }
          ]
        }
      ],
      "EditorData": {
        "AnimationTags": "Bear React Aggressive",
        "Attitude": "Hostile",
        "CinematicNodeContext": "",
        "CinematicObjects": "",
        "CustomCineArtKeysPresent": "True",
        "CustomLightingPresent": "False",
        "CustomSoundPresent": "False",
        "CustomVFXPresent": "False",
        "Emotion": "Anger",
        "ForceDisableIsCustomNode": "False",
        "ID": "N15",
        "InternalNodeContext": "",
        "IsCustomNode": "False",
        "MusicTags": "",
        "NodeContext": "",
        "Quality": "Silver",
        "SFXTags": "",
        "StateChangeTags": "",
        "TemplateNodeUUID": "00000000-0000-0000-0000-000000000000",
        "TemplateVersion": "0",
        "VFXTags": "",
        "collapsed": "False",
        "logicalname": "Greeting",
        "position": "15;-642",
        "sourcetemplate": ""
      }
    }
  },
  "SpeakerDict": {
    "0": {
      "IsPeanutSpeaker": false,
      "SpeakerMappingId": "145f7691-a94f-014d-0e5b-5c0929f8583b",
      "Index": 0,
      "List": [
        "893c5f40-a760-4b04-bd86-c8fb8f5dd08a"
      ],
      "SpeakerCharacter": {
        "DisplayName": "Bosk",
        "Type": "character",
        "MapKey": "893c5f40-a760-4b04-bd86-c8fb8f5dd08a",
        "Name": "S_DEN_VoloBear",
        "ParentTemplateId": null,
        "TemplateName": "b2754d31-198e-4ae6-87ec-5399a3669639"
      },
      "SpeakerGroupName": null
    },
    "1": {
      "IsPeanutSpeaker": false,
      "SpeakerMappingId": "3b1d568b-3cd4-2a99-2fba-728c3fa228fd",
      "Index": 1,
      "List": [
        "e0d1ff71-04a8-4340-ae64-9684d846eb83"
      ],
      "SpeakerCharacter": {
        "DisplayName": "Player",
        "Type": "character",
        "MapKey": "e2badbf0-159a-4ef5-9e73-7bbeb3d1015a",
        "Name": "S_GLO_CharacterCreationDummy_001",
        "ParentTemplateId": null,
        "TemplateName": "fd7f2707-8f86-4836-bda8-e0db99c389cc"
      },
      "SpeakerGroupName": "GROUP_Players"
    }
  },
  "Synopsis": "The bear is about to attack us, because we comitted a crime. Imagine him very angry, his hackles raised and growling."
}