{
  "Path": "Mods/Gustav/Story/Dialogs/Act1/DEN/DEN_DruidAttack_ParentB.lsj",
  "UUID": "00705f00-b4d4-e40e-4e65-eea2251f8585",
  "Category": "Generic NPC Dialog",
  "DefaultAddressedSpeakers": {
    "0": -1,
    "1": -1
  },
  "RootNodes": [
    "0c991ba4-cd08-7bcb-9f35-435920c60ba5",
    "d74409fd-6824-19c0-1431-14fe7292acfd",
    "01e883cd-8db0-9c13-4d32-daee973171ab",
    "bdab9aaf-a290-0256-007d-ce13efaf7eeb",
    "7a588310-dcb3-537a-7d8e-59a442a267d7"
  ],
  "Nodes": {
    "01e883cd-8db0-9c13-4d32-daee973171ab": {
      "UUID": "01e883cd-8db0-9c13-4d32-daee973171ab",
      "Constructor": "TagGreeting",
      "EndNode": true,
      "Root": true,
      "ShowOnce": false,
      "SpeakerNo": 0,
      "AddressedSpeaker": -1,
      "Children": [],
      "CheckFlags": [
        {
          "Flags": [
            {
              "UUID": "5b5de896-e733-47ae-81df-85a4b25ebfd1",
              "value": true,
              "paramval": null,
              "Name": "DEN_ShadowDruid_State_KidDied"
            },
            {
              "UUID": "b4754af7-07ec-433c-87d2-e78ef4c79e6e",
              "value": true,
              "paramval": null,
              "Name": "DEN_DruidAttack_State_PrepAfterDeathOfDruids"
            }
          ],
          "Type": "Global"
        }
      ],
      "SetFlags": [
        {
          "Flags": [
            {
              "UUID": "73584e90-c319-e998-b651-ac8a8cc3b74a",
              "value": true,
              "paramval": 1,
              "Name": "DEN_DruidAttack_HasMet_ParentBAfterAttack"
            }
          ],
          "Type": "Dialog"
        }
      ],
      "TaggedTextList": [
        {
          "HasTagRule": false,
          "RuleGroup": {
            "TagCombineOp": 0,
            "Rules": [],
            "RuleString": ""
          },
          "TagTexts": [
            {
              "LineId": "91bdf4ae-076c-4d8e-dd01-238a756f604f",
              "Text": {
                "Handle": "hb0e793a6g2745g4569ga875gf88f7bc5bb29",
                "Value": "Thanks for gutting the druid bastards. Only wish I could've taken a few myself."
              }
            }
          ]
        }
      ],
      "EditorData": {
        "AnimationTags": "",
        "Attitude": "Default",
        "CinematicNodeContext": "",
        "CinematicObjects": "",
        "CustomCineArtKeysPresent": "False",
        "CustomLightingPresent": "False",
        "CustomSoundPresent": "False",
        "CustomVFXPresent": "False",
        "Emotion": "Default",
        "ForceDisableIsCustomNode": "False",
        "ID": "N22",
        "InternalNodeContext": "",
        "IsCustomNode": "False",
        "MusicTags": "",
        "NodeContext": "Firm, strong and bitter",
        "Quality": "Bronze",
        "SFXTags": "",
        "StateChangeTags": "",
        "TemplateNodeUUID": "00000000-0000-0000-0000-000000000000",
        "TemplateVersion": "0",
        "VFXTags": "",
        "collapsed": "False",
        "logicalname": "Druids are dead and attack is over.",
        "position": "15;-204",
        "sourcetemplate": ""
      }
    },
    "0c991ba4-cd08-7bcb-9f35-435920c60ba5": {
      "UUID": "0c991ba4-cd08-7bcb-9f35-435920c60ba5",
      "Constructor": "TagGreeting",
      "EndNode": true,
      "Root": true,
      "ShowOnce": false,
      "SpeakerNo": 0,
      "AddressedSpeaker": -1,
      "Children": [],
      "CheckFlags": [
        {
          "Flags": [
            {
              "UUID": "73584e90-c319-e998-b651-ac8a8cc3b74a",
              "value": true,
              "paramval": 1,
              "Name": "DEN_DruidAttack_HasMet_ParentBAfterAttack"
            }
          ],
          "Type": "Dialog"
        },
        {
          "Flags": [
            {
              "UUID": "5b5de896-e733-47ae-81df-85a4b25ebfd1",
              "value": true,
              "paramval": null,
              "Name": "DEN_ShadowDruid_State_KidDied"
            },
            {
              "UUID": "b4754af7-07ec-433c-87d2-e78ef4c79e6e",
              "value": true,
              "paramval": null,
              "Name": "DEN_DruidAttack_State_PrepAfterDeathOfDruids"
            }
          ],
          "Type": "Global"
        }
      ],
      "SetFlags": [],
      "TaggedTextList": [
        {
          "HasTagRule": false,
          "RuleGroup": {
            "TagCombineOp": 0,
            "Rules": [],
            "RuleString": ""
          },
          "TagTexts": [
            {
              "LineId": "b96d1b84-5151-ee22-1e45-11a24d7bc528",
              "Text": {
                "Handle": "hf244a0a9g473dg45e5gaba3ge3d439a39e85",
                "Value": "With Kagha dead, I thought I'd feel better. I just miss my daughter more. "
              }
            }
          ]
        }
      ],
      "EditorData": {
        "AnimationTags": "",
        "Attitude": "Default",
        "CinematicNodeContext": "",
        "CinematicObjects": "",
        "CustomCineArtKeysPresent": "False",
        "CustomLightingPresent": "False",
        "CustomSoundPresent": "False",
        "CustomVFXPresent": "False",
        "Emotion": "Default",
        "ForceDisableIsCustomNode": "False",
        "ID": "N26",
        "InternalNodeContext": "",
        "IsCustomNode": "False",
        "MusicTags": "",
        "NodeContext": "Firm, strong and bitter",
        "Quality": "Bronze",
        "SFXTags": "",
        "StateChangeTags": "",
        "TemplateNodeUUID": "00000000-0000-0000-0000-000000000000",
        "TemplateVersion": "0",
        "VFXTags": "",
        "collapsed": "False",
        "logicalname": "Druids are dead and attack is over.",
        "position": "15;-861",
        "sourcetemplate": ""
      }
    },
    "7a588310-dcb3-537a-7d8e-59a442a267d7": {
      "UUID": "7a588310-dcb3-537a-7d8e-59a442a267d7",
      "Constructor": "TagGreeting",
      "EndNode": true,
      "Root": true,
      "ShowOnce": false,
      "SpeakerNo": 0,
      "AddressedSpeaker": -1,
      "Children": [],
      "CheckFlags": [],
      "SetFlags": [],
      "TaggedTextList": [
        {
          "HasTagRule": false,
          "RuleGroup": {
            "TagCombineOp": 0,
            "Rules": [],
            "RuleString": ""
          },
          "TagTexts": [
            {
              "LineId": "49f28cad-2c36-bb5b-ff32-7f394144ace1",
              "Text": {
                "Handle": "hdf99e23dg7cf4g4659g8d6aga715af41b7d1",
                "Value": "I knew those druids would turn on us. Well, we won't go quietly. "
              }
            }
          ]
        }
      ],
      "EditorData": {
        "AnimationTags": "",
        "Attitude": "Default",
        "CinematicNodeContext": "",
        "CinematicObjects": "",
        "CustomCineArtKeysPresent": "False",
        "CustomLightingPresent": "False",
        "CustomSoundPresent": "False",
        "CustomVFXPresent": "False",
        "Emotion": "Default",
        "ForceDisableIsCustomNode": "False",
        "ID": "N2",
        "InternalNodeContext": "",
        "IsCustomNode": "False",
        "MusicTags": "",
        "NodeContext": "Readying yourself for a fight - even though you know you'll die.",
        "Quality": "Bronze",
        "SFXTags": "",
        "StateChangeTags": "",
        "TemplateNodeUUID": "00000000-0000-0000-0000-000000000000",
        "TemplateVersion": "0",
        "VFXTags": "",
        "collapsed": "False",
        "logicalname": "Druid Attack is under way.",
        "position": "15;453",
        "sourcetemplate": ""
      }
    },
    "bdab9aaf-a290-0256-007d-ce13efaf7eeb": {
      "UUID": "bdab9aaf-a290-0256-007d-ce13efaf7eeb",
      "Constructor": "TagGreeting",
      "EndNode": true,
      "Root": true,
      "ShowOnce": false,
      "SpeakerNo": 0,
      "AddressedSpeaker": -1,
      "Children": [],
      "CheckFlags": [
        {
          "Flags": [
            {
              "UUID": "5b5de896-e733-47ae-81df-85a4b25ebfd1",
              "value": false,
              "paramval": null,
              "Name": "DEN_ShadowDruid_State_KidDied"
            },
            {
              "UUID": "b4754af7-07ec-433c-87d2-e78ef4c79e6e",
              "value": true,
              "paramval": null,
              "Name": "DEN_DruidAttack_State_PrepAfterDeathOfDruids"
            }
          ],
          "Type": "Global"
        }
      ],
      "SetFlags": [
        {
          "Flags": [
            {
              "UUID": "73584e90-c319-e998-b651-ac8a8cc3b74a",
              "value": true,
              "paramval": 1,
              "Name": "DEN_DruidAttack_HasMet_ParentBAfterAttack"
            }
          ],
          "Type": "Dialog"
        }
      ],
      "TaggedTextList": [
        {
          "HasTagRule": false,
          "RuleGroup": {
            "TagCombineOp": 0,
            "Rules": [],
            "RuleString": ""
          },
          "TagTexts": [
            {
              "LineId": "f7386032-bfa5-53eb-5da8-21346996c6ab",
              "Text": {
                "Handle": "h943b5e00g747fg415eg9754g797e9382714a",
                "Value": "Goblins, worgs, gnolls - let them all come. We'll protect our own. We proved that. "
              }
            }
          ]
        }
      ],
      "EditorData": {
        "AnimationTags": "",
        "Attitude": "Default",
        "CinematicNodeContext": "",
        "CinematicObjects": "",
        "CustomCineArtKeysPresent": "False",
        "CustomLightingPresent": "False",
        "CustomSoundPresent": "False",
        "CustomVFXPresent": "False",
        "Emotion": "Default",
        "ForceDisableIsCustomNode": "False",
        "ID": "N1",
        "InternalNodeContext": "",
        "IsCustomNode": "False",
        "MusicTags": "",
        "NodeContext": "Firm, strong and determined",
        "Quality": "Bronze",
        "SFXTags": "",
        "StateChangeTags": "",
        "TemplateNodeUUID": "00000000-0000-0000-0000-000000000000",
        "TemplateVersion": "0",
        "VFXTags": "",
        "collapsed": "False",
        "logicalname": "Druids are dead and attack is over.",
        "position": "15;15",
        "sourcetemplate": ""
      }
    },
    "d74409fd-6824-19c0-1431-14fe7292acfd": {
      "UUID": "d74409fd-6824-19c0-1431-14fe7292acfd",
      "Constructor": "TagGreeting",
      "EndNode": true,
      "Root": true,
      "ShowOnce": false,
      "SpeakerNo": 0,
      "AddressedSpeaker": -1,
      "Children": [],
      "CheckFlags": [
        {
          "Flags": [
            {
              "UUID": "73584e90-c319-e998-b651-ac8a8cc3b74a",
              "value": true,
              "paramval": 1,
              "Name": "DEN_DruidAttack_HasMet_ParentBAfterAttack"
            }
          ],
          "Type": "Dialog"
        },
        {
          "Flags": [
            {
              "UUID": "5b5de896-e733-47ae-81df-85a4b25ebfd1",
              "value": false,
              "paramval": null,
              "Name": "DEN_ShadowDruid_State_KidDied"
            },
            {
              "UUID": "b4754af7-07ec-433c-87d2-e78ef4c79e6e",
              "value": true,
              "paramval": null,
              "Name": "DEN_DruidAttack_State_PrepAfterDeathOfDruids"
            }
          ],
          "Type": "Global"
        }
      ],
      "SetFlags": [],
      "TaggedTextList": [
        {
          "HasTagRule": false,
          "RuleGroup": {
            "TagCombineOp": 0,
            "Rules": [],
            "RuleString": ""
          },
          "TagTexts": [
            {
              "LineId": "2df2a9c7-f689-ebb8-7242-68231bd545b8",
              "Text": {
                "Handle": "hd7283c2eg6b2bg4e90ga8degef634fb195b7",
                "Value": "I don't know about you, but I won't shed a tear for those druids. They hated us from the get go. "
              }
            }
          ]
        }
      ],
      "EditorData": {
        "AnimationTags": "",
        "Attitude": "Default",
        "CinematicNodeContext": "",
        "CinematicObjects": "",
        "CustomCineArtKeysPresent": "False",
        "CustomLightingPresent": "False",
        "CustomSoundPresent": "False",
        "CustomVFXPresent": "False",
        "Emotion": "Default",
        "ForceDisableIsCustomNode": "False",
        "ID": "N18",
        "InternalNodeContext": "",
        "IsCustomNode": "False",
        "MusicTags": "",
        "NodeContext": "Firm, strong and determined",
        "Quality": "Bronze",
        "SFXTags": "",
        "StateChangeTags": "",
        "TemplateNodeUUID": "00000000-0000-0000-0000-000000000000",
        "TemplateVersion": "0",
        "VFXTags": "",
        "collapsed": "False",
        "logicalname": "Druids are dead and attack is over.",
        "position": "15;-642",
        "sourcetemplate": ""
      }
    }
  },
  "SpeakerDict": {
    "0": {
      "IsPeanutSpeaker": false,
      "SpeakerMappingId": "28ef51ea-b89e-8279-491f-d41d003f8ff6",
      "Index": 0,
      "List": [
        "397467d4-1631-447b-a505-d44275dca78e"
      ],
      "SpeakerCharacter": {
        "DisplayName": "Komira",
        "Type": "character",
        "MapKey": "397467d4-1631-447b-a505-d44275dca78e",
        "Name": "S_DEN_ParentB",
        "ParentTemplateId": null,
        "TemplateName": "9103fce3-6423-4f8a-af04-83ac1af2a1d7"
      },
      "SpeakerGroupName": null
    },
    "1": {
      "IsPeanutSpeaker": false,
      "SpeakerMappingId": "c9b2459a-a578-1df7-a9cb-619a6178db6c",
      "Index": 1,
      "List": [
        "e0d1ff71-04a8-4340-ae64-9684d846eb83"
      ],
      "SpeakerCharacter": {
        "DisplayName": "Player",
        "Type": "character",
        "MapKey": "e2badbf0-159a-4ef5-9e73-7bbeb3d1015a",
        "Name": "S_GLO_CharacterCreationDummy_001",
        "ParentTemplateId": null,
        "TemplateName": "fd7f2707-8f86-4836-bda8-e0db99c389cc"
      },
      "SpeakerGroupName": "GROUP_Players"
    }
  },
  "Synopsis": "Marrick is hidden alongside the other tieflings during the attack but is unafraid. She is no fighter but if the druids reach her she will fight to her last breath. In her post attack dialogues, if her daughter has died her anger is waning even as she strives to hold onto it - the grief settling in as she realises all the dead druids in the world won't bring her daughter back.\r\n\r\nIf her daughter in the post attack she is full of righteous anger - let anyone in the world take on the tieflings. They won't back down from anything. "
}