{
  "Path": "Mods/Gustav/Story/Dialogs/Act1/DEN/DEN_AttackOnDen_AD_ChefAndSonPacking.lsj",
  "UUID": "f3afb428-73fc-2e5c-057b-2e0e5a1b2f1c",
  "Category": "Repeated automated NPC Dialog",
  "DefaultAddressedSpeakers": {
    "0": -1,
    "1": -1,
    "2": -1,
    "3": -1
  },
  "RootNodes": [
    "4f71e32d-ab89-a52c-27cf-883d6f2460e1",
    "340564f9-d51e-d812-695d-7dfa27665fb9",
    "fcdec382-a7f9-3c42-9a57-ca16b4e5323f"
  ],
  "Nodes": {
    "1e76468b-ea17-b9ea-0723-ad87603cf287": {
      "UUID": "1e76468b-ea17-b9ea-0723-ad87603cf287",
      "Constructor": "TagAnswer",
      "EndNode": false,
      "Root": false,
      "ShowOnce": false,
      "SpeakerNo": 0,
      "AddressedSpeaker": 0,
      "Children": [
        "94c90c8f-e396-15c9-323d-cc94cc9f4d8e"
      ],
      "CheckFlags": [],
      "SetFlags": [],
      "TaggedTextList": [
        {
          "HasTagRule": false,
          "RuleGroup": {
            "TagCombineOp": 0,
            "Rules": [],
            "RuleString": ""
          },
          "TagTexts": [
            {
              "LineId": "0a4c583f-096b-8b0e-e3c5-2f30a898a0e9",
              "Text": {
                "Handle": "h01e2a9b4g3ca4g4ac7gbd49ga3362535670a",
                "Value": "Of course. It's a big city, lots of opportunity."
              }
            }
          ]
        }
      ],
      "EditorData": {
        "AnimationTags": "",
        "Attitude": "Default",
        "CinematicNodeContext": "",
        "CinematicObjects": "",
        "CustomCineArtKeysPresent": "False",
        "CustomLightingPresent": "False",
        "CustomSoundPresent": "False",
        "CustomVFXPresent": "False",
        "Emotion": "Default",
        "ForceDisableIsCustomNode": "False",
        "ID": "N60",
        "InternalNodeContext": "",
        "IsCustomNode": "False",
        "MusicTags": "",
        "NodeContext": "",
        "Quality": "Bronze",
        "SFXTags": "",
        "StateChangeTags": "",
        "TemplateNodeUUID": "00000000-0000-0000-0000-000000000000",
        "TemplateVersion": "0",
        "VFXTags": "",
        "collapsed": "False",
        "logicalname": "Answer",
        "position": "335;-1299",
        "sourcetemplate": ""
      }
    },
    "340564f9-d51e-d812-695d-7dfa27665fb9": {
      "UUID": "340564f9-d51e-d812-695d-7dfa27665fb9",
      "Constructor": "TagGreeting",
      "EndNode": false,
      "Root": true,
      "ShowOnce": false,
      "SpeakerNo": 0,
      "AddressedSpeaker": 0,
      "Children": [
        "63b3e000-5cf5-cf04-23c1-ec3fb6e56893"
      ],
      "CheckFlags": [
        {
          "Flags": [
            {
              "UUID": "7ea9c830-c770-ff9b-6464-993a8b6da112",
              "value": true,
              "paramval": null,
              "Name": "f3afb428-73fc-2e5c-057b-2e0e5a1b2f1c_A"
            }
          ],
          "Type": "Local"
        }
      ],
      "SetFlags": [
        {
          "Flags": [
            {
              "UUID": "357d71ea-36df-9939-f8c0-0eb306ae8d35",
              "value": true,
              "paramval": null,
              "Name": "f3afb428-73fc-2e5c-057b-2e0e5a1b2f1c_B"
            }
          ],
          "Type": "Local"
        }
      ],
      "TaggedTextList": [
        {
          "HasTagRule": false,
          "RuleGroup": {
            "TagCombineOp": 0,
            "Rules": [],
            "RuleString": ""
          },
          "TagTexts": [
            {
              "LineId": "95d75110-2424-ff04-eae7-5937514ae9e6",
              "Text": {
                "Handle": "hb60343eagd2c4g4eeeg8965g40ecf248ca23",
                "Value": "What do you think of opening a cart in Baldur's Gate?"
              }
            }
          ]
        }
      ],
      "EditorData": {
        "AnimationTags": "",
        "Attitude": "Default",
        "CinematicNodeContext": "",
        "CinematicObjects": "",
        "CustomCineArtKeysPresent": "False",
        "CustomLightingPresent": "False",
        "CustomSoundPresent": "False",
        "CustomVFXPresent": "False",
        "Emotion": "Default",
        "ForceDisableIsCustomNode": "False",
        "ID": "N53",
        "InternalNodeContext": "",
        "IsCustomNode": "False",
        "MusicTags": "",
        "NodeContext": "",
        "Quality": "Bronze",
        "SFXTags": "",
        "StateChangeTags": "",
        "TemplateNodeUUID": "00000000-0000-0000-0000-000000000000",
        "TemplateVersion": "0",
        "VFXTags": "",
        "collapsed": "False",
        "logicalname": "Greeting",
        "position": "15;-861",
        "sourcetemplate": ""
      }
    },
    "3e0fcb85-4b6f-3ac7-afe0-9d186dfbe379": {
      "UUID": "3e0fcb85-4b6f-3ac7-afe0-9d186dfbe379",
      "Constructor": "TagAnswer",
      "EndNode": false,
      "Root": false,
      "ShowOnce": false,
      "SpeakerNo": 1,
      "AddressedSpeaker": 0,
      "Children": [
        "a019c228-2f7c-90f8-d5fd-93171fa262e2"
      ],
      "CheckFlags": [],
      "SetFlags": [],
      "TaggedTextList": [
        {
          "HasTagRule": false,
          "RuleGroup": {
            "TagCombineOp": 0,
            "Rules": [],
            "RuleString": ""
          },
          "TagTexts": [
            {
              "LineId": "2856921c-cde5-ab66-915e-270d614218e0",
              "Text": {
                "Handle": "h81b9921ag8445g446bg8fcbg6533d1e2ad09",
                "Value": "A cart sounds fine, but do I have to haul it around?"
              }
            }
          ]
        }
      ],
      "EditorData": {
        "AnimationTags": "",
        "Attitude": "Default",
        "CinematicNodeContext": "",
        "CinematicObjects": "",
        "CustomCineArtKeysPresent": "False",
        "CustomLightingPresent": "False",
        "CustomSoundPresent": "False",
        "CustomVFXPresent": "False",
        "Emotion": "Default",
        "ForceDisableIsCustomNode": "False",
        "ID": "N57",
        "InternalNodeContext": "",
        "IsCustomNode": "False",
        "MusicTags": "",
        "NodeContext": "",
        "Quality": "Bronze",
        "SFXTags": "",
        "StateChangeTags": "",
        "TemplateNodeUUID": "00000000-0000-0000-0000-000000000000",
        "TemplateVersion": "0",
        "VFXTags": "",
        "collapsed": "False",
        "logicalname": "Answer",
        "position": "975;-861",
        "sourcetemplate": ""
      }
    },
    "4e000125-c467-5866-d4fc-d77e416ad5f0": {
      "UUID": "4e000125-c467-5866-d4fc-d77e416ad5f0",
      "Constructor": "TagAnswer",
      "EndNode": false,
      "Root": false,
      "ShowOnce": false,
      "SpeakerNo": 1,
      "AddressedSpeaker": 0,
      "Children": [
        "a914883e-81ea-23c1-f0b9-8c124012fcc8"
      ],
      "CheckFlags": [],
      "SetFlags": [],
      "TaggedTextList": [
        {
          "HasTagRule": false,
          "RuleGroup": {
            "TagCombineOp": 0,
            "Rules": [],
            "RuleString": ""
          },
          "TagTexts": [
            {
              "LineId": "71078cfb-e982-fff6-2ff2-90cd3b329272",
              "Text": {
                "Handle": "h1cc29af6gada1g41f3ga2e7g8d3c1e9bab0f",
                "Value": "I won't. I'm not ten anymore."
              }
            }
          ]
        }
      ],
      "EditorData": {
        "AnimationTags": "",
        "Attitude": "Default",
        "CinematicNodeContext": "",
        "CinematicObjects": "",
        "CustomCineArtKeysPresent": "False",
        "CustomLightingPresent": "False",
        "CustomSoundPresent": "False",
        "CustomVFXPresent": "False",
        "Emotion": "Default",
        "ForceDisableIsCustomNode": "False",
        "ID": "N50",
        "InternalNodeContext": "",
        "IsCustomNode": "False",
        "MusicTags": "",
        "NodeContext": "",
        "Quality": "Bronze",
        "SFXTags": "",
        "StateChangeTags": "",
        "TemplateNodeUUID": "00000000-0000-0000-0000-000000000000",
        "TemplateVersion": "0",
        "VFXTags": "",
        "collapsed": "False",
        "logicalname": "Answer",
        "position": "975;-423",
        "sourcetemplate": ""
      }
    },
    "4f71e32d-ab89-a52c-27cf-883d6f2460e1": {
      "UUID": "4f71e32d-ab89-a52c-27cf-883d6f2460e1",
      "Constructor": "TagGreeting",
      "EndNode": false,
      "Root": true,
      "ShowOnce": false,
      "SpeakerNo": 1,
      "AddressedSpeaker": 0,
      "Children": [
        "1e76468b-ea17-b9ea-0723-ad87603cf287"
      ],
      "CheckFlags": [
        {
          "Flags": [
            {
              "UUID": "357d71ea-36df-9939-f8c0-0eb306ae8d35",
              "value": true,
              "paramval": null,
              "Name": "f3afb428-73fc-2e5c-057b-2e0e5a1b2f1c_B"
            }
          ],
          "Type": "Local"
        }
      ],
      "SetFlags": [
        {
          "Flags": [
            {
              "UUID": "357d71ea-36df-9939-f8c0-0eb306ae8d35",
              "value": false,
              "paramval": null,
              "Name": "f3afb428-73fc-2e5c-057b-2e0e5a1b2f1c_B"
            },
            {
              "UUID": "7ea9c830-c770-ff9b-6464-993a8b6da112",
              "value": false,
              "paramval": null,
              "Name": "f3afb428-73fc-2e5c-057b-2e0e5a1b2f1c_A"
            }
          ],
          "Type": "Local"
        }
      ],
      "TaggedTextList": [
        {
          "HasTagRule": false,
          "RuleGroup": {
            "TagCombineOp": 0,
            "Rules": [],
            "RuleString": ""
          },
          "TagTexts": [
            {
              "LineId": "17b18822-1c54-73f6-d3ad-9c101137dacc",
              "Text": {
                "Handle": "hca254f06g137eg4d0cgb306gf2f13606b722",
                "Value": "Do you think we'll stay in Baldur's Gate long?"
              }
            }
          ]
        }
      ],
      "EditorData": {
        "AnimationTags": "",
        "Attitude": "Default",
        "CinematicNodeContext": "",
        "CinematicObjects": "",
        "CustomCineArtKeysPresent": "False",
        "CustomLightingPresent": "False",
        "CustomSoundPresent": "False",
        "CustomVFXPresent": "False",
        "Emotion": "Default",
        "ForceDisableIsCustomNode": "False",
        "ID": "N54",
        "InternalNodeContext": "",
        "IsCustomNode": "False",
        "MusicTags": "",
        "NodeContext": "",
        "Quality": "Bronze",
        "SFXTags": "",
        "StateChangeTags": "",
        "TemplateNodeUUID": "00000000-0000-0000-0000-000000000000",
        "TemplateVersion": "0",
        "VFXTags": "",
        "collapsed": "False",
        "logicalname": "Greeting",
        "position": "15;-1299",
        "sourcetemplate": ""
      }
    },
    "63b3e000-5cf5-cf04-23c1-ec3fb6e56893": {
      "UUID": "63b3e000-5cf5-cf04-23c1-ec3fb6e56893",
      "Constructor": "TagAnswer",
      "EndNode": false,
      "Root": false,
      "ShowOnce": false,
      "SpeakerNo": 1,
      "AddressedSpeaker": 0,
      "Children": [
        "b55e0342-3fd5-c011-b5df-3aff47c2daf5"
      ],
      "CheckFlags": [],
      "SetFlags": [],
      "TaggedTextList": [
        {
          "HasTagRule": false,
          "RuleGroup": {
            "TagCombineOp": 0,
            "Rules": [],
            "RuleString": ""
          },
          "TagTexts": [
            {
              "LineId": "d9fafed1-2af8-f283-a9fa-c8e7d6507fa6",
              "Text": {
                "Handle": "h41054270g2b70g4de9gb4fbg52e0d1354a52",
                "Value": "A cart? Like on the street?"
              }
            }
          ]
        }
      ],
      "EditorData": {
        "AnimationTags": "",
        "Attitude": "Default",
        "CinematicNodeContext": "",
        "CinematicObjects": "",
        "CustomCineArtKeysPresent": "False",
        "CustomLightingPresent": "False",
        "CustomSoundPresent": "False",
        "CustomVFXPresent": "False",
        "Emotion": "Default",
        "ForceDisableIsCustomNode": "False",
        "ID": "N55",
        "InternalNodeContext": "",
        "IsCustomNode": "False",
        "MusicTags": "",
        "NodeContext": "",
        "Quality": "Bronze",
        "SFXTags": "",
        "StateChangeTags": "",
        "TemplateNodeUUID": "00000000-0000-0000-0000-000000000000",
        "TemplateVersion": "0",
        "VFXTags": "",
        "collapsed": "False",
        "logicalname": "Answer",
        "position": "335;-861",
        "sourcetemplate": ""
      }
    },
    "6b28f969-33da-315c-4520-3c94b1bd203f": {
      "UUID": "6b28f969-33da-315c-4520-3c94b1bd203f",
      "Constructor": "TagAnswer",
      "EndNode": false,
      "Root": false,
      "ShowOnce": false,
      "SpeakerNo": 0,
      "AddressedSpeaker": 0,
      "Children": [
        "a86edf5d-b429-c0c3-90d8-a435334d18b1"
      ],
      "CheckFlags": [],
      "SetFlags": [],
      "TaggedTextList": [
        {
          "HasTagRule": false,
          "RuleGroup": {
            "TagCombineOp": 0,
            "Rules": [],
            "RuleString": ""
          },
          "TagTexts": [
            {
              "LineId": "2cefdfb1-b48a-5763-31c8-fe78ba2c3aed",
              "Text": {
                "Handle": "hcfa25b3dgc34cg47b6g93e4g290250a2da22",
                "Value": "Don't let that place cast a shadow on your head forever."
              }
            }
          ]
        }
      ],
      "EditorData": {
        "AnimationTags": "",
        "Attitude": "Default",
        "CinematicNodeContext": "",
        "CinematicObjects": "",
        "CustomCineArtKeysPresent": "False",
        "CustomLightingPresent": "False",
        "CustomSoundPresent": "False",
        "CustomVFXPresent": "False",
        "Emotion": "Default",
        "ForceDisableIsCustomNode": "False",
        "ID": "N62",
        "InternalNodeContext": "",
        "IsCustomNode": "False",
        "MusicTags": "",
        "NodeContext": "",
        "Quality": "Bronze",
        "SFXTags": "",
        "StateChangeTags": "",
        "TemplateNodeUUID": "00000000-0000-0000-0000-000000000000",
        "TemplateVersion": "0",
        "VFXTags": "",
        "collapsed": "False",
        "logicalname": "Answer",
        "position": "975;-1299",
        "sourcetemplate": ""
      }
    },
    "7d895481-c920-c4ff-9e6b-98f3b8bf4cdd": {
      "UUID": "7d895481-c920-c4ff-9e6b-98f3b8bf4cdd",
      "Constructor": "TagAnswer",
      "EndNode": true,
      "Root": false,
      "ShowOnce": false,
      "SpeakerNo": 1,
      "AddressedSpeaker": 0,
      "Children": [],
      "CheckFlags": [],
      "SetFlags": [],
      "TaggedTextList": [
        {
          "HasTagRule": false,
          "RuleGroup": {
            "TagCombineOp": 0,
            "Rules": [],
            "RuleString": ""
          },
          "TagTexts": [
            {
              "LineId": "91ae45c0-b4a1-ad3f-fed0-2e5d5928b1f3",
              "Text": {
                "Handle": "hdb40e88eg06f7g4c8dg80b1gf9274298d2cc",
                "Value": "Ugh."
              }
            }
          ]
        }
      ],
      "EditorData": {
        "AnimationTags": "",
        "Attitude": "Default",
        "CinematicNodeContext": "",
        "CinematicObjects": "",
        "CustomCineArtKeysPresent": "False",
        "CustomLightingPresent": "False",
        "CustomSoundPresent": "False",
        "CustomVFXPresent": "False",
        "Emotion": "Default",
        "ForceDisableIsCustomNode": "False",
        "ID": "N52",
        "InternalNodeContext": "",
        "IsCustomNode": "False",
        "MusicTags": "",
        "NodeContext": "Groaning at the thought of having to lift more boxes",
        "Quality": "Bronze",
        "SFXTags": "",
        "StateChangeTags": "",
        "TemplateNodeUUID": "00000000-0000-0000-0000-000000000000",
        "TemplateVersion": "0",
        "VFXTags": "",
        "collapsed": "False",
        "logicalname": "Answer",
        "position": "1615;-423",
        "sourcetemplate": ""
      }
    },
    "94c90c8f-e396-15c9-323d-cc94cc9f4d8e": {
      "UUID": "94c90c8f-e396-15c9-323d-cc94cc9f4d8e",
      "Constructor": "TagAnswer",
      "EndNode": false,
      "Root": false,
      "ShowOnce": false,
      "SpeakerNo": 1,
      "AddressedSpeaker": 0,
      "Children": [
        "6b28f969-33da-315c-4520-3c94b1bd203f"
      ],
      "CheckFlags": [],
      "SetFlags": [],
      "TaggedTextList": [
        {
          "HasTagRule": false,
          "RuleGroup": {
            "TagCombineOp": 0,
            "Rules": [],
            "RuleString": ""
          },
          "TagTexts": [
            {
              "LineId": "d8bb4125-2bb8-e1f4-2529-8d925670eef0",
              "Text": {
                "Handle": "hf5f7b734g97ceg4453g94d4g588267c3f008",
                "Value": "But Elturel..."
              }
            }
          ]
        }
      ],
      "EditorData": {
        "AnimationTags": "",
        "Attitude": "Default",
        "CinematicNodeContext": "",
        "CinematicObjects": "",
        "CustomCineArtKeysPresent": "False",
        "CustomLightingPresent": "False",
        "CustomSoundPresent": "False",
        "CustomVFXPresent": "False",
        "Emotion": "Default",
        "ForceDisableIsCustomNode": "False",
        "ID": "N61",
        "InternalNodeContext": "",
        "IsCustomNode": "False",
        "MusicTags": "",
        "NodeContext": "",
        "Quality": "Bronze",
        "SFXTags": "",
        "StateChangeTags": "",
        "TemplateNodeUUID": "00000000-0000-0000-0000-000000000000",
        "TemplateVersion": "0",
        "VFXTags": "",
        "collapsed": "False",
        "logicalname": "Answer",
        "position": "655;-1299",
        "sourcetemplate": ""
      }
    },
    "a019c228-2f7c-90f8-d5fd-93171fa262e2": {
      "UUID": "a019c228-2f7c-90f8-d5fd-93171fa262e2",
      "Constructor": "TagAnswer",
      "EndNode": false,
      "Root": false,
      "ShowOnce": false,
      "SpeakerNo": 0,
      "AddressedSpeaker": 0,
      "Children": [
        "cc832292-1c53-6f3b-7bf3-edf6fb006f4b"
      ],
      "CheckFlags": [],
      "SetFlags": [],
      "TaggedTextList": [
        {
          "HasTagRule": false,
          "RuleGroup": {
            "TagCombineOp": 0,
            "Rules": [],
            "RuleString": ""
          },
          "TagTexts": [
            {
              "LineId": "28feaf22-2312-6f3a-33dd-4311fb9600b9",
              "Text": {
                "Handle": "h82ff6974g14f2g45a3g9871g6f4927d221be",
                "Value": "Until we make the coin for a proper ox, maybe."
              }
            }
          ]
        }
      ],
      "EditorData": {
        "AnimationTags": "",
        "Attitude": "Default",
        "CinematicNodeContext": "",
        "CinematicObjects": "",
        "CustomCineArtKeysPresent": "False",
        "CustomLightingPresent": "False",
        "CustomSoundPresent": "False",
        "CustomVFXPresent": "False",
        "Emotion": "Default",
        "ForceDisableIsCustomNode": "False",
        "ID": "N58",
        "InternalNodeContext": "",
        "IsCustomNode": "False",
        "MusicTags": "",
        "NodeContext": "",
        "Quality": "Bronze",
        "SFXTags": "",
        "StateChangeTags": "",
        "TemplateNodeUUID": "00000000-0000-0000-0000-000000000000",
        "TemplateVersion": "0",
        "VFXTags": "",
        "collapsed": "False",
        "logicalname": "Answer",
        "position": "1295;-861",
        "sourcetemplate": ""
      }
    },
    "a86edf5d-b429-c0c3-90d8-a435334d18b1": {
      "UUID": "a86edf5d-b429-c0c3-90d8-a435334d18b1",
      "Constructor": "TagAnswer",
      "EndNode": false,
      "Root": false,
      "ShowOnce": false,
      "SpeakerNo": 1,
      "AddressedSpeaker": 0,
      "Children": [
        "c5c6cc43-c35a-638d-5a08-6a03149fd8de"
      ],
      "CheckFlags": [],
      "SetFlags": [],
      "TaggedTextList": [
        {
          "HasTagRule": false,
          "RuleGroup": {
            "TagCombineOp": 0,
            "Rules": [],
            "RuleString": ""
          },
          "TagTexts": [
            {
              "LineId": "bfd51fa5-5895-9937-ae85-6f0415fff1cd",
              "Text": {
                "Handle": "hb0d4dd2dg29f4g416egbfccga3ea4ac8b313",
                "Value": "I guess things are already better. I've learned a lot."
              }
            }
          ]
        }
      ],
      "EditorData": {
        "AnimationTags": "",
        "Attitude": "Default",
        "CinematicNodeContext": "",
        "CinematicObjects": "",
        "CustomCineArtKeysPresent": "False",
        "CustomLightingPresent": "False",
        "CustomSoundPresent": "False",
        "CustomVFXPresent": "False",
        "Emotion": "Default",
        "ForceDisableIsCustomNode": "False",
        "ID": "N63",
        "InternalNodeContext": "",
        "IsCustomNode": "False",
        "MusicTags": "",
        "NodeContext": "",
        "Quality": "Bronze",
        "SFXTags": "",
        "StateChangeTags": "",
        "TemplateNodeUUID": "00000000-0000-0000-0000-000000000000",
        "TemplateVersion": "0",
        "VFXTags": "",
        "collapsed": "False",
        "logicalname": "Answer",
        "position": "1295;-1299",
        "sourcetemplate": ""
      }
    },
    "a914883e-81ea-23c1-f0b9-8c124012fcc8": {
      "UUID": "a914883e-81ea-23c1-f0b9-8c124012fcc8",
      "Constructor": "TagAnswer",
      "EndNode": false,
      "Root": false,
      "ShowOnce": false,
      "SpeakerNo": 0,
      "AddressedSpeaker": 0,
      "Children": [
        "7d895481-c920-c4ff-9e6b-98f3b8bf4cdd"
      ],
      "CheckFlags": [],
      "SetFlags": [],
      "TaggedTextList": [
        {
          "HasTagRule": false,
          "RuleGroup": {
            "TagCombineOp": 0,
            "Rules": [],
            "RuleString": ""
          },
          "TagTexts": [
            {
              "LineId": "dd0b3a8e-0001-a2cd-b313-9d31eddb6c57",
              "Text": {
                "Handle": "h53f826dege6fag4551ga6c1g74a9916a33c0",
                "Value": "Don't I know it. But there's two more boxes after this one."
              }
            }
          ]
        }
      ],
      "EditorData": {
        "AnimationTags": "",
        "Attitude": "Default",
        "CinematicNodeContext": "",
        "CinematicObjects": "",
        "CustomCineArtKeysPresent": "False",
        "CustomLightingPresent": "False",
        "CustomSoundPresent": "False",
        "CustomVFXPresent": "False",
        "Emotion": "Default",
        "ForceDisableIsCustomNode": "False",
        "ID": "N51",
        "InternalNodeContext": "",
        "IsCustomNode": "False",
        "MusicTags": "",
        "NodeContext": "",
        "Quality": "Bronze",
        "SFXTags": "",
        "StateChangeTags": "",
        "TemplateNodeUUID": "00000000-0000-0000-0000-000000000000",
        "TemplateVersion": "0",
        "VFXTags": "",
        "collapsed": "False",
        "logicalname": "Answer",
        "position": "1295;-423",
        "sourcetemplate": ""
      }
    },
    "b55e0342-3fd5-c011-b5df-3aff47c2daf5": {
      "UUID": "b55e0342-3fd5-c011-b5df-3aff47c2daf5",
      "Constructor": "TagAnswer",
      "EndNode": false,
      "Root": false,
      "ShowOnce": false,
      "SpeakerNo": 0,
      "AddressedSpeaker": 0,
      "Children": [
        "3e0fcb85-4b6f-3ac7-afe0-9d186dfbe379"
      ],
      "CheckFlags": [],
      "SetFlags": [],
      "TaggedTextList": [
        {
          "HasTagRule": false,
          "RuleGroup": {
            "TagCombineOp": 0,
            "Rules": [],
            "RuleString": ""
          },
          "TagTexts": [
            {
              "LineId": "a2eaa313-f219-3a5e-bd73-df8eb68087ff",
              "Text": {
                "Handle": "hdb8f4e20g9993g40c4gbbbdgdd97d94c14aa",
                "Value": "Exactly. Noble types won't want a tiefling cookin' for them, but common folk..."
              }
            }
          ]
        }
      ],
      "EditorData": {
        "AnimationTags": "",
        "Attitude": "Default",
        "CinematicNodeContext": "",
        "CinematicObjects": "",
        "CustomCineArtKeysPresent": "False",
        "CustomLightingPresent": "False",
        "CustomSoundPresent": "False",
        "CustomVFXPresent": "False",
        "Emotion": "Default",
        "ForceDisableIsCustomNode": "False",
        "ID": "N56",
        "InternalNodeContext": "",
        "IsCustomNode": "False",
        "MusicTags": "",
        "NodeContext": "",
        "Quality": "Bronze",
        "SFXTags": "",
        "StateChangeTags": "",
        "TemplateNodeUUID": "00000000-0000-0000-0000-000000000000",
        "TemplateVersion": "0",
        "VFXTags": "",
        "collapsed": "False",
        "logicalname": "Answer",
        "position": "655;-861",
        "sourcetemplate": ""
      }
    },
    "c5c6cc43-c35a-638d-5a08-6a03149fd8de": {
      "UUID": "c5c6cc43-c35a-638d-5a08-6a03149fd8de",
      "Constructor": "TagAnswer",
      "EndNode": true,
      "Root": false,
      "ShowOnce": false,
      "SpeakerNo": 0,
      "AddressedSpeaker": 0,
      "Children": [],
      "CheckFlags": [],
      "SetFlags": [],
      "TaggedTextList": [
        {
          "HasTagRule": false,
          "RuleGroup": {
            "TagCombineOp": 0,
            "Rules": [],
            "RuleString": ""
          },
          "TagTexts": [
            {
              "LineId": "eee4b694-b958-6a49-4b2d-1809e5dcd275",
              "Text": {
                "Handle": "h8d61b1b8gfae5g4d93gabb3gc69620608ed3",
                "Value": "There we go, boy. Now back to packing."
              }
            }
          ]
        }
      ],
      "EditorData": {
        "AnimationTags": "",
        "Attitude": "Default",
        "CinematicNodeContext": "",
        "CinematicObjects": "",
        "CustomCineArtKeysPresent": "False",
        "CustomLightingPresent": "False",
        "CustomSoundPresent": "False",
        "CustomVFXPresent": "False",
        "Emotion": "Default",
        "ForceDisableIsCustomNode": "False",
        "ID": "N64",
        "InternalNodeContext": "",
        "IsCustomNode": "False",
        "MusicTags": "",
        "NodeContext": "",
        "Quality": "Bronze",
        "SFXTags": "",
        "StateChangeTags": "",
        "TemplateNodeUUID": "00000000-0000-0000-0000-000000000000",
        "TemplateVersion": "0",
        "VFXTags": "",
        "collapsed": "False",
        "logicalname": "Answer",
        "position": "1615;-1299",
        "sourcetemplate": ""
      }
    },
    "cc832292-1c53-6f3b-7bf3-edf6fb006f4b": {
      "UUID": "cc832292-1c53-6f3b-7bf3-edf6fb006f4b",
      "Constructor": "TagAnswer",
      "EndNode": true,
      "Root": false,
      "ShowOnce": false,
      "SpeakerNo": 1,
      "AddressedSpeaker": 0,
      "Children": [],
      "CheckFlags": [],
      "SetFlags": [],
      "TaggedTextList": [
        {
          "HasTagRule": false,
          "RuleGroup": {
            "TagCombineOp": 0,
            "Rules": [],
            "RuleString": ""
          },
          "TagTexts": [
            {
              "LineId": "03c2589f-3bed-c3d5-c797-24200cf89b3b",
              "Text": {
                "Handle": "h846edbdeg3945g49b1g801dga4714c0857b2",
                "Value": "*Sigh.*"
              }
            }
          ]
        }
      ],
      "EditorData": {
        "AnimationTags": "",
        "Attitude": "Default",
        "CinematicNodeContext": "",
        "CinematicObjects": "",
        "CustomCineArtKeysPresent": "False",
        "CustomLightingPresent": "False",
        "CustomSoundPresent": "False",
        "CustomVFXPresent": "False",
        "Emotion": "Default",
        "ForceDisableIsCustomNode": "False",
        "ID": "N59",
        "InternalNodeContext": "",
        "IsCustomNode": "False",
        "MusicTags": "",
        "NodeContext": "",
        "Quality": "Bronze",
        "SFXTags": "",
        "StateChangeTags": "",
        "TemplateNodeUUID": "00000000-0000-0000-0000-000000000000",
        "TemplateVersion": "0",
        "VFXTags": "",
        "collapsed": "False",
        "logicalname": "Answer",
        "position": "1615;-861",
        "sourcetemplate": ""
      }
    },
    "d1aa08d1-7e8a-7dbb-bc3f-3818530d4ca2": {
      "UUID": "d1aa08d1-7e8a-7dbb-bc3f-3818530d4ca2",
      "Constructor": "TagAnswer",
      "EndNode": false,
      "Root": false,
      "ShowOnce": false,
      "SpeakerNo": 1,
      "AddressedSpeaker": 0,
      "Children": [
        "d33a04cc-3b28-c16e-cf91-2951d7b2d998"
      ],
      "CheckFlags": [],
      "SetFlags": [],
      "TaggedTextList": [
        {
          "HasTagRule": false,
          "RuleGroup": {
            "TagCombineOp": 0,
            "Rules": [],
            "RuleString": ""
          },
          "TagTexts": [
            {
              "LineId": "39b6bf16-9a58-d7dc-e546-84006b71d5b0",
              "Text": {
                "Handle": "h4371ecdfgcb8dg4ff8g9b52g9db41f83389d",
                "Value": "Nn-! No. I've got it!"
              }
            }
          ]
        }
      ],
      "EditorData": {
        "AnimationTags": "",
        "Attitude": "Default",
        "CinematicNodeContext": "Ikaron is trying to get a heavy crate onto the cart.",
        "CinematicObjects": "",
        "CustomCineArtKeysPresent": "False",
        "CustomLightingPresent": "False",
        "CustomSoundPresent": "False",
        "CustomVFXPresent": "False",
        "Emotion": "Default",
        "ForceDisableIsCustomNode": "False",
        "ID": "N1",
        "InternalNodeContext": "",
        "IsCustomNode": "True",
        "MusicTags": "",
        "NodeContext": "",
        "Quality": "Bronze",
        "SFXTags": "",
        "StateChangeTags": "",
        "TemplateNodeUUID": "00000000-0000-0000-0000-000000000000",
        "TemplateVersion": "0",
        "VFXTags": "",
        "collapsed": "False",
        "logicalname": "Answer",
        "position": "335;-423",
        "sourcetemplate": ""
      }
    },
    "d33a04cc-3b28-c16e-cf91-2951d7b2d998": {
      "UUID": "d33a04cc-3b28-c16e-cf91-2951d7b2d998",
      "Constructor": "TagAnswer",
      "EndNode": false,
      "Root": false,
      "ShowOnce": false,
      "SpeakerNo": 0,
      "AddressedSpeaker": 0,
      "Children": [
        "4e000125-c467-5866-d4fc-d77e416ad5f0"
      ],
      "CheckFlags": [],
      "SetFlags": [],
      "TaggedTextList": [
        {
          "HasTagRule": false,
          "RuleGroup": {
            "TagCombineOp": 0,
            "Rules": [],
            "RuleString": ""
          },
          "TagTexts": [
            {
              "LineId": "a685b05f-6fed-a0ee-f2b0-66ba289e2f10",
              "Text": {
                "Handle": "hfb733731g719eg4d0eg9dc2gf9e13d57bced",
                "Value": "Don't be breaking your back before we get to Baldur's Gate."
              }
            }
          ]
        }
      ],
      "EditorData": {
        "AnimationTags": "",
        "Attitude": "Default",
        "CinematicNodeContext": "",
        "CinematicObjects": "",
        "CustomCineArtKeysPresent": "False",
        "CustomLightingPresent": "False",
        "CustomSoundPresent": "False",
        "CustomVFXPresent": "False",
        "Emotion": "Default",
        "ForceDisableIsCustomNode": "False",
        "ID": "N49",
        "InternalNodeContext": "",
        "IsCustomNode": "False",
        "MusicTags": "",
        "NodeContext": "",
        "Quality": "Bronze",
        "SFXTags": "",
        "StateChangeTags": "",
        "TemplateNodeUUID": "00000000-0000-0000-0000-000000000000",
        "TemplateVersion": "0",
        "VFXTags": "",
        "collapsed": "False",
        "logicalname": "Answer",
        "position": "655;-423",
        "sourcetemplate": ""
      }
    },
    "fcdec382-a7f9-3c42-9a57-ca16b4e5323f": {
      "UUID": "fcdec382-a7f9-3c42-9a57-ca16b4e5323f",
      "Constructor": "TagGreeting",
      "EndNode": false,
      "Root": true,
      "ShowOnce": false,
      "SpeakerNo": 0,
      "AddressedSpeaker": 0,
      "Children": [
        "d1aa08d1-7e8a-7dbb-bc3f-3818530d4ca2"
      ],
      "CheckFlags": [],
      "SetFlags": [
        {
          "Flags": [
            {
              "UUID": "7ea9c830-c770-ff9b-6464-993a8b6da112",
              "value": true,
              "paramval": null,
              "Name": "f3afb428-73fc-2e5c-057b-2e0e5a1b2f1c_A"
            }
          ],
          "Type": "Local"
        }
      ],
      "TaggedTextList": [
        {
          "HasTagRule": false,
          "RuleGroup": {
            "TagCombineOp": 0,
            "Rules": [],
            "RuleString": ""
          },
          "TagTexts": [
            {
              "LineId": "705021af-6a19-2935-0ed2-bc0957cb5817",
              "Text": {
                "Handle": "hf2701130gc617g4652ga7b4g7d88f695eed1",
                "Value": "Do you need help, Ikaron?"
              }
            }
          ]
        }
      ],
      "EditorData": {
        "AnimationTags": "",
        "Attitude": "Default",
        "CinematicNodeContext": "Okta is messing with whatever is already packed on the cart.",
        "CinematicObjects": "",
        "CustomCineArtKeysPresent": "False",
        "CustomLightingPresent": "False",
        "CustomSoundPresent": "False",
        "CustomVFXPresent": "False",
        "Emotion": "Default",
        "ForceDisableIsCustomNode": "False",
        "ID": "N2",
        "InternalNodeContext": "",
        "IsCustomNode": "True",
        "MusicTags": "",
        "NodeContext": "",
        "Quality": "Bronze",
        "SFXTags": "",
        "StateChangeTags": "",
        "TemplateNodeUUID": "00000000-0000-0000-0000-000000000000",
        "TemplateVersion": "0",
        "VFXTags": "",
        "collapsed": "False",
        "logicalname": "Greeting",
        "position": "15;-423",
        "sourcetemplate": ""
      }
    }
  },
  "SpeakerDict": {
    "0": {
      "IsPeanutSpeaker": false,
      "SpeakerMappingId": "34f16073-b997-fe34-50af-465aa06df6ec",
      "Index": 0,
      "List": [
        "1b35671b-e5d7-4943-bbd0-4c816b69b7cb"
      ],
      "SpeakerCharacter": {
        "DisplayName": "Okta",
        "Type": "character",
        "MapKey": "1b35671b-e5d7-4943-bbd0-4c816b69b7cb",
        "Name": "S_DEN_Tiefling_FoodTrader_001",
        "ParentTemplateId": null,
        "TemplateName": "9103fce3-6423-4f8a-af04-83ac1af2a1d7"
      },
      "SpeakerGroupName": null
    },
    "1": {
      "IsPeanutSpeaker": false,
      "SpeakerMappingId": "becaeb1d-2239-baf9-e4c5-76ea28e535f4",
      "Index": 1,
      "List": [
        "03b6fae4-d250-4ce9-9a01-19cb427deb17"
      ],
      "SpeakerCharacter": {
        "DisplayName": "Ikaron",
        "Type": "character",
        "MapKey": "03b6fae4-d250-4ce9-9a01-19cb427deb17",
        "Name": "S_DEN_Tiefling_008",
        "ParentTemplateId": null,
        "TemplateName": "80fa035d-5248-45c3-a9c2-1c74749833dc"
      },
      "SpeakerGroupName": null
    }
  },
  "Synopsis": "Ikaron is trying to lift a heavy crate to load onto a cart with Okta packing by his side."
}