{
  "Path": "Mods/Gustav/Story/Dialogs/Act1/DEN/DEN_AttackOnDen_AD_CoweringRefugee003.lsj",
  "UUID": "2f69ec3a-e8b1-ad0b-3cf8-15550bbc3d06",
  "Category": "Automated NPC Dialog",
  "DefaultAddressedSpeakers": {
    "0": -1
  },
  "RootNodes": [
    "498942fd-9801-19f5-78bb-cb00c046dadb"
  ],
  "Nodes": {
    "498942fd-9801-19f5-78bb-cb00c046dadb": {
      "UUID": "498942fd-9801-19f5-78bb-cb00c046dadb",
      "Constructor": "TagGreeting",
      "EndNode": true,
      "Root": true,
      "ShowOnce": false,
      "SpeakerNo": 0,
      "AddressedSpeaker": 0,
      "Children": [],
      "CheckFlags": [],
      "SetFlags": [],
      "TaggedTextList": [
        {
          "HasTagRule": false,
          "RuleGroup": {
            "TagCombineOp": 0,
            "Rules": [],
            "RuleString": ""
          },
          "TagTexts": [
            {
              "LineId": "36b54653-09ac-e1d5-b196-c5973fd38099",
              "Text": {
                "Handle": "h947f422ag6787g4f1fgaaafg58d33e1cbd8a",
                "Value": "Danis, run!"
              }
            }
          ]
        }
      ],
      "EditorData": {
        "AnimationTags": "",
        "Attitude": "Default",
        "CinematicNodeContext": "",
        "CinematicObjects": "",
        "CustomCineArtKeysPresent": "False",
        "CustomLightingPresent": "False",
        "CustomSoundPresent": "False",
        "CustomVFXPresent": "False",
        "Emotion": "Default",
        "ForceDisableIsCustomNode": "False",
        "ID": "N1",
        "InternalNodeContext": "",
        "IsCustomNode": "False",
        "MusicTags": "",
        "NodeContext": "Shouting to her lover to run as goblins close in around them.",
        "Quality": "Bronze",
        "SFXTags": "",
        "StateChangeTags": "",
        "TemplateNodeUUID": "00000000-0000-0000-0000-000000000000",
        "TemplateVersion": "0",
        "VFXTags": "",
        "collapsed": "False",
        "logicalname": "Greeting",
        "position": "15;-423",
        "sourcetemplate": ""
      }
    }
  },
  "SpeakerDict": {
    "0": {
      "IsPeanutSpeaker": false,
      "SpeakerMappingId": "1394223a-56a0-37c6-176f-ac6ebb98b36f",
      "Index": 0,
      "List": [
        "dcf597c0-36c5-4c81-957a-6fe9fca50a68"
      ],
      "SpeakerCharacter": {
        "DisplayName": "Bex",
        "Type": "character",
        "MapKey": "dcf597c0-36c5-4c81-957a-6fe9fca50a68",
        "Name": "S_GLO_YoungLover_02",
        "ParentTemplateId": null,
        "TemplateName": "9103fce3-6423-4f8a-af04-83ac1af2a1d7"
      },
      "SpeakerGroupName": null
    }
  },
  "Synopsis": "Player has turned on the tiefligns and is coming after them!"
}