{
  "Path": "Mods/Gustav/Story/Dialogs/Act1/DEN/DEN_DruidAttack_HideoutLeader.lsj",
  "UUID": "b3e7e592-136c-66a3-877d-0a6191e57a85",
  "Category": "Generic NPC Dialog",
  "DefaultAddressedSpeakers": {
    "0": -1,
    "1": -1
  },
  "RootNodes": [
    "69ce8cf1-7739-7d66-162e-9d071e05aa38",
    "c2b55530-7e2d-1199-bb1e-70daa77c184c",
    "5ee4c97c-ffc8-7c3a-113a-aa83f11d7d90",
    "33087402-d2c2-85dd-4640-689e543c791a",
    "64e3bc2a-4bf8-d795-663f-86266a373b96",
    "f8996575-431d-9d06-6fd3-9cf24385e5d5"
  ],
  "Nodes": {
    "07a8d88a-a01c-9976-cd1f-70990cc438b0": {
      "UUID": "07a8d88a-a01c-9976-cd1f-70990cc438b0",
      "Constructor": "TagQuestion",
      "EndNode": false,
      "Root": false,
      "ShowOnce": true,
      "SpeakerNo": 1,
      "AddressedSpeaker": -1,
      "Children": [
        "cdc639d3-5da8-1c7d-6dcb-d8711228b122"
      ],
      "CheckFlags": [
        {
          "Flags": [
            {
              "UUID": "f8a0608b-666c-4be6-a49c-03b369c10bd2",
              "value": true,
              "paramval": 1,
              "Name": "ROGUE"
            }
          ],
          "Type": "Tag"
        }
      ],
      "SetFlags": [],
      "TaggedTextList": [
        {
          "HasTagRule": false,
          "RuleGroup": {
            "TagCombineOp": 0,
            "Rules": [],
            "RuleString": ""
          },
          "TagTexts": [
            {
              "LineId": "d1db12df-ec45-650e-2fb3-cdf9cc4b3361",
              "Text": {
                "Handle": "h6e5cd75agf8d2g49abga897g96a2ca1507bb",
                "Value": "Here's some free advice, more valuable than gold: don't bargain, just take."
              }
            }
          ]
        }
      ],
      "EditorData": {
        "AnimationTags": "",
        "Attitude": "Default",
        "CinematicNodeContext": "",
        "CinematicObjects": "",
        "CustomCineArtKeysPresent": "False",
        "CustomLightingPresent": "False",
        "CustomSoundPresent": "False",
        "CustomVFXPresent": "False",
        "Emotion": "Default",
        "ForceDisableIsCustomNode": "False",
        "ID": "N36",
        "InternalNodeContext": "",
        "IsCustomNode": "False",
        "MusicTags": "",
        "NodeContext": "",
        "Quality": "Bronze",
        "SFXTags": "",
        "StateChangeTags": "",
        "TemplateNodeUUID": "00000000-0000-0000-0000-000000000000",
        "TemplateVersion": "0",
        "VFXTags": "",
        "collapsed": "False",
        "logicalname": "Question",
        "position": "975;453",
        "sourcetemplate": ""
      }
    },
    "237c42ca-03e6-6b73-9534-cf1f783b6c7c": {
      "UUID": "237c42ca-03e6-6b73-9534-cf1f783b6c7c",
      "Constructor": "TagAnswer",
      "EndNode": false,
      "Root": false,
      "ShowOnce": false,
      "SpeakerNo": 0,
      "AddressedSpeaker": -1,
      "Children": [],
      "CheckFlags": [],
      "SetFlags": [],
      "TaggedTextList": [
        {
          "HasTagRule": false,
          "RuleGroup": {
            "TagCombineOp": 0,
            "Rules": [],
            "RuleString": ""
          },
          "TagTexts": [
            {
              "LineId": "bf818f2e-bd6c-cb64-f980-88cda6c7a116",
              "Text": {
                "Handle": "h89a618a6g593fg40e1gb5b1g37aab313acbe",
                "Value": "You're a terrible liar. We had a deal."
              }
            }
          ]
        }
      ],
      "EditorData": {
        "AnimationTags": "",
        "Attitude": "Default",
        "CinematicNodeContext": "",
        "CinematicObjects": "",
        "CustomCineArtKeysPresent": "False",
        "CustomLightingPresent": "False",
        "CustomSoundPresent": "False",
        "CustomVFXPresent": "False",
        "Emotion": "Default",
        "ForceDisableIsCustomNode": "False",
        "ID": "N47",
        "InternalNodeContext": "",
        "IsCustomNode": "False",
        "MusicTags": "",
        "NodeContext": "Frustrated, disappointed - player just lied to her and she saw right through it.",
        "Quality": "Bronze",
        "SFXTags": "",
        "StateChangeTags": "",
        "TemplateNodeUUID": "00000000-0000-0000-0000-000000000000",
        "TemplateVersion": "0",
        "VFXTags": "",
        "collapsed": "False",
        "logicalname": "Answer",
        "position": "975;891",
        "sourcetemplate": ""
      }
    },
    "2e9b8653-31b2-6870-b48f-d24f94849599": {
      "UUID": "2e9b8653-31b2-6870-b48f-d24f94849599",
      "Constructor": "TagAnswer",
      "EndNode": true,
      "Root": false,
      "ShowOnce": false,
      "SpeakerNo": 0,
      "AddressedSpeaker": -1,
      "Children": [],
      "CheckFlags": [],
      "SetFlags": [],
      "TaggedTextList": [
        {
          "HasTagRule": false,
          "RuleGroup": {
            "TagCombineOp": 0,
            "Rules": [],
            "RuleString": ""
          },
          "TagTexts": [
            {
              "LineId": "e1a7dcb2-6e5a-068b-cf00-62760da78134",
              "Text": {
                "Handle": "h4cf88d80g9559g42ebgbf88g4a156af0be80",
                "Value": "Damn it. Having that stashed away would have made life a lot easier."
              }
            }
          ]
        }
      ],
      "EditorData": {
        "AnimationTags": "",
        "Attitude": "Default",
        "CinematicNodeContext": "",
        "CinematicObjects": "",
        "CustomCineArtKeysPresent": "False",
        "CustomLightingPresent": "False",
        "CustomSoundPresent": "False",
        "CustomVFXPresent": "False",
        "Emotion": "Default",
        "ForceDisableIsCustomNode": "False",
        "ID": "N46",
        "InternalNodeContext": "",
        "IsCustomNode": "False",
        "MusicTags": "",
        "NodeContext": "Frustrated, disappointed. Possible stamp of the foot on 'damn it'. Clenched fists.",
        "Quality": "Bronze",
        "SFXTags": "",
        "StateChangeTags": "",
        "TemplateNodeUUID": "00000000-0000-0000-0000-000000000000",
        "TemplateVersion": "0",
        "VFXTags": "",
        "collapsed": "False",
        "logicalname": "Answer",
        "position": "975;672",
        "sourcetemplate": ""
      }
    },
    "2f6ba2aa-af78-0cec-b013-8910de8bc9c0": {
      "UUID": "2f6ba2aa-af78-0cec-b013-8910de8bc9c0",
      "Constructor": "TagAnswer",
      "EndNode": true,
      "Root": false,
      "ShowOnce": false,
      "SpeakerNo": 0,
      "AddressedSpeaker": -1,
      "Children": [],
      "CheckFlags": [],
      "SetFlags": [],
      "TaggedTextList": [
        {
          "HasTagRule": false,
          "RuleGroup": {
            "TagCombineOp": 0,
            "Rules": [],
            "RuleString": ""
          },
          "TagTexts": [
            {
              "LineId": "40ec5c24-4d44-aa1d-80e1-97f84171f63f",
              "Text": {
                "Handle": "hef3945b5gd29fg4fcega4e5g10a1e11e3f82",
                "Value": "Alive. But poor."
              }
            }
          ]
        }
      ],
      "EditorData": {
        "AnimationTags": "",
        "Attitude": "Default",
        "CinematicNodeContext": "",
        "CinematicObjects": "",
        "CustomCineArtKeysPresent": "False",
        "CustomLightingPresent": "False",
        "CustomSoundPresent": "False",
        "CustomVFXPresent": "False",
        "Emotion": "Default",
        "ForceDisableIsCustomNode": "False",
        "ID": "N45",
        "InternalNodeContext": "",
        "IsCustomNode": "False",
        "MusicTags": "",
        "NodeContext": "Frustrated to have lost out on a treasure",
        "Quality": "Bronze",
        "SFXTags": "",
        "StateChangeTags": "",
        "TemplateNodeUUID": "00000000-0000-0000-0000-000000000000",
        "TemplateVersion": "0",
        "VFXTags": "",
        "collapsed": "False",
        "logicalname": "Answer",
        "position": "655;234",
        "sourcetemplate": ""
      }
    },
    "33087402-d2c2-85dd-4640-689e543c791a": {
      "UUID": "33087402-d2c2-85dd-4640-689e543c791a",
      "Constructor": "TagGreeting",
      "EndNode": true,
      "Root": true,
      "ShowOnce": false,
      "SpeakerNo": 0,
      "AddressedSpeaker": -1,
      "Children": [],
      "CheckFlags": [
        {
          "Flags": [
            {
              "UUID": "9d027b80-7b47-5115-2f12-a3b2c9957350",
              "value": false,
              "paramval": null,
              "Name": "DEN_Thieflings_Event_AgreedStealIdol"
            },
            {
              "UUID": "b4754af7-07ec-433c-87d2-e78ef4c79e6e",
              "value": true,
              "paramval": null,
              "Name": "DEN_DruidAttack_State_PrepAfterDeathOfDruids"
            }
          ],
          "Type": "Global"
        }
      ],
      "SetFlags": [
        {
          "Flags": [
            {
              "UUID": "d21a0c5f-ffb8-c5b4-d810-2385810955e6",
              "value": true,
              "paramval": 1,
              "Name": "DEN_DruidAttack_HasMet_HideoutLeaderAfterAttack"
            }
          ],
          "Type": "Dialog"
        }
      ],
      "TaggedTextList": [
        {
          "HasTagRule": false,
          "RuleGroup": {
            "TagCombineOp": 0,
            "Rules": [],
            "RuleString": ""
          },
          "TagTexts": [
            {
              "LineId": "46c6db53-4f7c-6e70-a086-09be3630ad9d",
              "Text": {
                "Handle": "h929971c2gb2a6g473cga0c1g073be5ee3663",
                "Value": "Nothing to see here. We're clearing out soon. "
              }
            }
          ]
        }
      ],
      "EditorData": {
        "AnimationTags": "",
        "Attitude": "Default",
        "CinematicNodeContext": "",
        "CinematicObjects": "",
        "CustomCineArtKeysPresent": "False",
        "CustomLightingPresent": "False",
        "CustomSoundPresent": "False",
        "CustomVFXPresent": "False",
        "Emotion": "Default",
        "ForceDisableIsCustomNode": "False",
        "ID": "N49",
        "InternalNodeContext": "",
        "IsCustomNode": "False",
        "MusicTags": "",
        "NodeContext": "dismissive - she's attending to other business, helping her gang to pack up",
        "Quality": "Bronze",
        "SFXTags": "",
        "StateChangeTags": "",
        "TemplateNodeUUID": "00000000-0000-0000-0000-000000000000",
        "TemplateVersion": "0",
        "VFXTags": "",
        "collapsed": "False",
        "logicalname": "Greeting",
        "position": "15;1110",
        "sourcetemplate": ""
      }
    },
    "5ee4c97c-ffc8-7c3a-113a-aa83f11d7d90": {
      "UUID": "5ee4c97c-ffc8-7c3a-113a-aa83f11d7d90",
      "Constructor": "TagGreeting",
      "EndNode": false,
      "Root": true,
      "ShowOnce": false,
      "SpeakerNo": 0,
      "AddressedSpeaker": -1,
      "Children": [
        "9bbb114a-21ad-8652-3c2a-6b06721aa17c",
        "d1e221c2-018b-b750-a8fa-827eca4165fe",
        "ded7ce03-4af1-d08d-473e-66011381699f",
        "6058ce7d-065a-9fd7-d262-9cee441b3d4d",
        "c2578acc-a50d-46ca-f04c-433cfdbb2c20"
      ],
      "CheckFlags": [
        {
          "Flags": [
            {
              "UUID": "9d027b80-7b47-5115-2f12-a3b2c9957350",
              "value": true,
              "paramval": null,
              "Name": "DEN_Thieflings_Event_AgreedStealIdol"
            },
            {
              "UUID": "b4754af7-07ec-433c-87d2-e78ef4c79e6e",
              "value": true,
              "paramval": null,
              "Name": "DEN_DruidAttack_State_PrepAfterDeathOfDruids"
            }
          ],
          "Type": "Global"
        }
      ],
      "SetFlags": [
        {
          "Flags": [
            {
              "UUID": "d21a0c5f-ffb8-c5b4-d810-2385810955e6",
              "value": true,
              "paramval": 1,
              "Name": "DEN_DruidAttack_HasMet_HideoutLeaderAfterAttack"
            }
          ],
          "Type": "Dialog"
        }
      ],
      "TaggedTextList": [
        {
          "HasTagRule": false,
          "RuleGroup": {
            "TagCombineOp": 0,
            "Rules": [],
            "RuleString": ""
          },
          "TagTexts": [
            {
              "LineId": "7b9edf5e-bbd5-1f48-c570-86f48f116bc7",
              "Text": {
                "Handle": "h7c751295ged01g4800gbf44g7cddfc734b2a",
                "Value": "You're alive! Did you get the idol? Is that why they went crazy?"
              }
            }
          ]
        }
      ],
      "EditorData": {
        "AnimationTags": "",
        "Attitude": "Default",
        "CinematicNodeContext": "",
        "CinematicObjects": "",
        "CustomCineArtKeysPresent": "False",
        "CustomLightingPresent": "False",
        "CustomSoundPresent": "False",
        "CustomVFXPresent": "False",
        "Emotion": "Default",
        "ForceDisableIsCustomNode": "False",
        "ID": "N2",
        "InternalNodeContext": "",
        "IsCustomNode": "False",
        "MusicTags": "",
        "NodeContext": "surprised, pleased, slightly breathless - she has been hiding from an attack, and just realised it's over",
        "Quality": "Bronze",
        "SFXTags": "",
        "StateChangeTags": "",
        "TemplateNodeUUID": "00000000-0000-0000-0000-000000000000",
        "TemplateVersion": "0",
        "VFXTags": "",
        "collapsed": "False",
        "logicalname": "Druids are dead and attack is over.",
        "position": "15;-204",
        "sourcetemplate": ""
      }
    },
    "6058ce7d-065a-9fd7-d262-9cee441b3d4d": {
      "UUID": "6058ce7d-065a-9fd7-d262-9cee441b3d4d",
      "Constructor": "TagQuestion",
      "EndNode": false,
      "Root": false,
      "ShowOnce": true,
      "SpeakerNo": 1,
      "AddressedSpeaker": -1,
      "Children": [
        "2e9b8653-31b2-6870-b48f-d24f94849599"
      ],
      "CheckFlags": [
        {
          "Flags": [
            {
              "UUID": "9b6a429f-3e24-4569-ba30-de7bf2b12ace",
              "value": false,
              "paramval": 1,
              "Name": "DEN_Thieflings_State_HasIdol"
            }
          ],
          "Type": "Object"
        }
      ],
      "SetFlags": [],
      "TaggedTextList": [
        {
          "HasTagRule": false,
          "RuleGroup": {
            "TagCombineOp": 0,
            "Rules": [],
            "RuleString": ""
          },
          "TagTexts": [
            {
              "LineId": "401c85d4-2ba7-f51a-bf7f-2c1cb68d0593",
              "Text": {
                "Handle": "he62539f2ge9c1g442bg8d4bged31718d204f",
                "Value": "Not sure what happened to the idol."
              }
            }
          ]
        }
      ],
      "EditorData": {
        "AnimationTags": "",
        "Attitude": "Default",
        "CinematicNodeContext": "",
        "CinematicObjects": "",
        "CustomCineArtKeysPresent": "False",
        "CustomLightingPresent": "False",
        "CustomSoundPresent": "False",
        "CustomVFXPresent": "False",
        "Emotion": "Default",
        "ForceDisableIsCustomNode": "False",
        "ID": "N50",
        "InternalNodeContext": "",
        "IsCustomNode": "False",
        "MusicTags": "",
        "NodeContext": "",
        "Quality": "Bronze",
        "SFXTags": "",
        "StateChangeTags": "",
        "TemplateNodeUUID": "00000000-0000-0000-0000-000000000000",
        "TemplateVersion": "0",
        "VFXTags": "",
        "collapsed": "False",
        "logicalname": "Question",
        "position": "335;453",
        "sourcetemplate": ""
      }
    },
    "615c9608-f791-fbce-6755-7f3abab4fa1d": {
      "UUID": "615c9608-f791-fbce-6755-7f3abab4fa1d",
      "Constructor": "TagQuestion",
      "EndNode": false,
      "Root": false,
      "ShowOnce": true,
      "SpeakerNo": 1,
      "AddressedSpeaker": -1,
      "Children": [
        "7d82dfd7-014a-a71b-9cfc-4b1e1f5b68dd"
      ],
      "CheckFlags": [
        {
          "Flags": [
            {
              "UUID": "9b6a429f-3e24-4569-ba30-de7bf2b12ace",
              "value": true,
              "paramval": 1,
              "Name": "DEN_Thieflings_State_HasIdol"
            }
          ],
          "Type": "Object"
        }
      ],
      "SetFlags": [
        {
          "Flags": [
            {
              "UUID": "ff9f8a2e-4986-ca1e-4599-68b8d549cbeb",
              "value": true,
              "paramval": null,
              "Name": "DEN_Thieflings_Event_GaveMolIdol"
            }
          ],
          "Type": "Global"
        },
        {
          "Flags": [
            {
              "UUID": "7c52b506-a746-463e-95f8-4b891cea3e7a",
              "value": true,
              "paramval": 0,
              "Name": "DEN_Thieflings_Event_TransferIdol"
            }
          ],
          "Type": "Object"
        }
      ],
      "TaggedTextList": [
        {
          "HasTagRule": false,
          "RuleGroup": {
            "TagCombineOp": 0,
            "Rules": [],
            "RuleString": ""
          },
          "TagTexts": [
            {
              "LineId": "7afe3344-a5fc-c90f-3e01-9abf95cebaf9",
              "Text": {
                "Handle": "h0f12ead9gdf9dg44aag99a9g3836a51d724b",
                "Value": "Fine. Take it."
              }
            }
          ]
        }
      ],
      "EditorData": {
        "AnimationTags": "",
        "Attitude": "Default",
        "CinematicNodeContext": "",
        "CinematicObjects": "",
        "CustomCineArtKeysPresent": "False",
        "CustomLightingPresent": "False",
        "CustomSoundPresent": "False",
        "CustomVFXPresent": "False",
        "Emotion": "Default",
        "ForceDisableIsCustomNode": "False",
        "ID": "N29",
        "InternalNodeContext": "",
        "IsCustomNode": "False",
        "MusicTags": "",
        "NodeContext": "",
        "Quality": "Bronze",
        "SFXTags": "",
        "StateChangeTags": "",
        "TemplateNodeUUID": "00000000-0000-0000-0000-000000000000",
        "TemplateVersion": "0",
        "VFXTags": "",
        "collapsed": "False",
        "logicalname": "Question",
        "position": "975;15",
        "sourcetemplate": ""
      }
    },
    "6351c984-f409-167d-c018-3f6a806d5deb": {
      "UUID": "6351c984-f409-167d-c018-3f6a806d5deb",
      "Constructor": "TagAnswer",
      "EndNode": true,
      "Root": false,
      "ShowOnce": false,
      "SpeakerNo": 0,
      "AddressedSpeaker": -1,
      "Children": [],
      "CheckFlags": [],
      "SetFlags": [],
      "TaggedTextList": [
        {
          "HasTagRule": false,
          "RuleGroup": {
            "TagCombineOp": 0,
            "Rules": [],
            "RuleString": ""
          },
          "TagTexts": [
            {
              "LineId": "3c51df87-72ba-d45c-4460-3ccbf069f330",
              "Text": {
                "Handle": "hec6d7dadgdbb4g4b9agaeedg80e34a7f0bbf",
                "Value": "Fine. Hope the damn thing's cursed."
              }
            }
          ]
        }
      ],
      "EditorData": {
        "AnimationTags": "",
        "Attitude": "Default",
        "CinematicNodeContext": "",
        "CinematicObjects": "",
        "CustomCineArtKeysPresent": "False",
        "CustomLightingPresent": "False",
        "CustomSoundPresent": "False",
        "CustomVFXPresent": "False",
        "Emotion": "Default",
        "ForceDisableIsCustomNode": "False",
        "ID": "N32",
        "InternalNodeContext": "",
        "IsCustomNode": "False",
        "MusicTags": "",
        "NodeContext": "frustrated, but not shouting, as she's dismissed. The 'damn thing' is an idol the player stole and refused to give to her",
        "Quality": "Bronze",
        "SFXTags": "",
        "StateChangeTags": "",
        "TemplateNodeUUID": "00000000-0000-0000-0000-000000000000",
        "TemplateVersion": "0",
        "VFXTags": "",
        "collapsed": "False",
        "logicalname": "Answer",
        "position": "1295;234",
        "sourcetemplate": ""
      }
    },
    "64e3bc2a-4bf8-d795-663f-86266a373b96": {
      "UUID": "64e3bc2a-4bf8-d795-663f-86266a373b96",
      "Constructor": "TagGreeting",
      "EndNode": true,
      "Root": true,
      "ShowOnce": false,
      "SpeakerNo": 0,
      "AddressedSpeaker": -1,
      "Children": [],
      "CheckFlags": [
        {
          "Flags": [
            {
              "UUID": "d21a0c5f-ffb8-c5b4-d810-2385810955e6",
              "value": true,
              "paramval": 1,
              "Name": "DEN_DruidAttack_HasMet_HideoutLeaderAfterAttack"
            }
          ],
          "Type": "Dialog"
        },
        {
          "Flags": [
            {
              "UUID": "b4754af7-07ec-433c-87d2-e78ef4c79e6e",
              "value": true,
              "paramval": null,
              "Name": "DEN_DruidAttack_State_PrepAfterDeathOfDruids"
            }
          ],
          "Type": "Global"
        }
      ],
      "SetFlags": [],
      "TaggedTextList": [
        {
          "HasTagRule": false,
          "RuleGroup": {
            "TagCombineOp": 0,
            "Rules": [],
            "RuleString": ""
          },
          "TagTexts": [
            {
              "LineId": "1c5f3670-69ac-4b49-390c-0c5cf370254e",
              "Text": {
                "Handle": "h617975b2gd524g4784gb2bdg1813c64d0909",
                "Value": "Clear off."
              }
            }
          ]
        }
      ],
      "EditorData": {
        "AnimationTags": "",
        "Attitude": "Default",
        "CinematicNodeContext": "",
        "CinematicObjects": "",
        "CustomCineArtKeysPresent": "False",
        "CustomLightingPresent": "False",
        "CustomSoundPresent": "False",
        "CustomVFXPresent": "False",
        "Emotion": "Default",
        "ForceDisableIsCustomNode": "False",
        "ID": "N18",
        "InternalNodeContext": "",
        "IsCustomNode": "False",
        "MusicTags": "",
        "NodeContext": "dismissive - she's busy",
        "Quality": "Bronze",
        "SFXTags": "",
        "StateChangeTags": "",
        "TemplateNodeUUID": "00000000-0000-0000-0000-000000000000",
        "TemplateVersion": "0",
        "VFXTags": "",
        "collapsed": "False",
        "logicalname": "Druids are dead and attack is over.",
        "position": "15;1329",
        "sourcetemplate": ""
      }
    },
    "69ce8cf1-7739-7d66-162e-9d071e05aa38": {
      "UUID": "69ce8cf1-7739-7d66-162e-9d071e05aa38",
      "Constructor": "TagGreeting",
      "EndNode": true,
      "Root": true,
      "ShowOnce": false,
      "SpeakerNo": 0,
      "AddressedSpeaker": -1,
      "Children": [],
      "CheckFlags": [
        {
          "Flags": [
            {
              "UUID": "ff9f8a2e-4986-ca1e-4599-68b8d549cbeb",
              "value": true,
              "paramval": null,
              "Name": "DEN_Thieflings_Event_GaveMolIdol"
            }
          ],
          "Type": "Global"
        },
        {
          "Flags": [
            {
              "UUID": "9b6a429f-3e24-4569-ba30-de7bf2b12ace",
              "value": true,
              "paramval": 0,
              "Name": "DEN_Thieflings_State_HasIdol"
            }
          ],
          "Type": "Object"
        }
      ],
      "SetFlags": [],
      "TaggedTextList": [
        {
          "HasTagRule": false,
          "RuleGroup": {
            "TagCombineOp": 0,
            "Rules": [],
            "RuleString": ""
          },
          "TagTexts": [
            {
              "LineId": "20cf3114-bdfe-32c9-f0a2-bb32755dbd56",
              "Text": {
                "Handle": "h20cdb600gd194g4473gb88dgb5ce4e89e42e",
                "Value": "If any of your stuff goes missing, just let me know. You're family now."
              }
            }
          ]
        }
      ],
      "EditorData": {
        "AnimationTags": "",
        "Attitude": "Default",
        "CinematicNodeContext": "",
        "CinematicObjects": "",
        "CustomCineArtKeysPresent": "False",
        "CustomLightingPresent": "False",
        "CustomSoundPresent": "False",
        "CustomVFXPresent": "False",
        "Emotion": "Default",
        "ForceDisableIsCustomNode": "False",
        "ID": "N24",
        "InternalNodeContext": "",
        "IsCustomNode": "False",
        "MusicTags": "",
        "NodeContext": "friendly",
        "Quality": "Bronze",
        "SFXTags": "",
        "StateChangeTags": "",
        "TemplateNodeUUID": "00000000-0000-0000-0000-000000000000",
        "TemplateVersion": "0",
        "VFXTags": "",
        "collapsed": "False",
        "logicalname": "Gave Idol | Mol has it.",
        "position": "15;-642",
        "sourcetemplate": ""
      }
    },
    "78a58b76-c66a-93ac-3938-cd48a04c22ba": {
      "UUID": "78a58b76-c66a-93ac-3938-cd48a04c22ba",
      "Constructor": "TagQuestion",
      "EndNode": false,
      "Root": false,
      "ShowOnce": true,
      "SpeakerNo": 1,
      "AddressedSpeaker": -1,
      "Children": [
        "6351c984-f409-167d-c018-3f6a806d5deb"
      ],
      "CheckFlags": [],
      "SetFlags": [],
      "TaggedTextList": [
        {
          "HasTagRule": false,
          "RuleGroup": {
            "TagCombineOp": 0,
            "Rules": [],
            "RuleString": ""
          },
          "TagTexts": [
            {
              "LineId": "4fcf6e1d-2701-c516-bfe8-a73eb1ad4265",
              "Text": {
                "Handle": "hfc3387cfgc6a7g48b6ga37agd465c4c0e80a",
                "Value": "And now the deal's off. Bye, kid."
              }
            }
          ]
        }
      ],
      "EditorData": {
        "AnimationTags": "",
        "Attitude": "Default",
        "CinematicNodeContext": "",
        "CinematicObjects": "",
        "CustomCineArtKeysPresent": "False",
        "CustomLightingPresent": "False",
        "CustomSoundPresent": "False",
        "CustomVFXPresent": "False",
        "Emotion": "Default",
        "ForceDisableIsCustomNode": "False",
        "ID": "N30",
        "InternalNodeContext": "",
        "IsCustomNode": "False",
        "MusicTags": "",
        "NodeContext": "",
        "Quality": "Bronze",
        "SFXTags": "",
        "StateChangeTags": "",
        "TemplateNodeUUID": "00000000-0000-0000-0000-000000000000",
        "TemplateVersion": "0",
        "VFXTags": "",
        "collapsed": "False",
        "logicalname": "Question",
        "position": "975;234",
        "sourcetemplate": ""
      }
    },
    "7d82dfd7-014a-a71b-9cfc-4b1e1f5b68dd": {
      "JumpTarget": "8ae21432-aaaa-70a2-4efe-528ecf96a2b4",
      "JumpTargetPoint": 1,
      "UUID": "7d82dfd7-014a-a71b-9cfc-4b1e1f5b68dd",
      "Constructor": "Jump",
      "EndNode": false,
      "Root": false,
      "ShowOnce": false,
      "SpeakerNo": 0,
      "AddressedSpeaker": 0,
      "Children": [],
      "CheckFlags": [],
      "SetFlags": [],
      "TaggedTextList": [],
      "EditorData": {
        "ID": "N31",
        "TemplateNodeUUID": "00000000-0000-0000-0000-000000000000",
        "TemplateVersion": "0",
        "collapsed": "False",
        "logicalname": "Jump",
        "position": "1295;15",
        "sourcetemplate": ""
      }
    },
    "8ae21432-aaaa-70a2-4efe-528ecf96a2b4": {
      "UUID": "8ae21432-aaaa-70a2-4efe-528ecf96a2b4",
      "Constructor": "TagAnswer",
      "EndNode": true,
      "Root": false,
      "ShowOnce": false,
      "SpeakerNo": 0,
      "AddressedSpeaker": -1,
      "Children": [],
      "CheckFlags": [],
      "SetFlags": [
        {
          "Flags": [
            {
              "UUID": "a1a932ee-f66a-08af-4bf0-bf77790052f7",
              "value": true,
              "paramval": null,
              "Name": "DEN_Hideout_Event_BefriendedThieflings"
            }
          ],
          "Type": "Global"
        }
      ],
      "TaggedTextList": [
        {
          "HasTagRule": false,
          "RuleGroup": {
            "TagCombineOp": 0,
            "Rules": [],
            "RuleString": ""
          },
          "TagTexts": [
            {
              "LineId": "ed6ad003-b09f-e3b3-cdb4-7efa31996e8f",
              "Text": {
                "Handle": "h91880b76g7b1cg4440g9883g610bb102b54d",
                "Value": "Thanks. See you in Baldur's Gate, I hope. Now scram, before I get emotional."
              }
            }
          ]
        }
      ],
      "EditorData": {
        "AnimationTags": "",
        "Attitude": "Default",
        "CinematicNodeContext": "",
        "CinematicObjects": "Druid Idol",
        "CustomCineArtKeysPresent": "False",
        "CustomLightingPresent": "False",
        "CustomSoundPresent": "False",
        "CustomVFXPresent": "False",
        "Emotion": "Default",
        "ForceDisableIsCustomNode": "False",
        "ID": "N21",
        "InternalNodeContext": "",
        "IsCustomNode": "False",
        "MusicTags": "",
        "NodeContext": "awkwardly appreciative",
        "Quality": "Bronze",
        "SFXTags": "",
        "StateChangeTags": "",
        "TemplateNodeUUID": "00000000-0000-0000-0000-000000000000",
        "TemplateVersion": "0",
        "VFXTags": "",
        "collapsed": "False",
        "logicalname": "Answer",
        "position": "655;-204",
        "sourcetemplate": ""
      }
    },
    "90108b97-ec1e-4ee2-c691-dc8f233c43d8": {
      "RollSuccess": true,
      "UUID": "90108b97-ec1e-4ee2-c691-dc8f233c43d8",
      "Constructor": "RollResult",
      "EndNode": false,
      "Root": false,
      "ShowOnce": false,
      "SpeakerNo": 0,
      "AddressedSpeaker": 0,
      "Children": [
        "2e9b8653-31b2-6870-b48f-d24f94849599"
      ],
      "CheckFlags": [],
      "SetFlags": [],
      "TaggedTextList": [],
      "EditorData": {
        "ID": "N42",
        "TemplateNodeUUID": "00000000-0000-0000-0000-000000000000",
        "TemplateVersion": "0",
        "collapsed": "False",
        "logicalname": "Roll Result",
        "position": "655;672",
        "sourcetemplate": ""
      }
    },
    "998b8596-1256-f36e-ed5b-0accaa480657": {
      "UUID": "998b8596-1256-f36e-ed5b-0accaa480657",
      "Constructor": "TagAnswer",
      "EndNode": false,
      "Root": false,
      "ShowOnce": false,
      "SpeakerNo": 0,
      "AddressedSpeaker": -1,
      "Children": [
        "615c9608-f791-fbce-6755-7f3abab4fa1d",
        "78a58b76-c66a-93ac-3938-cd48a04c22ba",
        "07a8d88a-a01c-9976-cd1f-70990cc438b0"
      ],
      "CheckFlags": [],
      "SetFlags": [],
      "TaggedTextList": [
        {
          "HasTagRule": false,
          "RuleGroup": {
            "TagCombineOp": 0,
            "Rules": [],
            "RuleString": ""
          },
          "TagTexts": [
            {
              "LineId": "efeccdf8-d5e4-487c-2b48-bf61cce76e21",
              "Text": {
                "Handle": "h87b07848gd51bg4d6cga41cgee85c6238f51",
                "Value": "Can't say I blame you. But we did have a deal."
              }
            }
          ]
        }
      ],
      "EditorData": {
        "AnimationTags": "",
        "Attitude": "Default",
        "CinematicNodeContext": "",
        "CinematicObjects": "",
        "CustomCineArtKeysPresent": "False",
        "CustomLightingPresent": "False",
        "CustomSoundPresent": "False",
        "CustomVFXPresent": "False",
        "Emotion": "Default",
        "ForceDisableIsCustomNode": "False",
        "ID": "N27",
        "InternalNodeContext": "",
        "IsCustomNode": "False",
        "MusicTags": "",
        "NodeContext": "disappointed, trying to elicit sympathy",
        "Quality": "Bronze",
        "SFXTags": "",
        "StateChangeTags": "",
        "TemplateNodeUUID": "00000000-0000-0000-0000-000000000000",
        "TemplateVersion": "0",
        "VFXTags": "",
        "collapsed": "False",
        "logicalname": "Answer",
        "position": "655;15",
        "sourcetemplate": ""
      }
    },
    "9bbb114a-21ad-8652-3c2a-6b06721aa17c": {
      "UUID": "9bbb114a-21ad-8652-3c2a-6b06721aa17c",
      "Constructor": "TagQuestion",
      "EndNode": false,
      "Root": false,
      "ShowOnce": true,
      "SpeakerNo": 1,
      "AddressedSpeaker": -1,
      "Children": [
        "8ae21432-aaaa-70a2-4efe-528ecf96a2b4"
      ],
      "CheckFlags": [
        {
          "Flags": [
            {
              "UUID": "9b6a429f-3e24-4569-ba30-de7bf2b12ace",
              "value": true,
              "paramval": 1,
              "Name": "DEN_Thieflings_State_HasIdol"
            }
          ],
          "Type": "Object"
        }
      ],
      "SetFlags": [
        {
          "Flags": [
            {
              "UUID": "ff9f8a2e-4986-ca1e-4599-68b8d549cbeb",
              "value": true,
              "paramval": null,
              "Name": "DEN_Thieflings_Event_GaveMolIdol"
            }
          ],
          "Type": "Global"
        },
        {
          "Flags": [
            {
              "UUID": "7c52b506-a746-463e-95f8-4b891cea3e7a",
              "value": true,
              "paramval": 0,
              "Name": "DEN_Thieflings_Event_TransferIdol"
            }
          ],
          "Type": "Object"
        }
      ],
      "TaggedTextList": [
        {
          "HasTagRule": false,
          "RuleGroup": {
            "TagCombineOp": 0,
            "Rules": [],
            "RuleString": ""
          },
          "TagTexts": [
            {
              "LineId": "9b5a0c57-7c5d-9ae8-3cd1-cf8b4132aa88",
              "Text": {
                "Handle": "h6e2359c2gef46g4d31gbc61g64a97d153ed8",
                "Value": "Doesn't matter. It's over - and the idol's all yours."
              }
            }
          ]
        }
      ],
      "EditorData": {
        "AnimationTags": "",
        "Attitude": "Default",
        "CinematicNodeContext": "",
        "CinematicObjects": "",
        "CustomCineArtKeysPresent": "False",
        "CustomLightingPresent": "False",
        "CustomSoundPresent": "False",
        "CustomVFXPresent": "False",
        "Emotion": "Default",
        "ForceDisableIsCustomNode": "False",
        "ID": "N19",
        "InternalNodeContext": "",
        "IsCustomNode": "False",
        "MusicTags": "",
        "NodeContext": "",
        "Quality": "Bronze",
        "SFXTags": "",
        "StateChangeTags": "",
        "TemplateNodeUUID": "00000000-0000-0000-0000-000000000000",
        "TemplateVersion": "0",
        "VFXTags": "",
        "collapsed": "False",
        "logicalname": "Question",
        "position": "335;-204",
        "sourcetemplate": ""
      }
    },
    "c2578acc-a50d-46ca-f04c-433cfdbb2c20": {
      "RollAdvantageReason": null,
      "RollAbility": "Charisma",
      "RollAdvantage": 0,
      "RollType": "SkillCheck",
      "DifficultyClassID": "831e1fbe-428d-4f4d-bd17-4206d6efea35",
      "DifficultyClassValue": 15,
      "UUID": "c2578acc-a50d-46ca-f04c-433cfdbb2c20",
      "Constructor": "ActiveRoll",
      "EndNode": false,
      "Root": false,
      "ShowOnce": true,
      "SpeakerNo": 1,
      "AddressedSpeaker": -1,
      "Children": [
        "90108b97-ec1e-4ee2-c691-dc8f233c43d8",
        "c875fbd3-0799-38b2-2695-1be21e7652ee"
      ],
      "CheckFlags": [
        {
          "Flags": [
            {
              "UUID": "9b6a429f-3e24-4569-ba30-de7bf2b12ace",
              "value": true,
              "paramval": 1,
              "Name": "DEN_Thieflings_State_HasIdol"
            }
          ],
          "Type": "Object"
        }
      ],
      "SetFlags": [],
      "TaggedTextList": [
        {
          "HasTagRule": false,
          "RuleGroup": {
            "TagCombineOp": 0,
            "Rules": [],
            "RuleString": ""
          },
          "TagTexts": [
            {
              "LineId": "c0bfb73a-0905-25d3-5991-8d934b612773",
              "Text": {
                "Handle": "hc5b4366eg59d7g46d6g88a7gb17f878d1920",
                "Value": "I didn't touch the idol. No idea who pissed them off."
              }
            }
          ]
        }
      ],
      "EditorData": {
        "AnimationTags": "",
        "Attitude": "Default",
        "CinematicNodeContext": "",
        "CinematicObjects": "",
        "CustomCineArtKeysPresent": "False",
        "CustomLightingPresent": "False",
        "CustomSoundPresent": "False",
        "CustomVFXPresent": "False",
        "Emotion": "Default",
        "ForceDisableIsCustomNode": "False",
        "ID": "N39",
        "InternalNodeContext": "",
        "IsCustomNode": "False",
        "MusicTags": "",
        "NodeContext": "",
        "Quality": "Bronze",
        "SFXTags": "",
        "StateChangeTags": "",
        "TemplateNodeUUID": "00000000-0000-0000-0000-000000000000",
        "TemplateVersion": "0",
        "VFXTags": "",
        "collapsed": "False",
        "logicalname": "Skill_Deception",
        "position": "335;672",
        "sourcetemplate": ""
      }
    },
    "c2b55530-7e2d-1199-bb1e-70daa77c184c": {
      "UUID": "c2b55530-7e2d-1199-bb1e-70daa77c184c",
      "Constructor": "TagGreeting",
      "EndNode": true,
      "Root": true,
      "ShowOnce": false,
      "SpeakerNo": 0,
      "AddressedSpeaker": -1,
      "Children": [],
      "CheckFlags": [
        {
          "Flags": [
            {
              "UUID": "ff9f8a2e-4986-ca1e-4599-68b8d549cbeb",
              "value": true,
              "paramval": null,
              "Name": "DEN_Thieflings_Event_GaveMolIdol"
            }
          ],
          "Type": "Global"
        },
        {
          "Flags": [
            {
              "UUID": "9b6a429f-3e24-4569-ba30-de7bf2b12ace",
              "value": false,
              "paramval": 0,
              "Name": "DEN_Thieflings_State_HasIdol"
            }
          ],
          "Type": "Object"
        }
      ],
      "SetFlags": [],
      "TaggedTextList": [
        {
          "HasTagRule": false,
          "RuleGroup": {
            "TagCombineOp": 0,
            "Rules": [],
            "RuleString": ""
          },
          "TagTexts": [
            {
              "LineId": "fc74d5f5-20ff-d390-ed22-266ef5fe9d10",
              "Text": {
                "Handle": "hd8e417d6gf542g4846g939ag00ff0269acf0",
                "Value": "Somebody stole the idol. If I find out who it was... I'll recruit 'em."
              }
            }
          ]
        }
      ],
      "EditorData": {
        "AnimationTags": "",
        "Attitude": "Default",
        "CinematicNodeContext": "",
        "CinematicObjects": "",
        "CustomCineArtKeysPresent": "False",
        "CustomLightingPresent": "False",
        "CustomSoundPresent": "False",
        "CustomVFXPresent": "False",
        "Emotion": "Default",
        "ForceDisableIsCustomNode": "False",
        "ID": "N25",
        "InternalNodeContext": "",
        "IsCustomNode": "False",
        "MusicTags": "",
        "NodeContext": "exasperated on first line, as she tells us something we gave her was stolen. Beat before final phrase and delivered with a smile - it's a fun line but she's serious about recruiting good thieves",
        "Quality": "Bronze",
        "SFXTags": "",
        "StateChangeTags": "",
        "TemplateNodeUUID": "00000000-0000-0000-0000-000000000000",
        "TemplateVersion": "0",
        "VFXTags": "",
        "collapsed": "False",
        "logicalname": "Gave Idol | Mol doesn't have it.",
        "position": "15;-423",
        "sourcetemplate": ""
      }
    },
    "c875fbd3-0799-38b2-2695-1be21e7652ee": {
      "RollSuccess": false,
      "UUID": "c875fbd3-0799-38b2-2695-1be21e7652ee",
      "Constructor": "RollResult",
      "EndNode": false,
      "Root": false,
      "ShowOnce": false,
      "SpeakerNo": 0,
      "AddressedSpeaker": 0,
      "Children": [
        "237c42ca-03e6-6b73-9534-cf1f783b6c7c"
      ],
      "CheckFlags": [],
      "SetFlags": [],
      "TaggedTextList": [],
      "EditorData": {
        "ID": "N44",
        "TemplateNodeUUID": "00000000-0000-0000-0000-000000000000",
        "TemplateVersion": "0",
        "collapsed": "False",
        "logicalname": "Roll Result",
        "position": "655;891",
        "sourcetemplate": ""
      }
    },
    "cdc639d3-5da8-1c7d-6dcb-d8711228b122": {
      "UUID": "cdc639d3-5da8-1c7d-6dcb-d8711228b122",
      "Constructor": "TagAnswer",
      "EndNode": true,
      "Root": false,
      "ShowOnce": false,
      "SpeakerNo": 0,
      "AddressedSpeaker": -1,
      "Children": [],
      "CheckFlags": [],
      "SetFlags": [],
      "TaggedTextList": [
        {
          "HasTagRule": false,
          "RuleGroup": {
            "TagCombineOp": 0,
            "Rules": [],
            "RuleString": ""
          },
          "TagTexts": [
            {
              "LineId": "f698c5b2-8a9d-4457-fd0c-a921151e8ff8",
              "Text": {
                "Handle": "h6d7c64bdgbc1fg46dcgb358g5ebd8e99603e",
                "Value": "Sounds more like a challenge than advice. Keep an eye on your pack."
              }
            }
          ]
        }
      ],
      "EditorData": {
        "AnimationTags": "",
        "Attitude": "Default",
        "CinematicNodeContext": "",
        "CinematicObjects": "",
        "CustomCineArtKeysPresent": "False",
        "CustomLightingPresent": "False",
        "CustomSoundPresent": "False",
        "CustomVFXPresent": "False",
        "Emotion": "Default",
        "ForceDisableIsCustomNode": "False",
        "ID": "N38",
        "InternalNodeContext": "",
        "IsCustomNode": "False",
        "MusicTags": "",
        "NodeContext": "frustrated but with a hint of admiration. Last line is a threat to rob us in the future (pack is backpack). We just conned her, but she learned something from us.",
        "Quality": "Bronze",
        "SFXTags": "",
        "StateChangeTags": "",
        "TemplateNodeUUID": "00000000-0000-0000-0000-000000000000",
        "TemplateVersion": "0",
        "VFXTags": "",
        "collapsed": "False",
        "logicalname": "Answer",
        "position": "1295;453",
        "sourcetemplate": ""
      }
    },
    "d1e221c2-018b-b750-a8fa-827eca4165fe": {
      "UUID": "d1e221c2-018b-b750-a8fa-827eca4165fe",
      "Constructor": "TagQuestion",
      "EndNode": false,
      "Root": false,
      "ShowOnce": true,
      "SpeakerNo": 1,
      "AddressedSpeaker": -1,
      "Children": [
        "998b8596-1256-f36e-ed5b-0accaa480657"
      ],
      "CheckFlags": [
        {
          "Flags": [
            {
              "UUID": "9b6a429f-3e24-4569-ba30-de7bf2b12ace",
              "value": true,
              "paramval": 1,
              "Name": "DEN_Thieflings_State_HasIdol"
            }
          ],
          "Type": "Object"
        }
      ],
      "SetFlags": [],
      "TaggedTextList": [
        {
          "HasTagRule": false,
          "RuleGroup": {
            "TagCombineOp": 0,
            "Rules": [],
            "RuleString": ""
          },
          "TagTexts": [
            {
              "LineId": "6e888d93-1f25-4f53-48d9-bb8baa142676",
              "Text": {
                "Handle": "hf2544512g18a5g4700g96e9g9f6514c1d290",
                "Value": "Yes. And after what I just went through, I'm keeping the damn thing."
              }
            }
          ]
        }
      ],
      "EditorData": {
        "AnimationTags": "",
        "Attitude": "Default",
        "CinematicNodeContext": "",
        "CinematicObjects": "",
        "CustomCineArtKeysPresent": "False",
        "CustomLightingPresent": "False",
        "CustomSoundPresent": "False",
        "CustomVFXPresent": "False",
        "Emotion": "Default",
        "ForceDisableIsCustomNode": "False",
        "ID": "N35",
        "InternalNodeContext": "",
        "IsCustomNode": "False",
        "MusicTags": "",
        "NodeContext": "",
        "Quality": "Bronze",
        "SFXTags": "",
        "StateChangeTags": "",
        "TemplateNodeUUID": "00000000-0000-0000-0000-000000000000",
        "TemplateVersion": "0",
        "VFXTags": "",
        "collapsed": "False",
        "logicalname": "Question",
        "position": "335;15",
        "sourcetemplate": ""
      }
    },
    "ded7ce03-4af1-d08d-473e-66011381699f": {
      "UUID": "ded7ce03-4af1-d08d-473e-66011381699f",
      "Constructor": "TagQuestion",
      "EndNode": false,
      "Root": false,
      "ShowOnce": true,
      "SpeakerNo": 1,
      "AddressedSpeaker": -1,
      "Children": [
        "2f6ba2aa-af78-0cec-b013-8910de8bc9c0"
      ],
      "CheckFlags": [
        {
          "Flags": [
            {
              "UUID": "9b6a429f-3e24-4569-ba30-de7bf2b12ace",
              "value": false,
              "paramval": 1,
              "Name": "DEN_Thieflings_State_HasIdol"
            }
          ],
          "Type": "Object"
        }
      ],
      "SetFlags": [],
      "TaggedTextList": [
        {
          "HasTagRule": false,
          "RuleGroup": {
            "TagCombineOp": 0,
            "Rules": [],
            "RuleString": ""
          },
          "TagTexts": [
            {
              "LineId": "ca491e13-5c63-bd68-49b2-eb2602c5f006",
              "Text": {
                "Handle": "h561a1e77g62a7g48e5gb1aeg46b9a6516419",
                "Value": "I don't have it. Let's just be glad we're alive."
              }
            }
          ]
        }
      ],
      "EditorData": {
        "AnimationTags": "",
        "Attitude": "Default",
        "CinematicNodeContext": "",
        "CinematicObjects": "",
        "CustomCineArtKeysPresent": "False",
        "CustomLightingPresent": "False",
        "CustomSoundPresent": "False",
        "CustomVFXPresent": "False",
        "Emotion": "Default",
        "ForceDisableIsCustomNode": "False",
        "ID": "N40",
        "InternalNodeContext": "",
        "IsCustomNode": "False",
        "MusicTags": "",
        "NodeContext": "",
        "Quality": "Bronze",
        "SFXTags": "",
        "StateChangeTags": "",
        "TemplateNodeUUID": "00000000-0000-0000-0000-000000000000",
        "TemplateVersion": "0",
        "VFXTags": "",
        "collapsed": "False",
        "logicalname": "Question",
        "position": "335;234",
        "sourcetemplate": ""
      }
    },
    "f8996575-431d-9d06-6fd3-9cf24385e5d5": {
      "UUID": "f8996575-431d-9d06-6fd3-9cf24385e5d5",
      "Constructor": "TagGreeting",
      "EndNode": true,
      "Root": true,
      "ShowOnce": false,
      "SpeakerNo": 0,
      "AddressedSpeaker": -1,
      "Children": [],
      "CheckFlags": [],
      "SetFlags": [],
      "TaggedTextList": [
        {
          "HasTagRule": false,
          "RuleGroup": {
            "TagCombineOp": 0,
            "Rules": [],
            "RuleString": ""
          },
          "TagTexts": [
            {
              "LineId": "28632a70-7739-847f-c824-33ffa9e95553",
              "Text": {
                "Handle": "h9265c148g7594g4771gafdag9c21a189c994",
                "Value": "I <i>knew</i> they wanted us dead. I knew it!"
              }
            }
          ]
        }
      ],
      "EditorData": {
        "AnimationTags": "",
        "Attitude": "Default",
        "CinematicNodeContext": "",
        "CinematicObjects": "",
        "CustomCineArtKeysPresent": "False",
        "CustomLightingPresent": "False",
        "CustomSoundPresent": "False",
        "CustomVFXPresent": "False",
        "Emotion": "Default",
        "ForceDisableIsCustomNode": "False",
        "ID": "N1",
        "InternalNodeContext": "",
        "IsCustomNode": "False",
        "MusicTags": "",
        "NodeContext": "",
        "Quality": "Bronze",
        "SFXTags": "",
        "StateChangeTags": "",
        "TemplateNodeUUID": "00000000-0000-0000-0000-000000000000",
        "TemplateVersion": "0",
        "VFXTags": "",
        "collapsed": "False",
        "logicalname": "Druid Attack is under way.",
        "position": "15;1548",
        "sourcetemplate": ""
      }
    }
  },
  "SpeakerDict": {
    "0": {
      "IsPeanutSpeaker": false,
      "SpeakerMappingId": "9a344241-462e-c073-1762-ca47c891c4b7",
      "Index": 0,
      "List": [
        "c8ab1ca6-96bb-467e-91c9-af87bc4d3925"
      ],
      "SpeakerCharacter": {
        "DisplayName": "Mol",
        "Type": "character",
        "MapKey": "c8ab1ca6-96bb-467e-91c9-af87bc4d3925",
        "Name": "S_DEN_ThiefHideoutLeader",
        "ParentTemplateId": null,
        "TemplateName": "7df301e7-35f4-426e-8334-2b697e33711d"
      },
      "SpeakerGroupName": null
    },
    "1": {
      "IsPeanutSpeaker": false,
      "SpeakerMappingId": "7e7ffe47-1400-7029-d810-e6ece6d699d9",
      "Index": 1,
      "List": [
        "e0d1ff71-04a8-4340-ae64-9684d846eb83"
      ],
      "SpeakerCharacter": {
        "DisplayName": "Player",
        "Type": "character",
        "MapKey": "e2badbf0-159a-4ef5-9e73-7bbeb3d1015a",
        "Name": "S_GLO_CharacterCreationDummy_001",
        "ParentTemplateId": null,
        "TemplateName": "fd7f2707-8f86-4836-bda8-e0db99c389cc"
      },
      "SpeakerGroupName": "GROUP_Players"
    }
  },
  "Synopsis": "During and after the druid attack, Mol is frustrated and a little anxious rather than scared. If she made a deal with the player, tough and resilient when discussing it."
}