{
  "Path": "Mods/Gustav/Story/Dialogs/Act1/Chapel/CHA_Forest_VB_TrapReuse.lsj",
  "UUID": "195e86a8-f2d9-7cae-0bc3-4a4e2c8f0c06",
  "Category": "Voice bark",
  "DefaultAddressedSpeakers": {
    "0": -1
  },
  "RootNodes": [
    "b0f8b8c8-8a5d-22e5-74d8-fc53589b66d9"
  ],
  "Nodes": {
    "b0f8b8c8-8a5d-22e5-74d8-fc53589b66d9": {
      "UUID": "b0f8b8c8-8a5d-22e5-74d8-fc53589b66d9",
      "Constructor": "TagGreeting",
      "EndNode": true,
      "Root": true,
      "ShowOnce": false,
      "SpeakerNo": 0,
      "AddressedSpeaker": 0,
      "Children": [],
      "CheckFlags": [],
      "SetFlags": [],
      "TaggedTextList": [
        {
          "HasTagRule": true,
          "RuleGroup": {
            "TagCombineOp": 0,
            "Rules": [
              {
                "HasChildRules": false,
                "TagCombineOp": 0,
                "Tags": [
                  "b5682d1d-c395-489c-9675-1f9b0c328ea5"
                ],
                "TagNames": [
                  "REALLY_LAEZEL"
                ]
              }
            ],
            "RuleString": "REALLY_LAEZEL"
          },
          "TagTexts": [
            {
              "LineId": "0c2fe148-3d12-8bb6-8e01-853cd5b1a003",
              "Text": {
                "Handle": "h7cdb8086g7de3g4145g8d5egacbc9800d9c3",
                "Value": "Useless."
              }
            }
          ]
        },
        {
          "HasTagRule": false,
          "RuleGroup": {
            "TagCombineOp": 0,
            "Rules": [],
            "RuleString": ""
          },
          "TagTexts": [
            {
              "LineId": "b4681e86-8b2e-f640-e8bf-dea0c2a9e52e",
              "Text": {
                "Handle": "hfebdcf69g457dg4b50ga687g3df5b1ed6c7f",
                "Value": "Not much use anymore."
              }
            }
          ]
        }
      ],
      "EditorData": {
        "AnimationTags": "",
        "Attitude": "Default",
        "CinematicNodeContext": "",
        "CinematicObjects": "",
        "CustomCineArtKeysPresent": "False",
        "CustomLightingPresent": "False",
        "CustomSoundPresent": "False",
        "CustomVFXPresent": "False",
        "Emotion": "Default",
        "ForceDisableIsCustomNode": "False",
        "ID": "N1",
        "InternalNodeContext": "",
        "IsCustomNode": "False",
        "MusicTags": "",
        "NodeContext": "",
        "Quality": "Bronze",
        "SFXTags": "",
        "StateChangeTags": "",
        "TemplateNodeUUID": "00000000-0000-0000-0000-000000000000",
        "TemplateVersion": "0",
        "VFXTags": "",
        "collapsed": "False",
        "logicalname": "Greeting",
        "position": "15;234",
        "sourcetemplate": ""
      }
    }
  },
  "SpeakerDict": {
    "0": {
      "IsPeanutSpeaker": false,
      "SpeakerMappingId": "494d2b73-121c-f183-a2c8-9899a1fca814",
      "Index": 0,
      "List": [
        "e0d1ff71-04a8-4340-ae64-9684d846eb83"
      ],
      "SpeakerCharacter": {
        "DisplayName": "Player",
        "Type": "character",
        "MapKey": "e2badbf0-159a-4ef5-9e73-7bbeb3d1015a",
        "Name": "S_GLO_CharacterCreationDummy_001",
        "ParentTemplateId": null,
        "TemplateName": "fd7f2707-8f86-4836-bda8-e0db99c389cc"
      },
      "SpeakerGroupName": "GROUP_Players"
    }
  },
  "Synopsis": "You click on a broken trap on the ground and find it useless."
}