{
  "Path": "Mods/Gustav/Story/Dialogs/Act1/Chapel/CHA_LaezelRecruitment_AD_OpenCage2.lsj",
  "UUID": "20c62681-20c9-7ae4-8db0-cfbd6bb632e4",
  "Category": "Repeated automated NPC Dialog",
  "DefaultAddressedSpeakers": {
    "0": -1
  },
  "RootNodes": [
    "f330cf23-dea7-7a5c-d9a7-755638f3783f"
  ],
  "Nodes": {
    "f330cf23-dea7-7a5c-d9a7-755638f3783f": {
      "UUID": "f330cf23-dea7-7a5c-d9a7-755638f3783f",
      "Constructor": "TagGreeting",
      "EndNode": true,
      "Root": true,
      "ShowOnce": false,
      "SpeakerNo": 0,
      "AddressedSpeaker": 0,
      "Children": [],
      "CheckFlags": [],
      "SetFlags": [],
      "TaggedTextList": [
        {
          "HasTagRule": false,
          "RuleGroup": {
            "TagCombineOp": 0,
            "Rules": [],
            "RuleString": ""
          },
          "TagTexts": [
            {
              "LineId": "78e943ea-eefe-0626-baae-adbd6774e4e1",
              "Text": {
                "Handle": "h6d95b4d6gc7d5g44acg8448g6c2aa38c2944",
                "Value": "Go on - shoot the cage down."
              }
            },
            {
              "LineId": "d8abf423-1053-03dc-620f-0f248efd3046",
              "Text": {
                "Handle": "h44bc68ecgb326g4eeeg9e85gde0b488737b3",
                "Value": "Shoot it down. Let's kill this thing."
              }
            }
          ]
        }
      ],
      "EditorData": {
        "AnimationTags": "",
        "Attitude": "Default",
        "CinematicNodeContext": "",
        "CinematicObjects": "",
        "CustomCineArtKeysPresent": "False",
        "CustomLightingPresent": "False",
        "CustomSoundPresent": "False",
        "CustomVFXPresent": "False",
        "Emotion": "Default",
        "ForceDisableIsCustomNode": "False",
        "ID": "N5",
        "InternalNodeContext": "",
        "IsCustomNode": "False",
        "MusicTags": "",
        "NodeContext": "",
        "Quality": "Bronze",
        "SFXTags": "",
        "StateChangeTags": "",
        "TemplateNodeUUID": "00000000-0000-0000-0000-000000000000",
        "TemplateVersion": "0",
        "VFXTags": "",
        "collapsed": "False",
        "logicalname": "Greeting",
        "position": "15;15",
        "sourcetemplate": ""
      }
    }
  },
  "SpeakerDict": {
    "0": {
      "IsPeanutSpeaker": false,
      "SpeakerMappingId": "803b186f-5938-eb61-ede0-a929ee52ffac",
      "Index": 0,
      "List": [
        "863d6788-5887-45c8-bafa-87128631904e"
      ],
      "SpeakerCharacter": {
        "DisplayName": "Damays",
        "Type": "character",
        "MapKey": "863d6788-5887-45c8-bafa-87128631904e",
        "Name": "S_CHA_CagerLaezel2",
        "ParentTemplateId": null,
        "TemplateName": "a5856190-08e3-4741-b697-8b1cbf03eaa1"
      },
      "SpeakerGroupName": null
    }
  },
  "Synopsis": "A tiefling encourages you to shoot down a cage containing a strange creaturfe (Lae'zel)."
}