{
  "Path": "Mods/Gustav/Story/Dialogs/Act1/Chapel/CHA_Crypt_SkeletonRisingCinematic.lsj",
  "UUID": "5170c3fb-1b0f-15ac-0d5f-37702f937744",
  "Category": "Generic NPC Dialog",
  "DefaultAddressedSpeakers": {
    "0": -1,
    "1": -1,
    "2": -1,
    "3": -1,
    "4": -1,
    "5": -1,
    "6": -1,
    "7": -1,
    "8": -1,
    "9": -1
  },
  "RootNodes": [
    "37e460e8-c2f5-83b8-1790-9e8ec8b0a715"
  ],
  "Nodes": {
    "2a9b4e4b-8e4c-2909-9ead-d2e560b758a8": {
      "UUID": "2a9b4e4b-8e4c-2909-9ead-d2e560b758a8",
      "Constructor": "TagAnswer",
      "EndNode": true,
      "Root": false,
      "ShowOnce": false,
      "SpeakerNo": -666,
      "AddressedSpeaker": 0,
      "Children": [],
      "CheckFlags": [],
      "SetFlags": [],
      "TaggedTextList": [
        {
          "HasTagRule": false,
          "RuleGroup": {
            "TagCombineOp": 0,
            "Rules": [],
            "RuleString": ""
          },
          "TagTexts": [
            {
              "LineId": "57e4583f-8002-00d9-fb45-68fc35b06a04",
              "Text": {
                "Handle": "",
                "Value": null
              }
            }
          ]
        }
      ],
      "EditorData": {
        "AnimationTags": "",
        "Attitude": "Default",
        "CinematicNodeContext": "<placeholder>",
        "CinematicObjects": "",
        "CustomCineArtKeysPresent": "True",
        "CustomLightingPresent": "False",
        "CustomSoundPresent": "True",
        "CustomVFXPresent": "True",
        "Emotion": "Default",
        "ForceDisableIsCustomNode": "False",
        "ID": "N3",
        "InternalNodeContext": "",
        "IsCustomNode": "False",
        "MusicTags": "",
        "NodeContext": "",
        "Quality": "Bronze",
        "SFXTags": "",
        "StateChangeTags": "",
        "TemplateNodeUUID": "00000000-0000-0000-0000-000000000000",
        "TemplateVersion": "0",
        "VFXTags": "",
        "collapsed": "False",
        "logicalname": "Answer",
        "position": "655;15",
        "sourcetemplate": ""
      }
    },
    "37e460e8-c2f5-83b8-1790-9e8ec8b0a715": {
      "UUID": "37e460e8-c2f5-83b8-1790-9e8ec8b0a715",
      "Constructor": "TagGreeting",
      "EndNode": false,
      "Root": true,
      "ShowOnce": false,
      "SpeakerNo": -666,
      "AddressedSpeaker": 0,
      "Children": [
        "b5638e00-f293-cdb5-eeff-fd3cc3b162b3"
      ],
      "CheckFlags": [],
      "SetFlags": [],
      "TaggedTextList": [
        {
          "HasTagRule": false,
          "RuleGroup": {
            "TagCombineOp": 0,
            "Rules": [],
            "RuleString": ""
          },
          "TagTexts": [
            {
              "LineId": "8072bb9d-3206-da2d-26d2-c134c0718536",
              "Text": {
                "Handle": "",
                "Value": null
              }
            }
          ]
        }
      ],
      "EditorData": {
        "AnimationTags": "",
        "Attitude": "Default",
        "CinematicNodeContext": "<placeholder>",
        "CinematicObjects": "",
        "CustomCineArtKeysPresent": "True",
        "CustomLightingPresent": "False",
        "CustomSoundPresent": "True",
        "CustomVFXPresent": "True",
        "Emotion": "Default",
        "ForceDisableIsCustomNode": "False",
        "ID": "N1",
        "InternalNodeContext": "",
        "IsCustomNode": "False",
        "MusicTags": "",
        "NodeContext": "",
        "Quality": "Bronze",
        "SFXTags": "",
        "StateChangeTags": "",
        "TemplateNodeUUID": "00000000-0000-0000-0000-000000000000",
        "TemplateVersion": "0",
        "VFXTags": "",
        "collapsed": "False",
        "logicalname": "Greeting",
        "position": "15;15",
        "sourcetemplate": ""
      }
    },
    "b5638e00-f293-cdb5-eeff-fd3cc3b162b3": {
      "UUID": "b5638e00-f293-cdb5-eeff-fd3cc3b162b3",
      "Constructor": "TagCinematic",
      "EndNode": false,
      "Root": false,
      "ShowOnce": false,
      "SpeakerNo": -666,
      "AddressedSpeaker": 0,
      "Children": [
        "2a9b4e4b-8e4c-2909-9ead-d2e560b758a8"
      ],
      "CheckFlags": [],
      "SetFlags": [],
      "TaggedTextList": [],
      "EditorData": {
        "AnimationTags": "",
        "Attitude": "Default",
        "CinematicNodeContext": "<placeholder>",
        "CinematicObjects": "",
        "CustomCineArtKeysPresent": "True",
        "CustomLightingPresent": "False",
        "CustomSoundPresent": "True",
        "CustomVFXPresent": "True",
        "Emotion": "Default",
        "ForceDisableIsCustomNode": "False",
        "ID": "N2",
        "InternalNodeContext": "",
        "IsCustomNode": "True",
        "MusicTags": "",
        "NodeContext": "",
        "Quality": "Silver",
        "SFXTags": "push button and skeleton rise",
        "StateChangeTags": "",
        "TemplateNodeUUID": "00000000-0000-0000-0000-000000000000",
        "TemplateVersion": "0",
        "VFXTags": "push button and skeleton rise",
        "collapsed": "False",
        "logicalname": "Cinematic",
        "position": "335;15",
        "sourcetemplate": ""
      }
    }
  },
  "SpeakerDict": {
    "0": {
      "IsPeanutSpeaker": false,
      "SpeakerMappingId": "04a90dae-09ea-6651-ed5e-cc116dcbea9d",
      "Index": 0,
      "List": [
        "1535feb9-7ff9-4132-be09-191ba3f8c2e1"
      ],
      "SpeakerCharacter": {
        "DisplayName": "Entombed Scribe",
        "Type": "character",
        "MapKey": "1535feb9-7ff9-4132-be09-191ba3f8c2e1",
        "Name": "S_CHA_FL0_DeadSkeleton_Caster_02",
        "ParentTemplateId": null,
        "TemplateName": "fc2ae129-75d9-4021-b6b9-6422ef050faf"
      },
      "SpeakerGroupName": null
    },
    "1": {
      "IsPeanutSpeaker": false,
      "SpeakerMappingId": "0b9e5dbc-bc6b-655c-90bf-071336c71cfe",
      "Index": 1,
      "List": [
        "462f0982-35c4-4a34-a3bf-399f37e686ee"
      ],
      "SpeakerCharacter": {
        "DisplayName": "Entombed Scribe",
        "Type": "character",
        "MapKey": "462f0982-35c4-4a34-a3bf-399f37e686ee",
        "Name": "S_CHA_FL0_DeadSkeleton_Caster_03",
        "ParentTemplateId": null,
        "TemplateName": "fc2ae129-75d9-4021-b6b9-6422ef050faf"
      },
      "SpeakerGroupName": null
    },
    "2": {
      "IsPeanutSpeaker": false,
      "SpeakerMappingId": "028d997a-20cf-7618-a227-a95455ec92e4",
      "Index": 2,
      "List": [
        "cb4c2c8f-b6db-4c53-b7e3-395aef311a39"
      ],
      "SpeakerCharacter": {
        "DisplayName": "Entombed Scribe",
        "Type": "character",
        "MapKey": "cb4c2c8f-b6db-4c53-b7e3-395aef311a39",
        "Name": "S_CHA_FL0_DeadSkeleton_Caster_04",
        "ParentTemplateId": null,
        "TemplateName": "fc2ae129-75d9-4021-b6b9-6422ef050faf"
      },
      "SpeakerGroupName": null
    },
    "3": {
      "IsPeanutSpeaker": false,
      "SpeakerMappingId": "cfce3f45-e4ba-3b95-5ec2-e182b3560d0c",
      "Index": 3,
      "List": [
        "ebf854f1-7971-4f81-a2b7-e4b79b550b85"
      ],
      "SpeakerCharacter": {
        "DisplayName": "Entombed Warrior",
        "Type": "character",
        "MapKey": "ebf854f1-7971-4f81-a2b7-e4b79b550b85",
        "Name": "S_CHA_FL0_DeadSkeleton_Melee_01",
        "ParentTemplateId": null,
        "TemplateName": "e29c34ab-0863-4775-b8af-964fa90451d2"
      },
      "SpeakerGroupName": null
    },
    "4": {
      "IsPeanutSpeaker": false,
      "SpeakerMappingId": "ea215557-33ab-5d07-2730-6d9981b935af",
      "Index": 4,
      "List": [
        "7af3fa6c-7f7a-4920-acaf-f091e7c62373"
      ],
      "SpeakerCharacter": {
        "DisplayName": "Entombed Scribe",
        "Type": "character",
        "MapKey": "7af3fa6c-7f7a-4920-acaf-f091e7c62373",
        "Name": "S_CHA_FL0_DeadSkeleton_Caster_01",
        "ParentTemplateId": null,
        "TemplateName": "fc2ae129-75d9-4021-b6b9-6422ef050faf"
      },
      "SpeakerGroupName": null
    },
    "5": {
      "IsPeanutSpeaker": false,
      "SpeakerMappingId": "4d1e061a-3fb9-d06b-5383-b2005f1ba558",
      "Index": 5,
      "List": [
        "e0d1ff71-04a8-4340-ae64-9684d846eb83"
      ],
      "SpeakerCharacter": {
        "DisplayName": "Player",
        "Type": "character",
        "MapKey": "e2badbf0-159a-4ef5-9e73-7bbeb3d1015a",
        "Name": "S_GLO_CharacterCreationDummy_001",
        "ParentTemplateId": null,
        "TemplateName": "fd7f2707-8f86-4836-bda8-e0db99c389cc"
      },
      "SpeakerGroupName": "GROUP_Players"
    },
    "6": {
      "IsPeanutSpeaker": true,
      "SpeakerMappingId": "9d972d3e-5ae4-f3e5-f494-af32d8ea37ae",
      "Index": 6,
      "List": [
        "e0d1ff71-04a8-4340-ae64-9684d846eb83"
      ],
      "SpeakerCharacter": {
        "DisplayName": "Player",
        "Type": "character",
        "MapKey": "e2badbf0-159a-4ef5-9e73-7bbeb3d1015a",
        "Name": "S_GLO_CharacterCreationDummy_001",
        "ParentTemplateId": null,
        "TemplateName": "fd7f2707-8f86-4836-bda8-e0db99c389cc"
      },
      "SpeakerGroupName": "GROUP_Players"
    },
    "7": {
      "IsPeanutSpeaker": true,
      "SpeakerMappingId": "58cd295f-b208-48d3-f126-3f2e081e0dde",
      "Index": 7,
      "List": [
        "e0d1ff71-04a8-4340-ae64-9684d846eb83"
      ],
      "SpeakerCharacter": {
        "DisplayName": "Player",
        "Type": "character",
        "MapKey": "e2badbf0-159a-4ef5-9e73-7bbeb3d1015a",
        "Name": "S_GLO_CharacterCreationDummy_001",
        "ParentTemplateId": null,
        "TemplateName": "fd7f2707-8f86-4836-bda8-e0db99c389cc"
      },
      "SpeakerGroupName": "GROUP_Players"
    },
    "8": {
      "IsPeanutSpeaker": true,
      "SpeakerMappingId": "34b6b5cb-2d1f-2c46-6c7a-681b52543509",
      "Index": 8,
      "List": [
        "e0d1ff71-04a8-4340-ae64-9684d846eb83"
      ],
      "SpeakerCharacter": {
        "DisplayName": "Player",
        "Type": "character",
        "MapKey": "e2badbf0-159a-4ef5-9e73-7bbeb3d1015a",
        "Name": "S_GLO_CharacterCreationDummy_001",
        "ParentTemplateId": null,
        "TemplateName": "fd7f2707-8f86-4836-bda8-e0db99c389cc"
      },
      "SpeakerGroupName": "GROUP_Players"
    },
    "9": {
      "IsPeanutSpeaker": false,
      "SpeakerMappingId": "7460fb6a-7409-4d6e-8f34-1b26138a5032",
      "Index": 9,
      "List": [
        "cb0c8869-6e84-4736-9810-ef997b4dad54"
      ],
      "SpeakerCharacter": {
        "DisplayName": "Stone Wall",
        "Type": "item",
        "MapKey": "cb0c8869-6e84-4736-9810-ef997b4dad54",
        "Name": "S_CHA_Door_SlidingWall_DungeonAbbey_A_001",
        "ParentTemplateId": null,
        "TemplateName": "256f1a15-3ea7-4900-8800-144ad9a04b39"
      },
      "SpeakerGroupName": null
    }
  },
  "Synopsis": ""
}