{
  "Path": "Mods/Gustav/Story/Dialogs/Act1/Chapel/CHA_LaezelRecruitment_AD_OpenCageLaezel.lsj",
  "UUID": "bf75758a-b4f5-f4fb-f0b1-356abc5405c9",
  "Category": "Repeated automated NPC Dialog",
  "DefaultAddressedSpeakers": {
    "0": -1,
    "1": -1
  },
  "RootNodes": [
    "8bf46c0b-e51c-7c66-c8c7-9a59b0437002"
  ],
  "Nodes": {
    "8bf46c0b-e51c-7c66-c8c7-9a59b0437002": {
      "UUID": "8bf46c0b-e51c-7c66-c8c7-9a59b0437002",
      "Constructor": "TagGreeting",
      "EndNode": true,
      "Root": true,
      "ShowOnce": false,
      "SpeakerNo": 0,
      "AddressedSpeaker": 0,
      "Children": [],
      "CheckFlags": [],
      "SetFlags": [],
      "TaggedTextList": [
        {
          "HasTagRule": false,
          "RuleGroup": {
            "TagCombineOp": 0,
            "Rules": [],
            "RuleString": ""
          },
          "TagTexts": [
            {
              "LineId": "aa9b99fd-75bd-d441-4fac-72aca3402fd9",
              "Text": {
                "Handle": "h4f36731fg8eb2g4affg8c28gbb7235f5eaf5",
                "Value": "Enough dawdling. Get me down."
              }
            }
          ]
        }
      ],
      "EditorData": {
        "AnimationTags": "",
        "Attitude": "Default",
        "CinematicNodeContext": "",
        "CinematicObjects": "",
        "CustomCineArtKeysPresent": "False",
        "CustomLightingPresent": "False",
        "CustomSoundPresent": "False",
        "CustomVFXPresent": "False",
        "Emotion": "Default",
        "ForceDisableIsCustomNode": "False",
        "ID": "N1",
        "InternalNodeContext": "",
        "IsCustomNode": "False",
        "MusicTags": "",
        "NodeContext": "",
        "Quality": "Bronze",
        "SFXTags": "",
        "StateChangeTags": "",
        "TemplateNodeUUID": "00000000-0000-0000-0000-000000000000",
        "TemplateVersion": "0",
        "VFXTags": "",
        "collapsed": "False",
        "logicalname": "Greeting",
        "position": "15;15",
        "sourcetemplate": ""
      }
    }
  },
  "SpeakerDict": {
    "0": {
      "IsPeanutSpeaker": false,
      "SpeakerMappingId": "8e202d2e-9ace-00c5-b136-c488c2cd83f2",
      "Index": 0,
      "List": [
        "58a69333-40bf-8358-1d17-fff240d7fb12"
      ],
      "SpeakerCharacter": {
        "DisplayName": "Lae'zel",
        "Type": "character",
        "MapKey": "58a69333-40bf-8358-1d17-fff240d7fb12",
        "Name": "S_Player_Laezel",
        "ParentTemplateId": null,
        "TemplateName": "3a0351bd-0b2f-4fbf-84a6-30ad80bb3100"
      },
      "SpeakerGroupName": null
    },
    "1": {
      "IsPeanutSpeaker": false,
      "SpeakerMappingId": "8a068805-202d-b24b-3aa2-9e1d8b3c8add",
      "Index": 1,
      "List": [
        "e0d1ff71-04a8-4340-ae64-9684d846eb83"
      ],
      "SpeakerCharacter": {
        "DisplayName": "Player",
        "Type": "character",
        "MapKey": "e2badbf0-159a-4ef5-9e73-7bbeb3d1015a",
        "Name": "S_GLO_CharacterCreationDummy_001",
        "ParentTemplateId": null,
        "TemplateName": "fd7f2707-8f86-4836-bda8-e0db99c389cc"
      },
      "SpeakerGroupName": "GROUP_Players"
    }
  },
  "Synopsis": "Lae'zel is still hanging in her cage. She calls to you to let her down."
}