{
  "Path": "Mods/Gustav/Story/Dialogs/Act1/Chapel/CHA_Crypt_PAD_FoundCoins.lsj",
  "UUID": "0bbbce92-476b-01af-0e1a-8956ff80f5c3",
  "Category": "Voice bark",
  "DefaultAddressedSpeakers": {
    "0": -1
  },
  "RootNodes": [
    "260a7e2b-9008-f8d5-6290-7b233e9a4fef"
  ],
  "Nodes": {
    "260a7e2b-9008-f8d5-6290-7b233e9a4fef": {
      "UUID": "260a7e2b-9008-f8d5-6290-7b233e9a4fef",
      "Constructor": "TagGreeting",
      "EndNode": true,
      "Root": true,
      "ShowOnce": false,
      "SpeakerNo": 0,
      "AddressedSpeaker": 0,
      "Children": [],
      "CheckFlags": [],
      "SetFlags": [],
      "TaggedTextList": [
        {
          "HasTagRule": true,
          "RuleGroup": {
            "TagCombineOp": 0,
            "Rules": [
              {
                "HasChildRules": false,
                "TagCombineOp": 0,
                "Tags": [
                  "ffd08582-7396-4cac-bcd4-8f9cd0fd8ef3"
                ],
                "TagNames": [
                  "REALLY_ASTARION"
                ]
              }
            ],
            "RuleString": "REALLY_ASTARION"
          },
          "TagTexts": [
            {
              "LineId": "89fc060b-7221-0a0d-3cba-d6ad5f700e02",
              "Text": {
                "Handle": "hcf8d31d9ga9e7g442agaf57g612e7405ca68",
                "Value": "An iron coin? I'd prefer gold, but I'll take it."
              }
            }
          ]
        },
        {
          "HasTagRule": true,
          "RuleGroup": {
            "TagCombineOp": 0,
            "Rules": [
              {
                "HasChildRules": false,
                "TagCombineOp": 0,
                "Tags": [
                  "9b0354c0-56d9-4723-8034-918ac9abab19"
                ],
                "TagNames": [
                  "REALLY_GALE"
                ]
              }
            ],
            "RuleString": "REALLY_GALE"
          },
          "TagTexts": [
            {
              "LineId": "dae12605-17f4-738c-1c2f-5fca09340159",
              "Text": {
                "Handle": "hcd29b9cbgab07g49e9g8ccdga3a492dcfa28",
                "Value": "Never seen a coin like this before. Most peculiar."
              }
            }
          ]
        },
        {
          "HasTagRule": true,
          "RuleGroup": {
            "TagCombineOp": 0,
            "Rules": [
              {
                "HasChildRules": false,
                "TagCombineOp": 0,
                "Tags": [
                  "1a2f70d6-8ead-4eb5-a824-79ee1971764a"
                ],
                "TagNames": [
                  "REALLY_KARLACH"
                ]
              }
            ],
            "RuleString": "REALLY_KARLACH"
          },
          "TagTexts": [
            {
              "LineId": "9a7e72af-a474-14bc-6aae-a62553648d6d",
              "Text": {
                "Handle": "h29bf2599gbdd5g4583g9f4agbd240113fcae",
                "Value": "Soul coin! Yes! I can use this."
              }
            }
          ]
        },
        {
          "HasTagRule": true,
          "RuleGroup": {
            "TagCombineOp": 0,
            "Rules": [
              {
                "HasChildRules": false,
                "TagCombineOp": 0,
                "Tags": [
                  "b5682d1d-c395-489c-9675-1f9b0c328ea5"
                ],
                "TagNames": [
                  "REALLY_LAEZEL"
                ]
              }
            ],
            "RuleString": "REALLY_LAEZEL"
          },
          "TagTexts": [
            {
              "LineId": "7616fdbe-8bbb-3cd6-62d1-f28daac915fc",
              "Text": {
                "Handle": "h4d22df04gb2bcg410ega939g9b7c349670c6",
                "Value": "Odd. What merchant would accept such a coin?"
              }
            }
          ]
        },
        {
          "HasTagRule": true,
          "RuleGroup": {
            "TagCombineOp": 0,
            "Rules": [
              {
                "HasChildRules": false,
                "TagCombineOp": 0,
                "Tags": [
                  "642d2aee-e3df-47e3-9f47-bbcd441bb9e0"
                ],
                "TagNames": [
                  "REALLY_SHADOWHEART"
                ]
              }
            ],
            "RuleString": "REALLY_SHADOWHEART"
          },
          "TagTexts": [
            {
              "LineId": "edb3225d-6e31-0c62-f502-3528f0716ecc",
              "Text": {
                "Handle": "h8094c83ag485eg455dgb36ag3f05692296c6",
                "Value": "Is this... iron? What kind of currency is this?"
              }
            }
          ]
        },
        {
          "HasTagRule": true,
          "RuleGroup": {
            "TagCombineOp": 0,
            "Rules": [
              {
                "HasChildRules": false,
                "TagCombineOp": 0,
                "Tags": [
                  "5f40def5-d3ec-4698-a367-01a339888956"
                ],
                "TagNames": [
                  "REALLY_WYLL"
                ]
              }
            ],
            "RuleString": "REALLY_WYLL"
          },
          "TagTexts": [
            {
              "LineId": "607fc5ab-ecd2-a7ab-ad0c-526984c005d6",
              "Text": {
                "Handle": "h6cab110bg7531g4b2bg96a1g2706f5e7fede",
                "Value": "Never saw a coin quite like this. Fancy."
              }
            }
          ]
        },
        {
          "HasTagRule": false,
          "RuleGroup": {
            "TagCombineOp": 0,
            "Rules": [],
            "RuleString": ""
          },
          "TagTexts": [
            {
              "LineId": "77057bcb-4889-87d1-b82f-f857a331380d",
              "Text": {
                "Handle": "h399355e9gbcc8g457ega187ga6558df9ed69",
                "Value": "A strange coin. I wonder what it's worth."
              }
            }
          ]
        }
      ],
      "EditorData": {
        "AnimationTags": "",
        "Attitude": "Default",
        "CinematicNodeContext": "",
        "CinematicObjects": "",
        "CustomCineArtKeysPresent": "False",
        "CustomLightingPresent": "False",
        "CustomSoundPresent": "False",
        "CustomVFXPresent": "False",
        "Emotion": "Default",
        "ForceDisableIsCustomNode": "False",
        "ID": "N2",
        "InternalNodeContext": "",
        "IsCustomNode": "False",
        "MusicTags": "",
        "NodeContext": "",
        "Quality": "Bronze",
        "SFXTags": "",
        "StateChangeTags": "",
        "TemplateNodeUUID": "00000000-0000-0000-0000-000000000000",
        "TemplateVersion": "0",
        "VFXTags": "",
        "collapsed": "False",
        "logicalname": "Greeting",
        "position": "335;15",
        "sourcetemplate": ""
      }
    }
  },
  "SpeakerDict": {
    "0": {
      "IsPeanutSpeaker": false,
      "SpeakerMappingId": "47655bfc-c66d-9c4d-d01a-3cb1e0ac05b8",
      "Index": 0,
      "List": [
        "e0d1ff71-04a8-4340-ae64-9684d846eb83"
      ],
      "SpeakerCharacter": {
        "DisplayName": "Player",
        "Type": "character",
        "MapKey": "e2badbf0-159a-4ef5-9e73-7bbeb3d1015a",
        "Name": "S_GLO_CharacterCreationDummy_001",
        "ParentTemplateId": null,
        "TemplateName": "fd7f2707-8f86-4836-bda8-e0db99c389cc"
      },
      "SpeakerGroupName": "GROUP_Players"
    }
  },
  "Synopsis": "Player finds a soul coin inside Jergal's chapel."
}