{
  "Path": "Mods/Gustav/Story/Dialogs/Act1/Chapel/CHA_LaezelRecruitment_AD_LaezelInspectsCorpses.lsj",
  "UUID": "258b518c-db97-36e0-7641-c7173515a8eb",
  "Category": "Automated NPC Dialog",
  "DefaultAddressedSpeakers": {
    "0": -1
  },
  "RootNodes": [
    "c73cc81c-6eb2-6c2b-e27e-08743e010e3d"
  ],
  "Nodes": {
    "c73cc81c-6eb2-6c2b-e27e-08743e010e3d": {
      "UUID": "c73cc81c-6eb2-6c2b-e27e-08743e010e3d",
      "Constructor": "TagGreeting",
      "EndNode": true,
      "Root": true,
      "ShowOnce": false,
      "SpeakerNo": 0,
      "AddressedSpeaker": 0,
      "Children": [],
      "CheckFlags": [],
      "SetFlags": [],
      "TaggedTextList": [
        {
          "HasTagRule": false,
          "RuleGroup": {
            "TagCombineOp": 0,
            "Rules": [],
            "RuleString": ""
          },
          "TagTexts": [
            {
              "LineId": "07471dfc-ccce-bb04-422b-7b3aadc18f62",
              "Text": {
                "Handle": "hdaf6dc66g7b09g4e2dgb407g49c970e62edd",
                "Value": "They must have carried <i>something</i> useful."
              }
            }
          ]
        }
      ],
      "EditorData": {
        "AnimationTags": "",
        "Attitude": "Default",
        "CinematicNodeContext": "",
        "CinematicObjects": "",
        "CustomCineArtKeysPresent": "False",
        "CustomLightingPresent": "False",
        "CustomSoundPresent": "False",
        "CustomVFXPresent": "False",
        "Emotion": "Default",
        "ForceDisableIsCustomNode": "False",
        "ID": "N1",
        "InternalNodeContext": "",
        "IsCustomNode": "False",
        "MusicTags": "",
        "NodeContext": "",
        "Quality": "Bronze",
        "SFXTags": "",
        "StateChangeTags": "",
        "TemplateNodeUUID": "00000000-0000-0000-0000-000000000000",
        "TemplateVersion": "0",
        "VFXTags": "",
        "collapsed": "False",
        "logicalname": "Greeting",
        "position": "15;15",
        "sourcetemplate": ""
      }
    }
  },
  "SpeakerDict": {
    "0": {
      "IsPeanutSpeaker": false,
      "SpeakerMappingId": "780ca795-922c-6a76-150d-244b7df288c5",
      "Index": 0,
      "List": [
        "58a69333-40bf-8358-1d17-fff240d7fb12"
      ],
      "SpeakerCharacter": {
        "DisplayName": "Lae'zel",
        "Type": "character",
        "MapKey": "58a69333-40bf-8358-1d17-fff240d7fb12",
        "Name": "S_Player_Laezel",
        "ParentTemplateId": null,
        "TemplateName": "3a0351bd-0b2f-4fbf-84a6-30ad80bb3100"
      },
      "SpeakerGroupName": null
    }
  },
  "Synopsis": "Damays and Nymessa are dead. Lae'zel says this once, then will inspect the corpses."
}