{
  "Path": "Mods/Gustav/Story/Dialogs/Act1/Chapel/CHA_Crypt_VB_SideChamber_1.lsj",
  "UUID": "67832849-696a-658f-5d20-47e3b3bcc0d7",
  "Category": "Voice bark",
  "DefaultAddressedSpeakers": {
    "0": -1
  },
  "RootNodes": [
    "2878d8a7-cfaf-6de1-cd1f-86653055c2e2"
  ],
  "Nodes": {
    "2878d8a7-cfaf-6de1-cd1f-86653055c2e2": {
      "UUID": "2878d8a7-cfaf-6de1-cd1f-86653055c2e2",
      "Constructor": "TagGreeting",
      "EndNode": true,
      "Root": true,
      "ShowOnce": false,
      "SpeakerNo": 0,
      "AddressedSpeaker": 0,
      "Children": [],
      "CheckFlags": [],
      "SetFlags": [],
      "TaggedTextList": [
        {
          "HasTagRule": true,
          "RuleGroup": {
            "TagCombineOp": 0,
            "Rules": [
              {
                "HasChildRules": false,
                "TagCombineOp": 0,
                "Tags": [
                  "ffd08582-7396-4cac-bcd4-8f9cd0fd8ef3"
                ],
                "TagNames": [
                  "REALLY_ASTARION"
                ]
              }
            ],
            "RuleString": "REALLY_ASTARION"
          },
          "TagTexts": [
            {
              "LineId": "473228ac-1d36-17a4-2d5d-1610d497f925",
              "Text": {
                "Handle": "h5238101ag78d2g4d45g9052gbebbbf3d38ee",
                "Value": "A chained book? Oh, that's just begging to be read."
              }
            }
          ]
        },
        {
          "HasTagRule": true,
          "RuleGroup": {
            "TagCombineOp": 0,
            "Rules": [
              {
                "HasChildRules": false,
                "TagCombineOp": 0,
                "Tags": [
                  "9b0354c0-56d9-4723-8034-918ac9abab19"
                ],
                "TagNames": [
                  "REALLY_GALE"
                ]
              }
            ],
            "RuleString": "REALLY_GALE"
          },
          "TagTexts": [
            {
              "LineId": "5e955c27-9227-fe60-7a2b-6b64a03cf7bb",
              "Text": {
                "Handle": "h998d401fg0cfag46c2gb932g9de97e603306",
                "Value": "A chained-up book in a long-abandoned temple. Temptation, old friend, we meet again."
              }
            }
          ]
        },
        {
          "HasTagRule": true,
          "RuleGroup": {
            "TagCombineOp": 0,
            "Rules": [
              {
                "HasChildRules": false,
                "TagCombineOp": 0,
                "Tags": [
                  "1a2f70d6-8ead-4eb5-a824-79ee1971764a"
                ],
                "TagNames": [
                  "REALLY_KARLACH"
                ]
              }
            ],
            "RuleString": "REALLY_KARLACH"
          },
          "TagTexts": [
            {
              "LineId": "645e2586-1f70-4790-c30a-de09a873482d",
              "Text": {
                "Handle": "h72620568gfe83g4d48gb598geb49256f0c5d",
                "Value": "Danger book. Let's read it."
              }
            }
          ]
        },
        {
          "HasTagRule": true,
          "RuleGroup": {
            "TagCombineOp": 0,
            "Rules": [
              {
                "HasChildRules": false,
                "TagCombineOp": 0,
                "Tags": [
                  "b5682d1d-c395-489c-9675-1f9b0c328ea5"
                ],
                "TagNames": [
                  "REALLY_LAEZEL"
                ]
              }
            ],
            "RuleString": "REALLY_LAEZEL"
          },
          "TagTexts": [
            {
              "LineId": "a4370163-8c28-6c65-cc3b-6b40793fb08f",
              "Text": {
                "Handle": "h35f93227gb4a0g4dd4gba01g499f12dea166",
                "Value": "Locked - as if that were enough to keep me out."
              }
            }
          ]
        },
        {
          "HasTagRule": true,
          "RuleGroup": {
            "TagCombineOp": 0,
            "Rules": [
              {
                "HasChildRules": false,
                "TagCombineOp": 0,
                "Tags": [
                  "642d2aee-e3df-47e3-9f47-bbcd441bb9e0"
                ],
                "TagNames": [
                  "REALLY_SHADOWHEART"
                ]
              }
            ],
            "RuleString": "REALLY_SHADOWHEART"
          },
          "TagTexts": [
            {
              "LineId": "6a4102b6-3be9-89ec-a392-54fc7ca7aebc",
              "Text": {
                "Handle": "hda4ff10cg4bd6g47beg9194g976edf9113eb",
                "Value": "What could a book contain that requires it to be bound with chains...?"
              }
            }
          ]
        },
        {
          "HasTagRule": true,
          "RuleGroup": {
            "TagCombineOp": 0,
            "Rules": [
              {
                "HasChildRules": false,
                "TagCombineOp": 0,
                "Tags": [
                  "5f40def5-d3ec-4698-a367-01a339888956"
                ],
                "TagNames": [
                  "REALLY_WYLL"
                ]
              }
            ],
            "RuleString": "REALLY_WYLL"
          },
          "TagTexts": [
            {
              "LineId": "b7615ff8-4e96-70ca-fa7e-b321ddc662f9",
              "Text": {
                "Handle": "hc0af824dg4fd1g4205g8623gb9868650d3f3",
                "Value": "Chained and locked. A banished evil? Or a hidden truth?"
              }
            }
          ]
        },
        {
          "HasTagRule": true,
          "RuleGroup": {
            "TagCombineOp": 0,
            "Rules": [
              {
                "HasChildRules": false,
                "TagCombineOp": 1,
                "Tags": [
                  "5804f55a-93f7-4281-9512-8d548a9e2a22",
                  "6fe3ae27-dc6c-4fc9-9245-710c790c396c"
                ],
                "TagNames": [
                  "WARLOCK",
                  "WIZARD"
                ]
              }
            ],
            "RuleString": "WARLOCK or WIZARD"
          },
          "TagTexts": [
            {
              "LineId": "d2633bda-a28b-8a31-5e14-c43a9934b459",
              "Text": {
                "Handle": "h783b0c1dg46a2g4487gb280ga6af5a7e78f4",
                "Value": "Forbidden knowledge - without a doubt."
              }
            }
          ]
        },
        {
          "HasTagRule": true,
          "RuleGroup": {
            "TagCombineOp": 0,
            "Rules": [
              {
                "HasChildRules": false,
                "TagCombineOp": 1,
                "Tags": [
                  "aa9f126f-ac9a-48d9-a128-1394fae8f4e8",
                  "826714c9-b2e3-4372-9f5a-e59271d5a426"
                ],
                "TagNames": [
                  "CLERIC_EVIL",
                  "PALADIN_EVIL"
                ]
              }
            ],
            "RuleString": "CLERIC_EVIL or PALADIN_EVIL"
          },
          "TagTexts": [
            {
              "LineId": "47710bde-4412-8ca2-e59d-f9838a35ed3f",
              "Text": {
                "Handle": "hbf457e4fg144eg4736gb8a0gd68f871a84fe",
                "Value": "Locked to keep the evil in, or the prying eyes out? Let's see."
              }
            }
          ]
        },
        {
          "HasTagRule": true,
          "RuleGroup": {
            "TagCombineOp": 0,
            "Rules": [
              {
                "HasChildRules": false,
                "TagCombineOp": 0,
                "Tags": [
                  "1671b4bf-4f47-4bb7-9cb9-80bb1f6009d5",
                  "6d85ab2d-5c23-498c-a61e-98f05a00177a"
                ],
                "TagNames": [
                  "CLERIC",
                  "PALADIN"
                ]
              }
            ],
            "RuleString": "CLERIC and PALADIN"
          },
          "TagTexts": [
            {
              "LineId": "904b69b7-7f5c-b8ba-265d-b553c03c8671",
              "Text": {
                "Handle": "h2b6c0524gca67g47f8gba59g144f2b12bb95",
                "Value": "That's locked for a reason. Let's not disturb it."
              }
            }
          ]
        },
        {
          "HasTagRule": true,
          "RuleGroup": {
            "TagCombineOp": 0,
            "Rules": [
              {
                "HasChildRules": false,
                "TagCombineOp": 0,
                "Tags": [
                  "f8a0608b-666c-4be6-a49c-03b369c10bd2"
                ],
                "TagNames": [
                  "ROGUE"
                ]
              }
            ],
            "RuleString": "ROGUE"
          },
          "TagTexts": [
            {
              "LineId": "7be9f434-2aee-af96-3c64-326e1f5c426b",
              "Text": {
                "Handle": "h707cd227g4ac8g4a9cgab69g6e87768a06b7",
                "Value": "Now that's a lock that screams 'pick me'."
              }
            }
          ]
        },
        {
          "HasTagRule": false,
          "RuleGroup": {
            "TagCombineOp": 0,
            "Rules": [],
            "RuleString": ""
          },
          "TagTexts": [
            {
              "LineId": "8b7415d9-d098-e2ef-5a24-10bf971f2375",
              "Text": {
                "Handle": "h1bc93adbgd429g4f68gb93dg0a07b39b06fc",
                "Value": "Looks like someone wanted to bury their secrets."
              }
            }
          ]
        }
      ],
      "EditorData": {
        "AnimationTags": "",
        "Attitude": "Default",
        "CinematicNodeContext": "",
        "CinematicObjects": "",
        "CustomCineArtKeysPresent": "False",
        "CustomLightingPresent": "False",
        "CustomSoundPresent": "False",
        "CustomVFXPresent": "False",
        "Emotion": "Default",
        "ForceDisableIsCustomNode": "False",
        "ID": "N2",
        "InternalNodeContext": "",
        "IsCustomNode": "False",
        "MusicTags": "",
        "NodeContext": "",
        "Quality": "Bronze",
        "SFXTags": "",
        "StateChangeTags": "",
        "TemplateNodeUUID": "00000000-0000-0000-0000-000000000000",
        "TemplateVersion": "0",
        "VFXTags": "",
        "collapsed": "False",
        "logicalname": "Greeting",
        "position": "15;15",
        "sourcetemplate": ""
      }
    }
  },
  "SpeakerDict": {
    "0": {
      "IsPeanutSpeaker": false,
      "SpeakerMappingId": "9a74f528-5dd3-8b6b-a422-58fc75da47a7",
      "Index": 0,
      "List": [
        "e0d1ff71-04a8-4340-ae64-9684d846eb83"
      ],
      "SpeakerCharacter": {
        "DisplayName": "Player",
        "Type": "character",
        "MapKey": "e2badbf0-159a-4ef5-9e73-7bbeb3d1015a",
        "Name": "S_GLO_CharacterCreationDummy_001",
        "ParentTemplateId": null,
        "TemplateName": "fd7f2707-8f86-4836-bda8-e0db99c389cc"
      },
      "SpeakerGroupName": "GROUP_Players"
    }
  },
  "Synopsis": "VB upon noticing the book chained and padlocked to the table in the side room."
}