{
  "Path": "Mods/Gustav/Story/Dialogs/Act1/Chapel/CHA_Outside_VB_LockpickingShadowheart_1_WithShadowheart.lsj",
  "UUID": "6a4648be-d180-92a8-4361-5f903b9134d4",
  "Category": "Voice bark",
  "DefaultAddressedSpeakers": {
    "0": -1
  },
  "RootNodes": [
    "79535675-ee7f-3615-53cb-4b8a53b702f5"
  ],
  "Nodes": {
    "79535675-ee7f-3615-53cb-4b8a53b702f5": {
      "UUID": "79535675-ee7f-3615-53cb-4b8a53b702f5",
      "Constructor": "TagGreeting",
      "EndNode": true,
      "Root": true,
      "ShowOnce": false,
      "SpeakerNo": 0,
      "AddressedSpeaker": 0,
      "Children": [],
      "CheckFlags": [],
      "SetFlags": [],
      "TaggedTextList": [
        {
          "HasTagRule": false,
          "RuleGroup": {
            "TagCombineOp": 0,
            "Rules": [],
            "RuleString": ""
          },
          "TagTexts": [
            {
              "LineId": "c3b7db1e-a7d8-3f47-6d68-006fa9d04f55",
              "Text": {
                "Handle": "ha6da95afg28b7g459cgb7e4gb420236e0863",
                "Value": "There! Not so impregnable after all."
              }
            }
          ]
        }
      ],
      "EditorData": {
        "AnimationTags": "",
        "Attitude": "Default",
        "CinematicNodeContext": "",
        "CinematicObjects": "",
        "CustomCineArtKeysPresent": "False",
        "CustomLightingPresent": "False",
        "CustomSoundPresent": "False",
        "CustomVFXPresent": "False",
        "Emotion": "Happiness",
        "ForceDisableIsCustomNode": "False",
        "ID": "N1",
        "InternalNodeContext": "",
        "IsCustomNode": "False",
        "MusicTags": "",
        "NodeContext": "Satisfied. She's just successfully lockpicked a large, heavy set of doors.",
        "Quality": "Bronze",
        "SFXTags": "",
        "StateChangeTags": "",
        "TemplateNodeUUID": "00000000-0000-0000-0000-000000000000",
        "TemplateVersion": "0",
        "VFXTags": "",
        "collapsed": "False",
        "logicalname": "Greeting",
        "position": "15;15",
        "sourcetemplate": ""
      }
    }
  },
  "SpeakerDict": {
    "0": {
      "IsPeanutSpeaker": false,
      "SpeakerMappingId": "f6725559-2d28-131b-99ff-0ec5d30d5027",
      "Index": 0,
      "List": [
        "3ed74f06-3c60-42dc-83f6-f034cb47c679"
      ],
      "SpeakerCharacter": {
        "DisplayName": "Shadowheart",
        "Type": "character",
        "MapKey": "3ed74f06-3c60-42dc-83f6-f034cb47c679",
        "Name": "S_Player_ShadowHeart",
        "ParentTemplateId": null,
        "TemplateName": "2ac51f22-e357-4639-b81d-022d462c8c6a"
      },
      "SpeakerGroupName": null
    }
  },
  "Synopsis": "Shadowheart lockpicked the crypt door that she usually try to bash."
}