{
  "Path": "Mods/Gustav/Story/Dialogs/Act1/Chapel/CHA_LaezelRecruitment_AD_LaezelCombatComment.lsj",
  "UUID": "8b8c36e8-76fb-a99e-ba73-538a0454e521",
  "Category": "Automated NPC Dialog",
  "DefaultAddressedSpeakers": {
    "0": -1,
    "1": -1
  },
  "RootNodes": [
    "fb95cd33-65bf-2367-a8c4-30310d8f94df",
    "cfe9121c-b5a4-0cee-912b-a667f3ce3783"
  ],
  "Nodes": {
    "cfe9121c-b5a4-0cee-912b-a667f3ce3783": {
      "UUID": "cfe9121c-b5a4-0cee-912b-a667f3ce3783",
      "Constructor": "TagGreeting",
      "EndNode": true,
      "Root": true,
      "ShowOnce": false,
      "SpeakerNo": 0,
      "AddressedSpeaker": 0,
      "Children": [],
      "CheckFlags": [],
      "SetFlags": [],
      "TaggedTextList": [
        {
          "HasTagRule": false,
          "RuleGroup": {
            "TagCombineOp": 0,
            "Rules": [],
            "RuleString": ""
          },
          "TagTexts": [
            {
              "LineId": "eaa99132-7cb0-aecf-7a16-de13592d527d",
              "Text": {
                "Handle": "h5af1d8bcg695fg4e27g97d7g4da57f3e2f5a",
                "Value": "Let me down, and I'll show you true might!"
              }
            }
          ]
        }
      ],
      "EditorData": {
        "AnimationTags": "",
        "Attitude": "Default",
        "CinematicNodeContext": "",
        "CinematicObjects": "",
        "CustomCineArtKeysPresent": "False",
        "CustomLightingPresent": "False",
        "CustomSoundPresent": "False",
        "CustomVFXPresent": "False",
        "Emotion": "Default",
        "ForceDisableIsCustomNode": "False",
        "ID": "N5",
        "InternalNodeContext": "",
        "IsCustomNode": "False",
        "MusicTags": "",
        "NodeContext": "",
        "Quality": "Bronze",
        "SFXTags": "",
        "StateChangeTags": "",
        "TemplateNodeUUID": "00000000-0000-0000-0000-000000000000",
        "TemplateVersion": "0",
        "VFXTags": "",
        "collapsed": "False",
        "logicalname": "Greeting",
        "position": "15;234",
        "sourcetemplate": ""
      }
    },
    "fb95cd33-65bf-2367-a8c4-30310d8f94df": {
      "UUID": "fb95cd33-65bf-2367-a8c4-30310d8f94df",
      "Constructor": "TagGreeting",
      "EndNode": true,
      "Root": true,
      "ShowOnce": false,
      "SpeakerNo": 0,
      "AddressedSpeaker": 0,
      "Children": [],
      "CheckFlags": [
        {
          "Flags": [
            {
              "UUID": "677ffa76-2562-4217-873e-2253d4720ba4",
              "value": true,
              "paramval": 1,
              "Name": "GITHYANKI"
            }
          ],
          "Type": "Tag"
        }
      ],
      "SetFlags": [],
      "TaggedTextList": [
        {
          "HasTagRule": false,
          "RuleGroup": {
            "TagCombineOp": 0,
            "Rules": [],
            "RuleString": ""
          },
          "TagTexts": [
            {
              "LineId": "12419f74-497b-6606-68d9-8ec1b06fe0f8",
              "Text": {
                "Handle": "h9222a3c3g4288g4829ga14fg5dae3f6d26a7",
                "Value": "Let me down, and we will prove our people's might!"
              }
            }
          ]
        }
      ],
      "EditorData": {
        "AnimationTags": "",
        "Attitude": "Default",
        "CinematicNodeContext": "",
        "CinematicObjects": "",
        "CustomCineArtKeysPresent": "False",
        "CustomLightingPresent": "False",
        "CustomSoundPresent": "False",
        "CustomVFXPresent": "False",
        "Emotion": "Default",
        "ForceDisableIsCustomNode": "False",
        "ID": "N1",
        "InternalNodeContext": "",
        "IsCustomNode": "False",
        "MusicTags": "",
        "NodeContext": "",
        "Quality": "Bronze",
        "SFXTags": "",
        "StateChangeTags": "",
        "TemplateNodeUUID": "00000000-0000-0000-0000-000000000000",
        "TemplateVersion": "0",
        "VFXTags": "",
        "collapsed": "False",
        "logicalname": "Player is githyanki",
        "position": "15;15",
        "sourcetemplate": ""
      }
    }
  },
  "SpeakerDict": {
    "0": {
      "IsPeanutSpeaker": false,
      "SpeakerMappingId": "5354b101-edb3-bb9a-cd8b-654807d19d11",
      "Index": 0,
      "List": [
        "58a69333-40bf-8358-1d17-fff240d7fb12"
      ],
      "SpeakerCharacter": {
        "DisplayName": "Lae'zel",
        "Type": "character",
        "MapKey": "58a69333-40bf-8358-1d17-fff240d7fb12",
        "Name": "S_Player_Laezel",
        "ParentTemplateId": null,
        "TemplateName": "3a0351bd-0b2f-4fbf-84a6-30ad80bb3100"
      },
      "SpeakerGroupName": null
    },
    "1": {
      "IsPeanutSpeaker": false,
      "SpeakerMappingId": "5b1c3975-262a-6706-9b0c-fb97fcbc5522",
      "Index": 1,
      "List": [
        "e0d1ff71-04a8-4340-ae64-9684d846eb83"
      ],
      "SpeakerCharacter": {
        "DisplayName": "Player",
        "Type": "character",
        "MapKey": "e2badbf0-159a-4ef5-9e73-7bbeb3d1015a",
        "Name": "S_GLO_CharacterCreationDummy_001",
        "ParentTemplateId": null,
        "TemplateName": "fd7f2707-8f86-4836-bda8-e0db99c389cc"
      },
      "SpeakerGroupName": "GROUP_Players"
    }
  },
  "Synopsis": "A random combat was dragged up to Lae'zel Recruitment (bandits, brains, etc.); Lae'zel is still in the cage. She says  this AD only once, after a player's turn."
}