{
  "Path": "Mods/Gustav/Story/Dialogs/Act1/Chapel/CHA_Crypt_AD_JergalInsideTomb.lsj",
  "UUID": "ad24e5aa-a9f1-406f-be00-c7ce04793755",
  "Category": "Repeated automated NPC Dialog",
  "DefaultAddressedSpeakers": {
    "0": -1
  },
  "RootNodes": [
    "763d2f35-7479-ce8d-eeb4-0db9955a256c"
  ],
  "Nodes": {
    "763d2f35-7479-ce8d-eeb4-0db9955a256c": {
      "UUID": "763d2f35-7479-ce8d-eeb4-0db9955a256c",
      "Constructor": "TagGreeting",
      "EndNode": true,
      "Root": true,
      "ShowOnce": false,
      "SpeakerNo": 0,
      "AddressedSpeaker": 0,
      "Children": [],
      "CheckFlags": [],
      "SetFlags": [],
      "TaggedTextList": [
        {
          "HasTagRule": false,
          "RuleGroup": {
            "TagCombineOp": 0,
            "Rules": [],
            "RuleString": ""
          },
          "TagTexts": [
            {
              "LineId": "279c5412-7ed6-e67b-2c60-1a5e57906363",
              "Text": {
                "Handle": "h676d86afge43fg4236gae60g3c18ab06bf3a",
                "Value": "Dost thou think to rush fate? See to the dead first."
              }
            }
          ]
        }
      ],
      "EditorData": {
        "AnimationTags": "",
        "Attitude": "Default",
        "CinematicNodeContext": "",
        "CinematicObjects": "",
        "CustomCineArtKeysPresent": "False",
        "CustomLightingPresent": "False",
        "CustomSoundPresent": "False",
        "CustomVFXPresent": "False",
        "Emotion": "Default",
        "ForceDisableIsCustomNode": "False",
        "ID": "N1",
        "InternalNodeContext": "",
        "IsCustomNode": "False",
        "MusicTags": "",
        "NodeContext": "",
        "Quality": "Bronze",
        "SFXTags": "",
        "StateChangeTags": "",
        "TemplateNodeUUID": "00000000-0000-0000-0000-000000000000",
        "TemplateVersion": "0",
        "VFXTags": "",
        "collapsed": "False",
        "logicalname": "Greeting",
        "position": "15;15",
        "sourcetemplate": ""
      }
    }
  },
  "SpeakerDict": {
    "0": {
      "IsPeanutSpeaker": false,
      "SpeakerMappingId": "b2e2293f-a95b-5c0c-a2cf-37544ba4fcff",
      "Index": 0,
      "List": [
        "0a4e73ea-a217-4a23-8c4e-1844e93a5ad7"
      ],
      "SpeakerCharacter": {
        "DisplayName": "Richly Adorned Sarcophagus",
        "Type": "item",
        "MapKey": "0a4e73ea-a217-4a23-8c4e-1844e93a5ad7",
        "Name": "S_CHA_TrappedTomb_Lid_Artefact",
        "ParentTemplateId": null,
        "TemplateName": "38fb0ef8-b971-4f2e-97ed-4678a3f5e170"
      },
      "SpeakerGroupName": null
    }
  },
  "Synopsis": "Jergal reacts to a player touching his sarcophagus when his servants (the skeletal clerics) have not yet been killed. "
}