{
  "Path": "Mods/Gustav/Story/Dialogs/Act1/Chapel/CHA_Crypt_AD_BanditLockpickerFoundDeadBandit.lsj",
  "UUID": "9372b569-024e-9f35-f8da-ffa5ef5a6268",
  "Category": "Automated NPC Dialog",
  "DefaultAddressedSpeakers": {
    "0": -1
  },
  "RootNodes": [
    "64bb55e1-43bb-57e1-ae39-49db30cbca43"
  ],
  "Nodes": {
    "64bb55e1-43bb-57e1-ae39-49db30cbca43": {
      "UUID": "64bb55e1-43bb-57e1-ae39-49db30cbca43",
      "Constructor": "TagGreeting",
      "EndNode": true,
      "Root": true,
      "ShowOnce": false,
      "SpeakerNo": 0,
      "AddressedSpeaker": 0,
      "Children": [],
      "CheckFlags": [],
      "SetFlags": [],
      "TaggedTextList": [
        {
          "HasTagRule": false,
          "RuleGroup": {
            "TagCombineOp": 0,
            "Rules": [],
            "RuleString": ""
          },
          "TagTexts": [
            {
              "LineId": "8bad9bca-efb3-d0f1-72c5-b38b5420de38",
              "Text": {
                "Handle": "hd8edcc8ag990bg40edg8be7g80f3b7f8f7e5",
                "Value": "Barton? Oh gods, somebody killed Barton!"
              }
            }
          ]
        }
      ],
      "EditorData": {
        "AnimationTags": "",
        "Attitude": "Default",
        "CinematicNodeContext": "",
        "CinematicObjects": "",
        "CustomCineArtKeysPresent": "False",
        "CustomLightingPresent": "False",
        "CustomSoundPresent": "False",
        "CustomVFXPresent": "False",
        "Emotion": "Anger",
        "ForceDisableIsCustomNode": "False",
        "ID": "N1",
        "InternalNodeContext": "",
        "IsCustomNode": "False",
        "MusicTags": "",
        "NodeContext": "just found a dead friend - Barton - and is furious as she starts to hunt for the killer",
        "Quality": "Bronze",
        "SFXTags": "",
        "StateChangeTags": "",
        "TemplateNodeUUID": "00000000-0000-0000-0000-000000000000",
        "TemplateVersion": "0",
        "VFXTags": "",
        "collapsed": "False",
        "logicalname": "Greeting",
        "position": "15;15",
        "sourcetemplate": ""
      }
    }
  },
  "SpeakerDict": {
    "0": {
      "IsPeanutSpeaker": false,
      "SpeakerMappingId": "4a2d97db-8a9a-901a-fbf9-362914de7531",
      "Index": 0,
      "List": [
        "8409e274-4a4a-4de6-b34c-e701847ed86e"
      ],
      "SpeakerCharacter": {
        "DisplayName": "Mari",
        "Type": "character",
        "MapKey": "8409e274-4a4a-4de6-b34c-e701847ed86e",
        "Name": "S_CHA_FL1_BanditLockpick",
        "ParentTemplateId": null,
        "TemplateName": "fd9a7b67-8f7d-40e3-a38d-3698e2c7d317"
      },
      "SpeakerGroupName": null
    }
  },
  "Synopsis": "A bandit in an abandoned chapel finds one of her companions dead"
}