{
  "Path": "Mods/Gustav/Story/Dialogs/Act1/Chapel/CHA_Crypt_AD_BanditLockpickerOpenDoor.lsj",
  "UUID": "2d17b113-94e0-6738-68e7-cf2bd07f1387",
  "Category": "Automated NPC Dialog",
  "DefaultAddressedSpeakers": {
    "0": -1
  },
  "RootNodes": [
    "beac63b8-0753-d573-79ef-5d3e2713f7d8"
  ],
  "Nodes": {
    "beac63b8-0753-d573-79ef-5d3e2713f7d8": {
      "UUID": "beac63b8-0753-d573-79ef-5d3e2713f7d8",
      "Constructor": "TagGreeting",
      "EndNode": true,
      "Root": true,
      "ShowOnce": false,
      "SpeakerNo": 0,
      "AddressedSpeaker": 0,
      "Children": [],
      "CheckFlags": [],
      "SetFlags": [],
      "TaggedTextList": [
        {
          "HasTagRule": false,
          "RuleGroup": {
            "TagCombineOp": 0,
            "Rules": [],
            "RuleString": ""
          },
          "TagTexts": [
            {
              "LineId": "020e149a-aac2-5210-4175-aed8d4df6be6",
              "Text": {
                "Handle": "h7a461806gd4e2g47ffga530gbdb76b170e18",
                "Value": "It's... open? Could've <i>sworn</i> I hadn't cracked it."
              }
            }
          ]
        }
      ],
      "EditorData": {
        "AnimationTags": "",
        "Attitude": "Default",
        "CinematicNodeContext": "",
        "CinematicObjects": "",
        "CustomCineArtKeysPresent": "False",
        "CustomLightingPresent": "False",
        "CustomSoundPresent": "False",
        "CustomVFXPresent": "False",
        "Emotion": "Default",
        "ForceDisableIsCustomNode": "False",
        "ID": "N1",
        "InternalNodeContext": "",
        "IsCustomNode": "False",
        "MusicTags": "",
        "NodeContext": "",
        "Quality": "Bronze",
        "SFXTags": "",
        "StateChangeTags": "",
        "TemplateNodeUUID": "00000000-0000-0000-0000-000000000000",
        "TemplateVersion": "0",
        "VFXTags": "",
        "collapsed": "False",
        "logicalname": "Greeting",
        "position": "15;15",
        "sourcetemplate": ""
      }
    }
  },
  "SpeakerDict": {
    "0": {
      "IsPeanutSpeaker": false,
      "SpeakerMappingId": "3ef7b8c9-dbe5-0b77-b5a4-b66eda9c0a48",
      "Index": 0,
      "List": [
        "8409e274-4a4a-4de6-b34c-e701847ed86e"
      ],
      "SpeakerCharacter": {
        "DisplayName": "Mari",
        "Type": "character",
        "MapKey": "8409e274-4a4a-4de6-b34c-e701847ed86e",
        "Name": "S_CHA_FL1_BanditLockpick",
        "ParentTemplateId": null,
        "TemplateName": "fd9a7b67-8f7d-40e3-a38d-3698e2c7d317"
      },
      "SpeakerGroupName": null
    }
  },
  "Synopsis": "Mari realises that the door she was trying to unlock is suddenly opened, but she has not unlocked it."
}