{
  "Path": "Mods/Gustav/Story/Dialogs/Act1/Chapel/CHA_Crypt_AD_BanditSanctumSpotting.lsj",
  "UUID": "0d7ce12c-758a-bc02-1351-503819f671fc",
  "Category": "Automated NPC Dialog",
  "DefaultAddressedSpeakers": {
    "0": -1
  },
  "RootNodes": [
    "0e01675b-8ab3-2570-9a3f-445c04848dbb"
  ],
  "Nodes": {
    "0e01675b-8ab3-2570-9a3f-445c04848dbb": {
      "UUID": "0e01675b-8ab3-2570-9a3f-445c04848dbb",
      "Constructor": "TagGreeting",
      "EndNode": true,
      "Root": true,
      "ShowOnce": false,
      "SpeakerNo": 0,
      "AddressedSpeaker": 0,
      "Children": [],
      "CheckFlags": [],
      "SetFlags": [],
      "TaggedTextList": [
        {
          "HasTagRule": false,
          "RuleGroup": {
            "TagCombineOp": 0,
            "Rules": [],
            "RuleString": ""
          },
          "TagTexts": [
            {
              "LineId": "fae88866-1005-adf5-b3da-650159c6be78",
              "Text": {
                "Handle": "hee1f85eag5dc7g48begb70dge062c4687f2c",
                "Value": "Clear off - we got here <i>first</i>!"
              }
            }
          ]
        }
      ],
      "EditorData": {
        "AnimationTags": "",
        "Attitude": "Default",
        "CinematicNodeContext": "",
        "CinematicObjects": "",
        "CustomCineArtKeysPresent": "False",
        "CustomLightingPresent": "False",
        "CustomSoundPresent": "False",
        "CustomVFXPresent": "False",
        "Emotion": "Anger",
        "ForceDisableIsCustomNode": "False",
        "ID": "N1",
        "InternalNodeContext": "",
        "IsCustomNode": "False",
        "MusicTags": "",
        "NodeContext": "seeing a threat, preparing to attack",
        "Quality": "Bronze",
        "SFXTags": "",
        "StateChangeTags": "",
        "TemplateNodeUUID": "00000000-0000-0000-0000-000000000000",
        "TemplateVersion": "0",
        "VFXTags": "",
        "collapsed": "False",
        "logicalname": "Greeting",
        "position": "15;15",
        "sourcetemplate": ""
      }
    }
  },
  "SpeakerDict": {
    "0": {
      "IsPeanutSpeaker": false,
      "SpeakerMappingId": "4d9f1566-a866-43bd-fdac-60a151e534da",
      "Index": 0,
      "List": [
        "f0945b85-3cfe-4312-b49a-3741b1f0bfc7"
      ],
      "SpeakerCharacter": {
        "DisplayName": "Barton",
        "Type": "character",
        "MapKey": "f0945b85-3cfe-4312-b49a-3741b1f0bfc7",
        "Name": "S_CHA_FL1_BanditSanctum",
        "ParentTemplateId": null,
        "TemplateName": "b7f6f34b-07e6-4bcc-a4bc-023b25fb6e84"
      },
      "SpeakerGroupName": null
    }
  },
  "Synopsis": "The bandit in the chapel's inner sanctum spots the player and starts combat."
}