{
  "Path": "Mods/Gustav/Story/Dialogs/Act1/Chapel/CHA_Outside_EntranceDoor.lsj",
  "UUID": "f41b1e4a-9505-21a5-6843-86b21787cbb2",
  "Category": "Generic NPC Dialog",
  "DefaultAddressedSpeakers": {
    "0": -1,
    "1": -1,
    "2": -1
  },
  "RootNodes": [
    "eb02463d-7706-9841-4eca-87ba98b9b2bb"
  ],
  "Nodes": {
    "047b3381-d142-fb10-2b80-900a65fcf084": {
      "RollAdvantageReason": null,
      "RollAbility": "Charisma",
      "RollAdvantage": 0,
      "RollType": "SkillCheck",
      "DifficultyClassID": "8d398021-34e0-40b9-b7b2-0445f38a4c0b",
      "DifficultyClassValue": 5,
      "UUID": "047b3381-d142-fb10-2b80-900a65fcf084",
      "Constructor": "ActiveRoll",
      "EndNode": false,
      "Root": false,
      "ShowOnce": true,
      "SpeakerNo": 1,
      "AddressedSpeaker": 0,
      "Children": [
        "8775525f-dd84-694e-d37b-ae6385a7f4e0",
        "0905f0e2-52a6-1839-d5fb-3b409b697856"
      ],
      "CheckFlags": [],
      "SetFlags": [],
      "TaggedTextList": [
        {
          "HasTagRule": true,
          "RuleGroup": {
            "TagCombineOp": 0,
            "Rules": [
              {
                "HasChildRules": false,
                "TagCombineOp": 1,
                "Tags": [
                  "d93434bd-6b71-4789-b128-ee24156057cc",
                  "1f0551f3-d769-47a9-b02b-5d3a8c51978c"
                ],
                "TagNames": [
                  "BARD",
                  "GNOME"
                ]
              }
            ],
            "RuleString": "BARD or GNOME"
          },
          "TagTexts": [
            {
              "LineId": "7da82f06-175c-9299-d19f-4254b17fffbe",
              "Text": {
                "Handle": "h40445cc9g96f5g499cg8504ga916915ee539",
                "Value": "Yes, it's me. Lemme in!"
              }
            }
          ]
        }
      ],
      "EditorData": {
        "AnimationTags": "",
        "Attitude": "Default",
        "CinematicNodeContext": "",
        "CinematicObjects": "",
        "CustomCineArtKeysPresent": "False",
        "CustomLightingPresent": "False",
        "CustomSoundPresent": "False",
        "CustomVFXPresent": "False",
        "Emotion": "Default",
        "ForceDisableIsCustomNode": "False",
        "ID": "N135",
        "InternalNodeContext": "",
        "IsCustomNode": "False",
        "MusicTags": "",
        "NodeContext": "",
        "Quality": "Bronze",
        "SFXTags": "",
        "StateChangeTags": "",
        "TemplateNodeUUID": "00000000-0000-0000-0000-000000000000",
        "TemplateVersion": "0",
        "VFXTags": "",
        "collapsed": "False",
        "logicalname": "Gnome / Bard",
        "position": "335;672",
        "sourcetemplate": ""
      }
    },
    "0905f0e2-52a6-1839-d5fb-3b409b697856": {
      "RollSuccess": false,
      "UUID": "0905f0e2-52a6-1839-d5fb-3b409b697856",
      "Constructor": "RollResult",
      "EndNode": false,
      "Root": false,
      "ShowOnce": false,
      "SpeakerNo": 0,
      "AddressedSpeaker": 0,
      "Children": [
        "3af95571-10d3-70d5-88f3-20c523f64efc"
      ],
      "CheckFlags": [],
      "SetFlags": [],
      "TaggedTextList": [],
      "EditorData": {
        "ID": "N14",
        "TemplateNodeUUID": "00000000-0000-0000-0000-000000000000",
        "TemplateVersion": "0",
        "collapsed": "False",
        "logicalname": "Roll Result",
        "position": "655;891",
        "sourcetemplate": ""
      }
    },
    "110f55f7-4ef1-d6c1-c27f-ab9adc92587e": {
      "UUID": "110f55f7-4ef1-d6c1-c27f-ab9adc92587e",
      "Constructor": "TagQuestion",
      "EndNode": false,
      "Root": false,
      "ShowOnce": true,
      "SpeakerNo": 1,
      "AddressedSpeaker": 0,
      "Children": [
        "3c67c808-0fac-6c44-4b20-7b9871740f67"
      ],
      "CheckFlags": [
        {
          "Flags": [
            {
              "UUID": "c61f7816-570e-4012-a10a-3a6d63c77608",
              "value": true,
              "paramval": null,
              "Name": "CHA_Outside_Event_BanditsPermaDefeated"
            }
          ],
          "Type": "Global"
        }
      ],
      "SetFlags": [
        {
          "Flags": [
            {
              "UUID": "2d969355-6b6c-4cf9-980d-329dcdd4d2ad",
              "value": true,
              "paramval": null,
              "Name": "CHA_Outside_Event_DoorGuardAfraid"
            }
          ],
          "Type": "Global"
        }
      ],
      "TaggedTextList": [
        {
          "HasTagRule": false,
          "RuleGroup": {
            "TagCombineOp": 0,
            "Rules": [],
            "RuleString": ""
          },
          "TagTexts": [
            {
              "LineId": "b60ee818-d190-627b-d5a8-f98b731745b8",
              "Text": {
                "Handle": "h165a3857ga1aag4b19gbcc4g15928cab9620",
                "Value": "I killed your friends - now I'm here for you."
              }
            }
          ]
        }
      ],
      "EditorData": {
        "AnimationTags": "",
        "Attitude": "Default",
        "CinematicNodeContext": "",
        "CinematicObjects": "",
        "CustomCineArtKeysPresent": "False",
        "CustomLightingPresent": "False",
        "CustomSoundPresent": "False",
        "CustomVFXPresent": "False",
        "Emotion": "Default",
        "ForceDisableIsCustomNode": "False",
        "ID": "N5",
        "InternalNodeContext": "",
        "IsCustomNode": "False",
        "MusicTags": "",
        "NodeContext": "",
        "Quality": "Bronze",
        "SFXTags": "",
        "StateChangeTags": "",
        "TemplateNodeUUID": "00000000-0000-0000-0000-000000000000",
        "TemplateVersion": "0",
        "VFXTags": "",
        "collapsed": "False",
        "logicalname": "Question",
        "position": "335;234",
        "sourcetemplate": ""
      }
    },
    "1a4f8fed-134e-c827-c88c-5c58f8709030": {
      "UUID": "1a4f8fed-134e-c827-c88c-5c58f8709030",
      "Constructor": "TagQuestion",
      "EndNode": false,
      "Root": false,
      "ShowOnce": true,
      "SpeakerNo": 1,
      "AddressedSpeaker": 0,
      "Children": [
        "986cc80e-b8e0-d23d-42c3-8bd7c8a9cf5b"
      ],
      "CheckFlags": [],
      "SetFlags": [
        {
          "Flags": [
            {
              "UUID": "2d969355-6b6c-4cf9-980d-329dcdd4d2ad",
              "value": true,
              "paramval": null,
              "Name": "CHA_Outside_Event_DoorGuardAfraid"
            }
          ],
          "Type": "Global"
        }
      ],
      "TaggedTextList": [
        {
          "HasTagRule": false,
          "RuleGroup": {
            "TagCombineOp": 0,
            "Rules": [],
            "RuleString": ""
          },
          "TagTexts": [
            {
              "LineId": "1150b9fd-4a9b-4c9e-b64f-c1dafbb322bc",
              "Text": {
                "Handle": "h052701a5g9928g434dg9fabgdab4be844dee",
                "Value": "Let me in, <i>now.</i>"
              }
            }
          ]
        }
      ],
      "EditorData": {
        "AnimationTags": "",
        "Attitude": "Default",
        "CinematicNodeContext": "",
        "CinematicObjects": "",
        "CustomCineArtKeysPresent": "False",
        "CustomLightingPresent": "False",
        "CustomSoundPresent": "False",
        "CustomVFXPresent": "False",
        "Emotion": "Default",
        "ForceDisableIsCustomNode": "False",
        "ID": "N136",
        "InternalNodeContext": "",
        "IsCustomNode": "False",
        "MusicTags": "",
        "NodeContext": "",
        "Quality": "Bronze",
        "SFXTags": "",
        "StateChangeTags": "",
        "TemplateNodeUUID": "00000000-0000-0000-0000-000000000000",
        "TemplateVersion": "0",
        "VFXTags": "",
        "collapsed": "False",
        "logicalname": "Question",
        "position": "335;-204",
        "sourcetemplate": ""
      }
    },
    "1a71d351-5554-a566-5c9d-8417671dd0ef": {
      "RollSuccess": true,
      "UUID": "1a71d351-5554-a566-5c9d-8417671dd0ef",
      "Constructor": "RollResult",
      "EndNode": false,
      "Root": false,
      "ShowOnce": false,
      "SpeakerNo": 0,
      "AddressedSpeaker": 0,
      "Children": [
        "fe082375-ba75-bac8-96c5-6d582e4d8b89"
      ],
      "CheckFlags": [],
      "SetFlags": [],
      "TaggedTextList": [],
      "EditorData": {
        "ID": "N29",
        "TemplateNodeUUID": "00000000-0000-0000-0000-000000000000",
        "TemplateVersion": "0",
        "collapsed": "False",
        "logicalname": "Roll Result",
        "position": "655;1110",
        "sourcetemplate": ""
      }
    },
    "3af95571-10d3-70d5-88f3-20c523f64efc": {
      "UUID": "3af95571-10d3-70d5-88f3-20c523f64efc",
      "Constructor": "TagAnswer",
      "EndNode": false,
      "Root": false,
      "ShowOnce": false,
      "SpeakerNo": 0,
      "AddressedSpeaker": 0,
      "Children": [
        "b71925c3-3ac5-2308-113d-bc906270a7e4"
      ],
      "CheckFlags": [],
      "SetFlags": [
        {
          "Flags": [
            {
              "UUID": "2d969355-6b6c-4cf9-980d-329dcdd4d2ad",
              "value": true,
              "paramval": null,
              "Name": "CHA_Outside_Event_DoorGuardAfraid"
            }
          ],
          "Type": "Global"
        }
      ],
      "TaggedTextList": [
        {
          "HasTagRule": false,
          "RuleGroup": {
            "TagCombineOp": 0,
            "Rules": [],
            "RuleString": ""
          },
          "TagTexts": [
            {
              "LineId": "6d86652c-58b6-fb26-3040-03bf13325965",
              "Text": {
                "Handle": "h1dca7627gf5c6g4b3ag9736gbb6c07da5594",
                "Value": "Think I'm stupid? Don't know who you are, or what you've done with the boss..."
              }
            }
          ]
        }
      ],
      "EditorData": {
        "AnimationTags": "",
        "Attitude": "Default",
        "CinematicNodeContext": "",
        "CinematicObjects": "",
        "CustomCineArtKeysPresent": "False",
        "CustomLightingPresent": "False",
        "CustomSoundPresent": "False",
        "CustomVFXPresent": "False",
        "Emotion": "Default",
        "ForceDisableIsCustomNode": "False",
        "ID": "N15",
        "InternalNodeContext": "",
        "IsCustomNode": "False",
        "MusicTags": "",
        "NodeContext": "Speaking to players through a locked door. PLayer just tried to imitate his boss - a bandit leader - and he saw through the deception. He's not going to let them inside and is a little bit concerned about what's happened to his boss.",
        "Quality": "Bronze",
        "SFXTags": "",
        "StateChangeTags": "",
        "TemplateNodeUUID": "00000000-0000-0000-0000-000000000000",
        "TemplateVersion": "0",
        "VFXTags": "",
        "collapsed": "False",
        "logicalname": "Answer",
        "position": "975;891",
        "sourcetemplate": ""
      }
    },
    "3c67c808-0fac-6c44-4b20-7b9871740f67": {
      "UUID": "3c67c808-0fac-6c44-4b20-7b9871740f67",
      "Constructor": "TagAnswer",
      "EndNode": true,
      "Root": false,
      "ShowOnce": false,
      "SpeakerNo": 0,
      "AddressedSpeaker": 0,
      "Children": [],
      "CheckFlags": [],
      "SetFlags": [],
      "TaggedTextList": [
        {
          "HasTagRule": false,
          "RuleGroup": {
            "TagCombineOp": 0,
            "Rules": [],
            "RuleString": ""
          },
          "TagTexts": [
            {
              "LineId": "1d2c27fa-7264-2d2f-d19d-e1a48084d2ef",
              "Text": {
                "Handle": "h935cbb84g47eeg4259g8f3dg94320bbbabf4",
                "Value": "Yeah? I've got plenty more friends - come in here and you can meet 'em..."
              }
            }
          ]
        }
      ],
      "EditorData": {
        "AnimationTags": "",
        "Attitude": "Default",
        "CinematicNodeContext": "",
        "CinematicObjects": "",
        "CustomCineArtKeysPresent": "True",
        "CustomLightingPresent": "False",
        "CustomSoundPresent": "False",
        "CustomVFXPresent": "False",
        "Emotion": "Default",
        "ForceDisableIsCustomNode": "False",
        "ID": "N10",
        "InternalNodeContext": "",
        "IsCustomNode": "False",
        "MusicTags": "",
        "NodeContext": "Speaking to players through a locked door. Just found out his friends have been 'dealt with' by the player but feels relatively safe behind the door and is threatening. With a hint of bluffing.",
        "Quality": "Bronze",
        "SFXTags": "",
        "StateChangeTags": "",
        "TemplateNodeUUID": "00000000-0000-0000-0000-000000000000",
        "TemplateVersion": "0",
        "VFXTags": "",
        "collapsed": "False",
        "logicalname": "Answer",
        "position": "655;234",
        "sourcetemplate": ""
      }
    },
    "3e2529cd-ba7f-b28b-0465-40ceee7b0170": {
      "RollAdvantageReason": null,
      "RollAbility": "Charisma",
      "RollAdvantage": 0,
      "RollType": "SkillCheck",
      "DifficultyClassID": "fa621d38-6f83-4e42-a55c-6aa651a75d46",
      "DifficultyClassValue": 10,
      "UUID": "3e2529cd-ba7f-b28b-0465-40ceee7b0170",
      "Constructor": "ActiveRoll",
      "EndNode": false,
      "Root": false,
      "ShowOnce": true,
      "SpeakerNo": 1,
      "AddressedSpeaker": 0,
      "Children": [
        "8775525f-dd84-694e-d37b-ae6385a7f4e0",
        "0905f0e2-52a6-1839-d5fb-3b409b697856"
      ],
      "CheckFlags": [
        {
          "Flags": [
            {
              "UUID": "1f0551f3-d769-47a9-b02b-5d3a8c51978c",
              "value": false,
              "paramval": 1,
              "Name": "GNOME"
            },
            {
              "UUID": "d93434bd-6b71-4789-b128-ee24156057cc",
              "value": false,
              "paramval": 1,
              "Name": "BARD"
            }
          ],
          "Type": "Tag"
        }
      ],
      "SetFlags": [],
      "TaggedTextList": [
        {
          "HasTagRule": false,
          "RuleGroup": {
            "TagCombineOp": 0,
            "Rules": [],
            "RuleString": ""
          },
          "TagTexts": [
            {
              "LineId": "c051ffa9-90b2-34ad-3ff7-ded10f22a1df",
              "Text": {
                "Handle": "h16c41fe0g574cg489cg9adcge62ab4467965",
                "Value": "Yes, it's me. Let me in!"
              }
            }
          ]
        }
      ],
      "EditorData": {
        "AnimationTags": "",
        "Attitude": "Default",
        "CinematicNodeContext": "",
        "CinematicObjects": "",
        "CustomCineArtKeysPresent": "False",
        "CustomLightingPresent": "False",
        "CustomSoundPresent": "False",
        "CustomVFXPresent": "False",
        "Emotion": "Default",
        "ForceDisableIsCustomNode": "False",
        "ID": "N7",
        "InternalNodeContext": "",
        "IsCustomNode": "False",
        "MusicTags": "",
        "NodeContext": "",
        "Quality": "Bronze",
        "SFXTags": "",
        "StateChangeTags": "",
        "TemplateNodeUUID": "00000000-0000-0000-0000-000000000000",
        "TemplateVersion": "0",
        "VFXTags": "",
        "collapsed": "False",
        "logicalname": "Skill_Performance",
        "position": "335;891",
        "sourcetemplate": ""
      }
    },
    "775b0751-18ee-37c7-30dd-58bb6c005fe7": {
      "UUID": "775b0751-18ee-37c7-30dd-58bb6c005fe7",
      "Constructor": "TagAnswer",
      "EndNode": true,
      "Root": false,
      "ShowOnce": false,
      "SpeakerNo": 0,
      "AddressedSpeaker": 0,
      "Children": [],
      "CheckFlags": [],
      "SetFlags": [],
      "TaggedTextList": [
        {
          "HasTagRule": false,
          "RuleGroup": {
            "TagCombineOp": 0,
            "Rules": [],
            "RuleString": ""
          },
          "TagTexts": [
            {
              "LineId": "5994399f-028e-3b8b-db23-5a3f72739b39",
              "Text": {
                "Handle": "h1ed584aeg97d2g433bgad73g96baca6ff5a3",
                "Value": "But I've got plenty of friends who <i>ain't</i> soft. Come in here and you can meet 'em..."
              }
            }
          ]
        }
      ],
      "EditorData": {
        "AnimationTags": "",
        "Attitude": "Default",
        "CinematicNodeContext": "",
        "CinematicObjects": "",
        "CustomCineArtKeysPresent": "True",
        "CustomLightingPresent": "False",
        "CustomSoundPresent": "False",
        "CustomVFXPresent": "False",
        "Emotion": "Default",
        "ForceDisableIsCustomNode": "False",
        "ID": "N102",
        "InternalNodeContext": "",
        "IsCustomNode": "False",
        "MusicTags": "",
        "NodeContext": "Speaking to players through a locked door. Just found out players scared his friends away, but he's threatening rather than scared. But he's also bluffing.",
        "Quality": "Bronze",
        "SFXTags": "",
        "StateChangeTags": "",
        "TemplateNodeUUID": "00000000-0000-0000-0000-000000000000",
        "TemplateVersion": "0",
        "VFXTags": "",
        "collapsed": "False",
        "logicalname": "Answer",
        "position": "975;15",
        "sourcetemplate": ""
      }
    },
    "8775525f-dd84-694e-d37b-ae6385a7f4e0": {
      "RollSuccess": true,
      "UUID": "8775525f-dd84-694e-d37b-ae6385a7f4e0",
      "Constructor": "RollResult",
      "EndNode": false,
      "Root": false,
      "ShowOnce": false,
      "SpeakerNo": 0,
      "AddressedSpeaker": 0,
      "Children": [
        "94a8cdc3-5815-2aea-cda5-b2af21544498"
      ],
      "CheckFlags": [],
      "SetFlags": [],
      "TaggedTextList": [],
      "EditorData": {
        "ID": "N12",
        "TemplateNodeUUID": "00000000-0000-0000-0000-000000000000",
        "TemplateVersion": "0",
        "collapsed": "False",
        "logicalname": "Roll Result",
        "position": "655;672",
        "sourcetemplate": ""
      }
    },
    "8d02cb66-caca-a34f-8aeb-eaa6fcdafa61": {
      "UUID": "8d02cb66-caca-a34f-8aeb-eaa6fcdafa61",
      "Constructor": "TagQuestion",
      "EndNode": true,
      "Root": false,
      "ShowOnce": true,
      "SpeakerNo": 1,
      "AddressedSpeaker": 0,
      "Children": [],
      "CheckFlags": [],
      "SetFlags": [],
      "TaggedTextList": [
        {
          "HasTagRule": false,
          "RuleGroup": {
            "TagCombineOp": 0,
            "Rules": [],
            "RuleString": ""
          },
          "TagTexts": [
            {
              "LineId": "e7fd6403-506c-598b-e15f-56ed781a11e3",
              "Text": {
                "Handle": "hce6ebc82g240fg42fagb9d0g7807f2a8b0ef",
                "Value": "<i>Leave.</i>"
              }
            }
          ]
        }
      ],
      "EditorData": {
        "AnimationTags": "",
        "Attitude": "Default",
        "CinematicNodeContext": "",
        "CinematicObjects": "",
        "CustomCineArtKeysPresent": "False",
        "CustomLightingPresent": "False",
        "CustomSoundPresent": "False",
        "CustomVFXPresent": "False",
        "Emotion": "Default",
        "ForceDisableIsCustomNode": "False",
        "ID": "N91",
        "InternalNodeContext": "",
        "IsCustomNode": "False",
        "MusicTags": "",
        "NodeContext": "",
        "Quality": "Bronze",
        "SFXTags": "",
        "StateChangeTags": "",
        "TemplateNodeUUID": "00000000-0000-0000-0000-000000000000",
        "TemplateVersion": "0",
        "VFXTags": "",
        "collapsed": "False",
        "logicalname": "Question",
        "position": "335;1548",
        "sourcetemplate": ""
      }
    },
    "9270ce99-73fb-2a82-5391-b2b4d6664813": {
      "UUID": "9270ce99-73fb-2a82-5391-b2b4d6664813",
      "Constructor": "TagAnswer",
      "EndNode": false,
      "Root": false,
      "ShowOnce": false,
      "SpeakerNo": 0,
      "AddressedSpeaker": 0,
      "Children": [
        "775b0751-18ee-37c7-30dd-58bb6c005fe7"
      ],
      "CheckFlags": [],
      "SetFlags": [],
      "TaggedTextList": [
        {
          "HasTagRule": false,
          "RuleGroup": {
            "TagCombineOp": 0,
            "Rules": [],
            "RuleString": ""
          },
          "TagTexts": [
            {
              "LineId": "bb6fbf49-f253-8f7b-fbd6-a77c850c2e3a",
              "Text": {
                "Handle": "h23753aa3g01b4g4bdfg8756g4627399709fb",
                "Value": "Yeah? That lot always were a bit soft."
              }
            }
          ]
        }
      ],
      "EditorData": {
        "AnimationTags": "",
        "Attitude": "Default",
        "CinematicNodeContext": "",
        "CinematicObjects": "",
        "CustomCineArtKeysPresent": "False",
        "CustomLightingPresent": "False",
        "CustomSoundPresent": "False",
        "CustomVFXPresent": "False",
        "Emotion": "Default",
        "ForceDisableIsCustomNode": "False",
        "ID": "N101",
        "InternalNodeContext": "",
        "IsCustomNode": "False",
        "MusicTags": "",
        "NodeContext": "Speaking to players through a locked door. He's just found out his friends have run away; he's not particularly surprised",
        "Quality": "Bronze",
        "SFXTags": "",
        "StateChangeTags": "",
        "TemplateNodeUUID": "00000000-0000-0000-0000-000000000000",
        "TemplateVersion": "0",
        "VFXTags": "",
        "collapsed": "False",
        "logicalname": "Answer",
        "position": "655;15",
        "sourcetemplate": ""
      }
    },
    "942ee97a-f8a8-3671-0ae7-848958dcdda1": {
      "UUID": "942ee97a-f8a8-3671-0ae7-848958dcdda1",
      "Constructor": "TagAnswer",
      "EndNode": false,
      "Root": false,
      "ShowOnce": false,
      "SpeakerNo": 0,
      "AddressedSpeaker": 0,
      "Children": [
        "edf0f504-0bcf-4743-1bd8-e3b90f6fef3c"
      ],
      "CheckFlags": [],
      "SetFlags": [
        {
          "Flags": [
            {
              "UUID": "2d969355-6b6c-4cf9-980d-329dcdd4d2ad",
              "value": true,
              "paramval": null,
              "Name": "CHA_Outside_Event_DoorGuardAfraid"
            }
          ],
          "Type": "Global"
        }
      ],
      "TaggedTextList": [
        {
          "HasTagRule": false,
          "RuleGroup": {
            "TagCombineOp": 0,
            "Rules": [],
            "RuleString": ""
          },
          "TagTexts": [
            {
              "LineId": "6d8ddacf-e9e8-6861-7458-c3011b9faec1",
              "Text": {
                "Handle": "h9a905fe6gffdcg452dg9079g02cad496a625",
                "Value": "Yeah? And who are you? Probably <i>your</i> trap that did him in..."
              }
            }
          ]
        }
      ],
      "EditorData": {
        "AnimationTags": "",
        "Attitude": "Default",
        "CinematicNodeContext": "",
        "CinematicObjects": "",
        "CustomCineArtKeysPresent": "False",
        "CustomLightingPresent": "False",
        "CustomSoundPresent": "False",
        "CustomVFXPresent": "False",
        "Emotion": "Default",
        "ForceDisableIsCustomNode": "False",
        "ID": "N33",
        "InternalNodeContext": "",
        "IsCustomNode": "False",
        "MusicTags": "",
        "NodeContext": "Speaking to players through a locked door. Player just tried to convince him his boss - a bandit leader - was injured by a trap. He's calling us out on the lie",
        "Quality": "Bronze",
        "SFXTags": "",
        "StateChangeTags": "",
        "TemplateNodeUUID": "00000000-0000-0000-0000-000000000000",
        "TemplateVersion": "0",
        "VFXTags": "",
        "collapsed": "False",
        "logicalname": "Answer",
        "position": "975;1329",
        "sourcetemplate": ""
      }
    },
    "94a8cdc3-5815-2aea-cda5-b2af21544498": {
      "UUID": "94a8cdc3-5815-2aea-cda5-b2af21544498",
      "Constructor": "TagAnswer",
      "EndNode": true,
      "Root": false,
      "ShowOnce": false,
      "SpeakerNo": 0,
      "AddressedSpeaker": 0,
      "Children": [],
      "CheckFlags": [],
      "SetFlags": [
        {
          "Flags": [
            {
              "UUID": "563a04db-2f33-4320-883d-d6eccb7e524b",
              "value": true,
              "paramval": null,
              "Name": "CHA_Outside_Event_DoorGuardConvinced"
            }
          ],
          "Type": "Global"
        }
      ],
      "TaggedTextList": [
        {
          "HasTagRule": false,
          "RuleGroup": {
            "TagCombineOp": 0,
            "Rules": [],
            "RuleString": ""
          },
          "TagTexts": [
            {
              "LineId": "8ce7cc5d-8a69-eded-25e3-6ba938fe5946",
              "Text": {
                "Handle": "hc6d45fc4g2456g493fgb5e1gcee6bcc87828",
                "Value": "You sound a bit shaken, boss. Hang on while I find the key..."
              }
            }
          ]
        }
      ],
      "EditorData": {
        "AnimationTags": "",
        "Attitude": "Default",
        "CinematicNodeContext": "",
        "CinematicObjects": "",
        "CustomCineArtKeysPresent": "False",
        "CustomLightingPresent": "False",
        "CustomSoundPresent": "False",
        "CustomVFXPresent": "False",
        "Emotion": "Default",
        "ForceDisableIsCustomNode": "False",
        "ID": "N16",
        "InternalNodeContext": "",
        "IsCustomNode": "False",
        "MusicTags": "",
        "NodeContext": "Speaking to players through a locked door. Player just claimed to be his 'boss' - a  bandit leader - and he's going to unlock the door to let them in",
        "Quality": "Bronze",
        "SFXTags": "",
        "StateChangeTags": "",
        "TemplateNodeUUID": "00000000-0000-0000-0000-000000000000",
        "TemplateVersion": "0",
        "VFXTags": "",
        "collapsed": "False",
        "logicalname": "Answer",
        "position": "975;672",
        "sourcetemplate": ""
      }
    },
    "986cc80e-b8e0-d23d-42c3-8bd7c8a9cf5b": {
      "JumpTarget": "3c67c808-0fac-6c44-4b20-7b9871740f67",
      "JumpTargetPoint": 1,
      "UUID": "986cc80e-b8e0-d23d-42c3-8bd7c8a9cf5b",
      "Constructor": "Jump",
      "EndNode": false,
      "Root": false,
      "ShowOnce": false,
      "SpeakerNo": 0,
      "AddressedSpeaker": 0,
      "Children": [],
      "CheckFlags": [],
      "SetFlags": [],
      "TaggedTextList": [],
      "EditorData": {
        "ID": "N137",
        "TemplateNodeUUID": "00000000-0000-0000-0000-000000000000",
        "TemplateVersion": "0",
        "collapsed": "False",
        "logicalname": "Jump",
        "position": "655;-204",
        "sourcetemplate": ""
      }
    },
    "b71925c3-3ac5-2308-113d-bc906270a7e4": {
      "UUID": "b71925c3-3ac5-2308-113d-bc906270a7e4",
      "Constructor": "TagAnswer",
      "EndNode": true,
      "Root": false,
      "ShowOnce": false,
      "SpeakerNo": 0,
      "AddressedSpeaker": 0,
      "Children": [],
      "CheckFlags": [],
      "SetFlags": [],
      "TaggedTextList": [
        {
          "HasTagRule": false,
          "RuleGroup": {
            "TagCombineOp": 0,
            "Rules": [],
            "RuleString": ""
          },
          "TagTexts": [
            {
              "LineId": "c9110d5a-d4a1-9c1c-f6bd-5d0bf56d05a2",
              "Text": {
                "Handle": "ha0939ec4g52feg419ag9aedgf00d41f8398f",
                "Value": "...but if you come through that door, you're getting a knife in the guts."
              }
            }
          ]
        }
      ],
      "EditorData": {
        "AnimationTags": "",
        "Attitude": "Default",
        "CinematicNodeContext": "",
        "CinematicObjects": "",
        "CustomCineArtKeysPresent": "True",
        "CustomLightingPresent": "False",
        "CustomSoundPresent": "False",
        "CustomVFXPresent": "False",
        "Emotion": "Default",
        "ForceDisableIsCustomNode": "False",
        "ID": "N88",
        "InternalNodeContext": "",
        "IsCustomNode": "False",
        "MusicTags": "",
        "NodeContext": "Speaking to players through a locked door. he's threatening the player, who just tried to convince him they're his boss unsusccessfully. He's bluffing a little bit and is more worried than he's letting on",
        "Quality": "Bronze",
        "SFXTags": "",
        "StateChangeTags": "",
        "TemplateNodeUUID": "00000000-0000-0000-0000-000000000000",
        "TemplateVersion": "0",
        "VFXTags": "",
        "collapsed": "False",
        "logicalname": "Answer",
        "position": "1295;891",
        "sourcetemplate": ""
      }
    },
    "be644a14-a619-76b5-b890-db57251b05b7": {
      "RollAdvantageReason": null,
      "RollAbility": "Charisma",
      "RollAdvantage": 0,
      "RollType": "SkillCheck",
      "DifficultyClassID": "fa621d38-6f83-4e42-a55c-6aa651a75d46",
      "DifficultyClassValue": 10,
      "UUID": "be644a14-a619-76b5-b890-db57251b05b7",
      "Constructor": "ActiveRoll",
      "EndNode": false,
      "Root": false,
      "ShowOnce": true,
      "SpeakerNo": 1,
      "AddressedSpeaker": 0,
      "Children": [
        "1a71d351-5554-a566-5c9d-8417671dd0ef",
        "dfd3c76e-17d2-983c-1237-3c788d2d2ec1"
      ],
      "CheckFlags": [],
      "SetFlags": [],
      "TaggedTextList": [
        {
          "HasTagRule": false,
          "RuleGroup": {
            "TagCombineOp": 0,
            "Rules": [],
            "RuleString": ""
          },
          "TagTexts": [
            {
              "LineId": "364e44b4-4c49-d8ce-84fa-fb5cc2c0ab04",
              "Text": {
                "Handle": "hcebf66d4g93c1g45b2gb77cg50713821b8e6",
                "Value": "Gimblebock triggered some trap. He needs help - now!"
              }
            }
          ]
        }
      ],
      "EditorData": {
        "AnimationTags": "",
        "Attitude": "Default",
        "CinematicNodeContext": "",
        "CinematicObjects": "",
        "CustomCineArtKeysPresent": "False",
        "CustomLightingPresent": "False",
        "CustomSoundPresent": "False",
        "CustomVFXPresent": "False",
        "Emotion": "Default",
        "ForceDisableIsCustomNode": "False",
        "ID": "N26",
        "InternalNodeContext": "",
        "IsCustomNode": "False",
        "MusicTags": "",
        "NodeContext": "",
        "Quality": "Bronze",
        "SFXTags": "",
        "StateChangeTags": "",
        "TemplateNodeUUID": "00000000-0000-0000-0000-000000000000",
        "TemplateVersion": "0",
        "VFXTags": "",
        "collapsed": "False",
        "logicalname": "",
        "position": "335;1110",
        "sourcetemplate": ""
      }
    },
    "dfd3c76e-17d2-983c-1237-3c788d2d2ec1": {
      "RollSuccess": false,
      "UUID": "dfd3c76e-17d2-983c-1237-3c788d2d2ec1",
      "Constructor": "RollResult",
      "EndNode": false,
      "Root": false,
      "ShowOnce": false,
      "SpeakerNo": 0,
      "AddressedSpeaker": 0,
      "Children": [
        "942ee97a-f8a8-3671-0ae7-848958dcdda1"
      ],
      "CheckFlags": [],
      "SetFlags": [],
      "TaggedTextList": [],
      "EditorData": {
        "ID": "N31",
        "TemplateNodeUUID": "00000000-0000-0000-0000-000000000000",
        "TemplateVersion": "0",
        "collapsed": "False",
        "logicalname": "Roll Result",
        "position": "655;1329",
        "sourcetemplate": ""
      }
    },
    "eb02463d-7706-9841-4eca-87ba98b9b2bb": {
      "UUID": "eb02463d-7706-9841-4eca-87ba98b9b2bb",
      "Constructor": "TagGreeting",
      "EndNode": false,
      "Root": true,
      "ShowOnce": false,
      "SpeakerNo": 0,
      "AddressedSpeaker": 0,
      "Children": [
        "1a4f8fed-134e-c827-c88c-5c58f8709030",
        "f492fcc6-2b67-c156-c8dc-e7d6c3a05080",
        "110f55f7-4ef1-d6c1-c27f-ab9adc92587e",
        "047b3381-d142-fb10-2b80-900a65fcf084",
        "3e2529cd-ba7f-b28b-0465-40ceee7b0170",
        "be644a14-a619-76b5-b890-db57251b05b7",
        "8d02cb66-caca-a34f-8aeb-eaa6fcdafa61"
      ],
      "CheckFlags": [],
      "SetFlags": [],
      "TaggedTextList": [
        {
          "HasTagRule": false,
          "RuleGroup": {
            "TagCombineOp": 0,
            "Rules": [],
            "RuleString": ""
          },
          "TagTexts": [
            {
              "LineId": "72f738b6-7979-0ac3-e256-a8d5ecdb5658",
              "Text": {
                "Handle": "h2562cf23ga9f3g48fbg9c1dg9a29f7d4fa50",
                "Value": "That you, Gimblebock? Everything all right out there?"
              }
            }
          ]
        }
      ],
      "EditorData": {
        "AnimationTags": "",
        "Attitude": "Default",
        "CinematicNodeContext": "",
        "CinematicObjects": "",
        "CustomCineArtKeysPresent": "False",
        "CustomLightingPresent": "False",
        "CustomSoundPresent": "False",
        "CustomVFXPresent": "False",
        "Emotion": "Default",
        "ForceDisableIsCustomNode": "False",
        "ID": "N1",
        "InternalNodeContext": "",
        "IsCustomNode": "False",
        "MusicTags": "",
        "NodeContext": "Speaking to players through a locked door. He's reacting to them trying to open it and thinks they're his accomplice, a gnome called Gimblebock (ɡɪmbəl-bock)",
        "Quality": "Bronze",
        "SFXTags": "",
        "StateChangeTags": "",
        "TemplateNodeUUID": "00000000-0000-0000-0000-000000000000",
        "TemplateVersion": "0",
        "VFXTags": "",
        "collapsed": "False",
        "logicalname": "Greeting",
        "position": "15;15",
        "sourcetemplate": ""
      }
    },
    "edf0f504-0bcf-4743-1bd8-e3b90f6fef3c": {
      "UUID": "edf0f504-0bcf-4743-1bd8-e3b90f6fef3c",
      "Constructor": "TagAnswer",
      "EndNode": true,
      "Root": false,
      "ShowOnce": false,
      "SpeakerNo": 0,
      "AddressedSpeaker": 0,
      "Children": [],
      "CheckFlags": [],
      "SetFlags": [],
      "TaggedTextList": [
        {
          "HasTagRule": false,
          "RuleGroup": {
            "TagCombineOp": 0,
            "Rules": [],
            "RuleString": ""
          },
          "TagTexts": [
            {
              "LineId": "50ed4ad6-00a7-83b1-d7bb-e38675a47ab3",
              "Text": {
                "Handle": "h6d7359b1g9708g4218gb7d9gc543e67057bd",
                "Value": "Come through that door, and you're getting a knife in the guts."
              }
            }
          ]
        }
      ],
      "EditorData": {
        "AnimationTags": "",
        "Attitude": "Default",
        "CinematicNodeContext": "",
        "CinematicObjects": "",
        "CustomCineArtKeysPresent": "True",
        "CustomLightingPresent": "False",
        "CustomSoundPresent": "False",
        "CustomVFXPresent": "False",
        "Emotion": "Default",
        "ForceDisableIsCustomNode": "False",
        "ID": "N89",
        "InternalNodeContext": "",
        "IsCustomNode": "False",
        "MusicTags": "",
        "NodeContext": "Speaking to players through a locked door. he's threatening the player, who just tried to convince him his boss - a bandit leader - was harmed by a trap. He's bluffing a little bit and is more worried than he's letting on",
        "Quality": "Bronze",
        "SFXTags": "",
        "StateChangeTags": "",
        "TemplateNodeUUID": "00000000-0000-0000-0000-000000000000",
        "TemplateVersion": "0",
        "VFXTags": "",
        "collapsed": "False",
        "logicalname": "Answer",
        "position": "1295;1329",
        "sourcetemplate": ""
      }
    },
    "f492fcc6-2b67-c156-c8dc-e7d6c3a05080": {
      "UUID": "f492fcc6-2b67-c156-c8dc-e7d6c3a05080",
      "Constructor": "TagQuestion",
      "EndNode": false,
      "Root": false,
      "ShowOnce": true,
      "SpeakerNo": 1,
      "AddressedSpeaker": 0,
      "Children": [
        "9270ce99-73fb-2a82-5391-b2b4d6664813"
      ],
      "CheckFlags": [
        {
          "Flags": [
            {
              "UUID": "afe707eb-108a-d6c0-3c32-69c3eb12a589",
              "value": true,
              "paramval": null,
              "Name": "CHA_OUTSIDE_Event_BanditScared"
            }
          ],
          "Type": "Global"
        }
      ],
      "SetFlags": [
        {
          "Flags": [
            {
              "UUID": "2d969355-6b6c-4cf9-980d-329dcdd4d2ad",
              "value": true,
              "paramval": null,
              "Name": "CHA_Outside_Event_DoorGuardAfraid"
            }
          ],
          "Type": "Global"
        }
      ],
      "TaggedTextList": [
        {
          "HasTagRule": false,
          "RuleGroup": {
            "TagCombineOp": 0,
            "Rules": [],
            "RuleString": ""
          },
          "TagTexts": [
            {
              "LineId": "2daf04cc-7fc6-7259-0bee-69cc1386ae31",
              "Text": {
                "Handle": "h3bf767e4g8553g464dgbee0g9666504c29f1",
                "Value": "Gimblebock ran. Your friends abandoned you."
              }
            }
          ]
        }
      ],
      "EditorData": {
        "AnimationTags": "",
        "Attitude": "Default",
        "CinematicNodeContext": "",
        "CinematicObjects": "",
        "CustomCineArtKeysPresent": "False",
        "CustomLightingPresent": "False",
        "CustomSoundPresent": "False",
        "CustomVFXPresent": "False",
        "Emotion": "Default",
        "ForceDisableIsCustomNode": "False",
        "ID": "N100",
        "InternalNodeContext": "",
        "IsCustomNode": "False",
        "MusicTags": "",
        "NodeContext": "",
        "Quality": "Bronze",
        "SFXTags": "",
        "StateChangeTags": "",
        "TemplateNodeUUID": "00000000-0000-0000-0000-000000000000",
        "TemplateVersion": "0",
        "VFXTags": "",
        "collapsed": "False",
        "logicalname": "Question",
        "position": "335;15",
        "sourcetemplate": ""
      }
    },
    "fe082375-ba75-bac8-96c5-6d582e4d8b89": {
      "UUID": "fe082375-ba75-bac8-96c5-6d582e4d8b89",
      "Constructor": "TagAnswer",
      "EndNode": true,
      "Root": false,
      "ShowOnce": false,
      "SpeakerNo": 0,
      "AddressedSpeaker": 0,
      "Children": [],
      "CheckFlags": [],
      "SetFlags": [
        {
          "Flags": [
            {
              "UUID": "563a04db-2f33-4320-883d-d6eccb7e524b",
              "value": true,
              "paramval": null,
              "Name": "CHA_Outside_Event_DoorGuardConvinced"
            }
          ],
          "Type": "Global"
        }
      ],
      "TaggedTextList": [
        {
          "HasTagRule": false,
          "RuleGroup": {
            "TagCombineOp": 0,
            "Rules": [],
            "RuleString": ""
          },
          "TagTexts": [
            {
              "LineId": "f6bd7580-912b-023e-5b98-7356dae088a6",
              "Text": {
                "Handle": "h84ad3af4g5bc6g4c4bgb500g1533f3f8e900",
                "Value": "I <i>told </i>him it wasn't safe out there. Get inside, and I'll rustle up some bandages..."
              }
            }
          ]
        }
      ],
      "EditorData": {
        "AnimationTags": "",
        "Attitude": "Default",
        "CinematicNodeContext": "",
        "CinematicObjects": "",
        "CustomCineArtKeysPresent": "False",
        "CustomLightingPresent": "False",
        "CustomSoundPresent": "False",
        "CustomVFXPresent": "False",
        "Emotion": "Default",
        "ForceDisableIsCustomNode": "False",
        "ID": "N32",
        "InternalNodeContext": "",
        "IsCustomNode": "False",
        "MusicTags": "",
        "NodeContext": "Speaking to players through a locked door. Player just lied to him, telling him his boss - a bandit leader - was injured in a trap. He's annoyed and a little concerned that this has happened and prepares to unlock the door",
        "Quality": "Bronze",
        "SFXTags": "",
        "StateChangeTags": "",
        "TemplateNodeUUID": "00000000-0000-0000-0000-000000000000",
        "TemplateVersion": "0",
        "VFXTags": "",
        "collapsed": "False",
        "logicalname": "Answer",
        "position": "975;1110",
        "sourcetemplate": ""
      }
    }
  },
  "SpeakerDict": {
    "0": {
      "IsPeanutSpeaker": false,
      "SpeakerMappingId": "77b17f97-c4b0-f8f7-d710-72639082e227",
      "Index": 0,
      "List": [
        "37c24589-5f43-747f-1955-62906baaf303"
      ],
      "SpeakerCharacter": {
        "DisplayName": "Andorn",
        "Type": "character",
        "MapKey": "4000f859-71fe-49ef-8400-da44b6fef92a",
        "Name": "S_CHA_FL1_BanditGuard",
        "ParentTemplateId": null,
        "TemplateName": "b7f6f34b-07e6-4bcc-a4bc-023b25fb6e84"
      },
      "SpeakerGroupName": "GROUP_Act1_CHA_FL1_BanditGuard"
    },
    "1": {
      "IsPeanutSpeaker": false,
      "SpeakerMappingId": "3fb9a249-508a-02f9-9b86-6f05a853478b",
      "Index": 1,
      "List": [
        "e0d1ff71-04a8-4340-ae64-9684d846eb83"
      ],
      "SpeakerCharacter": {
        "DisplayName": "Player",
        "Type": "character",
        "MapKey": "e2badbf0-159a-4ef5-9e73-7bbeb3d1015a",
        "Name": "S_GLO_CharacterCreationDummy_001",
        "ParentTemplateId": null,
        "TemplateName": "fd7f2707-8f86-4836-bda8-e0db99c389cc"
      },
      "SpeakerGroupName": "GROUP_Players"
    }
  },
  "Synopsis": "This is the same character as Andorn, the bandit guard within the chapel.\n\nThis character is talking to the players through a door - he's locked the door and is on the other side, so they'll be talking TO the door and can't see him.\n\nThe player is talking to a gullible bandit through a door - the bandit is inside a chapel dungeon and his friends are outside. The player has probably either killed them or scared them away at this point. The guard is not very bright..."
}