{
  "Path": "Mods/Gustav/Story/Dialogs/Act1/Chapel/CHA_Crypt_AD_BanditOpenDoorBanter.lsj",
  "UUID": "e743eea4-69cf-b485-b7ca-6f359578a2ba",
  "Category": "Repeated automated NPC Dialog",
  "DefaultAddressedSpeakers": {
    "0": -1,
    "1": -1
  },
  "RootNodes": [
    "ef5a2f57-d3b6-5b70-51a5-626ad0028ce7",
    "121c4dda-b204-60b9-2153-6f8f61a8143e",
    "b20be29c-e41c-f6a5-3b36-e724186efda9"
  ],
  "Nodes": {
    "121c4dda-b204-60b9-2153-6f8f61a8143e": {
      "UUID": "121c4dda-b204-60b9-2153-6f8f61a8143e",
      "Constructor": "TagGreeting",
      "EndNode": true,
      "Root": true,
      "ShowOnce": false,
      "SpeakerNo": 1,
      "AddressedSpeaker": 0,
      "Children": [],
      "CheckFlags": [
        {
          "Flags": [
            {
              "UUID": "e7c9279f-fc82-b5f6-c9d5-f89575671bdf",
              "value": true,
              "paramval": null,
              "Name": "e743eea4-69cf-b485-b7ca-6f359578a2ba_Step1"
            }
          ],
          "Type": "Local"
        }
      ],
      "SetFlags": [
        {
          "Flags": [
            {
              "UUID": "468c00b9-e757-ca1b-e65b-dd86579af36f",
              "value": true,
              "paramval": null,
              "Name": "e743eea4-69cf-b485-b7ca-6f359578a2ba_Step2"
            },
            {
              "UUID": "e7c9279f-fc82-b5f6-c9d5-f89575671bdf",
              "value": false,
              "paramval": null,
              "Name": "e743eea4-69cf-b485-b7ca-6f359578a2ba_Step1"
            }
          ],
          "Type": "Local"
        }
      ],
      "TaggedTextList": [
        {
          "HasTagRule": false,
          "RuleGroup": {
            "TagCombineOp": 0,
            "Rules": [],
            "RuleString": ""
          },
          "TagTexts": [
            {
              "LineId": "cc1c843a-362d-32c6-8cda-7416451aa0a0",
              "Text": {
                "Handle": "h673b84f7g88beg4633g9f0eg8a6474e120c6",
                "Value": "No... you must've done something without realising. Stroke of luck."
              }
            }
          ]
        }
      ],
      "EditorData": {
        "AnimationTags": "",
        "Attitude": "Default",
        "CinematicNodeContext": "",
        "CinematicObjects": "",
        "CustomCineArtKeysPresent": "False",
        "CustomLightingPresent": "False",
        "CustomSoundPresent": "False",
        "CustomVFXPresent": "False",
        "Emotion": "Happiness",
        "ForceDisableIsCustomNode": "False",
        "ID": "N6",
        "InternalNodeContext": "",
        "IsCustomNode": "False",
        "MusicTags": "",
        "NodeContext": "Brushing off. Half-hearted attempt at reasoning.",
        "Quality": "Bronze",
        "SFXTags": "",
        "StateChangeTags": "",
        "TemplateNodeUUID": "00000000-0000-0000-0000-000000000000",
        "TemplateVersion": "0",
        "VFXTags": "",
        "collapsed": "False",
        "logicalname": "Greeting",
        "position": "15;234",
        "sourcetemplate": ""
      }
    },
    "7f612170-ce92-db33-a6ca-85040e516970": {
      "UUID": "7f612170-ce92-db33-a6ca-85040e516970",
      "Constructor": "TagAnswer",
      "EndNode": true,
      "Root": false,
      "ShowOnce": false,
      "SpeakerNo": 0,
      "AddressedSpeaker": 0,
      "Children": [],
      "CheckFlags": [],
      "SetFlags": [
        {
          "Flags": [
            {
              "UUID": "e7c9279f-fc82-b5f6-c9d5-f89575671bdf",
              "value": true,
              "paramval": null,
              "Name": "e743eea4-69cf-b485-b7ca-6f359578a2ba_Step1"
            }
          ],
          "Type": "Local"
        }
      ],
      "TaggedTextList": [
        {
          "HasTagRule": false,
          "RuleGroup": {
            "TagCombineOp": 0,
            "Rules": [],
            "RuleString": ""
          },
          "TagTexts": [
            {
              "LineId": "a0252668-2350-2d83-e106-8104acdadc41",
              "Text": {
                "Handle": "h3faeb36bg8da6g49c7g8a1fgf72d43a443ca",
                "Value": "No, listen! I didn't open it. Did you touch something? A lever?"
              }
            }
          ]
        }
      ],
      "EditorData": {
        "AnimationTags": "",
        "Attitude": "Default",
        "CinematicNodeContext": "",
        "CinematicObjects": "",
        "CustomCineArtKeysPresent": "False",
        "CustomLightingPresent": "False",
        "CustomSoundPresent": "False",
        "CustomVFXPresent": "False",
        "Emotion": "Surprise",
        "ForceDisableIsCustomNode": "False",
        "ID": "N3",
        "InternalNodeContext": "",
        "IsCustomNode": "False",
        "MusicTags": "",
        "NodeContext": "Confusion. 'Am I losing it?'",
        "Quality": "Bronze",
        "SFXTags": "",
        "StateChangeTags": "",
        "TemplateNodeUUID": "00000000-0000-0000-0000-000000000000",
        "TemplateVersion": "0",
        "VFXTags": "",
        "collapsed": "False",
        "logicalname": "Answer",
        "position": "655;15",
        "sourcetemplate": ""
      }
    },
    "b20be29c-e41c-f6a5-3b36-e724186efda9": {
      "UUID": "b20be29c-e41c-f6a5-3b36-e724186efda9",
      "Constructor": "TagGreeting",
      "EndNode": false,
      "Root": true,
      "ShowOnce": false,
      "SpeakerNo": 0,
      "AddressedSpeaker": 0,
      "Children": [
        "c914c7b4-8127-413d-f21f-ddfee98d3922"
      ],
      "CheckFlags": [
        {
          "Flags": [
            {
              "UUID": "468c00b9-e757-ca1b-e65b-dd86579af36f",
              "value": true,
              "paramval": null,
              "Name": "e743eea4-69cf-b485-b7ca-6f359578a2ba_Step2"
            }
          ],
          "Type": "Local"
        }
      ],
      "SetFlags": [],
      "TaggedTextList": [
        {
          "HasTagRule": false,
          "RuleGroup": {
            "TagCombineOp": 0,
            "Rules": [],
            "RuleString": ""
          },
          "TagTexts": [
            {
              "LineId": "7d788b7e-2575-a009-c1fa-14df6f0b9fd0",
              "Text": {
                "Handle": "hb599d356g2e32g47b5g8c04gafb622b9147a",
                "Value": "I know when I've got a lock beaten and I didn't beat this one."
              }
            }
          ]
        }
      ],
      "EditorData": {
        "AnimationTags": "",
        "Attitude": "Default",
        "CinematicNodeContext": "",
        "CinematicObjects": "",
        "CustomCineArtKeysPresent": "False",
        "CustomLightingPresent": "False",
        "CustomSoundPresent": "False",
        "CustomVFXPresent": "False",
        "Emotion": "Determination",
        "ForceDisableIsCustomNode": "False",
        "ID": "N4",
        "InternalNodeContext": "",
        "IsCustomNode": "False",
        "MusicTags": "",
        "NodeContext": "'I'm not crazy. Something's up'.",
        "Quality": "Bronze",
        "SFXTags": "",
        "StateChangeTags": "",
        "TemplateNodeUUID": "00000000-0000-0000-0000-000000000000",
        "TemplateVersion": "0",
        "VFXTags": "",
        "collapsed": "False",
        "logicalname": "Greeting",
        "position": "15;453",
        "sourcetemplate": ""
      }
    },
    "bcaa13e5-3058-9b4b-2aba-0961c92d8186": {
      "UUID": "bcaa13e5-3058-9b4b-2aba-0961c92d8186",
      "Constructor": "TagAnswer",
      "EndNode": true,
      "Root": false,
      "ShowOnce": false,
      "SpeakerNo": 0,
      "AddressedSpeaker": 0,
      "Children": [],
      "CheckFlags": [],
      "SetFlags": [
        {
          "Flags": [
            {
              "UUID": "eb763233-bc60-4ee8-ac32-b4a51c8f674e",
              "value": true,
              "paramval": null,
              "Name": "CHA_FL1_Event_OpenDoorBanterOver"
            }
          ],
          "Type": "Global"
        },
        {
          "Flags": [
            {
              "UUID": "468c00b9-e757-ca1b-e65b-dd86579af36f",
              "value": false,
              "paramval": null,
              "Name": "e743eea4-69cf-b485-b7ca-6f359578a2ba_Step2"
            },
            {
              "UUID": "e7c9279f-fc82-b5f6-c9d5-f89575671bdf",
              "value": true,
              "paramval": null,
              "Name": "e743eea4-69cf-b485-b7ca-6f359578a2ba_Step1"
            }
          ],
          "Type": "Local"
        }
      ],
      "TaggedTextList": [
        {
          "HasTagRule": false,
          "RuleGroup": {
            "TagCombineOp": 0,
            "Rules": [],
            "RuleString": ""
          },
          "TagTexts": [
            {
              "LineId": "25e399eb-e425-7f55-7c6f-570a2c8ca183",
              "Text": {
                "Handle": "hcd2f4ce3ga31bg483egbbcfg508a718fc3eb",
                "Value": "Maybe. But keep on your guard."
              }
            }
          ]
        }
      ],
      "EditorData": {
        "AnimationTags": "",
        "Attitude": "Default",
        "CinematicNodeContext": "",
        "CinematicObjects": "",
        "CustomCineArtKeysPresent": "False",
        "CustomLightingPresent": "False",
        "CustomSoundPresent": "False",
        "CustomVFXPresent": "False",
        "Emotion": "Determination",
        "ForceDisableIsCustomNode": "False",
        "ID": "N7",
        "InternalNodeContext": "",
        "IsCustomNode": "False",
        "MusicTags": "",
        "NodeContext": "Cautious. Something doesn't add up.",
        "Quality": "Bronze",
        "SFXTags": "",
        "StateChangeTags": "",
        "TemplateNodeUUID": "00000000-0000-0000-0000-000000000000",
        "TemplateVersion": "0",
        "VFXTags": "",
        "collapsed": "False",
        "logicalname": "Answer",
        "position": "655;453",
        "sourcetemplate": ""
      }
    },
    "c914c7b4-8127-413d-f21f-ddfee98d3922": {
      "UUID": "c914c7b4-8127-413d-f21f-ddfee98d3922",
      "Constructor": "TagAnswer",
      "EndNode": false,
      "Root": false,
      "ShowOnce": false,
      "SpeakerNo": 1,
      "AddressedSpeaker": 0,
      "Children": [
        "bcaa13e5-3058-9b4b-2aba-0961c92d8186"
      ],
      "CheckFlags": [],
      "SetFlags": [],
      "TaggedTextList": [
        {
          "HasTagRule": false,
          "RuleGroup": {
            "TagCombineOp": 0,
            "Rules": [],
            "RuleString": ""
          },
          "TagTexts": [
            {
              "LineId": "0459c4c4-c6f2-6dad-4f36-bc291851e1d1",
              "Text": {
                "Handle": "h51e06715g4591g49e9gb344gfa602b7ba2b3",
                "Value": "Maybe it just broke by itself. This place is ancient."
              }
            }
          ]
        }
      ],
      "EditorData": {
        "AnimationTags": "",
        "Attitude": "Default",
        "CinematicNodeContext": "",
        "CinematicObjects": "",
        "CustomCineArtKeysPresent": "False",
        "CustomLightingPresent": "False",
        "CustomSoundPresent": "False",
        "CustomVFXPresent": "False",
        "Emotion": "Coyness",
        "ForceDisableIsCustomNode": "False",
        "ID": "N5",
        "InternalNodeContext": "",
        "IsCustomNode": "False",
        "MusicTags": "",
        "NodeContext": "Further weak effort at explaining the unexplainable.",
        "Quality": "Bronze",
        "SFXTags": "",
        "StateChangeTags": "",
        "TemplateNodeUUID": "00000000-0000-0000-0000-000000000000",
        "TemplateVersion": "0",
        "VFXTags": "",
        "collapsed": "False",
        "logicalname": "Answer",
        "position": "335;453",
        "sourcetemplate": ""
      }
    },
    "ef5a2f57-d3b6-5b70-51a5-626ad0028ce7": {
      "UUID": "ef5a2f57-d3b6-5b70-51a5-626ad0028ce7",
      "Constructor": "TagGreeting",
      "EndNode": false,
      "Root": true,
      "ShowOnce": false,
      "SpeakerNo": 0,
      "AddressedSpeaker": 0,
      "Children": [
        "fe3f0fdc-d1fb-07a9-2911-14e35066f2fd"
      ],
      "CheckFlags": [
        {
          "Flags": [
            {
              "UUID": "468c00b9-e757-ca1b-e65b-dd86579af36f",
              "value": false,
              "paramval": null,
              "Name": "e743eea4-69cf-b485-b7ca-6f359578a2ba_Step2"
            },
            {
              "UUID": "e7c9279f-fc82-b5f6-c9d5-f89575671bdf",
              "value": false,
              "paramval": null,
              "Name": "e743eea4-69cf-b485-b7ca-6f359578a2ba_Step1"
            }
          ],
          "Type": "Local"
        }
      ],
      "SetFlags": [],
      "TaggedTextList": [
        {
          "HasTagRule": false,
          "RuleGroup": {
            "TagCombineOp": 0,
            "Rules": [],
            "RuleString": ""
          },
          "TagTexts": [
            {
              "LineId": "a9575618-d83c-2b4f-9744-c70beaf494b5",
              "Text": {
                "Handle": "h7e924894g650cg4954g825bg0a8ed1c2dd12",
                "Value": "Barton, the door's open!"
              }
            }
          ]
        }
      ],
      "EditorData": {
        "AnimationTags": "",
        "Attitude": "Default",
        "CinematicNodeContext": "",
        "CinematicObjects": "",
        "CustomCineArtKeysPresent": "False",
        "CustomLightingPresent": "False",
        "CustomSoundPresent": "False",
        "CustomVFXPresent": "False",
        "Emotion": "Surprise",
        "ForceDisableIsCustomNode": "False",
        "ID": "N1",
        "InternalNodeContext": "",
        "IsCustomNode": "False",
        "MusicTags": "",
        "NodeContext": "Surprised and a little confused.",
        "Quality": "Bronze",
        "SFXTags": "",
        "StateChangeTags": "",
        "TemplateNodeUUID": "00000000-0000-0000-0000-000000000000",
        "TemplateVersion": "0",
        "VFXTags": "",
        "collapsed": "False",
        "logicalname": "Greeting",
        "position": "15;15",
        "sourcetemplate": ""
      }
    },
    "fe3f0fdc-d1fb-07a9-2911-14e35066f2fd": {
      "UUID": "fe3f0fdc-d1fb-07a9-2911-14e35066f2fd",
      "Constructor": "TagAnswer",
      "EndNode": false,
      "Root": false,
      "ShowOnce": false,
      "SpeakerNo": 1,
      "AddressedSpeaker": 0,
      "Children": [
        "7f612170-ce92-db33-a6ca-85040e516970"
      ],
      "CheckFlags": [],
      "SetFlags": [],
      "TaggedTextList": [
        {
          "HasTagRule": false,
          "RuleGroup": {
            "TagCombineOp": 0,
            "Rules": [],
            "RuleString": ""
          },
          "TagTexts": [
            {
              "LineId": "cee14325-be97-d580-3409-ced066f82aaf",
              "Text": {
                "Handle": "h62a0b198g70aeg415agaceagd8ef40e2681b",
                "Value": "Finally! I was starting to think we'd have to chop it down..."
              }
            }
          ]
        }
      ],
      "EditorData": {
        "AnimationTags": "",
        "Attitude": "Default",
        "CinematicNodeContext": "",
        "CinematicObjects": "",
        "CustomCineArtKeysPresent": "False",
        "CustomLightingPresent": "False",
        "CustomSoundPresent": "False",
        "CustomVFXPresent": "False",
        "Emotion": "Happiness",
        "ForceDisableIsCustomNode": "False",
        "ID": "N2",
        "InternalNodeContext": "",
        "IsCustomNode": "False",
        "MusicTags": "",
        "NodeContext": "Oblivious to his partner's confusion. Just happy a door's been unlocked.",
        "Quality": "Bronze",
        "SFXTags": "",
        "StateChangeTags": "",
        "TemplateNodeUUID": "00000000-0000-0000-0000-000000000000",
        "TemplateVersion": "0",
        "VFXTags": "",
        "collapsed": "False",
        "logicalname": "Answer",
        "position": "335;15",
        "sourcetemplate": ""
      }
    }
  },
  "SpeakerDict": {
    "0": {
      "IsPeanutSpeaker": false,
      "SpeakerMappingId": "e08f972e-fc2d-90d9-26cd-d6fab59c24c6",
      "Index": 0,
      "List": [
        "8409e274-4a4a-4de6-b34c-e701847ed86e"
      ],
      "SpeakerCharacter": {
        "DisplayName": "Mari",
        "Type": "character",
        "MapKey": "8409e274-4a4a-4de6-b34c-e701847ed86e",
        "Name": "S_CHA_FL1_BanditLockpick",
        "ParentTemplateId": null,
        "TemplateName": "fd9a7b67-8f7d-40e3-a38d-3698e2c7d317"
      },
      "SpeakerGroupName": null
    },
    "1": {
      "IsPeanutSpeaker": false,
      "SpeakerMappingId": "7b2fb419-12bb-8463-d627-a231c7ba7345",
      "Index": 1,
      "List": [
        "f0945b85-3cfe-4312-b49a-3741b1f0bfc7"
      ],
      "SpeakerCharacter": {
        "DisplayName": "Barton",
        "Type": "character",
        "MapKey": "f0945b85-3cfe-4312-b49a-3741b1f0bfc7",
        "Name": "S_CHA_FL1_BanditSanctum",
        "ParentTemplateId": null,
        "TemplateName": "b7f6f34b-07e6-4bcc-a4bc-023b25fb6e84"
      },
      "SpeakerGroupName": null
    }
  },
  "Synopsis": "Mari has found the door to lower level open but she did not unlock it. She talks to her comrade, Barton about it.They debate what must have happened."
}