{
  "Path": "Mods/Gustav/Story/Dialogs/Act1/Chapel/CHA_LaezelRecruitment_AD_ReturnAnyCombat2.lsj",
  "UUID": "02503b30-dd87-f68c-f220-65d9430c8176",
  "Category": "Automated NPC Dialog",
  "DefaultAddressedSpeakers": {
    "0": -1,
    "1": -1
  },
  "RootNodes": [
    "f22e075a-0153-e217-0fa2-358dc451e26b",
    "48d1866c-c2ae-8204-3e26-78b8479fd8f8",
    "2f32fb4e-8ef6-b73c-0107-3ae7ed044904",
    "63d95309-cf15-b81d-99f3-99bc0b251ba8"
  ],
  "Nodes": {
    "2f32fb4e-8ef6-b73c-0107-3ae7ed044904": {
      "UUID": "2f32fb4e-8ef6-b73c-0107-3ae7ed044904",
      "Constructor": "TagGreeting",
      "EndNode": true,
      "Root": true,
      "ShowOnce": false,
      "SpeakerNo": 0,
      "AddressedSpeaker": 0,
      "Children": [],
      "CheckFlags": [
        {
          "Flags": [
            {
              "UUID": "fa1ecbcf-2927-8f5a-e269-f18446b212ef",
              "value": false,
              "paramval": null,
              "Name": "CHA_LaezelRecruitment_State_NymessaIsDefeated"
            }
          ],
          "Type": "Global"
        }
      ],
      "SetFlags": [],
      "TaggedTextList": [
        {
          "HasTagRule": false,
          "RuleGroup": {
            "TagCombineOp": 0,
            "Rules": [],
            "RuleString": ""
          },
          "TagTexts": [
            {
              "LineId": "b80b2488-cb82-c2c5-c64e-6f79fcb5abfe",
              "Text": {
                "Handle": "h150634c5gbb8eg41fcg90bag7278f8c78e9d",
                "Value": "Eyes on the toad-freak. We can't risk it escaping."
              }
            }
          ]
        }
      ],
      "EditorData": {
        "AnimationTags": "",
        "Attitude": "Default",
        "CinematicNodeContext": "",
        "CinematicObjects": "",
        "CustomCineArtKeysPresent": "False",
        "CustomLightingPresent": "False",
        "CustomSoundPresent": "False",
        "CustomVFXPresent": "False",
        "Emotion": "Default",
        "ForceDisableIsCustomNode": "False",
        "ID": "N4",
        "InternalNodeContext": "",
        "IsCustomNode": "False",
        "MusicTags": "",
        "NodeContext": "",
        "Quality": "Bronze",
        "SFXTags": "",
        "StateChangeTags": "",
        "TemplateNodeUUID": "00000000-0000-0000-0000-000000000000",
        "TemplateVersion": "0",
        "VFXTags": "",
        "collapsed": "False",
        "logicalname": "Close + Nymessa is alive",
        "position": "15;15",
        "sourcetemplate": ""
      }
    },
    "48d1866c-c2ae-8204-3e26-78b8479fd8f8": {
      "UUID": "48d1866c-c2ae-8204-3e26-78b8479fd8f8",
      "Constructor": "TagGreeting",
      "EndNode": true,
      "Root": true,
      "ShowOnce": false,
      "SpeakerNo": 0,
      "AddressedSpeaker": 0,
      "Children": [],
      "CheckFlags": [
        {
          "Flags": [
            {
              "UUID": "2d92791a-188a-44b3-8777-22e20cfbda3e",
              "value": true,
              "paramval": null,
              "Name": "CHA_LaezelREcruitment_Event_CombatEndedFar"
            }
          ],
          "Type": "Global"
        }
      ],
      "SetFlags": [],
      "TaggedTextList": [
        {
          "HasTagRule": false,
          "RuleGroup": {
            "TagCombineOp": 0,
            "Rules": [],
            "RuleString": ""
          },
          "TagTexts": [
            {
              "LineId": "9fb83f10-11c0-1197-cce8-5e3bd5f0c8c3",
              "Text": {
                "Handle": "h780fe51bge22eg486cgb60eg5acadabda61b",
                "Value": "Back to the toad-freak. I can't risk it escaping."
              }
            }
          ]
        }
      ],
      "EditorData": {
        "AnimationTags": "",
        "Attitude": "Default",
        "CinematicNodeContext": "",
        "CinematicObjects": "",
        "CustomCineArtKeysPresent": "False",
        "CustomLightingPresent": "False",
        "CustomSoundPresent": "False",
        "CustomVFXPresent": "False",
        "Emotion": "Default",
        "ForceDisableIsCustomNode": "False",
        "ID": "N2",
        "InternalNodeContext": "",
        "IsCustomNode": "False",
        "MusicTags": "",
        "NodeContext": "",
        "Quality": "Bronze",
        "SFXTags": "",
        "StateChangeTags": "",
        "TemplateNodeUUID": "00000000-0000-0000-0000-000000000000",
        "TemplateVersion": "0",
        "VFXTags": "",
        "collapsed": "False",
        "logicalname": "Far + Nymessa is dead",
        "position": "15;-204",
        "sourcetemplate": ""
      }
    },
    "63d95309-cf15-b81d-99f3-99bc0b251ba8": {
      "UUID": "63d95309-cf15-b81d-99f3-99bc0b251ba8",
      "Constructor": "TagGreeting",
      "EndNode": true,
      "Root": true,
      "ShowOnce": false,
      "SpeakerNo": 0,
      "AddressedSpeaker": 0,
      "Children": [],
      "CheckFlags": [],
      "SetFlags": [],
      "TaggedTextList": [
        {
          "HasTagRule": false,
          "RuleGroup": {
            "TagCombineOp": 0,
            "Rules": [],
            "RuleString": ""
          },
          "TagTexts": [
            {
              "LineId": "7077208b-767a-b763-6f3a-7b424b835445",
              "Text": {
                "Handle": "h93d017b2g7791g4053g9659gf0c139e3b1bd",
                "Value": "It's over and done with. I've got my eye on you, toad."
              }
            }
          ]
        }
      ],
      "EditorData": {
        "AnimationTags": "",
        "Attitude": "Default",
        "CinematicNodeContext": "",
        "CinematicObjects": "",
        "CustomCineArtKeysPresent": "False",
        "CustomLightingPresent": "False",
        "CustomSoundPresent": "False",
        "CustomVFXPresent": "False",
        "Emotion": "Default",
        "ForceDisableIsCustomNode": "False",
        "ID": "N5",
        "InternalNodeContext": "",
        "IsCustomNode": "False",
        "MusicTags": "",
        "NodeContext": "",
        "Quality": "Bronze",
        "SFXTags": "",
        "StateChangeTags": "",
        "TemplateNodeUUID": "00000000-0000-0000-0000-000000000000",
        "TemplateVersion": "0",
        "VFXTags": "",
        "collapsed": "False",
        "logicalname": "Greeting",
        "position": "15;234",
        "sourcetemplate": ""
      }
    },
    "f22e075a-0153-e217-0fa2-358dc451e26b": {
      "UUID": "f22e075a-0153-e217-0fa2-358dc451e26b",
      "Constructor": "TagGreeting",
      "EndNode": true,
      "Root": true,
      "ShowOnce": false,
      "SpeakerNo": 0,
      "AddressedSpeaker": 0,
      "Children": [],
      "CheckFlags": [
        {
          "Flags": [
            {
              "UUID": "2d92791a-188a-44b3-8777-22e20cfbda3e",
              "value": true,
              "paramval": null,
              "Name": "CHA_LaezelREcruitment_Event_CombatEndedFar"
            },
            {
              "UUID": "fa1ecbcf-2927-8f5a-e269-f18446b212ef",
              "value": false,
              "paramval": null,
              "Name": "CHA_LaezelRecruitment_State_NymessaIsDefeated"
            }
          ],
          "Type": "Global"
        }
      ],
      "SetFlags": [],
      "TaggedTextList": [
        {
          "HasTagRule": false,
          "RuleGroup": {
            "TagCombineOp": 0,
            "Rules": [],
            "RuleString": ""
          },
          "TagTexts": [
            {
              "LineId": "ad055522-3971-9d13-a07c-05c8dbd58df9",
              "Text": {
                "Handle": "h0cf6d4f2g38cfg47f4g8430g40a0d48be1ad",
                "Value": "Quick - back to the toad-freak. We can't risk it escaping."
              }
            }
          ]
        }
      ],
      "EditorData": {
        "AnimationTags": "",
        "Attitude": "Default",
        "CinematicNodeContext": "",
        "CinematicObjects": "",
        "CustomCineArtKeysPresent": "False",
        "CustomLightingPresent": "False",
        "CustomSoundPresent": "False",
        "CustomVFXPresent": "False",
        "Emotion": "Default",
        "ForceDisableIsCustomNode": "False",
        "ID": "N1",
        "InternalNodeContext": "",
        "IsCustomNode": "False",
        "MusicTags": "",
        "NodeContext": "",
        "Quality": "Bronze",
        "SFXTags": "",
        "StateChangeTags": "",
        "TemplateNodeUUID": "00000000-0000-0000-0000-000000000000",
        "TemplateVersion": "0",
        "VFXTags": "",
        "collapsed": "False",
        "logicalname": "Far + Nymessa is also alive",
        "position": "15;-423",
        "sourcetemplate": ""
      }
    }
  },
  "SpeakerDict": {
    "0": {
      "IsPeanutSpeaker": false,
      "SpeakerMappingId": "6b7ea96f-c618-e494-62d1-a0af9697ca12",
      "Index": 0,
      "List": [
        "863d6788-5887-45c8-bafa-87128631904e"
      ],
      "SpeakerCharacter": {
        "DisplayName": "Damays",
        "Type": "character",
        "MapKey": "863d6788-5887-45c8-bafa-87128631904e",
        "Name": "S_CHA_CagerLaezel2",
        "ParentTemplateId": null,
        "TemplateName": "a5856190-08e3-4741-b697-8b1cbf03eaa1"
      },
      "SpeakerGroupName": null
    }
  },
  "Synopsis": "Damays (and Nymessa) got dragged into a combat from another situation (ex.: the brains at the crash site, the bandits at the chapel). Damays plays this AD when the combat ends, while he returns to the cage."
}