{
  "Path": "Mods/Gustav/Story/Dialogs/Act1/Chapel/CHA_Crypt_AD_BanditGuardCallHelp.lsj",
  "UUID": "1dc13b58-9f11-1847-586e-a8dd9d4f6c6a",
  "Category": "Automated NPC Dialog",
  "DefaultAddressedSpeakers": {
    "0": -1
  },
  "RootNodes": [
    "9813c992-5d41-31e3-e271-12178cafffc7"
  ],
  "Nodes": {
    "9813c992-5d41-31e3-e271-12178cafffc7": {
      "UUID": "9813c992-5d41-31e3-e271-12178cafffc7",
      "Constructor": "TagGreeting",
      "EndNode": true,
      "Root": true,
      "ShowOnce": false,
      "SpeakerNo": 0,
      "AddressedSpeaker": 0,
      "Children": [],
      "CheckFlags": [],
      "SetFlags": [],
      "TaggedTextList": [
        {
          "HasTagRule": false,
          "RuleGroup": {
            "TagCombineOp": 0,
            "Rules": [],
            "RuleString": ""
          },
          "TagTexts": [
            {
              "LineId": "2fabe352-a191-e42b-228b-2d5ac1a82d31",
              "Text": {
                "Handle": "he609ab20g8fa0g4eeagae5fg0608550d2373",
                "Value": "Over here - we got company!"
              }
            }
          ]
        }
      ],
      "EditorData": {
        "AnimationTags": "",
        "Attitude": "Default",
        "CinematicNodeContext": "",
        "CinematicObjects": "",
        "CustomCineArtKeysPresent": "False",
        "CustomLightingPresent": "False",
        "CustomSoundPresent": "False",
        "CustomVFXPresent": "False",
        "Emotion": "Surprise",
        "ForceDisableIsCustomNode": "False",
        "ID": "N1",
        "InternalNodeContext": "",
        "IsCustomNode": "False",
        "MusicTags": "",
        "NodeContext": "alarmed - he's a tomb-robber in an abandoned chapel, and the players just surprised him. He's calling his friends to help as combat begins",
        "Quality": "Bronze",
        "SFXTags": "",
        "StateChangeTags": "",
        "TemplateNodeUUID": "00000000-0000-0000-0000-000000000000",
        "TemplateVersion": "0",
        "VFXTags": "",
        "collapsed": "False",
        "logicalname": "Greeting",
        "position": "15;15",
        "sourcetemplate": ""
      }
    }
  },
  "SpeakerDict": {
    "0": {
      "IsPeanutSpeaker": false,
      "SpeakerMappingId": "e28cab06-0c4d-fe95-d1c8-e2568035ed59",
      "Index": 0,
      "List": [
        "4000f859-71fe-49ef-8400-da44b6fef92a"
      ],
      "SpeakerCharacter": {
        "DisplayName": "Andorn",
        "Type": "character",
        "MapKey": "4000f859-71fe-49ef-8400-da44b6fef92a",
        "Name": "S_CHA_FL1_BanditGuard",
        "ParentTemplateId": null,
        "TemplateName": "b7f6f34b-07e6-4bcc-a4bc-023b25fb6e84"
      },
      "SpeakerGroupName": null
    }
  },
  "Synopsis": "One of a group of bandits looting an abandoned chapel. He's just been surprised by the players who have infiltrated the same chapel. He's twitchy and on edge, and now he's in a fight and needs his friends."
}