{
  "Path": "Mods/Gustav/Story/Dialogs/Act1/Chapel/CHA_Crypt_PAD_JergalStatueReaction.lsj",
  "UUID": "fb4247ff-2ccf-20d0-c4be-1a0fb82a72bf",
  "Category": "Voice bark",
  "DefaultAddressedSpeakers": {
    "0": -1
  },
  "RootNodes": [
    "373ae375-602a-2445-71a0-c8c9b4e95af6",
    "0380d5d1-7963-47a4-db89-7c4dbca66cb8"
  ],
  "Nodes": {
    "0380d5d1-7963-47a4-db89-7c4dbca66cb8": {
      "UUID": "0380d5d1-7963-47a4-db89-7c4dbca66cb8",
      "Constructor": "TagGreeting",
      "EndNode": true,
      "Root": true,
      "ShowOnce": false,
      "SpeakerNo": 0,
      "AddressedSpeaker": 0,
      "Children": [],
      "CheckFlags": [
        {
          "Flags": [
            {
              "UUID": "b12671bc-224f-4c5b-96f0-ccd35d825ad4",
              "value": false,
              "paramval": null,
              "Name": "CHA_Crypt_Event_JergalReligionCheckSuccess"
            }
          ],
          "Type": "Global"
        }
      ],
      "SetFlags": [],
      "TaggedTextList": [
        {
          "HasTagRule": true,
          "RuleGroup": {
            "TagCombineOp": 0,
            "Rules": [
              {
                "HasChildRules": false,
                "TagCombineOp": 0,
                "Tags": [
                  "ffd08582-7396-4cac-bcd4-8f9cd0fd8ef3"
                ],
                "TagNames": [
                  "REALLY_ASTARION"
                ]
              }
            ],
            "RuleString": "REALLY_ASTARION"
          },
          "TagTexts": [
            {
              "LineId": "cc7ccba7-0c42-dc69-1702-71c082a35272",
              "Text": {
                "Handle": "hd5428f0eg5f96g4213gb8c6g1fbfadf59616",
                "Value": "Even gods get left to rot in the dark."
              }
            }
          ]
        },
        {
          "HasTagRule": true,
          "RuleGroup": {
            "TagCombineOp": 0,
            "Rules": [
              {
                "HasChildRules": false,
                "TagCombineOp": 0,
                "Tags": [
                  "642d2aee-e3df-47e3-9f47-bbcd441bb9e0"
                ],
                "TagNames": [
                  "REALLY_SHADOWHEART"
                ]
              }
            ],
            "RuleString": "REALLY_SHADOWHEART"
          },
          "TagTexts": [
            {
              "LineId": "6f446219-f2a0-a84a-1d02-f6ab07aa0a7a",
              "Text": {
                "Handle": "h96c4e241g725fg48f4ga2fegad8f40b074e8",
                "Value": "Who's this supposed to be? Statue looks ancient."
              }
            }
          ]
        },
        {
          "HasTagRule": true,
          "RuleGroup": {
            "TagCombineOp": 0,
            "Rules": [
              {
                "HasChildRules": false,
                "TagCombineOp": 0,
                "Tags": [
                  "b5682d1d-c395-489c-9675-1f9b0c328ea5"
                ],
                "TagNames": [
                  "REALLY_LAEZEL"
                ]
              }
            ],
            "RuleString": "REALLY_LAEZEL"
          },
          "TagTexts": [
            {
              "LineId": "6a2be413-cbbf-0403-8119-1d3717ae74f8",
              "Text": {
                "Handle": "h06755a32gf650g4d76gadeeg7e51284a6f27",
                "Value": "A monument to a forgotten god. How quaint."
              }
            }
          ]
        },
        {
          "HasTagRule": true,
          "RuleGroup": {
            "TagCombineOp": 0,
            "Rules": [
              {
                "HasChildRules": false,
                "TagCombineOp": 0,
                "Tags": [
                  "5f40def5-d3ec-4698-a367-01a339888956"
                ],
                "TagNames": [
                  "REALLY_WYLL"
                ]
              }
            ],
            "RuleString": "REALLY_WYLL"
          },
          "TagTexts": [
            {
              "LineId": "071e464b-a9b0-636f-2d9f-7fe2c13399cb",
              "Text": {
                "Handle": "h35d8b1b0g8d54g4cb8gb3b3g85646a8b8f07",
                "Value": "Nice statue. Can't place the face."
              }
            }
          ]
        },
        {
          "HasTagRule": true,
          "RuleGroup": {
            "TagCombineOp": 0,
            "Rules": [
              {
                "HasChildRules": false,
                "TagCombineOp": 0,
                "Tags": [
                  "1a2f70d6-8ead-4eb5-a824-79ee1971764a"
                ],
                "TagNames": [
                  "REALLY_KARLACH"
                ]
              }
            ],
            "RuleString": "REALLY_KARLACH"
          },
          "TagTexts": [
            {
              "LineId": "2875655b-4b53-4b68-4577-24e19d728f21",
              "Text": {
                "Handle": "hc1de979cga74fg4a06g8066g66b0ed97970a",
                "Value": "Old statue. Don't recognise the mug."
              }
            }
          ]
        },
        {
          "HasTagRule": true,
          "RuleGroup": {
            "TagCombineOp": 0,
            "Rules": [
              {
                "HasChildRules": false,
                "TagCombineOp": 0,
                "Tags": [
                  "9b0354c0-56d9-4723-8034-918ac9abab19"
                ],
                "TagNames": [
                  "REALLY_GALE"
                ]
              }
            ],
            "RuleString": "REALLY_GALE"
          },
          "TagTexts": [
            {
              "LineId": "57618581-01c4-b4e0-06d0-00daa5a57712",
              "Text": {
                "Handle": "he0624607g33d6g427fg9e4eg68be330d1486",
                "Value": "This must be the god they worshipped here. Can't say I recognise him."
              }
            }
          ]
        },
        {
          "HasTagRule": false,
          "RuleGroup": {
            "TagCombineOp": 0,
            "Rules": [],
            "RuleString": ""
          },
          "TagTexts": [
            {
              "LineId": "285bc7c6-dfb1-34b8-4af6-bbf46bfaade8",
              "Text": {
                "Handle": "hbb460a73g0f0eg4907gae25g4a075fa050ca",
                "Value": "That statue. It seems they worshipped some kind of... scholar?"
              }
            }
          ]
        }
      ],
      "EditorData": {
        "AnimationTags": "",
        "Attitude": "Default",
        "CinematicNodeContext": "",
        "CinematicObjects": "",
        "CustomCineArtKeysPresent": "False",
        "CustomLightingPresent": "False",
        "CustomSoundPresent": "False",
        "CustomVFXPresent": "False",
        "Emotion": "Default",
        "ForceDisableIsCustomNode": "False",
        "ID": "N5",
        "InternalNodeContext": "",
        "IsCustomNode": "False",
        "MusicTags": "",
        "NodeContext": "",
        "Quality": "Bronze",
        "SFXTags": "",
        "StateChangeTags": "",
        "TemplateNodeUUID": "00000000-0000-0000-0000-000000000000",
        "TemplateVersion": "0",
        "VFXTags": "",
        "collapsed": "False",
        "logicalname": "Greeting",
        "position": "15;234",
        "sourcetemplate": ""
      }
    },
    "373ae375-602a-2445-71a0-c8c9b4e95af6": {
      "UUID": "373ae375-602a-2445-71a0-c8c9b4e95af6",
      "Constructor": "TagGreeting",
      "EndNode": true,
      "Root": true,
      "ShowOnce": false,
      "SpeakerNo": 0,
      "AddressedSpeaker": 0,
      "Children": [],
      "CheckFlags": [
        {
          "Flags": [
            {
              "UUID": "b12671bc-224f-4c5b-96f0-ccd35d825ad4",
              "value": true,
              "paramval": null,
              "Name": "CHA_Crypt_Event_JergalReligionCheckSuccess"
            }
          ],
          "Type": "Global"
        }
      ],
      "SetFlags": [],
      "TaggedTextList": [
        {
          "HasTagRule": true,
          "RuleGroup": {
            "TagCombineOp": 0,
            "Rules": [
              {
                "HasChildRules": false,
                "TagCombineOp": 0,
                "Tags": [
                  "ffd08582-7396-4cac-bcd4-8f9cd0fd8ef3"
                ],
                "TagNames": [
                  "REALLY_ASTARION"
                ]
              }
            ],
            "RuleString": "REALLY_ASTARION"
          },
          "TagTexts": [
            {
              "LineId": "f81f77dc-5805-ee0a-388e-4c23da1cf681",
              "Text": {
                "Handle": "h363f48e5g78f3g4ec1ga0a0gd8629154359f",
                "Value": "Jergal? This must be ancient - no one worships the Final Scribe anymore."
              }
            }
          ]
        },
        {
          "HasTagRule": true,
          "RuleGroup": {
            "TagCombineOp": 0,
            "Rules": [
              {
                "HasChildRules": false,
                "TagCombineOp": 0,
                "Tags": [
                  "642d2aee-e3df-47e3-9f47-bbcd441bb9e0"
                ],
                "TagNames": [
                  "REALLY_SHADOWHEART"
                ]
              }
            ],
            "RuleString": "REALLY_SHADOWHEART"
          },
          "TagTexts": [
            {
              "LineId": "717440b2-30cd-3cb6-b4ae-495b35136419",
              "Text": {
                "Handle": "h0a1cf350ge0e5g4b51ga321g7af1495ad569",
                "Value": "Jergal? I didn't think anyone worshipped the Scribe of the Dead."
              }
            }
          ]
        },
        {
          "HasTagRule": true,
          "RuleGroup": {
            "TagCombineOp": 0,
            "Rules": [
              {
                "HasChildRules": false,
                "TagCombineOp": 0,
                "Tags": [
                  "b5682d1d-c395-489c-9675-1f9b0c328ea5"
                ],
                "TagNames": [
                  "REALLY_LAEZEL"
                ]
              }
            ],
            "RuleString": "REALLY_LAEZEL"
          },
          "TagTexts": [
            {
              "LineId": "b2e7e39a-0781-4948-50cc-4971188be2d9",
              "Text": {
                "Handle": "hdc24b3f3g878fg4d72g87afgf057ff2ed051",
                "Value": "A statue to Jergal, if my lessons were true. The Final Scribe."
              }
            }
          ]
        },
        {
          "HasTagRule": true,
          "RuleGroup": {
            "TagCombineOp": 0,
            "Rules": [
              {
                "HasChildRules": false,
                "TagCombineOp": 0,
                "Tags": [
                  "5f40def5-d3ec-4698-a367-01a339888956"
                ],
                "TagNames": [
                  "REALLY_WYLL"
                ]
              }
            ],
            "RuleString": "REALLY_WYLL"
          },
          "TagTexts": [
            {
              "LineId": "364cb858-3bfc-9fe4-d08b-3faaf85fb52b",
              "Text": {
                "Handle": "h73818bf6gd089g4ac7gb76bgdf6e015edfa6",
                "Value": "That's Jergal, 'Scribe of the Dead', walked right out of a legend!"
              }
            }
          ]
        },
        {
          "HasTagRule": true,
          "RuleGroup": {
            "TagCombineOp": 0,
            "Rules": [
              {
                "HasChildRules": false,
                "TagCombineOp": 0,
                "Tags": [
                  "1a2f70d6-8ead-4eb5-a824-79ee1971764a"
                ],
                "TagNames": [
                  "REALLY_KARLACH"
                ]
              }
            ],
            "RuleString": "REALLY_KARLACH"
          },
          "TagTexts": [
            {
              "LineId": "2cef7143-809b-d3e4-b80c-8a62ccb8c41b",
              "Text": {
                "Handle": "h4f2ffcb9gcb6cg4dcagbd7cg8462e2f5eddc",
                "Value": "Jergal, Scribe of the Dead. Must be one ancient chapel."
              }
            }
          ]
        },
        {
          "HasTagRule": true,
          "RuleGroup": {
            "TagCombineOp": 0,
            "Rules": [
              {
                "HasChildRules": false,
                "TagCombineOp": 0,
                "Tags": [
                  "9b0354c0-56d9-4723-8034-918ac9abab19"
                ],
                "TagNames": [
                  "REALLY_GALE"
                ]
              }
            ],
            "RuleString": "REALLY_GALE"
          },
          "TagTexts": [
            {
              "LineId": "b3489407-706f-e209-376c-6052e2c4f1b5",
              "Text": {
                "Handle": "h2dd71ce0gfe14g41ccga9edg03090dcb00cb",
                "Value": "Look at that! Jergal, the Scribe of the Dead. This chapel must be ancient."
              }
            }
          ]
        },
        {
          "HasTagRule": false,
          "RuleGroup": {
            "TagCombineOp": 0,
            "Rules": [],
            "RuleString": ""
          },
          "TagTexts": [
            {
              "LineId": "4420cd36-1e49-7f54-af7f-595ee95440bb",
              "Text": {
                "Handle": "h2663f69bg4e47g49fag835bg62eaeeb2705a",
                "Value": "That's Jergal, Scribe of the Dead. I didn't think anyone still worshipped him."
              }
            }
          ]
        }
      ],
      "EditorData": {
        "AnimationTags": "",
        "Attitude": "Default",
        "CinematicNodeContext": "",
        "CinematicObjects": "",
        "CustomCineArtKeysPresent": "False",
        "CustomLightingPresent": "False",
        "CustomSoundPresent": "False",
        "CustomVFXPresent": "False",
        "Emotion": "Default",
        "ForceDisableIsCustomNode": "False",
        "ID": "N1",
        "InternalNodeContext": "",
        "IsCustomNode": "False",
        "MusicTags": "",
        "NodeContext": "",
        "Quality": "Bronze",
        "SFXTags": "",
        "StateChangeTags": "",
        "TemplateNodeUUID": "00000000-0000-0000-0000-000000000000",
        "TemplateVersion": "0",
        "VFXTags": "",
        "collapsed": "False",
        "logicalname": "Greeting",
        "position": "15;15",
        "sourcetemplate": ""
      }
    }
  },
  "SpeakerDict": {
    "0": {
      "IsPeanutSpeaker": false,
      "SpeakerMappingId": "6635ead9-f1cc-f095-49ed-1bc6767546d5",
      "Index": 0,
      "List": [
        "e0d1ff71-04a8-4340-ae64-9684d846eb83"
      ],
      "SpeakerCharacter": {
        "DisplayName": "Player",
        "Type": "character",
        "MapKey": "e2badbf0-159a-4ef5-9e73-7bbeb3d1015a",
        "Name": "S_GLO_CharacterCreationDummy_001",
        "ParentTemplateId": null,
        "TemplateName": "fd7f2707-8f86-4836-bda8-e0db99c389cc"
      },
      "SpeakerGroupName": "GROUP_Players"
    }
  },
  "Synopsis": "Player succeeds/fails passive check to recognise statue of Jergal."
}