{
  "Path": "Mods/Gustav/Story/Dialogs/Act1/Chapel/CHA_Crypt_VB_Sanctum_1.lsj",
  "UUID": "831b6ff5-dcd6-1a2c-70cd-1859e6696ca3",
  "Category": "Voice bark",
  "DefaultAddressedSpeakers": {
    "0": -1,
    "1": -1
  },
  "RootNodes": [
    "b198e4f5-4c9a-d3af-abb6-c4d201a67acb"
  ],
  "Nodes": {
    "b198e4f5-4c9a-d3af-abb6-c4d201a67acb": {
      "UUID": "b198e4f5-4c9a-d3af-abb6-c4d201a67acb",
      "Constructor": "TagGreeting",
      "EndNode": true,
      "Root": true,
      "ShowOnce": false,
      "SpeakerNo": 0,
      "AddressedSpeaker": 0,
      "Children": [],
      "CheckFlags": [],
      "SetFlags": [],
      "TaggedTextList": [
        {
          "HasTagRule": true,
          "RuleGroup": {
            "TagCombineOp": 0,
            "Rules": [
              {
                "HasChildRules": false,
                "TagCombineOp": 0,
                "Tags": [
                  "ffd08582-7396-4cac-bcd4-8f9cd0fd8ef3"
                ],
                "TagNames": [
                  "REALLY_ASTARION"
                ]
              }
            ],
            "RuleString": "REALLY_ASTARION"
          },
          "TagTexts": [
            {
              "LineId": "7613826a-0520-f162-e6c0-247834189ce3",
              "Text": {
                "Handle": "h5960cc53gd20cg48c0ga4f6g58bffa99be81",
                "Value": "The air's so stale. It feels more like a tomb than a temple."
              }
            }
          ]
        },
        {
          "HasTagRule": true,
          "RuleGroup": {
            "TagCombineOp": 0,
            "Rules": [
              {
                "HasChildRules": false,
                "TagCombineOp": 0,
                "Tags": [
                  "9b0354c0-56d9-4723-8034-918ac9abab19"
                ],
                "TagNames": [
                  "REALLY_GALE"
                ]
              }
            ],
            "RuleString": "REALLY_GALE"
          },
          "TagTexts": [
            {
              "LineId": "8bd79fae-291f-c6c9-5577-09be90d03d71",
              "Text": {
                "Handle": "hac538214g73a2g4e21g91ebg8bb5c4bc00c4",
                "Value": "Such oppressive silence. Must be lonesome to be a forgotten god."
              }
            }
          ]
        },
        {
          "HasTagRule": true,
          "RuleGroup": {
            "TagCombineOp": 0,
            "Rules": [
              {
                "HasChildRules": false,
                "TagCombineOp": 0,
                "Tags": [
                  "1a2f70d6-8ead-4eb5-a824-79ee1971764a"
                ],
                "TagNames": [
                  "REALLY_KARLACH"
                ]
              }
            ],
            "RuleString": "REALLY_KARLACH"
          },
          "TagTexts": [
            {
              "LineId": "0c3450e6-fcec-0b27-8ae5-ce6fdcc04c42",
              "Text": {
                "Handle": "hc1ff1289gdce5g4d04g83bbg32211134ded2",
                "Value": "Any old bones in here?"
              }
            }
          ]
        },
        {
          "HasTagRule": true,
          "RuleGroup": {
            "TagCombineOp": 0,
            "Rules": [
              {
                "HasChildRules": false,
                "TagCombineOp": 0,
                "Tags": [
                  "b5682d1d-c395-489c-9675-1f9b0c328ea5"
                ],
                "TagNames": [
                  "REALLY_LAEZEL"
                ]
              }
            ],
            "RuleString": "REALLY_LAEZEL"
          },
          "TagTexts": [
            {
              "LineId": "40cf75a3-78bc-74aa-e259-d0edc3a3a5a7",
              "Text": {
                "Handle": "haa86e197g507eg46fcg85bag4ba93b865a4e",
                "Value": "Nothing but dust. Perhaps the faithful abandoned their god. Or their god abandoned them."
              }
            }
          ]
        },
        {
          "HasTagRule": true,
          "RuleGroup": {
            "TagCombineOp": 0,
            "Rules": [
              {
                "HasChildRules": false,
                "TagCombineOp": 0,
                "Tags": [
                  "642d2aee-e3df-47e3-9f47-bbcd441bb9e0"
                ],
                "TagNames": [
                  "REALLY_SHADOWHEART"
                ]
              }
            ],
            "RuleString": "REALLY_SHADOWHEART"
          },
          "TagTexts": [
            {
              "LineId": "bc157117-4b89-f59e-62ff-9ef36a66e966",
              "Text": {
                "Handle": "hfdb30d67g704eg43e1g8f4dg5418041d6287",
                "Value": "Abandoned. Whatever god this place was built for can't be in great demand."
              }
            }
          ]
        },
        {
          "HasTagRule": true,
          "RuleGroup": {
            "TagCombineOp": 0,
            "Rules": [
              {
                "HasChildRules": false,
                "TagCombineOp": 0,
                "Tags": [
                  "5f40def5-d3ec-4698-a367-01a339888956"
                ],
                "TagNames": [
                  "REALLY_WYLL"
                ]
              }
            ],
            "RuleString": "REALLY_WYLL"
          },
          "TagTexts": [
            {
              "LineId": "c3b448c8-6ce0-9c81-d627-f3842bd06d73",
              "Text": {
                "Handle": "h9329c565g0e51g41d8g982dg99034981c67a",
                "Value": "Dust everywhere and not a prayer to be heard."
              }
            }
          ]
        },
        {
          "HasTagRule": true,
          "RuleGroup": {
            "TagCombineOp": 0,
            "Rules": [
              {
                "HasChildRules": false,
                "TagCombineOp": 0,
                "Tags": [
                  "6d85ab2d-5c23-498c-a61e-98f05a00177a"
                ],
                "TagNames": [
                  "PALADIN"
                ]
              }
            ],
            "RuleString": "PALADIN"
          },
          "TagTexts": [
            {
              "LineId": "d48b5f6c-ed86-4307-bda9-78abd7693792",
              "Text": {
                "Handle": "h6f84f031gac58g476cg8f65g59ede6802d86",
                "Value": "I sense another undead presence here. Powerful, but not malevolent."
              }
            }
          ]
        },
        {
          "HasTagRule": false,
          "RuleGroup": {
            "TagCombineOp": 0,
            "Rules": [],
            "RuleString": ""
          },
          "TagTexts": [
            {
              "LineId": "2f90d570-d3e5-b47c-2a17-b8ad5b490eff",
              "Text": {
                "Handle": "h7afc57d6g745fg477dgb3b1g6cc7afbb7904",
                "Value": "No more prayers... only silence and dust."
              }
            }
          ]
        }
      ],
      "EditorData": {
        "AnimationTags": "",
        "Attitude": "Default",
        "CinematicNodeContext": "",
        "CinematicObjects": "",
        "CustomCineArtKeysPresent": "False",
        "CustomLightingPresent": "False",
        "CustomSoundPresent": "False",
        "CustomVFXPresent": "False",
        "Emotion": "Default",
        "ForceDisableIsCustomNode": "False",
        "ID": "N3",
        "InternalNodeContext": "",
        "IsCustomNode": "False",
        "MusicTags": "",
        "NodeContext": "player reflects on an the abandoned inner sanctum of a long-abandoned chapel. Possibly quietly reverential; it's a holy place",
        "Quality": "Bronze",
        "SFXTags": "",
        "StateChangeTags": "",
        "TemplateNodeUUID": "00000000-0000-0000-0000-000000000000",
        "TemplateVersion": "0",
        "VFXTags": "",
        "collapsed": "False",
        "logicalname": "Greeting",
        "position": "15;-204",
        "sourcetemplate": ""
      }
    }
  },
  "SpeakerDict": {
    "0": {
      "IsPeanutSpeaker": false,
      "SpeakerMappingId": "8d6f683b-85e1-a0be-7d6b-43ce37c8b99e",
      "Index": 0,
      "List": [
        "e0d1ff71-04a8-4340-ae64-9684d846eb83"
      ],
      "SpeakerCharacter": {
        "DisplayName": "Player",
        "Type": "character",
        "MapKey": "e2badbf0-159a-4ef5-9e73-7bbeb3d1015a",
        "Name": "S_GLO_CharacterCreationDummy_001",
        "ParentTemplateId": null,
        "TemplateName": "fd7f2707-8f86-4836-bda8-e0db99c389cc"
      },
      "SpeakerGroupName": "GROUP_Players"
    }
  },
  "Synopsis": "players reflect on an the abandoned inner sanctum of a long-abandoned chapel"
}