{
  "Path": "Mods/Gustav/Story/Dialogs/Act1/Crash/CRA_Escape_VB_SawMindflayer.lsj",
  "UUID": "97b5b481-faa4-d712-4f4a-7fe607332456",
  "Category": "Voice bark",
  "DefaultAddressedSpeakers": {
    "0": -1,
    "1": -1,
    "2": -1,
    "3": -1,
    "4": -1,
    "5": -1,
    "6": -1,
    "7": -1,
    "8": -1
  },
  "RootNodes": [
    "4c2286e1-f95a-5ae8-38d0-27655342335a"
  ],
  "Nodes": {
    "4c2286e1-f95a-5ae8-38d0-27655342335a": {
      "UUID": "4c2286e1-f95a-5ae8-38d0-27655342335a",
      "Constructor": "TagGreeting",
      "EndNode": false,
      "Root": true,
      "ShowOnce": false,
      "SpeakerNo": 0,
      "AddressedSpeaker": 0,
      "Children": [
        "d8cb59c5-a745-7052-5da0-5700a6ceeea9"
      ],
      "CheckFlags": [],
      "SetFlags": [],
      "TaggedTextList": [
        {
          "HasTagRule": false,
          "RuleGroup": {
            "TagCombineOp": 0,
            "Rules": [],
            "RuleString": ""
          },
          "TagTexts": [
            {
              "LineId": "f9d1ddca-7dfd-3267-3285-6a79319c1eef",
              "Text": {
                "Handle": "ha2dbf183gef98g4db5g9393g3f26c4d8b438",
                "Value": "There! A mind flayer - and it's <i>hurt</i>."
              }
            }
          ]
        }
      ],
      "EditorData": {
        "AnimationTags": "",
        "Attitude": "Default",
        "CinematicNodeContext": "",
        "CinematicObjects": "",
        "CustomCineArtKeysPresent": "False",
        "CustomLightingPresent": "False",
        "CustomSoundPresent": "False",
        "CustomVFXPresent": "False",
        "Emotion": "Default",
        "ForceDisableIsCustomNode": "False",
        "ID": "N12",
        "InternalNodeContext": "",
        "IsCustomNode": "False",
        "MusicTags": "",
        "NodeContext": "uncertain, unnerved",
        "Quality": "Bronze",
        "SFXTags": "",
        "StateChangeTags": "",
        "TemplateNodeUUID": "00000000-0000-0000-0000-000000000000",
        "TemplateVersion": "0",
        "VFXTags": "",
        "collapsed": "False",
        "logicalname": "Greeting",
        "position": "15;234",
        "sourcetemplate": ""
      }
    },
    "d8cb59c5-a745-7052-5da0-5700a6ceeea9": {
      "UUID": "d8cb59c5-a745-7052-5da0-5700a6ceeea9",
      "Constructor": "TagAnswer",
      "EndNode": true,
      "Root": false,
      "ShowOnce": false,
      "SpeakerNo": 1,
      "AddressedSpeaker": 0,
      "Children": [],
      "CheckFlags": [],
      "SetFlags": [],
      "TaggedTextList": [
        {
          "HasTagRule": true,
          "RuleGroup": {
            "TagCombineOp": 0,
            "Rules": [
              {
                "HasChildRules": false,
                "TagCombineOp": 0,
                "Tags": [
                  "642d2aee-e3df-47e3-9f47-bbcd441bb9e0"
                ],
                "TagNames": [
                  "REALLY_SHADOWHEART"
                ]
              }
            ],
            "RuleString": "REALLY_SHADOWHEART"
          },
          "TagTexts": [
            {
              "LineId": "a42a6f90-d55b-0918-d0d9-00ac615d6a52",
              "Text": {
                "Handle": "h25efebd5g34c2g4fa3g8bcfg8375d417d1f4",
                "Value": "That thing's bound to be dangerous, even if injured. Best be careful."
              }
            }
          ]
        },
        {
          "HasTagRule": true,
          "RuleGroup": {
            "TagCombineOp": 0,
            "Rules": [
              {
                "HasChildRules": false,
                "TagCombineOp": 0,
                "Tags": [
                  "b5682d1d-c395-489c-9675-1f9b0c328ea5"
                ],
                "TagNames": [
                  "REALLY_LAEZEL"
                ]
              }
            ],
            "RuleString": "REALLY_LAEZEL"
          },
          "TagTexts": [
            {
              "LineId": "42c47062-d87f-6f82-e88c-022bf34f6020",
              "Text": {
                "Handle": "h72cfa726g1139g4ed9gafbfg53fcf6f82431",
                "Value": "Even an injured <i>ghaik</i> is a dangerous one. Do not let your guard down."
              }
            }
          ]
        },
        {
          "HasTagRule": true,
          "RuleGroup": {
            "TagCombineOp": 0,
            "Rules": [
              {
                "HasChildRules": false,
                "TagCombineOp": 0,
                "Tags": [
                  "5f40def5-d3ec-4698-a367-01a339888956"
                ],
                "TagNames": [
                  "REALLY_WYLL"
                ]
              }
            ],
            "RuleString": "REALLY_WYLL"
          },
          "TagTexts": [
            {
              "LineId": "7ce91a4c-0d07-d387-efee-57f235d998ca",
              "Text": {
                "Handle": "hbf4e905fg8274g406ag9c70g5cc536a3c744",
                "Value": "Injured - but still dangerous. Be careful."
              }
            }
          ]
        },
        {
          "HasTagRule": true,
          "RuleGroup": {
            "TagCombineOp": 0,
            "Rules": [
              {
                "HasChildRules": false,
                "TagCombineOp": 0,
                "Tags": [
                  "1a2f70d6-8ead-4eb5-a824-79ee1971764a"
                ],
                "TagNames": [
                  "REALLY_KARLACH"
                ]
              }
            ],
            "RuleString": "REALLY_KARLACH"
          },
          "TagTexts": [
            {
              "LineId": "fc4459ce-6cde-3245-ce69-8bcb90e0502b",
              "Text": {
                "Handle": "hf8ba9c6fgf61ag43bdgace0gba5c9457cb3a",
                "Value": "Give it a wide berth. It could still do a lot of damage."
              }
            }
          ]
        },
        {
          "HasTagRule": true,
          "RuleGroup": {
            "TagCombineOp": 0,
            "Rules": [
              {
                "HasChildRules": false,
                "TagCombineOp": 0,
                "Tags": [
                  "ffd08582-7396-4cac-bcd4-8f9cd0fd8ef3"
                ],
                "TagNames": [
                  "REALLY_ASTARION"
                ]
              }
            ],
            "RuleString": "REALLY_ASTARION"
          },
          "TagTexts": [
            {
              "LineId": "7ab7ab63-7c7f-874d-eedf-8413df233427",
              "Text": {
                "Handle": "ha2a3f151g3043g4906ga3b5g84c3ecd0e21c",
                "Value": "I'd rather it be hurt than me. <i>Do</i> be careful."
              }
            }
          ]
        },
        {
          "HasTagRule": true,
          "RuleGroup": {
            "TagCombineOp": 0,
            "Rules": [
              {
                "HasChildRules": false,
                "TagCombineOp": 0,
                "Tags": [
                  "9b0354c0-56d9-4723-8034-918ac9abab19"
                ],
                "TagNames": [
                  "REALLY_GALE"
                ]
              }
            ],
            "RuleString": "REALLY_GALE"
          },
          "TagTexts": [
            {
              "LineId": "36f287b2-df6b-9974-4928-2f4c8b4494b4",
              "Text": {
                "Handle": "h62064591gfc21g4111gaa64ga6360bc4885c",
                "Value": "Approach with extreme caution. An injured mind flayer is still a dangerous one."
              }
            }
          ]
        },
        {
          "HasTagRule": true,
          "RuleGroup": {
            "TagCombineOp": 0,
            "Rules": [
              {
                "HasChildRules": false,
                "TagCombineOp": 0,
                "Tags": [
                  "bad00ba2-8a49-450c-8387-af47681717f1"
                ],
                "TagNames": [
                  "PLANAR"
                ]
              },
              {
                "HasChildRules": false,
                "TagCombineOp": 2,
                "Tags": [
                  "e49c027c-6ec6-4158-9afb-8b59236d10fd"
                ],
                "TagNames": [
                  "REALLY_GITHYANKI"
                ]
              }
            ],
            "RuleString": "PLANAR and !REALLY_GITHYANKI"
          },
          "TagTexts": [
            {
              "LineId": "3617820a-3fb9-cb2c-a601-c4eb24947474",
              "Text": {
                "Handle": "h5dfaf2bdg2054g4b41g9cc6gc17e3afbf2f2",
                "Value": "Do not let your guard down - one misstep, and we're dead."
              }
            }
          ]
        },
        {
          "HasTagRule": true,
          "RuleGroup": {
            "TagCombineOp": 0,
            "Rules": [
              {
                "HasChildRules": false,
                "TagCombineOp": 0,
                "Tags": [
                  "e49c027c-6ec6-4158-9afb-8b59236d10fd"
                ],
                "TagNames": [
                  "REALLY_GITHYANKI"
                ]
              }
            ],
            "RuleString": "REALLY_GITHYANKI"
          },
          "TagTexts": [
            {
              "LineId": "e63ed05c-07ea-758b-e020-21d51f68390d",
              "Text": {
                "Handle": "h8d4e7f70ga38cg45d3gae1fgb94384063052",
                "Value": "Even injured, a <i>ghaik</i> can kill. Proceed with caution."
              }
            }
          ]
        },
        {
          "HasTagRule": true,
          "RuleGroup": {
            "TagCombineOp": 0,
            "Rules": [
              {
                "HasChildRules": false,
                "TagCombineOp": 0,
                "Tags": [
                  "45b007f7-f4f6-46e2-9480-395a49b87ef3"
                ],
                "TagNames": [
                  "REALLY_DUERGARDWARF"
                ]
              }
            ],
            "RuleString": "REALLY_DUERGARDWARF"
          },
          "TagTexts": [
            {
              "LineId": "b03307eb-198a-218a-3315-350f81803c41",
              "Text": {
                "Handle": "habfd28cfge457g43c5g85e0g5d08ba9ec742",
                "Value": "Hurt, but still kicking - I can feel it scrabbling from here. Watch yourself."
              }
            }
          ]
        },
        {
          "HasTagRule": false,
          "RuleGroup": {
            "TagCombineOp": 0,
            "Rules": [],
            "RuleString": ""
          },
          "TagTexts": [
            {
              "LineId": "42b5e257-883d-be9d-4f33-4e9c810c0b06",
              "Text": {
                "Handle": "had7ec50agad0cg4feagb481g72a0dc9f378f",
                "Value": "Even injured, it's dangerous. Be careful."
              }
            }
          ]
        }
      ],
      "EditorData": {
        "AnimationTags": "",
        "Attitude": "Default",
        "CinematicNodeContext": "",
        "CinematicObjects": "",
        "CustomCineArtKeysPresent": "False",
        "CustomLightingPresent": "False",
        "CustomSoundPresent": "False",
        "CustomVFXPresent": "False",
        "Emotion": "Default",
        "ForceDisableIsCustomNode": "False",
        "ID": "N23",
        "InternalNodeContext": "",
        "IsCustomNode": "False",
        "MusicTags": "",
        "NodeContext": "",
        "Quality": "Bronze",
        "SFXTags": "",
        "StateChangeTags": "",
        "TemplateNodeUUID": "00000000-0000-0000-0000-000000000000",
        "TemplateVersion": "0",
        "VFXTags": "",
        "collapsed": "False",
        "logicalname": "Answer",
        "position": "335;234",
        "sourcetemplate": ""
      }
    }
  },
  "SpeakerDict": {
    "0": {
      "IsPeanutSpeaker": false,
      "SpeakerMappingId": "78713418-0f8a-9586-1c60-7a9bbb72bbbe",
      "Index": 0,
      "List": [
        "e0d1ff71-04a8-4340-ae64-9684d846eb83"
      ],
      "SpeakerCharacter": {
        "DisplayName": "Player",
        "Type": "character",
        "MapKey": "e2badbf0-159a-4ef5-9e73-7bbeb3d1015a",
        "Name": "S_GLO_CharacterCreationDummy_001",
        "ParentTemplateId": null,
        "TemplateName": "fd7f2707-8f86-4836-bda8-e0db99c389cc"
      },
      "SpeakerGroupName": "GROUP_Players"
    },
    "1": {
      "IsPeanutSpeaker": false,
      "SpeakerMappingId": "844185b8-baec-5e62-5175-ac17a8fceea6",
      "Index": 1,
      "List": [
        "e0d1ff71-04a8-4340-ae64-9684d846eb83"
      ],
      "SpeakerCharacter": {
        "DisplayName": "Player",
        "Type": "character",
        "MapKey": "e2badbf0-159a-4ef5-9e73-7bbeb3d1015a",
        "Name": "S_GLO_CharacterCreationDummy_001",
        "ParentTemplateId": null,
        "TemplateName": "fd7f2707-8f86-4836-bda8-e0db99c389cc"
      },
      "SpeakerGroupName": "GROUP_Players"
    }
  },
  "Synopsis": "The party remarks when seeing people trying to dig somebody out of the wreckage in the chaos of the nautiloid crash site"
}