{
  "Path": "Mods/Gustav/Story/Dialogs/Act1/Crash/CRA_ShadowheartRecruitment_AD.lsj",
  "UUID": "3d846e74-5362-ea70-bd9a-379e5d57ebc4",
  "Category": "Automated NPC Dialog",
  "DefaultAddressedSpeakers": {},
  "RootNodes": [
    "50c9b1ca-a2f3-47b3-bbcb-53cc1ebfed8f",
    "3cf8b0b2-8e79-41e4-9502-57734070b20a",
    "b15875e4-2240-4f7b-8f64-69ccdea06f9e"
  ],
  "Nodes": {
    "3cf8b0b2-8e79-41e4-9502-57734070b20a": {
      "UUID": "3cf8b0b2-8e79-41e4-9502-57734070b20a",
      "Constructor": "TagGreeting",
      "EndNode": true,
      "Root": true,
      "ShowOnce": false,
      "SpeakerNo": 0,
      "AddressedSpeaker": 0,
      "Children": [],
      "CheckFlags": [
        {
          "Flags": [
            {
              "UUID": "dbe92877-04df-55ad-0599-5f4103fc1e3d",
              "value": true,
              "paramval": null,
              "Name": "3d846e74-5362-ea70-bd9a-379e5d57ebc4_A"
            }
          ],
          "Type": "Local"
        }
      ],
      "SetFlags": [
        {
          "Flags": [
            {
              "UUID": "0bd09dcd-d8c3-2801-581e-da37f1151b57",
              "value": true,
              "paramval": null,
              "Name": "3d846e74-5362-ea70-bd9a-379e5d57ebc4_B"
            }
          ],
          "Type": "Local"
        }
      ],
      "TaggedTextList": [
        {
          "HasTagRule": false,
          "RuleGroup": {
            "TagCombineOp": 0,
            "Rules": [],
            "RuleString": ""
          },
          "TagTexts": [
            {
              "LineId": "13c92ef8-23b3-4693-8308-1a7ce6b6b4f9",
              "Text": {
                "Handle": "h565f87d0g38adg4911g849eg775d316b6f8e",
                "Value": "Ngh... no..."
              }
            }
          ]
        }
      ],
      "EditorData": {
        "AnimationTags": "",
        "Attitude": "Default",
        "CinematicNodeContext": "",
        "CinematicObjects": "",
        "CustomCineArtKeysPresent": "False",
        "CustomLightingPresent": "False",
        "CustomSoundPresent": "False",
        "CustomVFXPresent": "False",
        "Emotion": "Default",
        "ForceDisableIsCustomNode": "False",
        "ID": "N1",
        "InternalNodeContext": "",
        "IsCustomNode": "False",
        "MusicTags": "",
        "NodeContext": "Unconscious groans of pain and shock",
        "Quality": "Bronze",
        "SFXTags": "",
        "StateChangeTags": "",
        "TemplateNodeUUID": "00000000-0000-0000-0000-000000000000",
        "TemplateVersion": "0",
        "VFXTags": "",
        "collapsed": "False",
        "logicalname": "Greeting",
        "position": "15;234",
        "sourcetemplate": "Sequential_AD"
      }
    },
    "50c9b1ca-a2f3-47b3-bbcb-53cc1ebfed8f": {
      "UUID": "50c9b1ca-a2f3-47b3-bbcb-53cc1ebfed8f",
      "Constructor": "TagGreeting",
      "EndNode": true,
      "Root": true,
      "ShowOnce": false,
      "SpeakerNo": 0,
      "AddressedSpeaker": 0,
      "Children": [],
      "CheckFlags": [
        {
          "Flags": [
            {
              "UUID": "0bd09dcd-d8c3-2801-581e-da37f1151b57",
              "value": true,
              "paramval": null,
              "Name": "3d846e74-5362-ea70-bd9a-379e5d57ebc4_B"
            }
          ],
          "Type": "Local"
        }
      ],
      "SetFlags": [
        {
          "Flags": [
            {
              "UUID": "0bd09dcd-d8c3-2801-581e-da37f1151b57",
              "value": false,
              "paramval": null,
              "Name": "3d846e74-5362-ea70-bd9a-379e5d57ebc4_B"
            },
            {
              "UUID": "dbe92877-04df-55ad-0599-5f4103fc1e3d",
              "value": false,
              "paramval": null,
              "Name": "3d846e74-5362-ea70-bd9a-379e5d57ebc4_A"
            }
          ],
          "Type": "Local"
        }
      ],
      "TaggedTextList": [
        {
          "HasTagRule": false,
          "RuleGroup": {
            "TagCombineOp": 0,
            "Rules": [],
            "RuleString": ""
          },
          "TagTexts": [
            {
              "LineId": "23b0b1ae-a7f7-44f3-ab6f-b293e6a70042",
              "Text": {
                "Handle": "he7d14737g8ebeg4c95gb89cg26013848355e",
                "Value": "Agh..."
              }
            }
          ]
        }
      ],
      "EditorData": {
        "AnimationTags": "",
        "Attitude": "Default",
        "CinematicNodeContext": "",
        "CinematicObjects": "",
        "CustomCineArtKeysPresent": "False",
        "CustomLightingPresent": "False",
        "CustomSoundPresent": "False",
        "CustomVFXPresent": "False",
        "Emotion": "Default",
        "ForceDisableIsCustomNode": "False",
        "ID": "N2",
        "InternalNodeContext": "",
        "IsCustomNode": "False",
        "MusicTags": "",
        "NodeContext": "Unconscious groans of pain and shock",
        "Quality": "Bronze",
        "SFXTags": "",
        "StateChangeTags": "",
        "TemplateNodeUUID": "00000000-0000-0000-0000-000000000000",
        "TemplateVersion": "0",
        "VFXTags": "",
        "collapsed": "False",
        "logicalname": "Greeting",
        "position": "15;15",
        "sourcetemplate": "Sequential_AD"
      }
    },
    "b15875e4-2240-4f7b-8f64-69ccdea06f9e": {
      "UUID": "b15875e4-2240-4f7b-8f64-69ccdea06f9e",
      "Constructor": "TagGreeting",
      "EndNode": true,
      "Root": true,
      "ShowOnce": false,
      "SpeakerNo": 0,
      "AddressedSpeaker": 0,
      "Children": [],
      "CheckFlags": [],
      "SetFlags": [
        {
          "Flags": [
            {
              "UUID": "dbe92877-04df-55ad-0599-5f4103fc1e3d",
              "value": true,
              "paramval": null,
              "Name": "3d846e74-5362-ea70-bd9a-379e5d57ebc4_A"
            }
          ],
          "Type": "Local"
        }
      ],
      "TaggedTextList": [
        {
          "HasTagRule": false,
          "RuleGroup": {
            "TagCombineOp": 0,
            "Rules": [],
            "RuleString": ""
          },
          "TagTexts": [
            {
              "LineId": "20129327-6421-4dfc-a7bb-849346593aa3",
              "Text": {
                "Handle": "h150cbab8gf936g4e82g888fg6d58326641fb",
                "Value": "Uhh..."
              }
            }
          ]
        }
      ],
      "EditorData": {
        "AnimationTags": "",
        "Attitude": "Default",
        "CinematicNodeContext": "",
        "CinematicObjects": "",
        "CustomCineArtKeysPresent": "False",
        "CustomLightingPresent": "False",
        "CustomSoundPresent": "False",
        "CustomVFXPresent": "False",
        "Emotion": "Default",
        "ForceDisableIsCustomNode": "False",
        "ID": "N3",
        "InternalNodeContext": "",
        "IsCustomNode": "False",
        "MusicTags": "",
        "NodeContext": "Unconscious groans of pain and shock",
        "Quality": "Bronze",
        "SFXTags": "",
        "StateChangeTags": "",
        "TemplateNodeUUID": "00000000-0000-0000-0000-000000000000",
        "TemplateVersion": "0",
        "VFXTags": "",
        "collapsed": "False",
        "logicalname": "Greeting",
        "position": "15;453",
        "sourcetemplate": "Sequential_AD"
      }
    }
  },
  "SpeakerDict": {
    "0": {
      "IsPeanutSpeaker": false,
      "SpeakerMappingId": "e1e11aac-d268-8aee-23a1-20b00a799b8f",
      "Index": 0,
      "List": [
        "3ed74f06-3c60-42dc-83f6-f034cb47c679"
      ],
      "SpeakerCharacter": {
        "DisplayName": "Shadowheart",
        "Type": "character",
        "MapKey": "3ed74f06-3c60-42dc-83f6-f034cb47c679",
        "Name": "S_Player_ShadowHeart",
        "ParentTemplateId": null,
        "TemplateName": "2ac51f22-e357-4639-b81d-022d462c8c6a"
      },
      "SpeakerGroupName": null
    }
  },
  "Synopsis": "Shadowheart groans and moans while unconscious. This occurs immediately after the nautiloid crash, with the player finding her lying on the ground amongst the debris."
}