{
  "Path": "Mods/Gustav/Story/Dialogs/Act1/Crash/CRA_LaezelWakingUp.lsj",
  "UUID": "68692334-8893-1468-2ae3-48ac5c8549e0",
  "Category": "Generic NPC Dialog",
  "DefaultAddressedSpeakers": {
    "0": -1
  },
  "RootNodes": [
    "77a6bc30-5375-6beb-ce19-1f61c98d9b05"
  ],
  "Nodes": {
    "0e74fe4b-cbb7-a0cb-4a8c-207c7e767c80": {
      "UUID": "0e74fe4b-cbb7-a0cb-4a8c-207c7e767c80",
      "Constructor": "TagAnswer",
      "EndNode": false,
      "Root": false,
      "ShowOnce": false,
      "SpeakerNo": -666,
      "AddressedSpeaker": 0,
      "Children": [
        "d52c1e0b-95cc-d361-a4a5-93270838e3f5"
      ],
      "CheckFlags": [],
      "SetFlags": [],
      "TaggedTextList": [
        {
          "HasTagRule": false,
          "RuleGroup": {
            "TagCombineOp": 0,
            "Rules": [],
            "RuleString": ""
          },
          "TagTexts": [
            {
              "LineId": "688822ef-d3d6-60ad-f7d1-32ffd6fa6b91",
              "Text": {
                "Handle": "h1a43c39fg5223g40aag8f0dg2209c2ba4b5c",
                "Value": "*The pain deepens as you take in the world around you.*"
              }
            }
          ]
        }
      ],
      "EditorData": {
        "AnimationTags": "*DUPE* hand to head while sitting on ground <AaronH>",
        "Attitude": "Neutral",
        "CinematicNodeContext": "",
        "CinematicObjects": "",
        "CustomCineArtKeysPresent": "True",
        "CustomLightingPresent": "False",
        "CustomSoundPresent": "False",
        "CustomVFXPresent": "False",
        "Emotion": "Neutral",
        "ForceDisableIsCustomNode": "False",
        "ID": "N21",
        "InternalNodeContext": "",
        "IsCustomNode": "False",
        "MusicTags": "",
        "NodeContext": "",
        "Quality": "Bronze",
        "SFXTags": "",
        "StateChangeTags": "",
        "TemplateNodeUUID": "00000000-0000-0000-0000-000000000000",
        "TemplateVersion": "0",
        "VFXTags": "",
        "collapsed": "False",
        "logicalname": "Answer",
        "position": "655;672",
        "sourcetemplate": ""
      }
    },
    "13948a2f-c79d-9eb5-8ff9-44802454013e": {
      "UUID": "13948a2f-c79d-9eb5-8ff9-44802454013e",
      "Constructor": "TagQuestion",
      "EndNode": false,
      "Root": false,
      "ShowOnce": true,
      "SpeakerNo": 0,
      "AddressedSpeaker": 0,
      "Children": [
        "0e74fe4b-cbb7-a0cb-4a8c-207c7e767c80"
      ],
      "CheckFlags": [],
      "SetFlags": [],
      "TaggedTextList": [
        {
          "HasTagRule": false,
          "RuleGroup": {
            "TagCombineOp": 0,
            "Rules": [],
            "RuleString": ""
          },
          "TagTexts": [
            {
              "LineId": "19d084a6-c5df-1093-bd9b-ae8dc4bedd12",
              "Text": {
                "Handle": "heaffd7ffg1508g4bccgbd20g22d3e59e0130",
                "Value": "<i>Brush off the pain - there is no time to waste.</i>"
              }
            }
          ]
        }
      ],
      "EditorData": {
        "AnimationTags": "",
        "Attitude": "Default",
        "CinematicNodeContext": "",
        "CinematicObjects": "",
        "CustomCineArtKeysPresent": "False",
        "CustomLightingPresent": "False",
        "CustomSoundPresent": "False",
        "CustomVFXPresent": "False",
        "Emotion": "Default",
        "ForceDisableIsCustomNode": "False",
        "ID": "N5",
        "InternalNodeContext": "",
        "IsCustomNode": "False",
        "MusicTags": "",
        "NodeContext": "",
        "Quality": "Bronze",
        "SFXTags": "",
        "StateChangeTags": "",
        "TemplateNodeUUID": "00000000-0000-0000-0000-000000000000",
        "TemplateVersion": "0",
        "VFXTags": "",
        "collapsed": "False",
        "logicalname": "Question",
        "position": "335;672",
        "sourcetemplate": ""
      }
    },
    "228c14ee-cb35-b240-357b-9e45d47a1cf8": {
      "UUID": "228c14ee-cb35-b240-357b-9e45d47a1cf8",
      "Constructor": "TagAnswer",
      "EndNode": false,
      "Root": false,
      "ShowOnce": false,
      "SpeakerNo": 0,
      "AddressedSpeaker": 0,
      "Children": [
        "9f832004-e6ab-1be4-982a-9a66d6da4155"
      ],
      "CheckFlags": [],
      "SetFlags": [],
      "TaggedTextList": [
        {
          "HasTagRule": false,
          "RuleGroup": {
            "TagCombineOp": 0,
            "Rules": [],
            "RuleString": ""
          },
          "TagTexts": [
            {
              "LineId": "b3855f6f-83b5-860a-d6b4-f77df8d98ec1",
              "Text": {
                "Handle": "heb17d373gf0cfg4f82g85b3gb09fd3d2d8f6",
                "Value": "'<i>Vlaakith'ka sivim hrath krash'ht</i>.' Only in Vlaakith may we find light."
              }
            }
          ]
        }
      ],
      "EditorData": {
        "AnimationTags": "hand to head while sitting on ground <AaronH>",
        "Attitude": "Neutral",
        "CinematicNodeContext": "Said quietly in meditation.",
        "CinematicObjects": "",
        "CustomCineArtKeysPresent": "True",
        "CustomLightingPresent": "False",
        "CustomSoundPresent": "False",
        "CustomVFXPresent": "False",
        "Emotion": "Determination",
        "ForceDisableIsCustomNode": "True",
        "ID": "N7",
        "InternalNodeContext": "",
        "IsCustomNode": "False",
        "MusicTags": "",
        "NodeContext": "Said quietly in meditation. Vlaakith'ka sivim hrath krash'ht: VLAH-kith-kah SIV-im HRATH KRAHSH-het.",
        "Quality": "Bronze",
        "SFXTags": "",
        "StateChangeTags": "",
        "TemplateNodeUUID": "00000000-0000-0000-0000-000000000000",
        "TemplateVersion": "0",
        "VFXTags": "",
        "collapsed": "False",
        "logicalname": "Answer",
        "position": "655;15",
        "sourcetemplate": ""
      }
    },
    "3b4e4149-9d58-5ddb-414b-9f463b36afc3": {
      "JumpTarget": "8e570c29-52bc-261c-932f-1bea112a0534",
      "JumpTargetPoint": 1,
      "UUID": "3b4e4149-9d58-5ddb-414b-9f463b36afc3",
      "Constructor": "Jump",
      "EndNode": false,
      "Root": false,
      "ShowOnce": false,
      "SpeakerNo": 0,
      "AddressedSpeaker": 0,
      "Children": [],
      "CheckFlags": [],
      "SetFlags": [],
      "TaggedTextList": [],
      "EditorData": {
        "ID": "N16",
        "TemplateNodeUUID": "00000000-0000-0000-0000-000000000000",
        "TemplateVersion": "0",
        "collapsed": "False",
        "logicalname": "Jump",
        "position": "975;234",
        "sourcetemplate": ""
      }
    },
    "411002c7-5038-55ac-014f-cddca2d7a302": {
      "UUID": "411002c7-5038-55ac-014f-cddca2d7a302",
      "Constructor": "TagQuestion",
      "EndNode": false,
      "Root": false,
      "ShowOnce": true,
      "SpeakerNo": 0,
      "AddressedSpeaker": 0,
      "Children": [
        "b40d026e-c89c-1cb1-07e0-cd01443a20b6"
      ],
      "CheckFlags": [],
      "SetFlags": [],
      "TaggedTextList": [
        {
          "HasTagRule": false,
          "RuleGroup": {
            "TagCombineOp": 0,
            "Rules": [],
            "RuleString": ""
          },
          "TagTexts": [
            {
              "LineId": "62a6ba01-6fbc-4ab5-7f89-5af1a1d628df",
              "Text": {
                "Handle": "h1c032426g9fceg4586g8708ged2a97947efc",
                "Value": "<i>Rub your forehead. Can you feel the tadpole, wriggling inside?</i>"
              }
            }
          ]
        }
      ],
      "EditorData": {
        "AnimationTags": "",
        "Attitude": "Default",
        "CinematicNodeContext": "",
        "CinematicObjects": "",
        "CustomCineArtKeysPresent": "False",
        "CustomLightingPresent": "False",
        "CustomSoundPresent": "False",
        "CustomVFXPresent": "False",
        "Emotion": "Default",
        "ForceDisableIsCustomNode": "False",
        "ID": "N6",
        "InternalNodeContext": "",
        "IsCustomNode": "False",
        "MusicTags": "",
        "NodeContext": "",
        "Quality": "Bronze",
        "SFXTags": "",
        "StateChangeTags": "",
        "TemplateNodeUUID": "00000000-0000-0000-0000-000000000000",
        "TemplateVersion": "0",
        "VFXTags": "",
        "collapsed": "False",
        "logicalname": "Question",
        "position": "335;453",
        "sourcetemplate": ""
      }
    },
    "50606935-2424-5636-f2be-8545806db82b": {
      "UUID": "50606935-2424-5636-f2be-8545806db82b",
      "Constructor": "TagAnswer",
      "EndNode": false,
      "Root": false,
      "ShowOnce": false,
      "SpeakerNo": -666,
      "AddressedSpeaker": 0,
      "Children": [
        "b83d0c53-ab8b-a2b1-cc48-92845a7a5ea6"
      ],
      "CheckFlags": [],
      "SetFlags": [],
      "TaggedTextList": [
        {
          "HasTagRule": false,
          "RuleGroup": {
            "TagCombineOp": 0,
            "Rules": [],
            "RuleString": ""
          },
          "TagTexts": [
            {
              "LineId": "05c44490-923d-3a25-ed52-6794d9774596",
              "Text": {
                "Handle": "hae42d5a7gf70ag419fga75ag007f73eb2bdb",
                "Value": "*It's only a matter of days before tentacles split your lips, and your skin turns to gore.*"
              }
            }
          ]
        }
      ],
      "EditorData": {
        "AnimationTags": "*DUPE*moves hand away from head and stands up <AaronH>",
        "Attitude": "Neutral",
        "CinematicNodeContext": "",
        "CinematicObjects": "",
        "CustomCineArtKeysPresent": "True",
        "CustomLightingPresent": "False",
        "CustomSoundPresent": "True",
        "CustomVFXPresent": "False",
        "Emotion": "Fear",
        "ForceDisableIsCustomNode": "False",
        "ID": "N17",
        "InternalNodeContext": "",
        "IsCustomNode": "False",
        "MusicTags": "",
        "NodeContext": "",
        "Quality": "Bronze",
        "SFXTags": "Sitting to Standing",
        "StateChangeTags": "",
        "TemplateNodeUUID": "00000000-0000-0000-0000-000000000000",
        "TemplateVersion": "0",
        "VFXTags": "",
        "collapsed": "False",
        "logicalname": "Answer",
        "position": "975;453",
        "sourcetemplate": ""
      }
    },
    "573df5dc-50f3-0a26-b432-6944d3325934": {
      "UUID": "573df5dc-50f3-0a26-b432-6944d3325934",
      "Constructor": "TagQuestion",
      "EndNode": false,
      "Root": false,
      "ShowOnce": true,
      "SpeakerNo": 0,
      "AddressedSpeaker": 0,
      "Children": [
        "d32f92a8-1b31-816b-3de7-c03979e88b4b"
      ],
      "CheckFlags": [],
      "SetFlags": [],
      "TaggedTextList": [
        {
          "HasTagRule": false,
          "RuleGroup": {
            "TagCombineOp": 0,
            "Rules": [],
            "RuleString": ""
          },
          "TagTexts": [
            {
              "LineId": "fdd4ca6f-90d2-3c12-997e-bfca4d4e6f1a",
              "Text": {
                "Handle": "h5b64cf2cgdc54g4c83g9496g111088466aaf",
                "Value": "<i>Summon your resolve. The </i>ghaik<i> tadpole will not be the end of you.</i>"
              }
            }
          ]
        }
      ],
      "EditorData": {
        "AnimationTags": "",
        "Attitude": "Default",
        "CinematicNodeContext": "",
        "CinematicObjects": "",
        "CustomCineArtKeysPresent": "False",
        "CustomLightingPresent": "False",
        "CustomSoundPresent": "False",
        "CustomVFXPresent": "False",
        "Emotion": "Default",
        "ForceDisableIsCustomNode": "False",
        "ID": "N4",
        "InternalNodeContext": "",
        "IsCustomNode": "False",
        "MusicTags": "",
        "NodeContext": "",
        "Quality": "Bronze",
        "SFXTags": "",
        "StateChangeTags": "",
        "TemplateNodeUUID": "00000000-0000-0000-0000-000000000000",
        "TemplateVersion": "0",
        "VFXTags": "",
        "collapsed": "False",
        "logicalname": "Question",
        "position": "335;234",
        "sourcetemplate": ""
      }
    },
    "6e925e4b-2353-6f12-3534-b0c0dd849b22": {
      "UUID": "6e925e4b-2353-6f12-3534-b0c0dd849b22",
      "Constructor": "TagQuestion",
      "EndNode": false,
      "Root": false,
      "ShowOnce": true,
      "SpeakerNo": 0,
      "AddressedSpeaker": 0,
      "Children": [
        "228c14ee-cb35-b240-357b-9e45d47a1cf8"
      ],
      "CheckFlags": [],
      "SetFlags": [],
      "TaggedTextList": [
        {
          "HasTagRule": false,
          "RuleGroup": {
            "TagCombineOp": 0,
            "Rules": [],
            "RuleString": ""
          },
          "TagTexts": [
            {
              "LineId": "86bce71b-2cbe-627b-bd6d-44439a1cb6de",
              "Text": {
                "Handle": "hca866d01g5ac0g44f9g848fg03f02c3e038a",
                "Value": "<i>Meditate on the words of your queen. Through them, you will find calm.</i>"
              }
            }
          ]
        }
      ],
      "EditorData": {
        "AnimationTags": "",
        "Attitude": "Default",
        "CinematicNodeContext": "",
        "CinematicObjects": "",
        "CustomCineArtKeysPresent": "False",
        "CustomLightingPresent": "False",
        "CustomSoundPresent": "False",
        "CustomVFXPresent": "False",
        "Emotion": "Default",
        "ForceDisableIsCustomNode": "False",
        "ID": "N3",
        "InternalNodeContext": "",
        "IsCustomNode": "False",
        "MusicTags": "",
        "NodeContext": "",
        "Quality": "Bronze",
        "SFXTags": "",
        "StateChangeTags": "",
        "TemplateNodeUUID": "00000000-0000-0000-0000-000000000000",
        "TemplateVersion": "0",
        "VFXTags": "",
        "collapsed": "False",
        "logicalname": "Question",
        "position": "335;15",
        "sourcetemplate": ""
      }
    },
    "77a6bc30-5375-6beb-ce19-1f61c98d9b05": {
      "UUID": "77a6bc30-5375-6beb-ce19-1f61c98d9b05",
      "Constructor": "TagGreeting",
      "EndNode": false,
      "Root": true,
      "ShowOnce": false,
      "SpeakerNo": -666,
      "AddressedSpeaker": 0,
      "Children": [
        "6e925e4b-2353-6f12-3534-b0c0dd849b22",
        "573df5dc-50f3-0a26-b432-6944d3325934",
        "411002c7-5038-55ac-014f-cddca2d7a302",
        "13948a2f-c79d-9eb5-8ff9-44802454013e"
      ],
      "CheckFlags": [],
      "SetFlags": [],
      "TaggedTextList": [
        {
          "HasTagRule": false,
          "RuleGroup": {
            "TagCombineOp": 0,
            "Rules": [],
            "RuleString": ""
          },
          "TagTexts": [
            {
              "LineId": "10c44ae2-1d6c-9353-39a0-9e96180890d0",
              "Text": {
                "Handle": "h0bc00a24ga735g4227gb5ccgb7d4a7d2565f",
                "Value": "*Your skull throbs, your muscles ache. Memories of the last day swim through your head before taking form.*"
              }
            }
          ]
        }
      ],
      "EditorData": {
        "AnimationTags": "Laezel sits up and puts hand to head  <AaronH>",
        "Attitude": "Neutral",
        "CinematicNodeContext": "Lae'Zel solo scene, custom cameras may be required.",
        "CinematicObjects": "",
        "CustomCineArtKeysPresent": "True",
        "CustomLightingPresent": "False",
        "CustomSoundPresent": "True",
        "CustomVFXPresent": "False",
        "Emotion": "Fear",
        "ForceDisableIsCustomNode": "False",
        "ID": "N1",
        "InternalNodeContext": "",
        "IsCustomNode": "True",
        "MusicTags": "",
        "NodeContext": "",
        "Quality": "Silver",
        "SFXTags": "",
        "StateChangeTags": "Leazel waking up and moving to sit up",
        "TemplateNodeUUID": "00000000-0000-0000-0000-000000000000",
        "TemplateVersion": "0",
        "VFXTags": "",
        "collapsed": "False",
        "logicalname": "Greeting",
        "position": "15;15",
        "sourcetemplate": ""
      }
    },
    "8e570c29-52bc-261c-932f-1bea112a0534": {
      "UUID": "8e570c29-52bc-261c-932f-1bea112a0534",
      "Constructor": "TagAnswer",
      "EndNode": false,
      "Root": false,
      "ShowOnce": false,
      "SpeakerNo": -666,
      "AddressedSpeaker": 0,
      "Children": [
        "bd6fbb75-b45f-4111-d298-81c1e92a4802"
      ],
      "CheckFlags": [],
      "SetFlags": [],
      "TaggedTextList": [
        {
          "HasTagRule": false,
          "RuleGroup": {
            "TagCombineOp": 0,
            "Rules": [],
            "RuleString": ""
          },
          "TagTexts": [
            {
              "LineId": "07b5c52a-8338-b385-3da4-26164c620987",
              "Text": {
                "Handle": "h3a34b412gcfbeg498fgb953g3e954774b6c4",
                "Value": "*It is only a matter of days before tentacles split your lips, and your skin turns to gore.*"
              }
            }
          ]
        }
      ],
      "EditorData": {
        "AnimationTags": "Cine Animation can be used <AaronH>",
        "Attitude": "Neutral",
        "CinematicNodeContext": "",
        "CinematicObjects": "",
        "CustomCineArtKeysPresent": "True",
        "CustomLightingPresent": "False",
        "CustomSoundPresent": "True",
        "CustomVFXPresent": "False",
        "Emotion": "Determination",
        "ForceDisableIsCustomNode": "False",
        "ID": "N14",
        "InternalNodeContext": "",
        "IsCustomNode": "False",
        "MusicTags": "",
        "NodeContext": "",
        "Quality": "Bronze",
        "SFXTags": "",
        "StateChangeTags": "",
        "TemplateNodeUUID": "00000000-0000-0000-0000-000000000000",
        "TemplateVersion": "0",
        "VFXTags": "",
        "collapsed": "False",
        "logicalname": "Answer",
        "position": "1295;15",
        "sourcetemplate": ""
      }
    },
    "9f832004-e6ab-1be4-982a-9a66d6da4155": {
      "UUID": "9f832004-e6ab-1be4-982a-9a66d6da4155",
      "Constructor": "TagAnswer",
      "EndNode": false,
      "Root": false,
      "ShowOnce": false,
      "SpeakerNo": -666,
      "AddressedSpeaker": 0,
      "Children": [
        "8e570c29-52bc-261c-932f-1bea112a0534"
      ],
      "CheckFlags": [],
      "SetFlags": [],
      "TaggedTextList": [
        {
          "HasTagRule": false,
          "RuleGroup": {
            "TagCombineOp": 0,
            "Rules": [],
            "RuleString": ""
          },
          "TagTexts": [
            {
              "LineId": "5c0363cd-1040-4ee6-3855-4ed5ccc65328",
              "Text": {
                "Handle": "he4c250dbgc507g4d22gac91ga65d86e2d44e",
                "Value": "*The world around you comes into focus. Whatever this place, you know Vlaakith's protocol: you must locate a githyanki crèche.*"
              }
            }
          ]
        }
      ],
      "EditorData": {
        "AnimationTags": "moves hand away from head and stands up <AaronH>",
        "Attitude": "Neutral",
        "CinematicNodeContext": "",
        "CinematicObjects": "",
        "CustomCineArtKeysPresent": "True",
        "CustomLightingPresent": "False",
        "CustomSoundPresent": "False",
        "CustomVFXPresent": "False",
        "Emotion": "Determination",
        "ForceDisableIsCustomNode": "False",
        "ID": "N8",
        "InternalNodeContext": "",
        "IsCustomNode": "False",
        "MusicTags": "",
        "NodeContext": "",
        "Quality": "Bronze",
        "SFXTags": "",
        "StateChangeTags": "Sitting to Standing",
        "TemplateNodeUUID": "00000000-0000-0000-0000-000000000000",
        "TemplateVersion": "0",
        "VFXTags": "",
        "collapsed": "False",
        "logicalname": "Answer",
        "position": "975;15",
        "sourcetemplate": ""
      }
    },
    "b40d026e-c89c-1cb1-07e0-cd01443a20b6": {
      "UUID": "b40d026e-c89c-1cb1-07e0-cd01443a20b6",
      "Constructor": "TagAnswer",
      "EndNode": false,
      "Root": false,
      "ShowOnce": false,
      "SpeakerNo": -666,
      "AddressedSpeaker": 0,
      "Children": [
        "50606935-2424-5636-f2be-8545806db82b"
      ],
      "CheckFlags": [],
      "SetFlags": [],
      "TaggedTextList": [
        {
          "HasTagRule": false,
          "RuleGroup": {
            "TagCombineOp": 0,
            "Rules": [],
            "RuleString": ""
          },
          "TagTexts": [
            {
              "LineId": "ca07b542-f38a-d244-39be-f899cbd05cd8",
              "Text": {
                "Handle": "hf8e1c4bcgcafag4c87g94bbg7a48bc3cfbb1",
                "Value": "*Inside you, an atrocity is growing - feeding on you, <i>becoming</i> you.*"
              }
            }
          ]
        }
      ],
      "EditorData": {
        "AnimationTags": "*DUPE* hand to head while sitting on ground <AaronH>",
        "Attitude": "Neutral",
        "CinematicNodeContext": "",
        "CinematicObjects": "",
        "CustomCineArtKeysPresent": "True",
        "CustomLightingPresent": "False",
        "CustomSoundPresent": "True",
        "CustomVFXPresent": "False",
        "Emotion": "Anger",
        "ForceDisableIsCustomNode": "False",
        "ID": "N13",
        "InternalNodeContext": "",
        "IsCustomNode": "False",
        "MusicTags": "",
        "NodeContext": "",
        "Quality": "Bronze",
        "SFXTags": "",
        "StateChangeTags": "",
        "TemplateNodeUUID": "00000000-0000-0000-0000-000000000000",
        "TemplateVersion": "0",
        "VFXTags": "",
        "collapsed": "False",
        "logicalname": "Answer",
        "position": "655;453",
        "sourcetemplate": ""
      }
    },
    "b83d0c53-ab8b-a2b1-cc48-92845a7a5ea6": {
      "UUID": "b83d0c53-ab8b-a2b1-cc48-92845a7a5ea6",
      "Constructor": "TagAnswer",
      "EndNode": false,
      "Root": false,
      "ShowOnce": false,
      "SpeakerNo": -666,
      "AddressedSpeaker": 0,
      "Children": [
        "f22f3017-43b6-da8a-f4cf-8bb04639a0b4"
      ],
      "CheckFlags": [],
      "SetFlags": [],
      "TaggedTextList": [
        {
          "HasTagRule": false,
          "RuleGroup": {
            "TagCombineOp": 0,
            "Rules": [],
            "RuleString": ""
          },
          "TagTexts": [
            {
              "LineId": "a33e0523-3e5a-a948-277c-8cb7c5116684",
              "Text": {
                "Handle": "he210194egfe2bg45acg8df1ga7577b41f8d8",
                "Value": "*If you want a cure, you must follow protocol: locate a githyanki crèche.*"
              }
            }
          ]
        }
      ],
      "EditorData": {
        "AnimationTags": "Cine Animation can be used <AaronH>",
        "Attitude": "Neutral",
        "CinematicNodeContext": "",
        "CinematicObjects": "",
        "CustomCineArtKeysPresent": "True",
        "CustomLightingPresent": "False",
        "CustomSoundPresent": "True",
        "CustomVFXPresent": "False",
        "Emotion": "Determination",
        "ForceDisableIsCustomNode": "False",
        "ID": "N18",
        "InternalNodeContext": "",
        "IsCustomNode": "False",
        "MusicTags": "",
        "NodeContext": "",
        "Quality": "Bronze",
        "SFXTags": "",
        "StateChangeTags": "",
        "TemplateNodeUUID": "00000000-0000-0000-0000-000000000000",
        "TemplateVersion": "0",
        "VFXTags": "",
        "collapsed": "False",
        "logicalname": "Answer",
        "position": "1295;453",
        "sourcetemplate": ""
      }
    },
    "bd6fbb75-b45f-4111-d298-81c1e92a4802": {
      "UUID": "bd6fbb75-b45f-4111-d298-81c1e92a4802",
      "Constructor": "TagAnswer",
      "EndNode": true,
      "Root": false,
      "ShowOnce": false,
      "SpeakerNo": -666,
      "AddressedSpeaker": 0,
      "Children": [],
      "CheckFlags": [],
      "SetFlags": [],
      "TaggedTextList": [
        {
          "HasTagRule": false,
          "RuleGroup": {
            "TagCombineOp": 0,
            "Rules": [],
            "RuleString": ""
          },
          "TagTexts": [
            {
              "LineId": "6d7a233b-a9db-86df-ebf5-8a14b353aed1",
              "Text": {
                "Handle": "hbb9022c3g1a57g4e85gb3acgf7d2df2dd253",
                "Value": "*At a crèche, you will find your kin. The tadpole will be removed, and you will be purified.*"
              }
            }
          ]
        }
      ],
      "EditorData": {
        "AnimationTags": "Cine Animation can be used <AaronH>",
        "Attitude": "Neutral",
        "CinematicNodeContext": "",
        "CinematicObjects": "",
        "CustomCineArtKeysPresent": "True",
        "CustomLightingPresent": "False",
        "CustomSoundPresent": "True",
        "CustomVFXPresent": "False",
        "Emotion": "Determination",
        "ForceDisableIsCustomNode": "False",
        "ID": "N2",
        "InternalNodeContext": "",
        "IsCustomNode": "False",
        "MusicTags": "",
        "NodeContext": "",
        "Quality": "Bronze",
        "SFXTags": "",
        "StateChangeTags": "",
        "TemplateNodeUUID": "00000000-0000-0000-0000-000000000000",
        "TemplateVersion": "0",
        "VFXTags": "",
        "collapsed": "False",
        "logicalname": "Answer",
        "position": "1615;15",
        "sourcetemplate": ""
      }
    },
    "d32f92a8-1b31-816b-3de7-c03979e88b4b": {
      "UUID": "d32f92a8-1b31-816b-3de7-c03979e88b4b",
      "Constructor": "TagAnswer",
      "EndNode": false,
      "Root": false,
      "ShowOnce": false,
      "SpeakerNo": -666,
      "AddressedSpeaker": 0,
      "Children": [
        "3b4e4149-9d58-5ddb-414b-9f463b36afc3"
      ],
      "CheckFlags": [],
      "SetFlags": [],
      "TaggedTextList": [
        {
          "HasTagRule": false,
          "RuleGroup": {
            "TagCombineOp": 0,
            "Rules": [],
            "RuleString": ""
          },
          "TagTexts": [
            {
              "LineId": "57376450-c62e-1776-afdc-e60c49be438b",
              "Text": {
                "Handle": "h28a2737dgd963g45ffgb50ag6d90f90c00cb",
                "Value": "*The pain brings the world into focus. Whatever this place, you know Vlaakith's protocol: you must locate a githyanki crèche.*"
              }
            }
          ]
        }
      ],
      "EditorData": {
        "AnimationTags": "*DUPE* hand to head while sitting on ground <AaronH>",
        "Attitude": "Neutral",
        "CinematicNodeContext": "",
        "CinematicObjects": "",
        "CustomCineArtKeysPresent": "True",
        "CustomLightingPresent": "False",
        "CustomSoundPresent": "False",
        "CustomVFXPresent": "False",
        "Emotion": "Determination",
        "ForceDisableIsCustomNode": "False",
        "ID": "N12",
        "InternalNodeContext": "",
        "IsCustomNode": "False",
        "MusicTags": "",
        "NodeContext": "",
        "Quality": "Bronze",
        "SFXTags": "",
        "StateChangeTags": "",
        "TemplateNodeUUID": "00000000-0000-0000-0000-000000000000",
        "TemplateVersion": "0",
        "VFXTags": "",
        "collapsed": "False",
        "logicalname": "Answer",
        "position": "655;234",
        "sourcetemplate": ""
      }
    },
    "d52c1e0b-95cc-d361-a4a5-93270838e3f5": {
      "UUID": "d52c1e0b-95cc-d361-a4a5-93270838e3f5",
      "Constructor": "TagAnswer",
      "EndNode": false,
      "Root": false,
      "ShowOnce": false,
      "SpeakerNo": -666,
      "AddressedSpeaker": 0,
      "Children": [
        "e8c8d410-f82f-a09c-286c-e0e832cedc68"
      ],
      "CheckFlags": [],
      "SetFlags": [],
      "TaggedTextList": [
        {
          "HasTagRule": false,
          "RuleGroup": {
            "TagCombineOp": 0,
            "Rules": [],
            "RuleString": ""
          },
          "TagTexts": [
            {
              "LineId": "2c85afcd-0ef9-e289-04af-64202f074f03",
              "Text": {
                "Handle": "h3a7feeefg3658g41e3g8b91g6a275a4690d9",
                "Value": "*Whatever this place, you know Vlaakith's protocol: you must locate a githyanki crèche.*"
              }
            }
          ]
        }
      ],
      "EditorData": {
        "AnimationTags": "*DUPE*moves hand away from head and stands up <AaronH>",
        "Attitude": "Neutral",
        "CinematicNodeContext": "",
        "CinematicObjects": "",
        "CustomCineArtKeysPresent": "True",
        "CustomLightingPresent": "False",
        "CustomSoundPresent": "False",
        "CustomVFXPresent": "False",
        "Emotion": "Determination",
        "ForceDisableIsCustomNode": "False",
        "ID": "N22",
        "InternalNodeContext": "",
        "IsCustomNode": "False",
        "MusicTags": "",
        "NodeContext": "",
        "Quality": "Bronze",
        "SFXTags": "Sitting to Standing",
        "StateChangeTags": "",
        "TemplateNodeUUID": "00000000-0000-0000-0000-000000000000",
        "TemplateVersion": "0",
        "VFXTags": "",
        "collapsed": "False",
        "logicalname": "Answer",
        "position": "975;672",
        "sourcetemplate": ""
      }
    },
    "e8c8d410-f82f-a09c-286c-e0e832cedc68": {
      "JumpTarget": "8e570c29-52bc-261c-932f-1bea112a0534",
      "JumpTargetPoint": 1,
      "UUID": "e8c8d410-f82f-a09c-286c-e0e832cedc68",
      "Constructor": "Jump",
      "EndNode": false,
      "Root": false,
      "ShowOnce": false,
      "SpeakerNo": 0,
      "AddressedSpeaker": 0,
      "Children": [],
      "CheckFlags": [],
      "SetFlags": [],
      "TaggedTextList": [],
      "EditorData": {
        "ID": "N24",
        "TemplateNodeUUID": "00000000-0000-0000-0000-000000000000",
        "TemplateVersion": "0",
        "collapsed": "False",
        "logicalname": "Jump",
        "position": "1295;672",
        "sourcetemplate": ""
      }
    },
    "f22f3017-43b6-da8a-f4cf-8bb04639a0b4": {
      "UUID": "f22f3017-43b6-da8a-f4cf-8bb04639a0b4",
      "Constructor": "TagAnswer",
      "EndNode": true,
      "Root": false,
      "ShowOnce": false,
      "SpeakerNo": -666,
      "AddressedSpeaker": 0,
      "Children": [],
      "CheckFlags": [],
      "SetFlags": [],
      "TaggedTextList": [
        {
          "HasTagRule": false,
          "RuleGroup": {
            "TagCombineOp": 0,
            "Rules": [],
            "RuleString": ""
          },
          "TagTexts": [
            {
              "LineId": "03dbfbae-3c11-3f6b-a1aa-e1f868c0f93c",
              "Text": {
                "Handle": "h2ce38e40gec1dg405eg8a89geab39e0543a7",
                "Value": "*There, you will find your kin. The tadpole will be removed, and you will be purified.*"
              }
            }
          ]
        }
      ],
      "EditorData": {
        "AnimationTags": "Cine Animation can be used <AaronH>",
        "Attitude": "Neutral",
        "CinematicNodeContext": "",
        "CinematicObjects": "",
        "CustomCineArtKeysPresent": "True",
        "CustomLightingPresent": "False",
        "CustomSoundPresent": "True",
        "CustomVFXPresent": "False",
        "Emotion": "Determination",
        "ForceDisableIsCustomNode": "False",
        "ID": "N19",
        "InternalNodeContext": "",
        "IsCustomNode": "False",
        "MusicTags": "",
        "NodeContext": "",
        "Quality": "Bronze",
        "SFXTags": "",
        "StateChangeTags": "",
        "TemplateNodeUUID": "00000000-0000-0000-0000-000000000000",
        "TemplateVersion": "0",
        "VFXTags": "",
        "collapsed": "False",
        "logicalname": "Answer",
        "position": "1615;453",
        "sourcetemplate": ""
      }
    }
  },
  "SpeakerDict": {
    "0": {
      "IsPeanutSpeaker": false,
      "SpeakerMappingId": "06b79174-157b-5ba0-42cf-1b8a3a63426d",
      "Index": 0,
      "List": [
        "58a69333-40bf-8358-1d17-fff240d7fb12"
      ],
      "SpeakerCharacter": {
        "DisplayName": "Lae'zel",
        "Type": "character",
        "MapKey": "58a69333-40bf-8358-1d17-fff240d7fb12",
        "Name": "S_Player_Laezel",
        "ParentTemplateId": null,
        "TemplateName": "3a0351bd-0b2f-4fbf-84a6-30ad80bb3100"
      },
      "SpeakerGroupName": null
    }
  },
  "Synopsis": "Laezel wakes up and reflects on what she needs to do after the crash. Vlaakith'ka sivim hrath krash'ht: VLAH-kith-kah SIV-im HRATH KRAHSH-het."
}